hotel_name,author_name,language,review_text
AnkAkyaka Apart Hotel,Nurten Ö.,tr,biz en ucuz ve en dar odada kaldik. bunu biliyorduk ve ihtiyacimiz sadece gece gecirebilecegimiz odaydi. bu sebeple eger oyle bi otel ariyorsaniz en ucuz oda yeterli. oda gercekten kucuk yatak ve mini buzdolabi disinda buyuk valiz acmak isteseniz acamazsiniz. banyo tuvalet yeterli. dedigim gibi gecesine 900 tl verdiginiz oda size kalmak icin temel sartlari sagliyor. yatak yastiklar vs rahat. tuvalet banyo temizdi. biz tek gece kaldik ve ikinci gece de kalmak istesek oda gozumuze batabilirdi. ama tek gece tolere edildi. odada internet cekmiyor ama wifi sifresi talep edilebilir. konum acisindan da her yere yurume mesafesi.
AnkAkyaka Apart Hotel,Semih Ceyhan,tr,"konumu güzel, odalari geniş, ama eski ve tuvaletler kokuyordu. fakat personelin tavrı bir değişik. telefonda konuşup anlaştığımız fiyatın üstünde bir fiyat söylediler. sonra da bize yalancı muamelesi yapıp atar yaptı arkadaş. ben yalan söylüyorum o zaman diye atarlandi. fiyatı düşükten aldı sonuçta ama üslup çok rahatsız ediciydi. üzücü ve moral bozucu bir deneyimdi. bu sebeple iki yıldız verdim yoksa daha fazla hak eder. akyakada pek çok apart var başkasını tercih edebilirsiniz..."
AnkAkyaka Apart Hotel,Şemsi Aksel,tr,her bütçeye göre uygun. 1000 liralık odada kalmakla 2000 tl aynı değil. biz 1+1 de kaldık. her şey ferah çift balkon vardı. tertemizdi. valizde açamadık diyenler ona göre tutacak yada apartın tüm odaları dar gibi ambiyans yaratmayacak. 2 yaş oğlumla çok rahat ettik. güven içinde gelebilirsiniz. teşekkürler ankakyaka apart hotel
AnkAkyaka Apart Hotel,ilayda ülker,tr,"biz eylül 29 da aile olarak konaklama yaptık çok memnun kaldık. apart tertemizdi, çalışanlar ilgiliydi . apartın malzemeleri temizdi ve her şey düşünülmüştü. çok memnun kaldık teşekkür ederiz fethiye’den selamlar"
AnkAkyaka Apart Hotel,Viktor Thiessen,tr,"ank akyaka otel’de konaklamam harikaydı. fiyatı oldukça uygun olmasına rağmen, sunduğu temizlik ve kalite gerçekten beş yıldızı hak ediyor. odalar modern ve özenle temizlenmişti. personelin güler yüzlülüğü ve ilgisi, tatil deneyimimi daha da güzelleştirdi. akyaka’nın doğal güzelliğiyle birleşen huzurlu atmosferi, burada geçirilen zamanı unutulmaz kılıyor. uygun fiyatlı, temiz ve konforlu bir konaklama arayan herkese gönül rahatlığıyla tavsiye ederim"
AnkAkyaka Apart Hotel,Faysal Motovlogs,en,"good experience with the room, centre is 5 minutes walking where you can everything like restaurant, shops, banks, departmental stores. view from outside the building is amazing due to it's amazing nature if you want to see the room tour of this hotel which will be released soon please check on my youtube and subscribe. i am a motovlogger and travel inside turkey at different locations @moodylens best regards"
AnkAkyaka Apart Hotel,Fritschi Freeride,en,"staying in ankakyaka was to me: a nice and clean place to sleep a series of option to choose from, from double bedded rooms with kitchen and balcony & big rooms to small rooms with double bed in minimalistic-style stuff which to got along with very nicely even though we where not speaking the same language a nice & warm morning smile ,when you pass someone after getting up a chance to use a kitchen and therefore make use of the local fish-market a very nice and respectful and friendly owner with son which where very kind and helpful i'm a simple person it , doesn't need much for me but even if your not in ankakyaka you get great value for the money you invest. i'd like to stay here again - some day - the minimalistic rooms they also have where perfect for me and my needs. i'm already looking forward for another visit in ankakyaka. greetings and all the best form ceto & ... me : ) the room 212 could use some better scent, but that really a minor problem not major."
AnkAkyaka Apart Hotel,Zarrina Çebi,en,"very nice place to stay! love balcony , apartments have everything you need, close to the river and beach shopping stores are nearby."
AnkAkyaka Apart Hotel,Anton van A,en,"we had a small room, which was really small lol. friendly staff and convinient stay! recommended"
AnkAkyaka Apart Hotel,Akin Turan,en,wow decent showers höt hot water if needed. very hard to find..others are decent..
Panamara Otel,recep balaban,tr,bu otel için öncelikle buraya yorum yapanlar galiba daha önce hiç otelde kalmamış. odalar leş gibi sigara kokuyor. yastıklara sigara kokusu sinmiş. banyo tuvaletler 60 lı yıllardan kalmış gibiydi. kabus gibi bir gece geçirdim. yorumları kendi çalışanlar yapıyor sanırım.klimaların filtreleri tozdan görünmüyordu. sezon başında bari temizletin. paramıza yazık..
Panamara Otel,Ömer HALDIZ,tr,"otel uygun fiyatlı ve temiz. konumu güzel. arka cephe odada kaldım. balkonumdan zeytin ağacına uzanabiliyorum. doğayla iç içe. personel hem güler yüzlü hem saygılı. her karşılaşmamızda bir ihtiyacınız var mı diye soruyorlar. burası fazlasıyla fiyat/performans oteli. 5 katı fiyatlı oteller ile karşılaştırmayın, oralardaki fazlalık imkanları beklemeyin. 5 gece kaldım. sorun yaşamadım."
Panamara Otel,Dogan Okcan,tr,resepsiyonistin müşteri ilişkisi sıfır.. herif sanki dünyayı yaratmış.. gece uğradık kalırsanız kalın.. kalmazsanız kalmayın tavırları.. önce bir esnaf olmayı öğren..odalar desen it bağlasan durmaz.. kahvaltı için resepsiyonda iki üç uyduruk masa.. uyduruk odalar..puanlamayi mecburen birer yıldız verdim.. çünkü sıfır yıldız şansım yoktu.. tavsiyem kesinlikle gidilecek kalınacak biyer değil..
Panamara Otel,furkan haksever,tr,eşim ile 1 gece kaldık. odalar küçük ama 1-2 gece idare etmek için uygun. sabah kahvaltısı 7-9 arası imiş fakat keşke konakladığımiz gün resepsiyondaki kişi tarafından bilgi verilse güzel olurdu çünkü kahvaltıyı kaçırdık 9.20 geçe indik. en azından girişte felan yazılması gerekir. odada klima vardı bu sebeple rahat ettik. duş imkanı var fakat en azından 1 duşakabin yapılsa daha güzel olurdu. fiyat performans denilebilir.
Panamara Otel,Nurcan Demir,tr,güler yüzlü hizmet ve temiz odalar icin kendilerine tesekkur ederim .. ustelik doğayla içiçe ve civar yerlerde tarih yatiyor hem dinlenme hem gezme icin guzel bir tesis
Panamara Otel,FRS3,en,traditional turkish house conversion to hotel. old furniture and manner but friendly staff. suitable for seasonal workers and hitchhikers.
Panamara Otel,Eszter Borbely,en,"the staff were wonderful and did everything in their power to make our stay comfortable. the beds were comfortable, was a perfect place to stop along our journey. teşekkürler"
Panamara Otel,Hosam Ezzidin,en,it was well received and they are very friendly and welcoming to their visitors
Panamara Otel,Muhammed Heiba,en,"enjoyed my stay there , thanks for having me"
Panamara Otel,recep balaban,en,"first of all, i think those who comment here have never stayed in a hotel before. the rooms smell like cigarette smoke. the smell of cigarette smoke permeated the pillows. the bathroom toilets looked like they were from the 60's. i had a nightmarish night. i think the comments are made by the employees themselves. the filters of the air conditioners were not visible due to dust. at least have it cleaned at the beginning of the season. it's a shame for our money.."
Panamare Apart & Hotel Akyaka,B.K,tr,"oda dizayni ve konumu disinda pek birseyi yok birde tesadufen gordugumuz otoparki olmasi bir artiydi. (giriste bilgi verilmedi) oncelikle giris icin resepsiyonu gormeden otelin icinde iki tur attim, sonra bir hizmetlo tarif etti goriste yanda kapali bir kulube insanlarla iletisimi 20 cm lik delikten bankalardan bile kucuk bir yerden yapiyorlar, rezervasyon fiyatini kartla odememi istedigimi soyledigimde ucreti 100 kusur tl fazla soyledi sistemde oyle degil dedim burada oyle gorunuyor dedi, google dada sistemdeki gibi cikmasina ragmen kendi kafa kurunda (kart islem ucreti ekledi ama soyleyemedi) tekrar itiraz etmeme ragmen degismedi. musteri memnuniyeti degerlerini anladiktan sonra zaten gerisine bakmadim. arac plakami aldilar park alani var demediler tesadufen gorunca kiliti acmalarini rica ettim, kucuk bir havuzu var 5 de kapaniyormus, zaten 4 u gece giris yaptik kullanamadik, hava 8-9 da kararan yerlerde 5 de havuzu kapatmak nedir bilemedim. sistemde kahvalti ekstra ucretli deniliyor ama onunla ilgili bir bilgi vermediler. cikisi 11 e koymuslar ozellikle mesajla wifi sifresi ve check out saatini belirtiyorlar. en ust katta kalmamiza ragmen valizlere yardim felan eden olmadi, dahada kalmam."
Panamare Apart & Hotel Akyaka,Erhan ÖGET,tr,3 gece konakladığım bu apart tarzı yer için düşüncelerimi paylaşmam gerektiğini hissettim. öncelikle akyaka'daki bütün apartların hepsi tek tip mimari burada hizmete bakmamız lazım. otele gelmeden akşam aradığımda yer olduğunu gelip odaları görerek rezervasyon yapabileceğimiz söylenmişken otele geldiğimizde sadece bir oda olduğu söylendi sıcak havada dolaşmamak adına tamam dedik ücreti kart ile yapmak istediğimizde 300 tl günlük fark istediler ibana açıklamasız para transferi yaptırdılar. odadaki bütün eşyalarda ses gıcırtı mevcuttu. lambanın biri yanmiyordu. banyo çok eski duşakabin aralari pis silikonlari kalkmış öylece duruyor. 3 gün boyunca temizliğe gelen olmadi. sonuçta temizlik yapmaları gereken asli isleri. havuzda asla bakım yok küçücük zaten bir de temizlik olmayınca siz düşünün. buradaki çok temiz yorumlarına kanmamak adına söylüyorum. akyaka genelindeki apart işletmecilerinde genel bir somurtkanlık söz konusu. nasıl olsa doluyor havasindalar. i̇yi yönleri de var tabiki. otopark büyük sorun olmasına karşın otelin yan tarafında kendine ait otoparkı var. wifi çok iyi çekiyor. azmak çayına çok yakın merkezi konumda. güncelleme: elif hanım ile az önce görüştük kendisi bazı konulara açıklık getirdi burada temizlik 2 günde yapılıyor yazılmış cevap olarak ama elif hanım 3 günde yapıldığını söyledi biz de 3 gün kaldığımız için öyle denk gelmiş. yorumların kendileri için çok önemli olduğunu çok değer verdiklerini her değerlendirmede daha da memnuniyet odaklı çalıştıklarını söyledi. herhangi bir sorunda elif hanım ile iletişime geçilebilir.
Panamare Apart & Hotel Akyaka,Gökhan Kadıoğlu,tr,"22 25 temmuz arası konaklama şanssızlığında bulunduğum, kyk yurtlarının yarı kalitesine erişemeyen işletme. öncelikle bir ticari işletme hakkında olumsuz yorum yaparak onların kazançlarına mani olmak, ekmeklerine engel olmak vicdansızlık diye düşünür, 1 yıldız veren müşterileri şımarık ve halden anlamayan kişiler şeklinde yorumlardım. ancak dün itibarıyla fikrim bu işletmede konaklama talihsizliğinden sonra maalesef değişti. bilenler bilir akyaka mevkisindeki apartların mimarileri hemen hemen aynıdır bu yüzden a işletmesinin b işletmesinden farkı hizmet kalitesi ile ölçülür. gelelim panamera akyaka pansiyonununu bu kadar kötü yapan şeyler nedir bakalım. 1. resepsiyon girişinin muşamba ile kapatılıp, müşteri ile küçük bir delikten diyalog kurulması sanki 90larda otobüs bileti alıyor izlenimi yaratması. 2. ödemenin nakit alınması, kredi kartı ile alımda fark alınacağını söylenmesi. 3. odada duşakabinin kırık olması, banyo apliğinin yerine ucu elektrik bandı ile özensizce sarılmış kabloların olması. 4. odada havlularin unutulmuş olması, havlu talep ettiğimizde görevlilerce odanın içine girilip gerçekten de havlu verilip verilmediğinin kontrol edilmesi (adeta yurt müdiresi havasında). 5. üç günlük konaklamada 2 defa duş spiralinin patlaması. 6. her yerden geçen, kablo kanalları içine dahi alınmamış elektrik ve anten kablolarının varlığı. 7. 10 yıllık gibi görülen banyo terlikleri. 8. oda içinde kullanım ömürlerini çok uzun zaman önce tamamlayan yatak, baza başlığı, kanepe, mutfak dolapları ve tezgahı. bunların dışında daha önce işletme hakkında olumsuz yorum yapan kişilere işletme sahiplerinin kaba cevap verdiklerini, müşterileri suçladıklarını görmekteyim benim yorumuma da benzer şekilde cevap veren olursa lütfen zahmet etmesin."
Panamare Apart & Hotel Akyaka,Faruk Yapar,tr,yıllardır kesinlikle akyaka'da tatilimi yaparım. apart arama serüvenine yine girmişken tesadüfen panamare apartla karşılaştım. fiyatı oldukça cazip geldi rezervasyon yaptırmadan direkt buraya geldim. resepsiyon da çalışan personel oldukça yardımcı oldu ve tüm boş odaları gezdirdi buna istinaden odamızı kiraladık. özellikle çalışan personel zeliha hanıma yardımları ve iletişimi için ne kadar teşekkür etsem azdır. kendimizi evimizde hissettirmemizi sağladı. özellikle yetişkinler ve çocuklar için çok güzel havuzu var. gelecek yıllarda akyaka'ya uğradığımda kesinlikle ilk tercihim burası olacaktır.
Panamare Apart & Hotel Akyaka,İlkay Gencer,tr,"çok şirin, nezih, tertemiz bir aile işletmesi. azmak nehrine, marketlere, merkeze çok yakın olması o kadar avantajki her an her şey elinizin altında. odalar tertemiz mis gibi, çok şık dizayn edilmiş, mutfakta işinize yarayacak her eşya mevcut, bir ihtiyacınız olduğunda veya eksik olduğunda hemen yardımcı olunuyor. sahibi elif teyzeye ve oğluna çok teşekkür ederiz, bir dahaki geldiğimizde tercih edrr miyiz kesinlikle evet...."
Panamare Apart & Hotel Akyaka,Katherine Aynur Kugay,en,"positives: the exterior is very nice, and check-in was efficient and easy after a long day of travel. now, a list of concerns that i think the management needs to address: - broken shower handle (sharp screw exposed on one side to close from interior) - broken shower head that drips water down in a lopsided stream instead of evenly distributed - bedside lamps don’t work - mattress is insufficient — you can easily roll off the floppy edges - floor in the bathroom had visible dirt - the toilet seat also had spots - towels are often stiff and old in hotels like this, but these also had stains - dining table was covered in dust and now, for those who are thinking of staying here: you get what you pay for, but even so it is overpriced for the area. as a paying customer, i don’t feel respected by the level at which the amenities have been maintained. if we had brought children, i would have been horrified at the dangers presented by the presence of exposed sharp objects in the shower area and level of hygiene. update: upon leaving this review, both i and my husband were called by the management requesting we change it."
Panamare Apart & Hotel Akyaka,Елизавета Комарова,en,"wonderful, hospitable people will meet you here! they will help with everything! free parking! convenient location, you can easily reach any place in the center by foot. but it's time to make repairs in the apartment, all plumbing is in bad condition, staggering, mold in places in the bathroom. for $ 80 / day, we were expecting a higher quality of the apartment."
Panamare Apart & Hotel Akyaka,Darya Batalevich,en,"the room was really comfortable. we stayed with our two kids and my mom (all together 5 people) and we didn't feel very squeezed. plus, the service was good."
Panamare Apart & Hotel Akyaka,mine oeziri,en,"perfect hotel with clean, modern apartments. the location is excellent. 50 m from the river and 100 m from the main street."
Panamare Apart & Hotel Akyaka,Roxana Madrali,en,"very clean, large rooms, staff very helpful, walk distance to the beach."
Kerme Ottoman Gökova,Gülşah Bayar,tr,otelin konumu gerçekten güzel akyakaya çok yakın plansız gittiğimiz içinde çocuklarla bir otel bulmak zorunda kaldığımız acele olan bir tercihti odalar güzel yerleşmiş ahşap düşünülmüş heves edilmiş belli ancak böyle bir otel nasıl olurda bu kadar pis olabilir anlamak çok zor oysa ki fiyatda cok uygun değil resmen toź her yer yeni çarşaf istedik sağ olsun görevli yardımcı oldu hemen herseyin üzerine temiz çarşaf serdik mutfak evet var ama pislikten bir şey yapmak imkansız kullanamadık zaten ..i̇mkanları olup su bulundurulmaması gece yarısı su almaya markete gitmek zorunda bıraktı bizi geceliğine 8000 bin ödedik sadece yatmak için!!. bahçesi çok güzel havuz cocuklar için yeterliydi heveslerini aldılar kısa bir süre girip çıktılar ..kapıda duran cocuk gayet kibardı ancak otel sahibi isteyen gelsin istemeyen gelmesin mantığında sanırım öyle de oldu bizim için bir daha tercihimiz olmuycaktır ..
Kerme Ottoman Gökova,Sefa Şenlik,tr,"kaldığım en dingin ve sevimli butik otellerden biriydi. akyaka'ya arabayla 10 dakika civarında mesafede olan bu otel marmaris, akyaka veya muğla'daki alternatifleri yerine tercih edilebilir. odalar çok temiz, yeni ve düzenliydi. üst kat odalarının bahçe, havuz ve köy manzarası insanın içini açan cinstendi. kuzenimle bir gece konaklama fırsatı bulduğum bu oteli en kısa zamanda ailemle de birkaç günlüğüne ziyaret etmek için sabırsızlanıyorum. köy ortamını seven, geceleri tatil yerinin keşmekeşinden kaçmak isteyen aileler için çok yerinde bir tercih olacaktır."
Kerme Ottoman Gökova,Sevde KANIK,tr,"araba şart, akyaka 10 dakika. uygun fiyatın bedelini temizlik problemleri ile ödüyorsunuz. bahçe sakin ve huzurlu. odalar hoş gözüküyor ama hijyen gerçekten sıkıntılı. havlular sert ve sarı. pikeler, çarşaflar çok yıpranmış."
Kerme Ottoman Gökova,Meryem Avcı,tr,otel sadece konaklama konseptli olmasına rağmen gayet yeterki odalar geniş ve ufak bir mutfak bölümü var uzun süre kalınacaksa hazırlıklı gelindiğinde çok keyifli vakitler geçirilebilir doğa ile iç içe küçük bir köyün içinde olması huzur veriyor bahçesi havuzu olsun görsel şölenn gibi ayrıca akyakaya azmak nehrine çok yakın araçla 5 dk huzurla kaldım çok memnun oldum tekrar tekarr tercih edecğim biryer
Kerme Ottoman Gökova,Deniz Çakaloğlu,tr,"merhabalar, öncelikle kesinlikle konaklama açısından burayı tercih etmiyoruz, televizyon çalışmıyor, yastıklar çok kötüydü çok sertti uyuyamadık, temizlik sifir, yer toz içinde ayaklarımız resmen tozdan çamur oldu diye biliriz, havluları çok sert resmen zımpara gibi, duş bölümünde ayrıca bir ahize olsa çok daha güzel olurdu, duş eli olmadığı için yarım duş asla alamıyorsunuz. ilgi sıfır, bilgi sıfır, otel görsellerde görüldüğü gibi asla değil.. hayal kirikliği yaşayacağiniz kesi̇n.. bayram tatilimiz maalesef biraz rezil geçti. gelmek isteyenler tekrar düşünebilirler.. herkese iyi tatiller."
Kerme Ottoman Gökova,Turkmen Hayri,en,"this place is like a apartment, the real kerme otel placed at akyaka. the pool is very small and room may be used for sleep only but price discounted."
Kerme Ottoman Gökova,Sergio Bassaro,en,"lovely staff, quite location and peaceful atmosphere. definitely gonna stay again"
Kerme Ottoman Gökova,Nur Pinar,en,very nice stay in ottoman palace traditional turkish cousine wonderful breakfast
Kerme Ottoman Gökova,Abdallah Mawass,en,"very poor... no wifi, no breakfast , no drinking water, bad smell from the bathroom ..."
Kerme Ottoman Gökova,Eva Sevinçli,en,veey suitable for families with kids
Erdem Otel,asuman erikoğlu,tr,3 yıldır severek gittiğimiz otelden malesef mutsuz ayrılıp başka bir yerde konaklamaya geçtik ..iki aile olarak kaldığımız yerde odalar temiz değildi diğer ailenin kaldığı odada klozet çalışmıyordu ve kaldığımız sürede yapilmadi diğer odadan kanalizasyon kokusu geliyordu.odalarda havlu asacagimiz yer bile yoktu kirikti.oda da 4 kişi kalacağımızı ek yatak gerekli olduğunu kaç gün önceden söylememize rağmen ek yatak verilmedi onun yerine 2 yorgan verelim dediler sonra bir yorgan var başka yok dediler çocuğu aramızda yatırmak zorunda kaldık .bu sabah kahvaltıda içi geçmiş çürümeye yüz tutmuş karpuz servis ettiler ..önceden çok iyiydi ama kalite malesef çok düşmüş ..
Erdem Otel,kemal çayır,tr,bu yıl orada konakladık valla akyaka herşeyiyle pahalanmış marketteki 3 lira olan su bile 20 liraya tutturabildigine satılıyor neymiş efendim sezon kısa olduğu için kar yapacaklarmış ama tesadüfen erdem otele gittik. zafer beyle tanıştık sağolsun kendi akrabası gibi yardımcı oldu sadece bana değil gelen tüm müşterilere yeri olmasa bile yer bulmaya çalıştı fiyatta da yardımcı oldu helal olsun kendisine tekrar teşekkür ederim
Erdem Otel,Burak Burak,tr,"denize, marketlere, restoranlara yakın kendi havuzu olan gayet sakin ve güzel ortamı bulunan bir yer. resepsiyonda ki arkadaşlar anıl ve i̇lkan'a ilgi ve alakalarından dolayı ayrıyetten teşekkürler. ellerine emeklerine sağlık. müdür zafer beyede herşey için çok teşekkürler. her konuda yardımcı oldular. on numara insanlar. birde şu odalarda ki buzdolaplarına bı çare lazım zafer abi haberin olsun"
Erdem Otel,Metehan Yılmaz,tr,"akyaka’da keyifli bir tatil için konaklayabileceğiniz mükemmel bir otel. odalar gayet güzel ve temiz, çalışanlar güleryüzlü ve çok ilgili. denize yürüyerek 1 dakikalık mesafede. otelin havuzu gayet yeterli. kahvaltısını çok beğendik. akyaka’da tatil planınız varsa bu otele mutlaka göz atın. bir daha akyaka tatilimde mutlaka tekrar konaklayacağım bir otel. otel müdürü zafer bey’e ilgi ve alakasından dolayı ayriyetten teşekkür ederim."
Erdem Otel,Azra yılmaz,tr,"fiyata göre beklentimizin üzerindeydi, odalar gayet temiz ve bakımlıydı. çalışanlar da güleryüzlü ve ilgiliydi. otelin konumu mükemmel, denize ve eğlence yerlerine yakın. ailece gelinebilecek bir yer, biz memnun kaldık"
Erdem Otel,öztürk gökgür,en,"the location was perfect, mr. zafer and mr. anil were very interested in the reception and all things, they support all the requests with the best they can. we stayed 3 nights then we went to the oludeniz for the next 3 nights, but stayed 1 night in oludeniz and returned to erdem hotel back again. the kitchen and room staff were very friendly. as a family, we came with our 3-year-old son and were very satisfied. our room was quite large and if you want they bring you to see their avalible rooms which the suitable places for your choice. the beach was 30 steps, breakfast was very adequate. although it was in a central location, there was absolutely no sound problem in the rooms, i think there is sound insulation. hot water 7-24 smoothly. i can write more, but as a last word call the hotel, you placed your room and come. you will find that i am right.. thank you to all the hotel staff."
Erdem Otel,Daniel Cain,en,super clean! cheap! hot water! and the host is super friendly and speaks excellent english! best place i've stayed since i been here
Erdem Otel,Daniel Palacios,en,a nice hotel with good rooms and modern facilities. location is also great. we definitely recommend.
Erdem Otel,Judit Lukácsné Petö,en,"i have stayed there twice, very nice place, close to everything. hope to return in the future."
Erdem Otel,can durmuş,en,employees are helpful and positive however rooms especially bathroom was very dirty.
Raymar Hotels Muğla,Gönül Öztopuz,tr,"kendi klasmanında bir otele göre son derece temiz ve hizmet kalitesi yüksekti. otele check in işlemleri sırasında resepsiyonist emrah bey çok nazik ve yardımcı oldu. koridor harika bir temizlik ürünü kokuyordu, çarşaflar tertemiz, kahvaltı taze... tüm çalışanlara teşekkür ediyoruz. muğla'da kalacaklar için güvenilir bir durak raymar hotel."
Raymar Hotels Muğla,Yunus Ozdogan,tr,"uzun bir yolculuğun ardından 1 gece konaklayıp ertesi sabah hemen başka yerlere gitmek için tercih ettiğimiz ama 3 günümüzün geçtiği muhteşem bir otel. odalar yeni istemediğiniz kadar dolap var. odalarda o kadar ayrıntılı düşünülmüş ki her bir bölümünde klima,tv,dolap mevcut. bu arada odalar yatak odası ve yaşam alanı denilen bir bölüm olarak geçiyor 1+1 gibi. banyo zaten yenilenmiş ve tertemiz. çalışanlar her daim güler yüzlü ve yardımcı olmak için çabalıyor. kahvaltı açık büfe ve kaliteli. konum olarak akyakaya 15dk muğla.merkeze 5dk akbük koyuna 50dk"
Raymar Hotels Muğla,Nilayda Gemicioğlu,tr,muğla da bir düğün için geldiğimizde konakladigimiz bir otel çok temiz ve güzeldi. calisanlar çok kibar ve ilgili. odalar gayet büyüktu ve tüm eşyalar çok yeniydi. cevre otellere göre de fiyati cok uygundu kahvaltısı da çok guzeldi memnun kaldık tavsiye edilir.
Raymar Hotels Muğla,İrem Gürses,tr,"tur ile bir gece (24.07.24) burada konakladık. otel merkezi bir konumda değil. i̇kiye bölmüşler, ek bina yapmışlar. çok yakın ama eşyalarla gitmek biraz zor açıkcası. bizim kaldığımız oda -1. katta olduğu için biraz basıktı. bunlar tek kötü olan özellikleri. karşılama, yemek ve temizlik gayet güzeldi. yemekler açık büfe değil, akşam yemeğini kendileri tabaklarla servis ediyorlar. lezzeti de porsiyonu da yeterliydi. sabah kahvaltısı açık büfe ve güzeldi. bizim kaldığımız oda da temizdi, su sıcak akıyordu."
Raymar Hotels Muğla,ijlal aydeniz,tr,"otel marmaris -muğla yolunda .muğla merkeze çok yakın .burada konaklayan akyaka,marmaris fethiye vb. rahatlıkla ulaşım sağlayabilir.yeni yapılmış, çok sade ve zevkli döşenmiş, gayet temiz bir otel.arka tarafa bakan odaları sessiz ve çam ağacı manzaralı,ön odaları yola bakıyor ,kapı kapandığı zaman gürültü fazla rahatsız etmiyor. personel gayet ilgili ve kibar. kahvaltı açık büfe güzel ve yeterli, sadece nazar boncuğu niyetine kahvaltıda beyaz ekmek yanında kepekli ekmek eksikliğini hissettik.hastane işimizden dolayı burayı tesadüfen bulduk, iyi ki bulmuşuz.bir hafta rahat ve huzurlu kaldık.çok memnun ayrıldık."
Raymar Hotels Muğla,Manuel Brillantes,en,great accommodation and services.
Raymar Hotels Muğla,Gönül Öztopuz,en,"it was extremely clean and the service quality was high for a hotel in its class. during the hotel check-in process, the receptionist mr. emrah was very kind and helpful. the corridor smelled of a great cleaning product, the sheets were clean, the breakfast was fresh... we thank all the employees. raymar hotel is a reliable stop for those who will stay in muğla."
Raymar Hotels Muğla,Yunus Ozdogan,en,"it is a wonderful hotel where we chose to stay for 1 night after a long journey and go to other places the next morning, but spent 3 days. the rooms are new and have as many closets as you don't want. the rooms have been thought out in such detail that each section has air conditioning, a tv and a wardrobe. by the way, the rooms are divided into a section called bedroom and living area, like 1+1. the bathroom has already been renovated and is spotlessly clean. the employees are always friendly and try to help. breakfast is open buffet and of good quality. location: 15 minutes to akyakaya 5 minutes to muğla center 50 minutes to akbük bay"
Raymar Hotels Muğla,Nilayda Gemicioğlu,en,"when we came to muğla for a wedding, the hotel we stayed in was very clean and beautiful. the employees are very polite and caring. the rooms were very large and all the furniture was very new. the price was very affordable compared to surrounding hotels. the breakfast was also very good. we were satisfied. it is recommended."
Raymar Hotels Muğla,İrem Gürses,en,"we stayed here for one night (24.07.24) with a tour. the hotel is not in a central location. they divided it into two and built an additional building. it's very close, but it's a little difficult to get there with your belongings. the room we stayed in is -1. it was a bit low because it was on the first floor. these are the only bad features. the welcome, food and cleaning were very good. the meals are not open buffet, they serve dinner on their own plates. both the taste and the portion were sufficient. the breakfast was open buffet and nice. the room we stayed in was also clean, the water was hot."
Liya Boutique Hotel & Suites / Villa Yonca,Barış Aktan,tr,otelin konumu merkeze yürüme mesafesinde. odalar temiz ve çok keyifli dekore edilmiş. biz oda tipi suit odada kaldık. bu odayı iki aile bile kullanabilir. 2+1 şeklinde çok geniş ve kullanışlı. kahvaltısı çok lezzetli. odanın avantajını kahvaltıda da yaşadık. ön bahçesinde size ait bir alan var ve kahvaltınızı isterseniz oraya getiriyorlar. çok keyifli bir hafta sonu geçirdik. otelin işletmecisi emir bey’e ve personellerine ilgi alaka ve güler yüzleri içinde ayrıca teşekkür ediyorum. tekrardan mutlaka görüşmek üzere
Liya Boutique Hotel & Suites / Villa Yonca,Can Akçekaya,tr,"eşim ve 1.5 yaşındaki çocuğumuz ile 5 gece konakladık. keşke yer olsaydı da bir 5 gece daha kalabilseydik. o kadar memnun kaldık ki.. burada bizlere sadece otel hizmeti değil rehberlik hizmeti de verildi desek yalan söylemiş olmayız. önerdikleri yerler o kadar kaliteli, uygun ve güzeldi ki döndüğümüz gün bile yola çıkmadan önerdikleri plaja gidip o günden faydalanıp öyle eve döndük. sunmuş oldukları kahvaltı beni çok şaşırttı. i̇nanılmaz derecede fazla seçenek mevcut ve bir o kadar da lezzetliydi. odamız temiz ve her istediğimizde içerideki ürünleri bir kere bile somurtmadan değiştirdiler. zaten ilk içeriye girdiğinizde emir bey’i ve ozan bey’i tanıyormuşsunuz gibi bir hissiyat oluşuyor. bu vesileyle özellikle ozan bey’e ve emir bey’e ilgi ve alakalarından dolayı çok teşekkür ediyorum. türkiye’de otelciliğin bitmediğini, her şeyin para olmadığını bizlere net bir şekilde gösteriyorlar. yazdıklarımdan daha fazlası mevcut. bunu görmek için de akyaka’yı ziyaret edecekseniz eğer mutlaka buraya uğrayın derim. :)"
Liya Boutique Hotel & Suites / Villa Yonca,Didem Kurt,tr,öncelikle emir beye ve ozan beye çok teşekkür ederiz. her anlamda çok ilgililer ve hoş sohbetliler. sabahları kalktığınızda diğer misafirlerini rahatsız olmasın diye el sallayarak günaydın diyebilecek kadar ince düşünceliler. odalar gayet yeterli temiz. otelin konumu çok güzeldi bir tarafı ormana yakın diğer taraftan plaja yakın. arabamız olmadan akyaka'nın her yerini çok rahat gezdik. onun haricinde ana caddelerden bi tık uzak olduğu için geceleri çok rahat uyuyabilirsiniz gürültülü değil. 72 merdivrn albay koyuna yürüme mesafesinde. ayrıca kahvaltıları harika. bizim için güzel haberler aldığımız harika bir tatil oldu teşekkürler :)
Liya Boutique Hotel & Suites / Villa Yonca,selim ümütlü,tr,"otantik tavanlı, bahçesi kameriyeli, tertemiz bir odada kaldık. daha doğrusu 3 odalı bir daire gibiydi. i̇çi özenle döşenmişti. kahvaltısı tek kelime ile muhteşemdi. sofradaki her şey özenle hazırlanmıştı ve lezzetliydi.klimalar gayet güzel çalışıyordu. elektrikli ocakta kendi çayımızı demleme imkânı bulduk ki akyaka'nın kireçsiz suyuyla çay harika demleniyor. anlaşmalı plajın cam gibi berrak denizinden çok keyif aldık. otel işletmecileri emir bey ve ozan bey işlerini severek yapıyorlar ve paradan ziyade misafirlerin memnuniyetine önem veriyorlar. buna bizzat şahit oldum. verdikleri kaliteli hizmet her türlü takdire şayan. sürekli bir ihtiyacınız var mı diye sormaları ve gezilecek yerler konusunda samimiyetle size rehberlik etmeleri harika bir durum. dört aylik bebeğimizin kedilerle tanışması da güzel bir enstantane oldu. özetle huzurun ve güvenin akyaka'daki adresi liya butik... her şey için çok teşekkür ediyoruz."
Liya Boutique Hotel & Suites / Villa Yonca,Xxx Yyy,tr,"açılın ben buraya övmeye geldim. 23-27 haziran 2024 tarihleri arasında, 5 gün boyunca iki kişi konakladık ve kuvvetle muhtemel sonraki tatillerimde akyaka'da konaklayacağım tek yer olacak. objektif biçimde imkan ve kabiliyetlerini değerlendirdiğimizde akyaka'da kalitesine yakın yer bulmanın zor olacağını değerlendiriyorum. artıları: 1) temizlik konusunda hassas kişilerin beklentilerini karşılayacak bir ortam sağlıyor. zira siz talep etmeden dahi personeli size odanın temizliğinin yapılabileceğini söylüyor. yalnızca odalar değil dış mekan, katlar arası da temiz ve ferah. 2) kahvalti ve ekstralar bu konuda standartların üstünde bir kaliteyi sürekli biçimde sunabildiklerini gördüm. kaldığım 5 günün 4 gününde liya'da kahvaltı yaptım. 4 gün boyunca kalite hiç bozulmadı. ekstra talepler hiç olumsuz geri dönmedi. yumurtayı sucuklu istediğimde sucuğun bittiğini fark edip hızlıca malzeme temin edip bunu sağlayan ozan ve emir beylerin müşteri memnuniyeti konusundaki hassasiyetleri ufak detaylarda dahi kendini gösteriyor. su ve çeşitli kahve seçenekleri ile gün içerisinde güzel imkanlar sağlıyorlar. 3) network ağı personelin diğer turizm faaliyetleri ile ilgili çalışan kişiler ile bağı var. sizi yapacağınız etkinliklerde yönlendirici tavra sahipler. örneğin bize tekne turu konusunda bizzat iletişime geçerek yardımcı oldular. civar yerlere ulaşımın nasıl sağlandığı hakkında da çeşitli bilgiler verdiler. nerelere gidilebileceğini, nerelere gitmeye değmeyeceği hakkında kıymetli bilgiler edindik. 4) malzeme kalitesi duş başlığından klozetine, yatağından sedirine problemsiz, sağlam malzeme temin edilmiş durumda. klima var, klima var. herhangi bir otel, hotel, pansiyon cinsi bir yerde klima kalitesi buna yakın bir yer daha görmedim. buzdolabında sunulan ürünler market fiyatında. 5) yakınlık - uzaklık akyaka'nın önemli yerlerine birkaç dakikalık yürüme mesafesinde. gürültülü mekanlardan uzak. bu açıdan benim adıma ideal bir konumda bulunuyor. özetle, müşterisini önemseyen bir çizgide ilerleyen ve kalite konusunda belirli bir seviyeyi halihazırda geçmiş, kaliteli bir lokasyon. ahmet ve hilal'den sevgiler."
Liya Boutique Hotel & Suites / Villa Yonca,Adil Albayrak,en,"mr. ozan and mr. emir are very friendly and do their best to make you feel comfortable. my wife and i stayed there for three nights, and during that time, the hotel felt like home. normally, breakfast starts at 9 a.m., but we asked if we could have it earlier on one of the days since we needed to leave early for a boat tour, and they accommodated our request without hesitation. they are very professional. we had great conversations, and they suggested many things for us to do during our stay. the hotel is located quite close to the beach, just a 6-7 minute walk, which also makes it a quiet and peaceful place away from the crowds at the main attractions. it has a very nice garden covered with trees, and you can enjoy an amazing breakfast in this natural environment. we stayed in a suite that had two spacious rooms with balconies and very comfortable beds. i would definitely stay here again and recommend it to anyone who wants a great experience in akyaka."
Liya Boutique Hotel & Suites / Villa Yonca,Ed Schmidt,en,"loved my stay here! the place was so nice, rooms had everything you could want, and the value was amazing. owner was so helpful, friendly and just a great guy. we did not get the included breakfast and decided too after seeing how everything else was here. the breakfast was so good, fresh, & so much food & selection. would definitely recommend and stay there again."
Liya Boutique Hotel & Suites / Villa Yonca,Katherine Aynur Kugay,en,"we tried three different hotels of similar price in akyaka and this was our favorite—clean rooms, generous and delicious breakfast, helpful staff. the bathroom layout could be improved (the shower needs a door), but otherwise we’re very happy after our second stay one year later."
Liya Boutique Hotel & Suites / Villa Yonca,Nicu Dumitru,en,"a charming boutique hotel with spacious rooms, located in a quiet area, just a few minutes' walk from the beach, restaurants, shops, marina, and the azmak creek. the turkish-style breakfast is very diverse and delicious, featuring traditional dishes, and is served in the tastefully decorated courtyard under the shade of bougainvillea. emir is an exceptionally kind and friendly host who welcomed us warmly and provided very useful information about the local beaches, the bazar where you can buy authentic regional food products, and day cruises. the free parking at the property is a plus. we had a wonderful experience during the 7 days we spent in akyaka. thank you, emir, and we hope to return!"
Liya Boutique Hotel & Suites / Villa Yonca,Wiecher Van Der Laan,en,"loved it! i̇t’s close to the beach (3 minutes) and yet very quiet. apart from birds chriping nothing much is going on. the apartment was spacious, had a good bed and shower. a delicious turkish breakfast was included. moreover, the staff was very hospitable. they’d go the extra mile to make you feel comfortable"
İskelem Butik Otel,Hayat Atay,tr,i̇skelem otelde 3 gece 4 günlük bir konaklama yaptık. odaya giriş yaptığımız anda temizlik kokusu karşıladı bizi. odada ihtiyacınız olabilecek her detay düşünülmüş. 3 kişi 1 odayı kullandık odanın büyüklüğü gayet yeterliydi. personelleri inanılmaz ilgili ve güleryüzlüler hepsi çok sempatikler kahvaltısı serpme kahvaltı şeklinde oluyor biraz daha çeşitlilik olabilir sıcak türü şeyler artırılabilir ama onun dışında çok lezzetliydi. i̇skelede akşam yemeği yemek harika bir deneyimdi kesinlikle denemelisiniz. muhteşem bir manzara muhteşem bir hizmet. kesinlikle tavsiye ediyorum. i̇skelem otel ailesine sonsuz teşekkürler
İskelem Butik Otel,REMZİ BALAY,tr,"sayın işletmeci kaan bey'den başka çalışan yokmu. bu yanlış bir uygulama. otelin google haritalar'da ki ortalamasının artması için, evet çalışkan ve müşteri diyaloğunu iyi götüren bir arkadaş olan kaan beye böyle bir görev vermeniz dürüst bir hareket değil. bırakın gerçekten memnun olan müşteriler size beş yıldız versin. akyaka'nın en güzel konumundaki birkaç otelden birisi i̇skelem otel. ayrıca diğer otellere göre alanı daha geniş. denizle sıfır noktasında buluşan i̇skelem oteli bu sebepten dolayı tercih ettik. güneşlenme şezlongların, yatakların bulunduğu iskeleden hemen denize atlamak harika birşey. ayrıca sabah kahvaltısıda gayet yeterli ve harika bir servis yapıyor ilgili bayan arkadaşlar. bizin odamız balkonlu standart büyükçe rahat bir odaydı. fakat odalar oldukça eski, nereyi tutsanız elinizde kalıyor. pencere sineklikleri bozulmuş, içeri sinekler v.s giriyor. işıklandırma yeterli değil hatta bozuk. banyo eski. banyoda gömme küvet var. artık banyolar genelikle duşlu. tüm armatürler arızalı, sıcak suyu ayarlamak çok zaman alıyor. oda ve banyo temizliği yeterli değil, zaten eski olunca temizlikte görünmüyor. oda temizliği için kapıya talimat kartı(dnd) koyduğumuz halde temizlik yapılmadı. çünkü kapı kolu pervaz yakın olduğu için kart katlanıyor. yani yeni kapı, yeni anahtar sistemi ve para kasası gerekiyor. diğer taraftan akşam yemekleri için iskeledeki şezlong ve şemsiyeler kaldırılıyor masalar konuyor. ortam harika oluyor. yemekleri sunumu ve servisi gayet başarılı. meze çeşitleri oldukça fazla, balık genellikle 2-4 çeşit fakat etli yemek çeşitleri çok az. fiyatlar ortalamanın biraz üstünde. çalışanların çoğu müşterilerle ilgili ve alakalı. durum böyle. odalar yenilenirse, süper butik otel olur."
İskelem Butik Otel,Nursu K,tr,"royal süit odada konakladık. odaya bayıldım çok güzeldi. tek eksisi banyodan gelen gider kokusuydu. manzaraya zaten aşık olduk. otelin konumu,manzarası muhteşem. beach kısmında hem şezlonglar hem de yataklı kısımlad çok rahattı. deniz biraz soğuk haberiniz olsun. akşam yemeği için de iskeleden rezervasyon yaptırın mutlaka çok keyifli. kahvaltısı da idealdi. fiyat olarak da bize konum itibariyle makul geldi abartı bulmadık bizim için tek olumsuz taraf çalışan bazı arkadaşlardı maalesef. biz problem yaşadığımızı dile getirimce deneyimli çalışanlar sağolsun ilgilendiler ama cidden bir kaç çalışan arkadaşın tecrübesizliğinden kaynaklı geç gelen ya da yanlış gelen siparişlerle karşılaştık hem beachte hem akşam yemeğinde. genel olarak bizim ilk gelişimizde ama kesinlikle son değil. çok beğendik. şimdiden seneye ne zaman gelsek diyoruz. teşekkür ederiz."
İskelem Butik Otel,Burhan Yüce,tr,i̇skelem hotel gerçekten konumuyla titizlikle düzenlenmiş odalarıyla temiz güleryüzlü sempatik personeli heryönüyle mükemmel bir mekan. yemekleri lezzetli çok memnun kaldık herkese tavsiye ederim
İskelem Butik Otel,Çağrı Çelik,tr,çok keyifli bir tatil geçirdik. otel genel olarak tatilden tüm beklentimizi karşıladı. kahvaltılar gayet güzeldi. beach kısmı yeterli ve temizdi. çalışanlar güler yüzlü ve yardımseverdi. akşamları alacarte restoranı sahildeki şezlongların yerine kuruluyor ve manzara eşliğinde yemeğinizi yiyorsunuz. fakat dışarıdan gelen müşteri ile otel müşterisine fiyatların aynı olması bence biraz adaletsiz bir durum. fiyatlar ortalamanın üzerinde…sadece eğer ekonomik oda tercih edeceksiniz çok küçük olabiliyor ve bizim odada ciddi bir gider kokusu vardı. hk biraz yetersiz olabiliyor belki de yoğunluktandır. odalardaki temizlik fena değil fakat daha iyi olabilir. ayrıca odalara her gün su bırakılması da misafirler açısından iyi olacaktır.
İskelem Butik Otel,Erkan Ergene,en,"here’s a google review for a seaside leisure hotel in akyaka, turkey: rating: “a wonderful stay at this seaside gem in akyaka! the hotel is perfectly located right on the beachfront, offering stunning views of the turquoise waters and beautiful sunsets. the rooms were clean, spacious, and well-equipped with everything we needed for a comfortable stay. the staff were incredibly friendly and always went the extra mile to make sure we felt welcome and taken care of."
İskelem Butik Otel,Merve Gursoy,en,what a wonderful boutique hotel and restaurant located in a beautiful old fisherman’s cove. we were sat by the water and enjoyed our very generously measured cocktails. the staff (kaan in particular) were super friendly and welcoming. we will definitely be visiting again.
İskelem Butik Otel,Victoria Childerhose,en,this hotel is very beautiful. it is a short walk/drive to downtown akyaka. our dinner on the dock was super romantic. the food was delicious and the staff is friendly and attentive.
İskelem Butik Otel,Uray Vazquez,en,we enjoy the relaxing time here. zekeriya was great by the beach dock. he was very helpful and friendly. the water temp was just right. loved the wind blowing off the water.
İskelem Butik Otel,Marina Obukhova,en,"beautiful location, quiet and cozy, very friendly staff. authentic design we really enjoyed ours stay"
Nova Aparts Otel,Irfan Kermiş,tr,"eylül ayında 4 gece konakladık. tertemiz pırıl pırıl bir apart. merkezde fakat gürültü yok uzaktan müzik sesi güzel. dilan hanım ve beyefendi çok kibar güler yüzlü. biz çok memnun kaldık ve kesinlikle tekrar gideceğimiz bir yer. aparttan ayrılırken otobüse yetişmek zorunda olduğumuz için dilan hanımları görememiştik. herşey için teşekkür ederiz, tekrar görüşmek dileğiyle selamlar."
Nova Aparts Otel,Tasha Ozkul,tr,"odalar sade, ama hoş ve temiz. giriş kattaki odamızın kocaman bir balkonu vardı. dilan hanım ilgili, güler yüzlü ve yardımcı. konum çok merkezi ve denize yakın. hafta sonu akşam saatlerinde müzik sesi gelebilir, hoşumuza bile gitti :). çok keyifli tatil geçirdik."
Nova Aparts Otel,Silverjazz,tr,apartın konumu harika. köpeğimizle rahatça kaldık. 1+1 odada kaldık oda büyüklüğü yeterli fakat çift kişilik yatak çok ama çok küçük sığamadık yataklar değişilmeli. otelin sahibi hanımefendi çok tatlı kibar birisi. kahvaltı verilmiyor fiyata göre düşününce verilse iyi olabilir.
Nova Aparts Otel,İrem Aksoy,tr,"bence akyaka'da kalinabilecek en güzel konuma sahip. hem merkeze yakinsiniz, hem gürültü yok, hem azmak yakın hem iskeleye yakın. harika konum. odalar da gayet güzel. hizmetten de çok memnun kaldık, dilan hanım da i̇brahim bey de çok ilgililer. kesinlikle fiyat performans."
Nova Aparts Otel,Mehmet Arslan,tr,"nova apart otel 1.1 odada eşimle birlikte kaldık gayet kullanışlı hersey tertemiz ilgi alaka güler yüz daha ne isteriz bizi evimizde gibi hissetirdiler,konum olarak heryere yürüme mesafesinde plaja uzaklığı 5dk azmak çayına 8dk akyaka huzurun kesiştiği bir yer 5 günlük tatilin doyasıya keyfini çıkardık 2 gün daha uzatmayı düşünüyoruz hiç gidesimiz yok açıkçası, emeği geçen herkese çok teşekkürler özellikle güler yüzlü kibar hanımefendiye ayrıca teşekkür ediyorum..sadece tek sorun otopark ara caddelerde yer bulamazsanız bir günlük olarak 300tl veriyorsunuz otoparka yazık yani..."
Nova Aparts Otel,Alicia Brenon,en,"the staff went above and beyond for us! the appartements are clean and comfortable, the internet is also around 18mpbs so it was perfect for us to work. they also gave us some extra tables so we could set up desks. perfect location. overall we had a great stay and we will be back again!"
Nova Aparts Otel,Ashley Perryman,en,"good sized, clean, reasonably priced self catering in the heart of akyaka."
Nova Aparts Otel,Ahmet Baykal,en,good location. very clean.
Nova Aparts Otel,Ecem Onaran,en,niceeee
Nova Aparts Otel,Tolga Yucel,en,"not bad, pretty standard."
Mosso Boutique Hotel,Fatih Güler,tr,"sanırım eski bir yapıyı çok küçük odalara bölerek butik otel oluşturmaya çalışmışlar, daha çok aparta benziyor. jolly’den deniz manzaralı standart oda olarak ayırmış olduğumuz odanın deniz manzarasını(?) ekliyorum. hijyen konusunda maalesef zayıf, banyoda saç telleri bulunuyordu. otele ait otopark yok, geç saatte gelirseniz yer bulmak büyük sıkıntı. aldığımız hizmete göre fiyatı çok yüksek, aynı bölgede daha iyi oteller varmış bizimkisi biraz aceleye geldi. otele ait farklı bir işletme olan restoranı var. kahvaltısı muhteşemdi, kullanılan malzemeler kaliteliydi. kahvaltı harici hayal kırıklığı."
Mosso Boutique Hotel,Hande Elgün,tr,"hande elgün 5/5 google üzerinde 8 dakika önce akyaka’ya ilk defa geldiğimiz için konaklama konusunda çok kararsız kalmıştık. bizim gibi yorumlardan fikir edinmek isteyenler için yazmak istedim. ekip çok güleryüzlü, nazik ve tatlı bunun için ayrıca teşekkür etmek isterim. otelin konumu mükemmel, denize sıfır diyebilirim ancak halk plajı olduğu konusunda da bilgilendireyim. marketlere restoranlara ve tur teknelerine çok çok yakın ve yokuş inme çıkma gibi bir derdiniz olmuyor ki bence gördüğümüz diğer birçok işletme için büyük bir sorun bu durum. kahvaltısı açık büfe değil ama gayet yeterli ve lezzetli biz çok beğendik. odalar konusunda evet biraz dardı odamız ancak zaten genelde denizde olduğumuz ya da gezdiğimiz için çok da önemli olduğunu düşünmüyorum. akyaka yapısını koruyan bir bölge olduğu için lüks beklentimiz olmadı zaten. hijyen konusunda da sorun yaşamadık. otoparkı yok, biz biraz ilerisine bıraktık aracımızı ancak zaten küçük bir yer olduğu için uzak mesafe değildi sorun yaşamadık. fiyat olarak da zaten çoğu yerde fiyatlar yakın, o yüzden gönül rahatlığıyla tercih edilebilir."
Mosso Boutique Hotel,Bahadır Yıldız,tr,yorumlar vs araştırmalar her ne kadar tereddütle de gitsek çok memnun kaldığımız mosso . odalar gayet temiz restaurant kısmında kahvaltı yapıyorsunuz ve ordaki arkadaşlar prefosyonel güler yüzlü saygılı otelde konaklayan tavır gibi bir durumla karşılaşmadık . kahvaltı gayet yeterli ve iyiydi . konaklama artıları restaurant kısmında sıcak içecekler ücretsizdi . karşılamadaki sabah akşam güler yüzlü arkadaşlarada ayrıca ilgilerinden dolayı teşekkür ederiz.
Mosso Boutique Hotel,Ahmet Golge,tr,"12 temmuz 2024 1 gece akyaka yı da görelim diye geceliği 4500 tl ye bir gece konakladık. personel çok güler yüzlü ve ilgili. bize verilen oda bahçe katı denilen odaydı, bence dükkandan odaya dönüştürülmüş bir yer çünkü tek cephesi var yola sıfır. oda çok temizdi. otelin konumu sahile sıfır. önünde halk plajı var ve belediye şemsiye ve şezlongları kiralıyor 200 tl 2 şezlong 1 şemsiye. denizi mükemmel çocuklar için uygun çünkü çok sığ ve sıcak. oda kahvaltı dahil ama bu oda kahvaltı değil otelin lüks restoranında serpme kahvaltı ve çok kaliteli. kısaca üst katlarda bir oda olursa konumu itibariyle tercih edilir."
Mosso Boutique Hotel,Esra Şekerci,tr,1 yıldızı odayı o kadar da temiz bulmadığım ve duş başlığından su damla damla aktığı için kırdım. balkonlu oda da kaldım. deniz manzarası yok ama balkon keyifliydi. abla çok tatlı be güleryüzlü. ne fiyat anlaştıysak onu ödedik. bu tarz yorumlar gördüğüm için yazıyorum. sabahları serpme kahvaltı veriyorlar. aç kalma ihtimaliniz yok. restoranı çok iyi. aşçısını ve barmeni iyiydi. restoran fiyatları pahalı. plaj belediyenin şezlonglar 100tl. restoranın masaları var ama şemsiyeleri açmıyorlar malesef.
Mosso Boutique Hotel,Jay Chen,en,"all locals told me this is the best restaurant in akyaka so we came two weeks ago and again today. many varieties of food were offered. prices are similar to what we pay in usa but all tasty. what stand out is the service, manager speak english well and come check with us often. we feel comfortable and relaxing dinning here. you will be charged accordingly to the prices on menus. no every business do so."
Mosso Boutique Hotel,sinan ugurel,en,"mosso is located by the beach, serving very tasty dishes. servings are pretty big and service is fast. prices are reasonable. especially breakfast options are incredible. one of the best in town."
Mosso Boutique Hotel,Christine Uebelhoer,en,#NAME?
Mosso Boutique Hotel,Aydın Türe,en,"very good food, awesome cocktails and very friendly stuff, mesut , number one"
Mosso Boutique Hotel,Robert Spears,en,lovely chilled atmosphere for breakfast on the beach
Muğla Hotel,Mükerrem Paydaş,tr,otel tertemiz ve hizmet süperdi. kahvaltısına bayıldık kahvaltıdan sonra havuzunda yüzdük sonra gezimize devam ettik arabamız ile seyahat ederken tesadüfen bulduğumuz ve iyi ki konaklamışız dediğimiz bir otel
Muğla Hotel,muammer çetin,tr,"berbat bir deneyimdi! dün gece ailem ile bu otelde tek gecelik konakladık en iyi oteli olduğunu duyarak gittik ve tam bir hayal kırıklığı.otel odalarının temizliği hiç iyi değildi ortak alanlar çok kirliydi ama bizim asıl sorunumuz klimaydı . muğla’nın sıcağında gece hamam gibi olan odamızda saatler önce klimayı açıp resepsiyonda oturduk odaya geldiğimizde klima hiç bir işe yaramamıştı bir kaç saat daha bekledikten sonra gece yarısı resepsiyona haber verdik odaya geldiklerinde”sizin odanız yine diğerlerine göre iyi şikayet eden yok, çoğu odanın kliması çalışmıyor” diye bir yanıt aldık. zar zor uyuduktan sonra otelden çıkış yapmak için lobide 15 dakika bekledik maalesef hiç kimse gelmeyince kartlarımızı resepsiyona bırakıp çıktık otelin bazı çalışanları çok güler yüzlüydü onun dışındaki her şey rezaleti gi̇tmeyi̇nn!!"
Muğla Hotel,Hüseyin Çalışkan,tr,"bundan sonra bu otelle anlaşan turlara katılmayacağım. rezalet ötesi. odalarda küçük böcekler geziyor, çarşaflar kirli, bir sürü kıl vardı yastıktta. yemekler idare ederdi ama çalışanlardan yüzü gülen neredeyse yok, ilk sabah kahve ikramımızdır demelerine rağmen bu sabah ücretlidir dediler, durumu anlatınca bizi haksız çıkardılar."
Muğla Hotel,Nermin DOĞRU,tr,"otelde tur halinde 5 gün kaldık, gayet rahat iyi bir otel. en sevdiğim kısım ise hergün odayı, yatakları temizliyolar. ama kedilere dışarıya götürerek yemek veriyordum çalışan kapıyı kilitledi hiç hoş değildi bide akşamüstü serin dinlenelim derken konumdan dolayı yarasalar oluyo onun dışında otel 4 yıldızı hak ediyor"
Muğla Hotel,ijlal aydeniz,tr,"muğla sıtkı koçman eğitim araştırma hastanesinde hastamız olduğu için yakın bir yerde otel aradığımızda bir geceliğine burayı bulduk. olumsuz olarak oda için klimanın fazla serinletmediğini ve pencerenin alttan açıldığı için güvensiz olduğunu söyleyebilirim.bunun yanında otel gayet güzel,ulaşımı rahat,kahvaltısı tek kelimeyle muhteşem,çeşitler bol,zengin,çayın yanında taze sıkılmış meyve suyu,türk kahvesi herşey çok güzel. kahvaltı salonu çok ferah .kalınabilecek bir otel"
Muğla Hotel,yusuf peter januszka,en,"clean, tidy and the staff are really helpful. the breakfast is plentifull and tasty. on top of all that, if you are a toyota customer you will get a very welcome discount."
Muğla Hotel,Yousef nasif,en,"clean, quiet hotel, helpful staff, good service, good breakfast"
Muğla Hotel,ali asger Ezzy,en,decent hotel... clean and friendly staff
Muğla Hotel,Warda Gaaz,en,very convertible
Mevsim Otel - Akyaka Otel,Çağatay Koparal,tr,"pişmanlık. denize yakın olduğu için tercih ettiğimiz otelde odalar eski, eksik ve bakımsız. örneğin kaldığımız odada buzdolabı yok, klima çok eski, klozetin kapağı kırık, duş başlığını duvara sabitleyen aparat kırık, herhangi bir sineklik yok, dolayısıyla cam açamıyorsunuz. yani bunları yaptıralım, insanlar gelip burada konaklıyor, memnun kalsınlar ki yine gelsinler dememişler. bizi karşılayan personelin konuşma şekli ve tavırları evlere şenlik. bu işi kendilerine zorla yaptırıyorlarmış gibi bir hava, turizm sektöründe iletişim tarzına biraz dikkat edersiniz fena olmaz. bize check-in yapmayı dahi unuttular. çıkarken kaç para ücret alacaklarını bize sordular. aile işletmesi oluşu profesyonellikten böylesine uzak olmaya bahane değil. keza 1 hafta kaldığımız oda 1 kez dahi temizlenmedi, havlu ve çarşaflarımız değiştirilmedi. memnun musunuz bir ihtiyacınız var mı diye sorulmadı. hatta oranın mevcut müşterisi olduğumuz dahi unutuldu ve restorana davet edildik. i̇lk akşam restoranda yemek yedik, ""siz ne yemiştiniz"" diye bize soruldu. yani kendi adisyonunuzu da tutmak zorundasınız belli ki. 1 yıldız vermememin tek sebebi bize kahvaltı hazırlayan ablaların sıcakkanlılığı."
Mevsim Otel - Akyaka Otel,Seher SELVİ,tr,otel(!) konum olarak harika plaja 2 dk ve üst kattaki odalar deniz manzaralı. ama hayatımda bu kadar küçük odalı bir otelde kalmadım gerçekten. duşakabin bile yok klozetin üstüne duş başlığı takılmış içeride hareket etmek bile zor. kliması soğutmuyor sadece ılık hava üflüyor. memnun kalmadık yani adı apart falan olmalı bir de gecelik 3bin gerçekten değmez bu odaya bari klima çalışsa
Mevsim Otel - Akyaka Otel,Can Görkem Yolsal,tr,"denize çok yakın, fiyat-performans açısından tatmin eden bir işletme. kahvaltıyı hazırlayan çalışanların güleryüzlülüğü ve samimiyeti için teşekkür ederim. klima çalışıyor, su her zaman kolayca ısınabiliyor."
Mevsim Otel - Akyaka Otel,eren yeşilyurtlu,tr,"konumu çok güzel , sahile yakın . ama gelelim otel hizmetine ; 1. buzdolabı odalarda var yazıyor. yok gerekçe otelde buzdolabı olmaz . dışarda sıcaklık 38 derece . 2. klima bozuk . söyledik merkezi dediler değişik nasıl olur dediler gittiler . fıkra bu kadar . 3. temizlik istedik 4 gün kaldık çünkü . özellikle çıkınca haber edin dediler . söyledik geldik ki odaya ellenmemiş . cevap abi unuttuk biz ya. ama işiniz bu !! 4. duş başlığı bozuk , duş tuvalet inanılmaz küçük . 5. i̇nternet sistemi yok denecek kadar kötü . 6. odalar basık ve bunaltıcı maalesef."
Mevsim Otel - Akyaka Otel,Emre Karası,tr,berbat bir otel odaları çok kötü buzdolabı yok televizyon çalışmıyor çalışanları çok memnuniyetsiz kahvaltıda ya çorba ya kahvaltı tabağı seçeneği varmış biz bilmeden 2 sinide aldık kahvaltı tabağını önümüzden alıp götürdüler ücretli diye. kesinlikle pi̇şmanlik asla gidilmez vasat bir yer.
Mevsim Otel - Akyaka Otel,Çağatay Koparal,en,"regret. the rooms in the hotel we chose because it was close to the sea are old, incomplete and poorly maintained. for example, there is no refrigerator in the room we stayed in, the air conditioner is very old, the toilet seat is broken, the apparatus that fixes the shower head to the wall is broken, there is no fly screen, so you cannot open the windows. in other words, they did not say, ""let's get these done, people come and stay here, they should be satisfied so they can come again."" the way the staff greeted us and their mannerisms were a real hit. it seems like they are forcing them to do this job. it wouldn't be bad if you paid a little attention to the communication style in the tourism sector. they even forgot to check us in. when we were leaving, they asked us how much they would charge. being a family business is no excuse for being so unprofessional. likewise, the room we stayed in for a week was not cleaned even once, and our towels and sheets were not changed. you were not asked whether you are satisfied or do you need anything. even the fact that we were existing customers was forgotten and we were invited to the restaurant. we had dinner at the restaurant on the first evening, and we were asked, ""what did you eat?"" so obviously you have to keep your own bill. the only reason why i did not give 1 star is the friendliness of the sisters who prepared breakfast for us."
Mevsim Otel - Akyaka Otel,Seher SELVİ,en,"the location of the hotel (!) is great, 2 minutes from the beach and the rooms on the top floor have sea views. but i have never stayed in a hotel with such small rooms in my life. there is not even a shower cabin, the shower head is mounted on the toilet, and it is difficult to even move inside. the air conditioner does not cool, it only blows warm air. we are not satisfied, it should be called an apartment or something, and it's not really worth 3 thousand per night. at least the air conditioning works in this room."
Mevsim Otel - Akyaka Otel,Can Görkem Yolsal,en,"a business very close to the sea, satisfactory in terms of price-performance. i would like to thank the friendliness and sincerity of the employees who prepared the breakfast. the air conditioning works, the water can always be easily heated."
Mevsim Otel - Akyaka Otel,eren yeşilyurtlu,en,"the location is very nice, close to the beach. but let's come to the hotel service; 1. it says there is a refrigerator in the rooms. no reason, there is no refrigerator in the hotel. the temperature outside is 38 degrees. 2. the air conditioner is broken. we told them about the center, they asked how it could be different, and they left. that's it for the joke. 3. we asked for cleaning because we stayed for 4 days. they specifically said to let me know when it comes out. we came to tell you that the room was untouched. the answer is, we forgot. but that's your job!! 4. the shower head is broken, the shower toilet is incredibly small. 5. the internet system is almost non-existent. 6. unfortunately, the rooms are stuffy and depressing."
Mevsim Otel - Akyaka Otel,Emre Karası,en,"it's a terrible hotel, the rooms are very bad, there is no refrigerator, the television is not working, the employees are very dissatisfied. there was a choice of either soup or a breakfast plate for breakfast. we bought both without knowing it and they took the breakfast plate away from us because it was charged. definitely regret is a mediocre place that should never be visited."
Santo Akyaka Home,Hilal Leventoğlu,tr,"yorumları okuyunca gerçekten şaşırdım. i̇ki hafta boyunca üç farklı butik otelde konakladım. hepsi ekonomik odaydı. i̇çlerinden en beğendiğim santo oldu. çalışanları gayet samimi ve güler yüzlüydü. kendimi rahat hissettiğim içinde düşündüğüm süreden daha fazla kaldım. terlik, şampuan, saç kurutma makinesi vb olmadığı zaten tarafıma iletilmiştim bu yüzden tedbirli gitmiştim. tv de sorun yaşadım ama söyleyince çözüldü. duşta sıcak su beklentimi fazlasıyla da karşıladı. mutfaklı bahçe katı (yanlış hatırlamıyorsam menekşe1 odaydı) çok memnundum. gece nefes alacağım güzel bir bahçe ve özellikle bol kedili bir butik otel. hayvanlara sahip çıkan işletme, insana yüz çevirmesini beklemeyin ekonomik odadan beklentiniz 5 yıldızlı otelse ne diyebilirim ki sürekli akyaka giden biri olarak söylüyorum bunu, tercihim yine santo'dan yana olacak. teşekkür ediyorum 🫶"
Santo Akyaka Home,Edahan Yeşilırmak,tr,"konum olarak azmak nehrine ve plaja 1 km den kısa mesafede. yürüyerek rahatça gidilebiliyor. biz bahçe katındaki odada kaldık, odada çok yoğun bir nem kokusu vardı. özellikle banyo ve tuvalet gerçekten çok kötü kokuyordu. havalandırsak da koku sıksak da asla geçmedi. i̇ki tek yatağı birleştirip çift kişilik yatak yapmışlar, tek kişilik bir tane örtü koymuşlar, el havlusu banyoda klozetin üzerindeydi, tv nin ortasından beyaz bir çizgi geçiyordu, tuvaletteki dışında çöp kutusu yoktu, odada saç kurutma makinesi bile yoktu. sabah 9.30 da elektrikli süpürge sesine uyandık. daha önce de bu tarz yerlerde kaldık, odada en azından saç kurutma makinesi, banyo terliği gibi şeyler oluyordu. bunlara ek olarak sahipleri ve çalışanlar hiç güleryüzlü değil. etrafta benzer pek çok yer var. fiyatları da aşağı yukarı aynı. tercih edecekseniz başka yerleri tercih edin."
Santo Akyaka Home,Asena Yazıcı,tr,"pahali bircok konaklama icinde uygun fiyata temiz gayet rahat bir oteldi bizim icin. tek eksigi odalarda terlik ve sampuan olmamasi. akyakaya tekrar gittigimde tercih edebilecegim bir yer,tesekkurler."
Santo Akyaka Home,Mageador,tr,2 gün bu apartta kaldım. bize verdikleri oda havuzun altında derme çatma bir odaydı. mahremiyet sıfır. perdeler camları tam olarak kapatmıyor. i̇çerisi bildiğiniz gözüküyordu. o yüzden içeride ışık kapalı bir şekilde giyindik. duşlarda plastik kalitesiz bir mini şofben var. ben sıcak duş seven bir insanım kesinlikle yetersiz su ısınmıyor. duşta fön makinesi yok. 2 günün bitmesi için sabrettim. önermiyorum.
Santo Akyaka Home,Feyza Özsoy,tr,"dağ manzaralı family apartta 4 kişi konakladık, fiyatına göre gerçekten konum olarak da rahatlık olarak da çok güzeldi çok memnun kaldık.. çalışanlar da çok güler yüzlü, eksik durumlarımızda hemen bize yardımcı oldular, havuzu da gayet yeterliydi.. bir dahakine gelişimde de tercih ederim gerçekten.. klima vs de sorunsuz çalışıyordu, yataklarda rahattı sadece çekyatın birisi çok sertti o kadar. son günümüzde de havalimanına gitmeden kahvaltı için çıkacaktık bavulları tesiste bırakmamıza izin verdiler. genel olarak güzeldi, teşekkür ederiz :)"
Santo Akyaka Home,Anton van A,en,"nice place but the rooms were uncomfortably small! not the best room really but affordable. good location and staff was okay, although they do not speak much english"
Santo Akyaka Home,Baris Kahraman,en,it was ok would not recommend if you are picky
Santo Akyaka Home,Erkan Demirbaş,en,a bit low quality holiday concept
Santo Akyaka Home,Eren Erdogdu,en,i̇
Santo Akyaka Home,İl Tug,en,super
TN&CO Exclusive CIP Suites/Primeclass Rooms,Deniz Açıkgöz,tr,"dış kapı sifresinii bilmiyorsaniz eger kapali olan kapı zilini calarak giris yapabiliyorsunuz, biraz bekledikten sonra bir gorevli kapiyi açıyor. otelde asansor yok. birlikte asma kata cikip kayıt yaptırıyorsunuz.cantalarinizi tasiyacak kimse yok. 3 kat cantalarinizla birlikte merdiven tirmaniyorsunuz. odalar genis ferah, lakin is merkezinden dönme bi bina oldugu icin sürgü pencereler disaridaki butun gurultuyu iceri aliyor. neyse kahvaltiyi sabah kacta yapacağınızı resepsiyona yazdirmaniz lazim. ben sabah 8 demistim sabah 8 de kahvalti saloni dedigimiz hic penceresi olmayan yaklasik 20 m2 lik bir bir koridor boslugunda kahvaltimin hazir olmadigi ve hazirlandihini söylediler, ozel biseyler beklerken 8:30 da onume bir tabak kondu kahvalti bu kadar.peynir zeytin,yumurta,vs. expres kahvalti. saka gibi.acik bufe kahvalti yok. bu yerin otel le alakasi sadece odalari. baska hic bisey degil. cok kotu bi deneyimdi. internetnetteki fotograflarina aldanmayin, tamamen fotograf yanilsamasi..."
TN&CO Exclusive CIP Suites/Primeclass Rooms,Büşra yıldız,tr,"odaları temiz ve bakımlı, çok zevkli döşenmiş. kahvaltı ise özenli ve doyurucuydu. açık büfe israfındansa kahvaltı tabağı hazırlamak bence çok mantıklı. her sene muğla'da bir gün konaklarız, bundan sonra adresimiz burası olacak gibi duruyor."
TN&CO Exclusive CIP Suites/Primeclass Rooms,Ayse Cebeci,tr,"i̇ş seyahati için 1 gece konakladım. butik otel. şehrin göbeğinde ama çok sessiz. heryer yürüme mesafinde. odalar tüm ihtiyacı ziyadesiyle karşılıyor. tüm konfor düşünülmüş. tertemiz, mis gibi. çalışan personel güler yüzlü. tatlış bir butik otel. fazlasıyla memnun kaldım. hersey için teşekkürler."
TN&CO Exclusive CIP Suites/Primeclass Rooms,Aysu Aslan,tr,merkezde kalabileceğiniz en güzel otellerden biri diyebilirim . çalışanlar ve otel sahipleri çok ilgili ve güler yüzlü odaları diğer otellere göre temiz ve modern.
TN&CO Exclusive CIP Suites/Primeclass Rooms,Ayşe Gülen Eyi,tr,berbat bir deneyimdi. i̇ş için konakladım. otel temiz ve düzgün bir konumda olmasına rağmen hizmetten hiç memnun kalmadım. ek bir tuvalet kağıdı istediğimde yardımcı olamayacaklarını söylediler. geceliği 2000 lira olan ve benim 5 gün konakladığım bir otelde hasta olduğumu belirtmeme rağmen tek bir tuvalet kağıdının dahi problem edilmesi büyük bir rezalet.
TN&CO Exclusive CIP Suites/Primeclass Rooms,Μυρσίνη Βαρσάκη,en,great location! our room was very comfortable and clean! we will definitely stay here again while visiting the beautiful city of mugla!
TN&CO Exclusive CIP Suites/Primeclass Rooms,Bianca Brown,en,"easily the best place to stay in mugla, but also one of the best hotels to stay in period. i make this claim based on 4 main reasons: 1) cleanliness, 2) size & quality of rooms, 3) level of hospitality/service, and 4) location. 1) cleanliness we stayed for one week, and housekeeping always managed to clean our room while we were out - which, as a family of 4 with two changing naptimes to navigate - is no easy task. for example, we stayed at a 5-star resort in kos the week prior, and half of the days our room wasn't serviced because our kids were napping during their main cleaning hours (even when we indicated to housekeeping when we expected to be out). additionally, the room always smelled clean, but never smelled like cleaning products. i noticed that they regularly wet-vacuumed our rug - something that indicates they go above and beyond, even when the same occupant is staying in the room. with children especially, there is incredible piece of mind to know that your room is so clean. 2) size & quality of rooms the rooms are suites - do not glaze over this feature! they are much more spacious than standard hotel rooms, with a work desk that is not doing double duty as a table/dresser etc., ample shelf space for clothes (no musty closed dresser drawers!), and large windows that let in plenty of light. the bathrooms are also some of the biggest i have seen in modern hotels. 3) level of hospitality/service reception helped us with our bags and finding street parking, and even carried our stroller up the stairs when they saw us entering the building. our favorite part of the stay was breakfast - every morning there was a new addition/variation, sometimes a delicious chocolate cake, almond cookies, potatoes, and even milk boxes for the kids. the lovely breakfast personnel were so kind to us, learning what we liked, and even what size of cup we preferred to drink tea in :d 4) location you are right in the city center! within walking distance is everything - cafes, restaurants, shops, bakeries. i'm gushing - because sometimes i find myself hesitant to take a trip because it is becoming all too common to have underwhelming hotel experiences. tnco is a sure bet - it is a quality stay that will raise your expectations on what a hotel should be like. a final note - chat with the owners! they are a fascinating couple with deep knowledge of mugla and wide, varied interests. they even spoke some italian with my son!"
TN&CO Exclusive CIP Suites/Primeclass Rooms,Patrick Leach,en,"my daughter and i had a wonderful time. the owners were delightful and very helpful telling us about places to go in the city. the rooms were large, clean and very nice. the hotel was convenient and we could walk to most restaurants and stores. we would definitely stay there again! rebecca sullivan and meghan leach"
TN&CO Exclusive CIP Suites/Primeclass Rooms,Andrew Gaddis,en,"hotel tnco was probably the best travel experience we have had, ranking among many places across many countries. the accommodations are fantastic, the hosts are incredible, the service is unbelievable. the city of mugla is an incredibly interesting place and the location is central to everything. i could not more highly recommend a place or an experience more than enjoying mugla from a central and fantastic location like hotel tnco. we will certainly be back sooner rather than later and are already missing this place, these people, and are jealous of anyone soon to come there! we had no complaints at all, and have nothing to volunteer as any negative or downside to this fantastic trip. highly highly recommend."
TN&CO Exclusive CIP Suites/Primeclass Rooms,Илья Гонохин,en,"i am staying at this hotel for the third time. the first thing i noticed was the very friendly staff. the hotel is a tall building in the historic center of the city. great view of the whole city from the roof! the rooms have a soft design and very high quality light. it's good to work and relax here. good wifi and quiet. if you meet the owners of the hotel, they can tell you a lot about interesting places to travel around."
Nehir Butik Otel,F C,tr,konum güzel merkezi. odalar temiz sayılır. yatak tepesinden aşağı doğru ip salmış inen örümcek. banyoda birkaç minik karıncayı önemsemezsek iyi. banyoda duş için elektrikli ani su ısıtıcı vardı bans hem ilkel hem tehlikeli geldi. ayrıca odalarda ses izolasyonu sıfır. şansımızdan yan odaya düşen çift epey bir geveze çıktı . konuş konuş bitiremediler gece yarsına kadar sanki bizim odada konuşuyorlar. eğer kalmayı düşünüyorsanız kesinlikle fısıltı ile konuşun çünkü yan oda her söylediğinizi rahatlıkla duyar. karşılaysn bayan güler yüzlü biriydi saddcd giriş yaparken gördük çıkış yaparken kimse yoktu anahtarı bırakıp çıktık
Nehir Butik Otel,Emir,tr,çok güzel bir otel lokasyonu 10 numara otel nehir manzaralı denize 5 dk yürüme mesafesi temiz ve titiz personelleri var yemekleri güzel ve nehir manzaralıherlese tavsiye ederim
Nehir Butik Otel,Hümeyra Öktem Şeker,tr,otel resmen temizlik kokuyor. odaların genişliği ve ferahlığı yeterli düzeyde. konum olarak da azmak nehri'nin kenarında yer alıyor. kahvaltısı çok çeşitliliği olmamakla birlikte doyurucu nitelikte. tekrar gidecek olsam tercih edeceğim tek yer olur. teşekkürler her şey için.
Nehir Butik Otel,Sunay Gülpamuk,tr,eşimle birlikte 12 ağustosta konakladık. konumu muhteşem. odamız 108 numaralı oda idi ve azmak nehrine bakıyordu manzarası çok güzeldi. oda gayet temizdi. otele giriş yapmadan önce bizi aradılar klimayı açalım odanız serinlesin diye bu ince düşünceleri çok hoşumuza gitti.i̇sletme sabipleri gayet güler yüzlüydü ve bizi çok iyi karşıladılar. kahvaltı lezzetli idi kafe kısmı da güzeldi.yani kısacası her anlamda memnun kaldık her şey için teşekkürler ..
Nehir Butik Otel,Çetin Ceylan,tr,"egenin incisi akyaka ,akyakanın incisi nehir otel azmak nehir manzaralı ve denize yürüme mesafesi sayesinde çok özel bir aile işletmesi ayrıca restorant nehir manzaralı yemekleri ve mezeleri çok başarılı....."
Nehir Butik Otel,Kurt Aricanli,en,"nehir butik hotel is perfectly placed on the outskirts of akyaka, a sea village, along the azmak river. we were surprised at the cleanliness and ambience this little gem had to offer. for our price range, we were expecting a more weathered accommodation, but nb was charming and up-to-date. the river alone makes this stay a worthwhile one."
Nehir Butik Otel,Gulzhan Alaidarova,en,"excellent view and hosts. the best service i have ever seen! we came to the marathon and mehmet bey supported us and gave motivation which increased our energy. the room is very cute and tidy, warm ac which is best heater for this time. i definitely suggest this place for sure for couples and single travelers even with the group of friends you may stay all long. very close to the center and river side."
Nehir Butik Otel,Александра Тугаринова,en,"the service spoilt our attitude towards this hotel. at breakfast, which is included in the price, my parents asked for a few more glasses of tea. and when we started to leave, they charged us 150 tl for 5 extra teas. no one had warned us in advance that extra tea was chargeable. there is no menu there. we found out only after breakfast that 1 tea costs 25 tl. we were tried to convince that everywhere in turkey tea costs 25 tl (although obviously it is very expensive for this place). also for 5 cups of tea at 25 tl we would owe 125 tl, not 150 tl. although we were eventually refunded 25 tl, the fact that we were cheated is very unpleasant. many cafes bring tea for free. you should be warned in advance that it is paid for. there is no coffee at breakfast either, it is paid. the rooms are in line with the price. although there are a lot of midges and far from the most comfortable beds. poor soundproofing."
Nehir Butik Otel,Kim Wilcox,en,"beautiful ,relaxing place ..excellent service, staff very pleasant..wonderful food..highly recommend a visit"
Nehir Butik Otel,Denise Preston,en,very nice place to go to hotel and restaurant very friendly staff and owner
Summer Otel,günnaz pir,tr,otelde 2 gece konakladık.odalar eski kesinlikle yenilenmesi gerek özellikle banyonun.banyo lavabosunun boyaları dökük tuvaletin basma yeri çıkmış tavan kabarmış kesinlikle tadilat görmeli. 3 kişilik odada kaldık büyüklüğü yeterliydi.kahvaltisi vasatti daha iyi olabilir. konum bence ideal uzaklıkta biz kullanmadik ama küçükte olsa bir havuzu var fiyat olarak bu ücrete diğer işletmelerinde farklı olacağını sanmıyorum akyaka da yeniden konaklayacak olsam başka bir yer deneyimlemek isterim
Summer Otel,ŞanlıOrdu AFFETMEZ,tr,"yorumlara aldanmayın 7 gece 8 günlük olarak tuttum burayı 2 yetişkin ve 2 yaşında oğlumuz... konum olarak sahile 5 dakika yürüme mesafesi cafelere marketlere 2-3 dakikalık yürüme... kahvaltısı gayet tatmin edici ve güzel sabah açık büfe şeklinde istediğiniz kadar alabiliyorsunuz. tek eksik çocuk için yatacak yer olanağı onu belirtir söylerseniz anlaşmadan önce güzel olur odalar butik oda standartı klima, mini buz dolabı, geniş banyo ve otele ait bahçesinde ideal havuz çocukların hevesini alacağı ve yetişkinlerin girebileceği... oda gayet temiz tv çalışır vaziyette... buraya otelde yatmak için gelirseniz memnun kalmazsınız ama bir iki gün akyaka gezintisi gersinde ise çevre ilçeleri günlük planlı dolaşarak sadece akşam olduğun da gelip odanıza yerleşip gecesini akyaka sokaklarında geçirebilirsiniz... konaklama için gayet güzel yer"
Summer Otel,Ebru Turan,tr,"toplamda 5 kez summer hotelde konaklama şansım oldu. her seferinde çalışan personelin güleryüzlülüğünden ,hizmet kalitesinden çok memnun kalarak döndük evimize. eş dost arkadaşlara tavsiye bulundum gelip misafir olanlar da gayet mutlu ayrıldılar .bize tatilimizi ev rahatlığında yaşatan tüm ekibe , aydın, meltem aslı ve derya 'ya sonsuz teşekkürler. i̇nanç bey ekip harika eylülde tekrar görüşürüz."
Summer Otel,System X,tr,uzun yolculuktan sonra bu hotel’e geldik bi süre sonra elektrik kesildi yetkili kişi yoktu bi çocuğu yerine bırakıp gitmiş kendisi klimasız havada temmuzda akyaka uyumak imkansız olduğu için gece burayı terkettik beni arayın para iadesi istiyorum dememe rağmen aranmadım burayı kimseye tavsiye etmiyorum daha iyi yerlere bakın.
Summer Otel,GULUMSER Kurnaz,tr,i̇lk defa 2 gün konakladık..konumu odalari temizliği gayet güzeldi..aydin bey ve ekibine çok teşekkür ediyoruz..derya hanımciğım ellerinize sağlık..akyaka ya geldiğimizde konaklayacağimiz yer kesinlikle burasi..tekrar teşekkürler..
Summer Otel,IamAysegul,en,"good spot. closeby to the city center & beach (no need for a car). small pool, thats good if you want to refresh. breakfast is below average."
Summer Otel,günnaz pir,en,"we stayed at the hotel for 2 nights. the rooms are old and definitely need to be renovated, especially the bathroom. the paint on the bathroom sink is peeling off, the toilet's press area is gone and the ceiling is swollen. it definitely needs to be renovated. we stayed in a room for 3 people, the size was sufficient. the breakfast was mediocre, could be better. i think the location is ideal, we didn't use it, but it has a pool, albeit small. i don't think the price will be different from other businesses for this price. if i were to stay in akyaka again, i would like to experience another place."
Summer Otel,ŞanlıOrdu AFFETMEZ,en,"don't be fooled by the reviews, i booked this place for 7 nights and 8 days with 2 adults and our 2 year old son... location: 5 minutes walking distance to the beach, 2-3 minutes walking distance to cafes, markets... the breakfast is very satisfying and you can have as much as you want in the form of a nice open buffet in the morning. it would be nice if you could state the only thing missing, a place to sleep for the child, before making an agreement. the rooms are boutique room standard, air conditioning, mini refrigerator, large bathroom and an ideal pool in the hotel's garden, which will appeal to children and is accessible to adults... the room is very clean, tv is working... if you come here to sleep in a hotel, you will not be satisfied, but after a day or two of walking around akyaka, you can visit the surrounding districts in a daily plan and come only in the evening, settle in your room and spend the night on the streets of akyaka... very nice place to stay"
Summer Otel,Ebru Turan,en,"i had the chance to stay at summer hotel 5 times in total. each time, we returned home very satisfied with the friendliness of the staff and the quality of service. i recommended it to my friends and acquaintances, and those who came as guests left very happy. endless thanks to the entire team, aydın, meltem aslı and derya, who made us experience our holiday in the comfort of home. mr. i̇nanç and the team are great. see you again in september."
Summer Otel,Ali Bayirli,en,"for now i would like to express my concerns as i have read many negative reviews of the summer hotel. when i arrived i was greeted very politely. my first question was how long this staff has been running the summer hotel. the answer was, for a month, which gave me hope. now, after five (5) days, i can recommend this summer hotel facility with a clear conscience if something was wrong, it was resolved and taken care of immediately or very promptly. the staff is courteous and polite. i also think value for money is good. there is no patina on the tables, they are wiped promptly. you are constantly asked whether there are any concerns or wishes that need to be fulfilled. the rooms are very neat and clean and everything is really attractive, as is the garden and the pool. we are very satisfied karin & ali"
Hotel Azmakhan,Aysun Doğan,tr,otele girebilmek için elinizde valizinizle dik bir merdiveni tırmanmanız gerekiyor ve hiçbir personel size yardım teklifinde bulunmuyor. otele girdiğiniz anda rutubetli bir hava sizi karşılıyor. klasik giriş işlemlerinden sonra odanıza giderken yine kimse valiz taşımada yardım teklifinde bulunmuyor. oda atmosferine karanlık ve rutubet hakim. sadece ledlerle aydınlatmayı sağladıkları için hep loş ışıktasınız. bizim odamız bahçe katındaydı ve duvara karşı bir manzaramız vardı. üç kişilik odada sadece bir tane priz var. biz su ısıtıcı ve tv fişini çıkarmak zorunda kaldık telefonlarımızı şarj etmek için. klima fena değildi çalışıyordu. tuvalet ve duş idare eder. sifon biraz sorunluydu takılıp kalıyordu. kahvaltısı orta düzeyde ama kahvaltı ortamı tam bir felaket. hem iç hem dış mekan kedilerin istilasına uğramış durumda ve her yer kedi tüyü. hem hijyenik açıdan hem de kedi korkusu ya da alerjisi olanların tercih etmemesini öneririm. bir sonraki tatilimde tercih edeceğim bir otel değil.
Hotel Azmakhan,Erhan KIRKLAR,tr,"otelin girişini bulmak için baya dik yokuşta aşağı yukarı gitmek zorundasınız. en ufak yönlendirme yok. otopark büyük sıkıntı. otopark alanları var ama görevlileri olmadığı için aracımızın önüne başka araçlar parkettiğinden aracımızı çıkartamadık. jandarma çağırarak işi çözdük. resepsiyona durumu bildirmemize rağmen ""araç sahibi otelimizde gözükmüyor, yapabileceğimiz birşey yok"" dediler. odamız bahçe katı idi. karıncalar istila etmişti odamızı. kendi imkanlarımızla temizledik. ayrıca bahçe katında cok fazla klima motoru var sesten rahatsız olduk gece boyu. oda servisi için verdiğimiz yemek siparişinde kalan bardak ve tabaklar 2 gün boyunca alınmadı. kahvaltı salonunda kediler masalarda geziyordu. alerjik yapısı olan şahsım için çok vasat ve kötüydü. havuz kenarında şezlonglarda insanımız cips vs kırıntıları bıraktığı için bu artıkları havuz suyuna bulaşıyor. havuz giriş çıkışı için duş yönlendirmesi yok. yani ayakkabı ile havuz kenarında dolaşan kişiler var ve buralara basarak havuza girmek zorunda kaldık. kek poşeti 3.gün hala aynı yerde duruyordu bahçede. hijyenik bulmadık kendimize göre. otelin girişi belli olmadığı için herkes açık olan havuz kapısından resepsiyona iniyor valizleriyle. bu da kötü bir durum oluyor havuzdakiler için. masaj salonu dışında olumlu bir yanı yoktu. güvenlik vs zaten yok. genç bir bayanı koymuşlar otele ve herşeye yetişmeye çalışıyor maalesef."
Hotel Azmakhan,Havva Kılınç,tr,oda gerçekten çok kötü kokuyordu üstüne tuvalet aynı şekilde rezaletti. banyo tavanı küf tutmuş resmen hiç hoş değildi. klimalar bakım yapılmadığından dolayı sanırım bizimkinde sıkıntı oldu klima çalışmadı. odamizi değiştirmek istedik havuz manzaral7 odamizdan bizi kafe tarafındaki odalardan birine yerlestirecekler8ni söylediler inanın oda cok kötü kokuyordu balkonun tahta zemininde çiviler vardı. yani daha ne diyebilirim. hiçbir hizmetiniz yok bari güler yüzünüz olsun malesef o da yok.
Hotel Azmakhan,Büşra Kamen,tr,oda eh işte banyo yerler artık ıslanmaktan yosun küfmü ne tutmuş bilmiyorum. duş alırken ayaklarınız suyun içerisinde ve duşa kabinin dılınada su geçiriyor.mecbur ıslak yerden odaya geçince odanın içide pisleniyor. perdesi yırtıkdı. 223 nolu oda bazı personelleri neden geldiniz dermiş gibidiydiler ama temizlik görevlisi hanımefendiler ve resepsiyondaki beyefendi ve hanımefendide güler yüzle karşıladı. otelin konumu çok güzel nehire 3 dakikada iniyorsunuz havuzuda güzel ve temizdi onuda beğendik yinede teşekkür ederiz
Hotel Azmakhan,Muhammet Onay,tr,"otelde 3 gece konakladık.aracımızdan indikten sonra otel görevlisi tarafından odamıza kadar bize eşlik edildi.otel konumu, odamız ve temizlik çok iyiydi.çalışanlar gayet güler yüzlüydü.kahvaltısı yeterli ve temizdi.yeniden tercih edeceğim bir otel"
Hotel Azmakhan,Colin Breedon,en,"fabulous hotel. lovely helpful staff. comfy bed. nice room, good breakfast, very helpful chef, sorted out a cholesterol free breakfast for my husband. booked 2 night's, stayed a third. our second visit to this memorable hotel. we will visit again. thank you all for being so sweet."
Hotel Azmakhan,Nadia Sofinskaya,en,"i attended only the spa zone of the hotel, it has a great hammam, pool and massage. it's a pity that there's only one massage lady so you cannot have massage simultaneously with your friend(s). but there is a pool with chill-out zone and bar which compensates the waiting)"
Hotel Azmakhan,Aöm Aöm,en,"place is not well clean , especially we had some staines on the bed shots and pillows. there was hairs in the bed and shower room not well maintained and dirty . they didn't give us double bed it was 2 single bed during the night bed was separated feel like sleeping in single bed as we were couple . it was bed and breakfast , breakfast place was awesome by the azmak river but staff who was working there , not warmly welcomed us , they were very cold . maybe couse of busy time we were there exactly 2nd of september ."
Hotel Azmakhan,Ammar Hyder,en,"hotel azmakhan was a fantastic place to visit, beautiful hotel with excellent guest service. the staff go above and beyond to help, and the location is gorgeous! lovely breakfast and swimming pool as well, definitely recommend a stay here!"
Hotel Azmakhan,Irfan SURAL,en,the price was so good. the accommodation was very nice we loved it.
Su Apart Otel Akyaka,d0r1 S4ku,tr,"birdaha asla gitmeyeceğim bir yer oldu. birkaç yıl önce ailecek gitmiştik ve güzeldi o yüzden yine gittik ama keşke gitmeseydik, otelin eski halinden eseri yok. fotoğraflara kanmayın, prizlerin çoğu çıkık bir tanesinin başı bile yok, döşemelerin üstüne koydukları örtüler açıldığında kahverengi kurumuş lekeler vardı. üstünü açmadan nevresimleri serelim dedik, bir tane daha gerekti adam “temiz” adı altında bir tane getirdi serdik bide ne görelim onda da leke, ayrıca yastık ve yataklardaki kılları unutmayalım, yatacağım yere kolonya sıkıp yastıksız yattım. ayrıca apartmanın içinde mahremiyet falan beklemeyin, içerideki kapılar kırık ve kilitlenmiyor ancak çok güçlü bir şekilde kapıya baskı uygularsanız bazıları kapanıyor. duvarlarda birkaç çatlak vardı ve pisti. birkaç tane tava ve tencere vardı ama çok kötü durumdaydı çizilmişti ve artık ne kadar eskiyse çizikler bile turunculaşmış, sararmamış turunculaşmış. tüp çalışmıyordu, açmayı denedik ama çok az ateş verdi. denize hafif uzak. tek iyi şey adamım güler yüzlü olmasıydı diyebilirim. gitmenizi önermem."
Su Apart Otel Akyaka,Berk GÖKOZAN,tr,geçtiğimiz yıllarda 2 defa daha gelmiş olduğum apartın inanılmaz derecede kalitede düşüş yaşadığıyla başlamak istiyorum. daha önceki ziyaretlerimde çok daha samimi ve içten bir işletme olarak gördüğüm su apart bu ziyaretimde hem hizmet olarak hem de kaldığım oda bakımından beni ciddi anlamda yüzüstü bıraktı odaların girişinde yazan bilgilendirme yazısında d smart ve oda servisi bulunduğu yazıyordu ancak oda servisine dair birşey göremediğim gibi( normalde bu hizmet veriliyor olabilir) d smart adınada birşey yoktu. i̇lk önce kanallarda kendimiz teker teker baktık ancak d smart adına birşeye rastalayamadım. bunun üzerine resepsiyonda duran beyefendiye d smartı bulamadığımı ve acaba iptal edilmiş olunup olunamayacağını sordum beyefendi bu soruya kesin bir tavırla dsmart hizmetimiz var diye yanıt verdi odama girip biraz daha taradım ancak bulamadım. beyefendiden birdaha yardım isteyip odaya çağırdım biraz televizyonun arkasına bakındı var işte dsmart dedi biz kanallarda bulamadığımızı söyleyip yardım istediğimizde ise kurcalayın biraz diyip gitti. odalara gelecek olursakta 2 tane el kadar tava 3 4 tane bardak biraz bıçak ve gıcırdıyan mobilyalar ve bozuk bir saç kurutma makinesi bizi karşıladı.
Su Apart Otel Akyaka,Alptuğ Canbaz,tr,"odalar temiz fakat işletmenin konumu çarşıdan (denizin, tüm restoran ve barların olduğu kısımdan) gelirken biraz yokuş yukarı çıkmayı gerektiriyor. havuzun büyüklüğü yeterli fakat temizliği daha iyi olabilir. i̇şletmeciler gayet güler yüzlü ve yardımcı olmak için ellerinden geleni yapıyorlar."
Su Apart Otel Akyaka,Dilan Anılır,tr,"ailecek 5 gün konakladığımız bu otel hem denize yürüme mesafesinde idi hemde yakınında bim, migros vb bir sürü market bulunuyordu konum olarak çok iyi bir yerde. i̇şletme sahiplerine ilgilerinden ötürü çok teşekkürler çok samimi ve içten davrandılar her eksiğimizi tamamladılar odalardaki her şey tam olarak çalışıyor ve fiyat performansı açısından gayet iyiydi begonvil çiçeklerinin süslediği havuzu gayet ideal olan temiz ve butik otel tarzında çok tatlı bir aile oteli herkese canı gönülden tavsiye ederim."
Su Apart Otel Akyaka,Turkan Kahraman,tr,"su apart otel'de konaklama deneyimimiz harikaydı! temizlik ve hijyen konusunda çok titizler, odalar her gün düzenli olarak temizleniyor. personel son derece nazik ve yardımsever. özellikle fahrican bey, her konuda bize çok yardımcı oldu ve çevredeki turistik yerler hakkında faydalı bilgiler verdi. otelin konumu da çok iyi, plaja yürüme mesafesinde ve yakınında birçok restoran ve kafe bulunuyor. otelin sunduğu kahvaltı da oldukça çeşitli ve lezzetliydi. havuz alanı temiz ve bakımlı, güneşlenmek ve rahatlamak için ideal. fiyat-kalite dengesi açısından da oldukça başarılı bir otel. hem aileler hem de çiftler için kesinlikle tavsiye ederim. su apart otel'e tekrar gelmeyi dört gözle bekliyoruz!"
Su Apart Otel Akyaka,Kostas Voulgaris,en,very good stay. big rooms. good prices
Su Apart Otel Akyaka,Errie G,en,we eating here. it was the worst dinner in my life. i can’t feeling the tasteless. i was so sad
Su Apart Otel Akyaka,Eray Ercan,en,"pool was rather a small one but, cold beer and nice, cheap cocktails was great"
Su Apart Otel Akyaka,Naseem Khan,en,was a comfortable stay. thank you for the hospitality.
Su Apart Otel Akyaka,d0r1 S4ku,en,"it's a place i will never go again. we went there with our family a few years ago and it was nice so we went again, but i wish we hadn't, the hotel has no trace of its old self. don't be fooled by the photos, most of the sockets are protruding, one of them doesn't even have a head, and when the covers they put on the floors were opened, there were brown dried stains. we decided to lay out the bed linens without uncovering them, we needed another one, the man brought one under the name of ""clean"", we spread it out and we saw that there were stains on it too, and let's not forget the hairs on the pillows and beds. i sprayed cologne on the place where i was going to sleep and slept without a pillow. also, do not expect privacy inside the apartment, the doors inside are broken and do not lock, but if you apply very strong pressure to the door, some of them close. the walls had a few cracks and were dirty. there were a few pans and pots, but they were in a very bad condition, they were scratched, and even the scratches were orange, not yellow, but orange as they got older. the tube was not working, we tried to open it but it gave very little fire. slightly far from the sea. i can say that the only good thing was that he was friendly. i don't recommend you go."
Yücelen Otel Akyaka,Ebru Göksu,tr,"otelin konumu çok iyi. manzarası harikaydı. hem yeşilin hemde mavinin huzurunu doyasıya yaşadık. otelin kendine ait plajının olması büyük konfor. başka hiç bir seçenek aramadık. farklılık isteyenler için yürüyüş mesafesinde koylarda mevcut. deniz suyunun sıcaklığı ve hem sığ hemde derin bölgesinin olması bizim için ideal olduğundan çok memnun kaldık.otelde mutfakta çalışan elif hanım tüm tatilim boyunca hazırlamak zorunda olduğum bir kür için hiç bıkmadan usanmadan tüm nezaketi ve yardımseverliğiyle bana yardımcı oldu. otele geldiğinizde elif hnm her ihtiyacınızda severek yardımcı oacaktır. mutlaka kendisiyle tanışın. buradanda teşekkürlerimi iletiyorum. izgarada bulunan i̇brahim bey ve restauranttaki halis bey’de çok nazik ve işlerini en iyi şekilde yapıyorlardı her zaman hızlı ve ulaşılabilirlerdi. yan taraftaki otele ait olan sedir kafenin çalışanları da güler yüzlü ve çok ilgiliydiler. odamız her gün bizi memnun edicek şekilde temizlendi. sarece oda biraz küçük ve hafif rutubet vardı tavanlarda deniz kenarında olmasından dolayı sanırım. ama çok rahatsız edici değildi. zaten otelin dışardaki enerjisi bulunduğu konum o kadar güzeldi ki odada çok az bulunduk. bizi tek üzen resepsiyonda çalışan kişilerdi. i̇lgisiz, isterseniz kalın istemezseniz gidin tavrında kişilerle karşılaştık. ( bize denk gelenler öyleydi) ilk girdiğimizde babam yolda rahatsızlanmıştı ve yüzünden belli olmasına rağmen bir soğuk su bile ikram etmediler. otel hakkında bize hiç bilgi vermediler. sonradan öğrendikki otelde doktor bile varmış. çok kötü bir karşılamaydı böyle bir otele yakışmadıklarını düşünüyorum. resepsiyon daki bazı çalışanlar dışında herşeyden çok memnun kaldık. son günümüzde otel sahibi hamdi bey’ le tanıştım. çok nazik ve kibar bir beyefendiydi. kendisine fikirlerimi dile getirdim. minik aksaklıkları kesinlikle dikkate alıp iyileştireceğinden eminim. bana öyle bir izlenim bıraktı. sonuç olarak kesinlikle keyifli bir tatil geçirdik. i̇lk girdiğimizde yaşadığımız aksaklığı diğer çalışanlar en iyi şekilde telafi ettiler. herkese tekrar teşekkür ediyorum."
Yücelen Otel Akyaka,Esen Göksu,tr,gerçekten muhteşem bir doğası var. i̇çinden akan dere müthiş ve çok özel bir detay. bir dereyi böyle bir otelin parçası yapmak çok ayrı bir iş. kahvaltı zengin. öğle ve akşam yemekleri leziz ve porsiyonlar doyurucu. restorantta başta mehmet bey olmak üzere tüm çalışanlar nazik ve özverili. kendine ait plajı ve plajda havlu ve şezlong hizmeti ayrı bir değer. denizi kum ve temiz. otopark sorunu yok. tüm otel personeli de ayrıca övgü ve tebrikleri hak etmekte. akyaka da kalınacak en iyi otel. tekrar gelmeyi kesinlikle düşünüyoruz. ayrıca belde olarakda pahalı olmayan ve şirin bir yer akyaka . sakinlik ve huzur istiyorsanız hiç düşünmeden gelin.
Yücelen Otel Akyaka,Çetin Çetinkaya,tr,son 4 yıldır bu otele geliyoruz ve çok memnunuz. özellikle bu sene eylül ayı başına denk getirdik ve akyaka nın kalabalığı azalmıştı. otel de sakindi. o telin kendi plajı var ve plaj bu sene daha sakin olduğu için iyiydi. olumsuz olarak kahvaltı seçenekleri sezon kapanmaya yakın olduğu için geçmiş yıllara göre azaltılmıştı.
Yücelen Otel Akyaka,Caner Altıntop,tr,akyakadaki en iyi oteldir tartışmasız.. kendine ait kum sahili olması büyük bir avantaj.. otel çok anlayışlı mesela sahilde otururken yandaki marketten yiyecek içecek alıp rahatlıkla tüketebiliyorsunuz bu da bu zor ekonomide çok büyük avantaj sağlıyor tabiki.. soğutucu cantanıza koyup rahat rahat ya ben acaba kazıklanır mıyım diye düşünmeden yiyip içebilirsiniz.. otel çok temiz zaten sağlıkçı bir ailenin oteli olduğu için temiz.. 2 adet kocaman havuzu var havuz başında da kimde yediğinize içtiğinize karışmıyor.. odalar büyük ve kasa var restoran fiyatları normal ama soğuk mezeleri çok zayıftı.. daha efektif restoranlar var akyakada. odanızda otururken aşağıdan akan su balıklar ördekler kaplumbağalar gerçekten çok keyifli . iyi kötü spor salonu bile var. çalışanlar güler yüzlü. bence 5 üzerinden 3.5 dan 4 .. akyakada kesinlikle tercih etmeniz gereken bir yer. paranın zor kazanıldığı dönemde ben otele teşekkür ederim
Yücelen Otel Akyaka,Aybala Altunsuyu,tr,"denizi, konumu, otel çevresi güzel. odalar, duşlar, klimalar eski. ayrı kum plajı mevcut, deniz çok sığ ve güzeldi. havuzu gayet temizdi. evler ahşap olduğu için odalar ses geçiriyordu. kahvaltı açık büfe ve ortalamaydı. sıcaklar daha fazla olabilir, çeşit olarak çok azdı."
Yücelen Otel Akyaka,celia bramley,en,"the location of the hotel is perfect and we had a relaxing time in akyaka. we stayed at the end of the season. shop was closed. pool was cold even though the weather was perfect. room was clean but out of the way. breakfast was strange....usual omelette man and good range of cheese etc.... but no fruit juice, flavoured teas, melon or toaster."
Yücelen Otel Akyaka,Agnė Domarkaitė-Sugintė,en,"i was thinking a lot before i decided to share my very bad massage experience at this hotel. i was not the guest of the hotel but i booked a medical massage there because it seemed like a good hotel. the masseuse was a 70-year-old man who in the beginning seemed friendly and harmless. first of all, this was not really a massage. the masseuse kept on putting loads and loads of oil on me and then rinsing it of with a towel, he rubbed some parts a little bit, but 80% of time it seemd like he is just touching (and sometimes made me think if that was really appropriate touch), not really massaging. he lifted my legs from behind and did not cover my bottom. i had to do it myself pulling back the towel showing my discomfort. at some point he started making very weird noises and grunting “yes, yes…” then he asked me turn over and as i did, put so much oil on my breasts even though i wanted to cover them. having done that, he massaged my face while i was trying to cover my breasts. then he finally started saying that he massages women everyday, that it is “no problem” but i could not relax because everything was very unprofessional and a bit inappropriate. any professional would have noticed that my body at that point was as stiff as a piece of wood. i froze! but what did he do? he said “very good?” when i did not answer he said “normal good, is ok”. i still could not believe with what was happening and i could not decide what to do… then he wanted to cover my eyes abd massage my breasts but i finally managed to say no. and on top of this horrible experience i had to pay for it 1250 tl. the worst experience in my life. i would not want any woman to go through this. that is why i am sharing my exprience even though it is quite hard."
Yücelen Otel Akyaka,ratih indriastuti,en,"in the beginning we arrived here ... a bit skeptical because car park is so narrow, but somehow we managed to parked. the hospitality was so good, person in charge are ready to hospitalize guesses. room was clean, even when we not satisfied with the room position, the able to recommend the other room for us. room exactly in front of swimming pool, so nice. others... foods was nice also, breakfast was fresh, dinner even we went to the same restaurant as breakfast, reasonable prices, and delicious. and tables sheets are always clean."
Yücelen Otel Akyaka,brookeerol,en,this is not just an ordinary hotel at an extraordinary beautiful place. the hotel has a great story for its architecture and the type of people it attracted for years to come. it was designed by one of the most well-known architects of its name nail cakirhan who has been awarded several times. this unique architecture shapes the whole hotel and its rooms and even the whole village of akyaka. the owner has a great story too. the hotel had some of the most well know writers as its visitors and continues to honor them after they died. the people who work there are extraordinary and very helpful. the food is great. the views from its restaurant and coffee shops is great. this is the best hotel of the area without a doubt.
Yücelen Otel Akyaka,Vera Fofonova,en,"example of the great hospitality! hospitality: i have just returned from the hotel. i am travelling a lot, and can say that i was really impressed by such a warm hospitality. the staff was really amazing: mustafa, belma and co - thank you a lot, it is your merit: very comfortable shuttle in time, room accounting all my wishes, it was even heated for me; very attentive, delicate and polity men, who served the breakfast; all sincerely smiling in the hotel including women, who is cleaning the room and does it very good. breakfast: i really like it, because they serve local tasty food: olives, backed in the house bread, mandarins, cheese, local marmalades and etc. only coffee option should be improved, that is important for many people. room: wooden room in traditional style. hotel: a lot of flowers, mandarin trees, small stream with fishes and ducks, near by the sea and forest. the hotel is authentic, it is about turkey in a best sense. season: november is great choice for people, who do not like crowd and +40. it was warm, shaming and cozy. the water was even warm enough for swimming! now, it is my favorite trip to turkey."
Ala Butik Hotel,Mustafa Usta,tr,"akyaka’da bu kadar cana yakın, bu kadar sıcak kanlı bir işletme sahibi ile karşılaşacağımı düşünemezdim. i̇şletme sahibi erdal küçükodabaşi’nın ilgi ve samimiyeti için kendilerine teşekkür ederim. kısa da olsa bir akyaka turunda otel seçimini son dakikaya bırakmak zorunda kalmıştık. google üzerinden bulduğumuz ala buti̇k otel’i temizliği, konumu ve fiyatı itibariyle seçtik. i̇yi ki seçmişiz. çok memnun kaldık. kesinlikle tüm dostlarıma tavsiye edebileceğim bir otel. temiz, sıcak, samimi ve denize yakın bir tesis."
Ala Butik Hotel,Şenol ERŞAHAN,tr,eylül ortasında eşim ile birlikte bir gece konakladık. konum olarak müthiş. odalar yeterli ama arada bir yeni çarşaf ve yastık kılıfı almaları gerekiyor temiz olsada bazı lekeler iz bıraktığı için hoş görünmüyor. sahipleri ilgili ve alakalı. oda kahvaltı yok tam fiyat performans oteli.
Ala Butik Hotel,Canan,tr,"en önemlisi konum olarak harika. 3 gün konakladık arabayı kullanmamıza gerek kalmadı her yere yürüyerek gidebilirsiniz çok merkezi. odaları geniş ve her şey temiz. odalarda klima ve akıllı tv var öğlen sıcağını içeride atlatmak için harika oluyor :) sesten rahatsız oluyorsanız caddeye bakan odalarda biraz rahatsız olabilirsiniz ama pencereler sesi baya kesiyor. hemen yakınında market, kafe, pub, yemek yiyebileceğiniz yerler var. fiyatlarına bakmanız lazım bazıları gereksiz pahalı. sahile 5 dakika yürüme mesafesinde. hayvan dostu bir işletme çok memnun kaldım kesinlikle tavsiye ederim"
Ala Butik Hotel,Gozde Arya,tr,"akyaka'da burada kalmak bir şans. yorumlara bakarak tercih ettik i̇yi̇ki̇ güzel seçim yapmışız. en önemlisi arabaya ihtiyacımız olmadı, otel tertemiz ve erdal bey son derece anlayışlı, kibar bir beyfendi. şiddetle tavsiye ederim."
Ala Butik Hotel,Ferhat Ağa Akyürek,tr,konumu guzel bir otel. temizligi de cok iyi odalaro geniş ve ferah . fiyat performans oteli. kahvalti verilmiyor ve malesef buzdolabina kucuk su koymuyorlar bir an once dolaba su koymalarini rica ederim gece gece cikip su almak hic guzel olmuyor otel işletmecilerine ilgilerinden oturu teşekkür ederim
Ala Butik Hotel,Thorsten Sund,en,"loveley hotel, hotel location is great, close to the center of akyaka and only 3 min away from the beach by foot. the hotel manager mr. erdal made us feel familiar and the stuff was friendly and helpful. our room was clean and hygienic. so ist was a pleasure to stay in this fancy boutique hotel. the delicious traditional turkish breakfast was served at the golden roof restaurant, which is 15 m away from the hotel. we enjoyed mom`s handmade marmelades, fresh scrambled eggs, honey and other excellent selections. because the restaurant is nearby the street it can be noisy during the weekend. in overall we will come again."
Ala Butik Hotel,49FLAWLESS,en,very nice clean rooms for short stay
Ala Butik Hotel,Yasar Ozcelik,en,super
Ala Butik Hotel,Mustafa Usta,en,"i could not have imagined that i would encounter such a friendly, warm-blooded business owner in akyaka. i would like to thank the owner of the business, erdal küçükodabaşi, for his interest and sincerity. we had to leave hotel selection to the last minute during a short tour of akyaka. we chose ala boutique otel, which we found on google, due to its cleanliness, location and price. i'm glad we chose it. we were very pleased. it is definitely a hotel that i can recommend to all my friends. a clean, warm, friendly and close to the sea facility."
Ala Butik Hotel,Şenol ERŞAHAN,en,"we stayed one night with my wife in mid-september. the location is terrific. the rooms are adequate, but they need to buy new sheets and pillowcases from time to time. even though they are clean, they do not look nice because some stains leave marks. the owners are caring and relevant. no bed and breakfast, full price performance hotel."
Yelken Hotel Akyaka,Mehmet Kasım Başer,tr,"05.08.2024 tarihinde 3 günlük olarak 5 kişilik odaya, oda kahvaltı olarak giriş yaptık. otel anladığım kadarıyla eski akyaka evlerinden esinlenerek veya eski bir akyaka konağında ufak dokunuşlar yapılarak yapılmış. mimari yapı, taş ve ahşap üzerine kurulmuştur. küçük bir havuzu var. saat 11-20 arası açık. halk plajına, orman plajlarına ve azmak nehrine yakın, yaya olarak 5-10 dakikada ulaşmak mümkün. karşısında migros var, yakınında restorantlar, büfeler giysi takı üzerine satış mağazaları, kafe ve barlar)0tele ait bir kafe- bar) bulunmaktadır. etrafında daha birçok butik otel mevcut. sakin ve huzurlu bir yer. bizim kaldığımız oda havuzun yanında idi. oda ve çarşaflar ve havluları gayet temizdi. wc ve banyo temizdi. her 2 günde bir oda genel temizliği yapılmakta ve çarçaflar değiştirilmektedir. otel 1 adet 5 yataklı, 2 adet 4 yataklı, 5 adet 3 yataklı ve 6 adet 2 yataklı olmak üzere toplam 14 yataklıdır. otel full dolu olduğunda kaldığımız oda dışındaki odaları inceleme şansım olmadı. kaldığımız sürece ailece rahat ettik. aileye uygun bir otel. resimde de görüleceği üzere 09.00-11.00 arası verilen kahvaltı gayet güzel ve doyurucu. yemek için çevrede her keseye uygun restorantlar mevcuttur. i̇şletme sahibine ve çalışanlarına çok teşekkür ederim."
Yelken Hotel Akyaka,PES TÜRKİYE,tr,"esimle 1 gece kaldik, oda temizligi iyiydi. odalar küçük, odada vakit gecirmek icinizi daraltabilir ama bizim gibi sadece aksam yatmak icin kullanacaksaniz konumu asiri iyi. kahvalti fotosunu attim. yaninda sinirsiz cay ve ekmek alabiliyorsunuz. kahve yoktu, soyleyince veriyorlar mi orasini bilemem. otelin hemen asagisinda sol tarafta niss mantici var kesinlikle ondan manti yemeden dönmeyin derim. buarada otelin önünde 3-4 park alanlari var biz haftaici oldugu icin mi bilmiyorum cok rahatlikla yer bulduk hic park sorunu yasamadim.havuzu cok kucuk 2-3 aile girmeye calisirsa cok daralirsiniz ama denize konumu yurume mesafesi oldugu icin denizi tercih etmek cok daha mantikli."
Yelken Hotel Akyaka,Ebru Mutlu,tr,"3 kişi 4 gece konakladık. otel evet fotoğraflardan daha küçük. birinci katta havuza bakan odadaydık ve sabah 9’da kahvaltı başladığı için bir hareketlilik oluyor müzik açılıyor dolayısıyla da uyku bölünüyor. ses yalıtımı yok, gece pub’ın bas sesi hep geldi. otelle ilgili en memnun kaldığım şey 1) kahvaltısı 2) konumu temizlikteki personel ablalar hariç diğer çalışanlar hiç ilgili ve güleryüzlü değillerdi."
Yelken Hotel Akyaka,yeşim acar,tr,26.09.2024 tarihinde giriş yaptık bir tatil planı yapmadan rastgele girdik ilk gözlemim olarak odaları çok ferah temiz havuz manzaralı odasını seçtik ve konumu mükemmel bir yerde çünkü heryere yürüyerek ulaşabilirsiniz ve otoparkı olması bizi çok memnun etti çünkü burada araba park sorunu var bence karşılama çok güzeldi gayet güleryüzlüydü herkes bende bir apart sahibi olarak yapılması gereken herşey yapıldı kendi barı olması büyük bir avantaj ve ortam çok sessiz sakin
Yelken Hotel Akyaka,Can Köşker,tr,"odalar inanılmaz küçük bavulu bile yerleştirmekte zorluk yaşadık 3 günlük tecrübemiz sonucunda ancak 2 yıldız verebildik bu arada özellikle bar içki çok pahalı normalin 3 katı havuzu inanılmaz küçük,kahvaltı güzel hazırlanıyor. beğendik. odalara hiç girmiyorum bile yan yana kucak kucağa odalarla yatmak isteyenler buyursun gelsin."
Yelken Hotel Akyaka,Terri SA,en,nice hotel but you definitely need a room in the back! the front rooms are very noisy with bars and street dogs. decent breakfast but no coffee available.
Yelken Hotel Akyaka,Hamza Na,en,"hotel with unique atmosphere, the stuff waw so friendly and helpful, clean room and well organized. i recommend to try it."
Yelken Hotel Akyaka,Clive Notley,en,excellent. room only but first class quality and very good price.
Yelken Hotel Akyaka,Hasan Baldan,en,it was an amazing stay. location is on the center of everything and staff was quite helpful
Yelken Hotel Akyaka,Fiona McArthur,en,beautıful place. classy
Moğla Taşhan otel,Fidan Canik,tr,"kesinlikle tavsiye etmiyorum. kahvaltida zeytinyagi ve limonu bile bulundurmayan, evden getirip eve geri goturuyorlar diyen bir hizmet anlayisina sahipler. kahvalti edilecek alani kimse gostermiyor, kendi kendimize havuz kenarinda bir yer bulduk. 1 gece kalacagiz cocugumuz bizle yatabilir diyoruz telefonda( bugune kadar hic bir otelde benzer bir yaklasim gormedim bu musterinin kararidir)hayir kalamaz, biz onaylamiyoruz diye yorum aldik telefonda, biz bu konuda alttan alip 3 kisilik oda tuttuk gece 23’de girmemize ragmen. odadan 11 yerine 11:20’d ciktik, bu bile kendi aralarinda konusmalarina yol acti. son nokta da ayrildiktan sonra odada son derece egreti duren bir merdiven vidasi lle ilgili hesap sormalari oldu, bir anda bir ses duyuldu diye yaptigim aciklamaya itibar edilmeyip, hayir oyle olmaz ben mimarim ,her gun kontrol ediyoruz diyerek yalancilikla itham edildim, konusma kayit ediliyor diye tehdit de edildim. hayatimda boyle bir muamele gormedim, yurt ici ve yurt disinda bir cok otelde kaldim, bu isletmeye gitmeyi kimseye tavsiye etmem."
Moğla Taşhan otel,Büsra Baykan,tr,odalar inanılmaz şirin ve ter temiz. odalar ufak ama konaklamak için ideal. daha fazlasına gerek yok. tek eksiği ufakta olsa gardorabı ama olmadanda oluyor. konum olarak köy ortasında ama korunaklı etrafı kapalı. hotele gidiş yolu sağlı sollu ağaclık sanki hotel yokmuş gibi ama var. benim için temizlik önemli ve gerçektende ter temiz. kesinlikle tavsiye ederim
Moğla Taşhan otel,Kidsteen club,tr,"bugün i̇lginç bir deneyim yaşadık ailem ile birlikte, otel tam bir aile oteli. odalar sade ve temiz. sahipleri ve çalışan arkadaşlar çok cana yakın insanlar. otel bir doğanın içinde sanki vaha gibi. öğlen istemeyerek bir olaya şahit olduk. o gece otelde konaklama yapan kişiler çıkış saatinde ısrarla otelden çıkmak istemediler. otel sahipleri ve çalışanlar çok büyük sabırla çıkış saatinin geçtiğini kaldıkları odaya rezervasyon olduğunu ve boşaltmaları gerektiğini anlattılar. kalanların uçakları saat 4 teymiş ve o saate kadar çıkmayacaklaemış dünyada çok otelde kaldıklarını ve ağıza alınmayacak küfürlerle oteli rencide ettiler. tüm arkadaşlara oteli kötüleyen yorum yazdırmaya tehdit ettiler. ellerinden gelen tüm çirkef yanlış davranışları gösterip oteli alt üst edip, giderkende pis çocuk bezini otelin havuzuna atıp gittiler. gelenler arapça, alöanva8ve türkçe konuşuyorlardı. otel sahiplerini ve çalışanlarını gerçekten sabırları ve sakin kaldıkları için tekrar tekrar kutluyorum. maalesef kuralları bilmeyen , görgü görenek içinde olmayan insanları kınıyorum."
Moğla Taşhan otel,Hakan Akdeniz,tr,odalar temiz daha öncede kalmıştık konum olarak çok içerde kalıyor çok önemli değil di bizim için sadece konaklama yapmak için kaldık . tüm gün orada geçirmek isteyenler için sessiz sakin gelen misafirler genel de etrafı gezmek için geldiği için havuz kalabalık olmuyor . tek problem kahvaltı çok özensiz ve hatta vasat diyebilirim . dışardan içecek yemek gibi şeyler getirmek yasak edilmiş çok saçma geldi bana küçük bir su 20 tl veriliyor 600/700 mt yakında bim var 3.5 tl su yemek fiyatları uçmuş tost 150 tl bir çok butik otellerde konaklama yaptım bu şekilde fiyatlar ile karşılaşmadım . son gidişim oldu . bir daha konaklama yapmam .
Moğla Taşhan otel,Merve Gübeş,tr,"memnun kaldıgımız yer bahçesi çok güzeldi , kahvaltı yeterliydi . odalar biraz küçüktü ama bizim için sıkıntı olmadı . bizimle ilgilenen bardaki beyefendi kibar ve ilgiliydi teşekkür ederiz"
Moğla Taşhan otel,Barbara Lawrence,en,"a unique and quaint hotel off the beaten path. gulcin, one of the owners, and ali went out of their way to make us feel welcome. the room we had was lovely, but the next time we'll rent the suite with the collapsible staircase. it's amazing. the grounds are fabulous, and there's plenty of parking. it's a hidden gem, and we'll definitely return."
Moğla Taşhan otel,Nushin Satkin,en,for an inn with fleas and bedbugs and low service in the middle of nowhere has unreasonable price.
Moğla Taşhan otel,cenk özcan,en,super
Moğla Taşhan otel,Fidan Canik,en,"i definitely do not recommend it. they have a service approach that does not even include olive oil and lemon for breakfast, and says they bring it from home and take it back home. no one showed us the area to have breakfast, so we found a place by the pool on our own. we said on the phone that we will stay for 1 night and that our child can sleep with us (i have never seen a similar approach in a hotel until today, this is the customer's decision). we received comments on the phone saying no, he cannot stay, we do not approve, so we took this seriously and booked a room for 3 people, even though we checked in at 11pm. we left the room at 11:20 instead of 11, which even caused them to talk among themselves. finally, after i left, they asked me to account for a staircase screw that was very makeshift in the room. my explanation that i suddenly heard a sound was not taken into account, and i was accused of lying by saying ""no, it can't be like that, i'm an architect, we check it every day"", and i was threatened that the conversation was being recorded. i was also treated. i have never seen such treatment in my life, i have stayed in many hotels at home and abroad, i would not recommend anyone to go to this establishment."
Moğla Taşhan otel,Büsra Baykan,en,"the rooms are incredibly cute and spotlessly clean. the rooms are small but ideal for accommodation. no need for more. the only thing he lacks is a small wardrobe, but he can do without it. the location is in the middle of the village, but it is sheltered and surrounded by a closed area. the road to the hotel is lined with trees on both sides, as if there was no hotel, but there is. cleanliness is important to me and sweat is really clean. i definitely recommend"
Koparan Apart,Akif Keles,tr,"akyaka’da ki tatilimizin bu kadar güzel geçeceğini bilsek tatilimizi daha uzun ayarlardık. otele ilk girdiğimiz anda bizi güleryüzle karşıladılar. farklı oda tipleri var hepsini teker teker gösterdiler , odaları göstermeden 1 tl para bile istemediler ki çoğu otelde ücretler girişte alınıyor. bi 1+1 bahçe katındaki odayı tuttuk. odanın baştan aşağı tertemizdi artık akyaka’ da bir evimiz oldu. her sene geleceğiz inşallah , bahçesi begonvil ağacı deniz manzarası ferahlığı her şeyiyle tam bir aile apartı herkese tavsiye ederim. akyaka’ya yolunuz düşerse mutlaka uğrayın"
Koparan Apart,Seda Gökçe,tr,"google yorumları ve otel fotoğraflarına bakarak aynı gün içinde rezervasyon yaptık. karşılamaları ve yaklaşımları güzel yardımcı olmaya çalışıyorlar ancak odalarına daha özen göstermeleri gerekiyor. bize verdikleri odada klozetin üzeri yani tavan belli ki tadilat nedeniyle açıktı ve görüntü hoş değildi. böyle bir durumda başka boş oda varsa orayı göstermeyebilirler. odayı tuttuktan sonra fark edip değiştirmek istedik ve farklı bir odayı verdiler ancak o odada da hijyen eksikti. pimapen kapıyı silebilirler ama silmemişler üzerinde kıl tüy vardı, buzdolabının üstünde de lekeler mevcuttu. odada kurutma makinası yoktu ve banyo çok küçüktü. 1.90 boyunda bir insan o klozette rahat edemez mesela. bir daha kalacağım bir deneyim yaşamadım maalesef."
Koparan Apart,Mehmet Ertunc,tr,"eylül 2024 yılının ikinci haftasında annem kardeşim eşim ve ben muğla akyaka'da tatil yapmak için koparan apart otel'i tercih ettik. i̇yi de tercih etmişiz. koparan apart'ın işletmecileri ali bey ve oğlu umut tarafından misapirverliğin çok üzerinde bir ilgiyle karşılandık. bir taraf dağ manzaralı, bir tarafı deniz manzarası olan bir odaya yerleştik. bizimle o kadar güzel ilgilendiler ki, tarif edilemez. i̇nanın reklamlarını yapmıyorum. gelin, görün ve yaşayın. hele son körfezde deniz kenarına gittik. yaşlı annem ve eşin için hemen katlanır sandalye temin ettiler. i̇yi ki hala günümüzde böylece güzel insanlar var. teşekkürler koparan apart otel'i̇n i̇şletmeci̇leri̇ ali̇ bey ve oğlu umut. i̇yi ki varsiniz. hep böyle kalin. bi̇zde güzel i̇nsanlar hala aramizda di̇yebi̇leli̇m"
Koparan Apart,mustafa akterlık,tr,konumu merkeze uzak. odalarda havlu çarşaf tuvalet kağıdı eksikti. bize verdikleri odalardan birinde pencere yoktu ışık almıyordu. telefonla rez yaptıracaksanız mutlaka oda fotoğrafı isteyip öyle rezervasyon yaptırın. geçerken uğrayıp sadece 1 gece konaklayacagız diye seçmiştik ama odaları görünce pişman olduk. sonrasında da kalırsanız kalın gibi bir üslupla karşılaştık. nakit ödeme için anlaştık. vergi veriyorlar mı nakit aldıkları paradan diye düşünmedik değil...
Koparan Apart,Eda Nur SAYGI,tr,eylül ayında 2 gün konaklama yaptık. kaldığımız en kötü yer diyebilirim. kaldığımız oda da nevresimler temiz değil ve cok pis kokuyordu. akşam vakti çocuğuma duş aldırmak istediğim de sıcak su yoktu. hamam böcekleri banyo da ve oda da geziyordu. olması gereken yerler de priz yoktu. fotoğraflardakiyle alakası yok. gideceklere asla tavsiye etmiyorum.
Koparan Apart,Andaç Görgülü,en,"we reserved 2 days for vacation, the owner of hotel is rude, 2 adults and 7-12 age boys. they gave us a mattress style bed and asked for a fee for the normal bed. the business owner's efforts to talk from above and rudeness. a hotel owner who says we are doing you a favor so that it is cheap. i burned a 500 tl deposit and ran away in a hurry."
Koparan Apart,Onur Kapucu,en,"on our turkey trip we visited akyaka and then we decided to stay over the night, we found this apart, the young man he replies fast and he gave us nice room which is in upstairs, when we woke up morning there was such a amazing view. hotel is clean and bad is very comfortable. recommend to visitors just book enjoy your holiday"
Koparan Apart,Adrian Stere,en,"i had a wonderful stay at koparan apart hotel in akyaka. the staff was friendly and helpful, the room was spacious and clean, and the location was perfect for exploring the town and the beach. the breakfast was delicious and varied, and the terrace had a lovely view of the garden. i would highly recommend this place to anyone looking for a relaxing and comfortable accommodation in akyaka!"
Koparan Apart,User,en,"we were so happy to find this lovely place. even though it was very late and last minute, uhmet, the house manager, welcomed us and even waited for us until we arrived so we would not get lost. the service and care are excellent. the room was a large suite, with a full balcony and kitchen. like others have said, there is a beautiful view and it is quiet and peaceful. we were only going to stay one day but stayed three. it was the people that made us stay, uhmet and his father, ali, truly connect with their guests and made our stay very special. i would travel very far just to come visit them again. stay here!"
Koparan Apart,Альбина Сидорович,en,"it was amazing experience for me and my friend! our room was small but so cozy. there was enough place for two person. the view was magical. you wake up every morning and give the gratitude for this opportunity just to see it. umut (owner of the hotel) is the buckets person in the whole akyaka. believe me,we didn’t find anyone! if we needed something,umut was always beside and solved any problem. thank you so much for your hospitality and kindness heart! :)"
portofino apart,Elif Bozdağ,tr,"havuz katında bir odada kaldık. kaldığımız odanın duvarlarında simsiyah küf vardı. rutubet sebebiyle odadaki koku çok yoğundu. cam ve kapıyı tamamen açarak uyumaya çalıştık. odada bıraktığımız bütün eşyalar nemden ıslandı. i̇nsanları bu koşullarda ağırlamak hoş değil. üstelik fiyatı da uygun sayılmaz. bu fiyatlara gidilebilecek başka yerler var. bunun dışında konumu güzel, işletmeci hanımefendi nazik."
portofino apart,Ümit Özdüzgün,tr,"odalar yenilenmesi, temizliğe önem verilmesi gerekiyor. perdeler odayı güvenli hissedeceğiniz biçimde kapatmıyor. oda ve çarşaf temizliği yok gibi neredeyse."
portofino apart,SEVGI EREN,tr,"akyaka merkeze yakın konumda uygun fiyatlı bir apart. otopark sorunu yok, apartman önüne aracınızı koyabilirsiniz. çalışan bayan nazik, yardımsever, sorun çözücü. odada klima, ocak, buzdolabı, tv mevcut ve yeterli. i̇nternet wifi mevcut ve mükemmel çekiyor. banyoda sıcak soğuk su mevcut, banyo gideri iyi. akyakaya gelirseniz çekinmeden kalabilirsiniz."
portofino apart,Serhat KAR,tr,"hizmet bağımlısı değilim ama yattığım odadaki deterjan kokusu geçtikten sonra rutubet ve küf kokmamasını, banyo tavanında boya olmasını bekliyorum. ayrıca odanın ışıklarının beyaz olması da güzel bir şaka oldu. burayı öven insanların nerelerde konakladığını merak ediyorum. son olarak işletmeyle alakasız olarak gece 1:30’a kadar balkonda ilginç şarkıları telefonundan bize dinletip sonra hoparlörde uzunca bir telefon görüşmesi yapan kitleye de selamlar."
portofino apart,Gözde Gökçayır,tr,bahçe katındaki odada kalmayın. odayı geniş diye seçtim fakat sonradan fark ettim oda nemli ve küflüydü. banyonun tavanında ya hiç sıva yoktu ya da nemden küften öyle görünüyordu. odamız bahçe katında temizlik odasının hemen yanındaydı. temizlik odasını da görünce çarşaflarda yatamadım. ayrıca odamızda elektrikli diş fırçamı unutmuşum. i̇şletmeyle iletişime geçtiğimde odada bulmadıklarını söylediler fakat orada unuttuğuma eminim.
portofino apart,Mary -,en,"one of the worst experiences ever. the room at pool level was dirty and mouldy. hair and dirt everywhere (especially in the bathroom), the duvet apparently unwashed. the balcony door could barely be opened and closed, there was a pipe from the air conditioning system in the bathroom that dripped litres of water every day, the fridge didn't work (only the freezer compartment), and to top it all off there was a dying cockroach in the kitchen in the morning once. absolutely not worth the money! the only two positive things: the managers were friendly and air condition worked - but that doesn't make up for the experience."
portofino apart,Mustafa A,en,"excellent place to stay and great value! receptionist was very polite and helpful. location is in a great position tucked away from the hustle and bustle of the town centre. rooms are decent size and very clean. the pool is perfect size, kid friendly and positioned well. pleasant place to stay with family, highly recommended!"
portofino apart,Tyler W,en,"nice place. really enjoyed my conversation with the owner, nail who was nice enough to take me for a ride in the sidecar of his motorcycle. super cool guy. staff was friendly and checked on us during a thunderstorm. great price and comfy beds. the pool looked nice but we didnt use it as there was a really beautiful beach nearby. (rahat beach) thank you for all your recommendations nail. all top notch places. memorable trip and stay here. we will be back soon!"
portofino apart,Stepanka Blazejova,en,"great place to stay in akyaka...beautiful sea view over the bay, nice swimming pool, friendly atmosphere, spacious rooms, hospitable and helpful staff. we will definitely come back!!"
portofino apart,Ersin Genel,en,"they tried to help me to deal with the problem they caused, but i had to cancel my reservation and found another place to stay with my family. rooms were smaller than i saw on the web."
Egehan Otel,Ecem Karatasoglu,tr,"kaldığım en iyi fiyat-performans otellerinden birisiydi. çalışanlar, otelin sahibi güler yüzlü, yemekler gayet güzel türk yemekleri, yemekteki meze çeşitleri fazla, karnımızı güzel doyurduk.. en önemlisi otel ve odalar oldukça temiz, oda içi mobilyalar-klima-televizyon vb. yeni, çok rahat ettik. sadece asansör konusunun geliştirilebileceğini düşünüyorum çünkü tek bir asansör var, sadece 3 kişi alıyor ve yavaş. çalışanlara ve otel sahiplerine işlerini severek yaptıkları için çok teşekkürler"
Egehan Otel,Esra Şamlıoğlu,tr,"otel konumu itibariyle çok güzel bi yerde. odaları çok tatlı güzel dizayn edilmiş. çok rahat ettik. otel sahibi birhan hanım, i̇lkem bey ve annesi( adını hatırlayamadım ) çok tatlı güleryüzlü insanlar burdanda onlara tekrar teşekkür etmiş olayım , kahvaltısına bayıldık kendimizi evde bahçemizde kahvaltı yapıyormuş gibi hissettirdi bize. kesinlikle gözünüz kapalı tercih edebilirsiniz"
Egehan Otel,Ethan O'Connell,tr,"kaldığım en fiyat performans oteldi. konumu iyi önünden dolmuşlar geçiyordu. online bir siteden rezervasyon yaptım ve çok uyguna geldi. havuzu yok bahçesi var. otoban manzaralı, gün boyu biraz ses olabiliyor. odalar temiz ancak bakımsızdı oradan bir puan kırdım. çocuklu ailelere uygun."
Egehan Otel,Esen Kurt,tr,"antalya yolculuğumuzun en kaliteli en güzel durağı oldu. teşekkür ederiz. odalar temiz,çalışanlar güler yüzlü, fiyat makul tam bir hayvanseverler en çok bu hoşumuza gitti. 11 aylık bebeğimizle konakladık memnun kaldık"
Egehan Otel,İsimsiz Soyisimsiz,tr,"annemle gittiğim turun seçtiği ilk oteldi, orada bir gece kaldık. otelin asansörü çok yavaştı, akşam yemekleri yumurta salatası ve pembe turşu haricinde hepsi iğrençti fakat lobisi ve koridorları şahaneydi. odalar güzeldi fakat duşkabini çok küçüktü. otelin dışı ve manzarası mükemmeldi. :)"
Egehan Otel,ariw,en,"dirty. noisy. smells, and nasty surprises"
Egehan Otel,Patrick Jolibert,en,good location just before mugla center
Egehan Otel,Muhammed Huseyin,en,not bad
Egehan Otel,Greennature Travel,en,nice hotel
Egehan Otel,Özgür Aydemir diyarbakır,en,super
Padok Premium Hotel & Stables,Joy Moon,tr,"27 ağustos ve 31 ağustosta bu güzel tesiste konaklama şansını elde ettik. resepsiyonda göksun hanım'la gitmeden önce konuştum, o kadar sesi candan, kibar ve ilgiliydi ki. çok mutlu oldum. gittiğim zaman çok güzel yemşeşil bir alanda müstakil harika villalar ağaçların içinde, atları sevenler için aynı zamanda binicilik sporunun yapılabildiği, atların da bakıldığı çok güzel bir tesis olduğunu gördüm. çok saygın, nezih, ve asil bir aile, böyle güzel bir ailede yetişen pırıl pırıl çok güzel 2 genç.. beyefendi gökhun bey kardeşim ve hanımefendi göksun hanım kardeşimde tanıştım. eğitimleri, bildikleri yabancı diller, sporcu kimlikleri, mütevazilikleri, görgülü gerçek bir türk ailesi gelenek göreneklerine göre yetişen harika evlatlar..! hiç abartmıyorum, herkese kesinlikle hayatlarında mutlaka uğramalarını ve tanışmalarını tavsiye ediyorum canı gönülden. bu zamanda böyle güzel bir aileyle tanışmak artık çok azaldı keşke böyle olmasaydı ama... işte. göksun hanımla ilk olarak tanışmamız otele gelmeden önce oldu. 2-3 hafta önce aradığımı ulaşamadığımı ilettim bir grubun geldiğini söyleyip özür diledi ve o andan itibaren hiç soluksuz öyle nefis ilgilendi ki. aradığımda iki aile olduğu için bize en güzel şekilde suit bir oda ayarladı. gittik, babam yaşlı olduğu için iki katlı olmasın dedik bu sefer yeni odalar bulmaya çalıştı, memnun etmek için hiç sıkılmadan bu kadar mı insan sevimli, güleryüzlü, hanımefendi, kibar ve sonuna kadar sevgi ve sabırla ilgilenir misafirlerle. ben hayran kaldım başta kendisine. çalışanlarından kat görevlisi türkan hanım nasıl yardımcı oldu her konuda, mesaisi bittiği saatlerde bile geldi yardımcı oldu, i̇lknur hanım ve arzu kardeşimiz de öyle. yani hepsi dört dörtlüktü. naçizane kahvaltı salonlarının daha büyük olmasını arzu ederdim ve çeşitleri biraz daha her gün farklı olacak şekilde düzenlense daha da muhteşem olur. her zaman karşılarına en az onlar kadar güzel insanlar çıkmasını diliyorum. böyle bu zamanda zor bulunan böyle her yeri muhteşem güzellikte olan ülkemize layık bu kadar kaliteli 2 evlat yetiştirdikleri aileyi anne babayı naçizane tebrik ediyor, en derin saygılarımı sunuyorum.... durmadan güzelim ülkelerini terkedip bencilce başka ülkelere sürekli yerleşen gençler yerine vatanlarını, atatürk'ümüzün kurduğu, nice şehitlerin kanlarını döktüğü bu güzelim yurdumuzu burada kalıp güzelleştirip, atamıza şehitlerimize layık vatandaşlar olmak yerine sadece kendilerini düşünen, her zaman sadece 2. ve 3. sınıf vatandaş olacakları, başka ülkeler, başka topraklar, başka kültürler için bu kadar hevesli, vefasız gençlerin ki bence atamıza asla layık değiller, ülkemize yüzyıllarca diğer bütün gelişmemiş, eğitimsiz, kalitesiz bir sürü başıboş, kimliksiz insanları alıp güzelim ülkemizin şehitlerimizin ne zorluklarla kanlarıyla kazandırdıkları topraklarımızı satanlara herkese rabbim hiçbir zaman fırsat vermesin diliyorum. napolyonun çok güzel bir deyişi varmış kendi askerini sevmeyen başka ülkenin askerini sever diye... ne kadar acı... umarım göksun hanım ve gökhun kardeşim gibi asil gençlerimiz bir mucice olur da çoğalırlar... herşey ömürleri boyuncu gönüllerince olsun inşallah...."
Padok Premium Hotel & Stables,Emre KUL,tr,"tavsiye ile bir daha rezervasyon yapmayacağımı öğreten otel oldu. odalarda lambalar çalışmıyor idi. genel anlamda konforsuz bir otel. köy içinde bulunuyor. at binmek isteyenler gidebilir hobi sahipleri ancak benim bir daha kesinlikle tercih edeceğim konaklama yeri değil. kahvaltı sınıfta kaldı, bahçesinde bir sürü tavuk gezinmesine rağmen market yumurtası yedik. personeller başarılı, iyi niyetli.. asansör bozuktu ve valizleri merdivenle yukarı çikardik. yoldan karnımız aç geldik, yemek işimizi yemek sepetinden halletmek zorunda kaldık. sen olsan kaç puan verirdin bu otele?"
Padok Premium Hotel & Stables,Muharrem Okumuş,tr,"eylül ayında 2 gece kaldık. sezon sonu olması kaynaklı olduğunu düşündüğüm boşluk. kapanmayan balkon kapısı ve çalışmayan kettıl sadece bu olsa neyse, sabah 6 da aç bırakılan atların çıkardığı gürültü ile uyanma alarm kurmadan güne başlamanıza yardımcı oluyor. sakin fiyat performans oteli. i̇lk gün ile çıkış günü kahvaltı farklılığı da düşündürücü."
Padok Premium Hotel & Stables,Ersan Çeliker,tr,i̇ş için geldiğimizde plansız şekilde burada ekibimle konaklamak durumunda kaldik.. odalar çok temiz ve kesinlikle güzel. çalışanlar ve sahipleri çok özel ve ilgili insanlar. i̇stemeden ufak bir sıkıntı yasattim o kadar anlayislilar ki... ben oyle bir durumun icinde kalsam muhtemelen konaklayan misafire tepkim cok daha sert olurdu. (odayla ilisik ekibimin yasattigi bir sıkıntı soz konusu olmasina ragmen cok anlayislilar) gercekten guzel insanlar... saçma sapan fiyatları olmayan sessiz ve güzel bir yer. hayvanlarla aranız iyi değilse isminde stables yazan bir yere gitmeyin bir zahmet. kopek ve kedi vardı giriste sevgi için ölüyorlar o kadar tatlilar ki anlatamam... bir daha beni kabul ederler mi bilmem ama her sey icin tesekkurler..
Padok Premium Hotel & Stables,Murat Yaz,tr,"öncelikle köpek korkusu veya fobisi olanlar kesinlikle gitmesin. bizim cocuklarin vardi daha otele girerken tedirgin oldular lobide 3 tane köpek sizi karsiliyor sordugunuz da bişey yapmaz deniliyor. aksam aracima giderken lobide bekliyorlardi kapidan çikmadan köpeklerin bisey yapip yapmayacağini sordum bişey olmaz gidin denildi, kapidan ciktim 10 adim attim köpekler arkamdan çikti, ve bi anda koşmaya başladi, saldirdi bende korku ile arabanin kaputuna çiktim sonuç kaput göçtü sonra sesleri duyunca resepsiyondakiler geldi bisey yapmaz bisey yapmaz lafla anca e dedim saldirdi siz de geldiniz sesi duyunca ya o iste oyle yapiyor e benim arabam ne olucak cevap yok boyle rezillik olmaz arabada hasar oluştu, korktuğumuz yanimiza kaldi. kesinlikle tavsiye etmiyorum özellikle cocuklu aileleri dikkat edin bizim gibi tatiliniz zehir olmasin"
Padok Premium Hotel & Stables,Petar Popovic,en,"we arrived during the day after a long drive, had a marvelous afternoon, visited stables with wonderful horses, enjoyed coffee at the sunset, swim, literally everything seemed that we’ll enjoyed our short stay and get some good rest after a long drive. at 11pm someone entered our room, and didn’t open the door just because i screamed from the bed to wait for a minute. it was a repairman who was repairing a broken door lock. strange surprise but after half hour we forgot about it. then nightmare started. full construction crew started renovations at midnight with all loud tools possible, i mean bedtables were moving. guys from the reception just disappeared for few hours and since repair crew don’t understand english (or they are pretending that they don’t understand word “stop”) we had to get out and sleep take a nap in a bench until they finished at 2am! never had similar experience. place is really wonderful, but our stay was quite a nightmare."
Padok Premium Hotel & Stables,Mohamed Elsayed,en,one of the best places i've ever went to in my life. the staff is very friendly and helpful. the room was greatly organized and the bathroom was great with a very good water pressure. totally a woth it experience.
Padok Premium Hotel & Stables,John Mitchell,en,"first class stables. immaculate housekeeping and beautiful horses. everything a stables should be and more. polite, attentive staff. a real sanctuary."
Padok Premium Hotel & Stables,Mustafa Zafer Sunu,en,"excellent place surrounded by a pine forest, also has a very quality equestrian club. thank you"
Padok Premium Hotel & Stables,mustafa zafer sunu,en,an excellent hotel and an equestrian club surrounded by a forest sich is very near the bay of gökova
ÇALCALAR OTEL,Merve Uluğ,tr,"odalar harika ve tertemiz. akyakaya zaten çok çok yakın. arabanız varsa akyakadaki pis butikler yerine tertemiz bu otelde kalın. arabayla 6-7 dk içinde akyakadan otele varmış oluyorsunuz zaten. personeller o kadar ilgili ve güleryüzlü ki.. özellikle sesimden hasta olduğumu anlayan melda hanım, hemen sıcak bir karışım yaparak masamıza kadar getirdi.kendisine buradan da teşekkür ederim.sadece melda hanım için bile tercih edeceğiniz bir yer. yolum muğla’ya düştükçe kalacağım yer belli."
ÇALCALAR OTEL,Turgut Küçük,tr,"akyaka civarında konaklama yeri ararken bulduk ve 2 gece konaklama yaptık. biz aile odasında kaldık, 4 kişi için biraz dar olduğunu söyleyebilirim. temizliği, çalışanların güler yüzü ve isteklere çok hızlı cevap vermeleri gerçekten çok güzeldi. konumu itibari ile olsa gerek hava çok temiz ve çok rahat uyunuyor. akyakaya 10 dk mesafede. kahvaltı dahildi ve kahvaltısı da gayet güzeldi. başarılı, temiz ve iyi çalışanlara sahip bir işletme diye özetleyebilirim."
ÇALCALAR OTEL,Ahzibi,tr,"çok güzel tertemiz bi odamız vardı yemekleri de bi o kadar harikaydı. tek sorun balkonun yanında ki restoran bacası, hem ses rahatsız edici hemde balkondan yemek kokuları içeri siniyor ne yazık ki. 216 numaralı oda da kaldık."
ÇALCALAR OTEL,Mehmet Can Çayır,tr,"ailecek bir gece 1+1 aile odasında konaklama yaptık. otel o kadar güzel, temiz ve yeni ki anlatılmaz. her şey ışıl ışıl parlıyor. dekorasyon oldukça iyi. herhangi bir kusur göremedik bile. odalar tertemiz. çalışanlar ayrıca bir teşekkürü hakediyor. i̇lgili, güleryüzlü ve oldukça kibar çalışanlara sahip bir otel. konumu çok iyi anayol üzerinde. hemen karşısında akaryakıt istasyonu mevcut. ayrıca otele ait restorant, cafeterya, market gibi hizmet alanları da gece 12 ye kadar hizmet veriyor. akşam yemeğini otelde yedik fiyatlar gayet normal ve ürünler cidden lezzetli. balkonları da gayet güzel. biz ailecek aşırı memnun kaldık ve tavsiye ederiz :)"
ÇALCALAR OTEL,FAHRETTİN ÇORAK,tr,"otel, fethiye,datca ve marmaris yol ayrimindan yaklasik 300 metre ileride yol uzerinde bulunmaktadir. otelin altinda bir supermarkette aradiginiz herseyi bulabileceginiz bir marketi ve yaninda bal satisi yapan bal marketi var. biz aile odasinda kaldik, odalar genis, ferah ve tertemizdi, minibar var ve su birakilmis ayrica cay kahve setup'i vardi. yeteri kadar dolap ve aski mevcuttu banyoda sabun dus jeli ve sac kremi ve odalarda terlik mevcut. kahvaltisi lezzetli ve yeterli, sunulan urunler gercekten kaliteli ve sabah kahvaltisinda bize servis veren hanimefendi guleryuzlu ve profesyonel bir hanimdi. aksam yemeklerinde de ayrica burayi sectik cunku mutfak ekibi gercekten iyi is cikartiyor, hem lezzetli hem de sunumu guzel urunler var ve fiyatlar cok pahali degil. her aksam yemeginde gunun menusu cikartiliyor. biz 4 gece burada konaklayip buradan gunubirlik marmaris, akyaka, bozburun ve datca ya gittik. datca 2 saat kadar suruyor. onunde genis bir otoparki var. eksileri: balkon kapisinda sineklik yok, banyo havlulari icin yeterli askilik yok, otel girisindeki tekerlekli sandalye veya tekerlekli valiz cikartmak icin kullanilan rampanin hemen onune masa koyulmus ve yer sikintisi olmamasina ragmen bu masa niye koyulmus anlamadim. banyoya kulak pamugu koyulabir."
ÇALCALAR OTEL,Liane E. Fujita-Ahmed,en,"we didn't stay at the hotel, although i wish we could have, but rather, we ate at the çalcalar restaurant. we stumbled upon this restaurant by chance, because we were actually looking for a place with a playground for our 2.5 year old antsy toddler. we saw that they had a playground so we immediately made a u-turn and made our way there. then, when we arrived, we noticed that there was a restaurant open as well. so, as our 2.5 year old went wild at the playground, we sat down and placed our food order. we didn't know what to expect because this restaurant was located far away from any major city and we were the only people there. but, i have to say, we were the luckiest people because this restaurant was magnificent!!! the food was delicious! the portion sizes were very generous! the staff were so kind and friendly, and it is surrounded by beautiful green mountains. if you are driving this way, please stop by and enjoy a delicious and enjoyable meal at this restaurant. you will not regret it. çok teşekkürler, çalcalar restaurant!"
ÇALCALAR OTEL,Angelina ___,en,"very pleasant and friendly staff, wonderful and clean apartments. honey should be mentioned separately, it's soo delicious"
ÇALCALAR OTEL,Pekka Rantanen,en,"now known as çalcalar hotel. new, clean, friendly service. two shops connected to the hotel, one selling honey and local products, the other one groceries. a restaurant and a cafe downstairs. you need a car to get here."
ÇALCALAR OTEL,Archer,en,"clean and spacious room. the shower has good water pressure. some of the rooms share a balcony so you cannot leave your door open. good breakfast and ok restaurant. prices are a lot more reasonable than other accommodations/restaurants in the area. there is a mini fridge, but no safe. would i stay here again? yes"
ÇALCALAR OTEL,Zhan Ince,en,"wonderful restaurant! even if it's 10pm, the restaurant was open and the food was delicious. kids also enjoyed. everything was freshly prepared. the new building and very clean. the deserts were also chef's welcome gesture! wonderful place to stay and enjoy. the staff are very friendly and helpful. highly recommend to everyone!"
Meltem Hanım Konağı butik otel ve Restoran,gur can,tr,fethiye’ye giderken durak olarak sectigimiz otel aklımızdan çıkmadı. konaktan çevrilmiş içerisi çok hoş eski tarihi ve kokusu da çok hoş olan bir konak. kaldığımız odada çok rahat bir uyku çektik. ula küçük bir yer meydanda çok güzel bir restoranda öğle yemeği yedik çok da uygundu. akşam yemeğinde ciğer ve yoğurtlamayı burada yedik otel yemeğide çok hoştu. akyaka‘ya arabayla kısa sürede geçebiliyorsunuz. bir daha yolum düşerse gitmek isteyebileceğim bir yer çünkü o kadar otelde kaldık; burası gibi hiçbirinin tarihi dokusu içimize işlememişti.
Meltem Hanım Konağı butik otel ve Restoran,Sedat Can Durgut,tr,"tarihi, meşhur ula mimarisi bir evden çevrilmiş mükemmel restore edilmiş bir butik otel. odaları mükemmel dizayn edilmiş. ayrıca güleryüzlü mükemmel bir hizmet anlayışı var. mutfağı çok güzel ve lezzetli. otel sahibi mehmet beye ilgisinden dolayı çok teşekkür ederiz."
Meltem Hanım Konağı butik otel ve Restoran,Berfin Yaman,tr,"banyosu küçüktü. duşa kabin kırık ve duş başlığı bozuktu. odaların dekorasyonu çok hoş fakat tuvalet ve banyo çok küçük ve bakımsız. kahvaltısı fena değil. otelin restoranı akşamları otelde kalanlar dışında müşterilere açık, bu nedenle gece vakti restoran gürültüsü odalara geliyor. bu koşullara göre pahalı bir otel."
Meltem Hanım Konağı butik otel ve Restoran,Ömer Karakuş,tr,"18.08.2024 tarihinde iki ayrı aile olarak konakladık. oldukça temiz, yatak ekipmanları, sıcak su, klima ve kahvaltı güzeldi. otantik bir havaya sahip, gönül rahatlığıyla konaklanabilir."
Meltem Hanım Konağı butik otel ve Restoran,Seda Akkaya,tr,"aksam yemeği için geldiğimiz mezelerine ozellikede yoğurtlamasina bayıldığımiz mutfağına fiyatlarına guleryüzlu personeline özellikede atmosferine bayıldıgimiz mekanın başarılarının devamını diliyoruz emeğinize sağlık .bu çevrede böyle mekan bu fiyatlar süpersiniz,"
Meltem Hanım Konağı butik otel ve Restoran,Kim Hausmann,en,authentic delicious turkish food. the owner does only speak little english but is very accomodating. we loved the meze and the köfte. they even got us baklava from down the street. the rooms are super cute and cozy. we loved our stay here and definitely recommend staying and eating here
Meltem Hanım Konağı butik otel ve Restoran,I_HKY,en,loved the vibes of the place and the village the owner doesn’t speak english but he’s very helpful and trying to help in every way he could help. the room was good and clean the mattress was so comfy but the toilet is a bit tight
Meltem Hanım Konağı butik otel ve Restoran,Тимур Шипилов,en,"large servings, delicious and prices are good. very beautiful place)"
Meltem Hanım Konağı butik otel ve Restoran,Gül Demirtaş,en,süperrrrrrrrr
Meltem Hanım Konağı butik otel ve Restoran,Masked Tarot,en,stunning. beautiful decor. lovely.
Mercan Apart Akyaka,AU,tr,"oda mobilyaları fiyata göre biraz eskiydi. sahile yakın diyorlar ama çok uzak, o sıcakta gidip gelmek işkence ve yol tenha, korku yaratıyor. ayrıca barı akşam hiç açık değil."
Mercan Apart Akyaka,Sercan Türkmenel,tr,"mercan apartta menekşe odalarından birisini verdiler. gerçekten çok güzel bir odaydı. hatta oda denmez 1+0 daire şeklindeydi. oda gayet temiz verildi. bahçesinde pembe pembe cicekler vardı. oda içerisinde koltuk, büyük buz dolabı, mutfak vardı. yani çok rahat edilebilecek bir yer diye düşünüyorum. tek sıkıntı gece klima sularının damlama sesi geliyordu. unutmadan ikinci sıkıntı da kaldığımız apartta internet çok az çekiyordu. ama genel olarak telefon hatlarınında interneti az çekiyor. kahvaltı veya yemek yok. siz kendiniz gitmeden istediğiniz gibi alışveriş yapabilirsiniz. yan apartta kalan kişiler mangal yaktılar o kadar rahatlar yani. sonuç olarak gönül rahatlığı ile gidilip kalınacak bir yer. çalışan kişilerde gayet iyi güzel davranan insanlardı."
Mercan Apart Akyaka,Burcu Aybike Gürbüz,tr,"ben astım hastası bir eczacıyım. her yıl muğla’da gidiş ve dönüşlerde akyaka’da mutlaka konaklarız. bu yıl dönüşte konaklamak için agoda’dan bir otel seçmiştim - mercan apart akyaka. otelin “papatya” adlı odasına girdiğimde ağır bir koku karşıladı. öncelikle sigara olduğunu düşündüm ancak daha sonra banyo ve odada tavanlarda küf olduğunu farkettim. bu koşullarda bırakın bir astım hastasının, sağlıklı bir insanın bile kalmasına imkan yok. otelden çıkış yaparken iptal etmelerini rica ettim; ancak otel sahibi seher hanım odanın durumunu “sağlıksız/ odada kalınamaz” bulmadığını belirtti. fotoğrafları ekliyorum, siz de bakarsınız. otelin oda fiyatı 2600 try, haliyle yüksek bir beklentiyle gelmedik; ancak sağlığımı tehdit eden bir odada konaklamam mümkün değil ve bu otelin kusuru - faturası bana kesilmemeli diye düşünüyorum. malesef müsait başka odaları da yokmuş. otel sahibi otelinin odasının kusurlu olmadığını, benim sağlığımı tehdit etmesine rağmen o odada kalmıyor oluşumu ve iptalini istememizi “adaletsiz” buldu. en azından başkalarının sağlığını tehlikeye atmamaları adına denetim rica ettik, sonucunu bekliyoruz. çünkü malesef otel sahibi otelde “iç hastalıkları uzmanı” reklamı yapmasına rağmen küf nedir, aspergillus nedir, astım nedir henüz onlardan bile habersiz. *agoda’da tüm sorumluluğu otele bırakıyor, oradan da rezervasyon yaptırmamanızı öneririz."
Mercan Apart Akyaka,Sinem Şen,tr,odaların temizliği yeterli değildi. dolap rafları toz içindeydi mecburen silip öyle eşyalarımızı yerleştirmek zorunda kaldık. sildiğimiz mendil siyah olmuştu… oda ışıklandırması çok yetersizdi. konumu bizce güzeldi sessiz ve sakindi. arabayı park etme konusunda sıkıntı yaşamadık. i̇lave askı ve havlu talebimizi hızlıca karşıladılar.
Mercan Apart Akyaka,Sueda Bingöl,tr,"2 gecelik bir tatil için konakladık. odalar temizdi. memnun kalmadığımız hiçbir şey olmadı. konumu da gayet güzel, çarşının biraz dışında ama her yere yürüme mesafesinde. tekrar akyaka'ya gelirsek konaklama için başka yer aramam. çok teşekkür ederiz."
Mercan Apart Akyaka,Kiarash Ghasemlou,en,"very kind host, very clean with very good price."
Mercan Apart Akyaka,Vivien Godlington,en,such a fantastic host and a lovely home
Mercan Apart Akyaka,Doğan Dilek,en,gut
Mercan Apart Akyaka,AU,en,"room furniture was a little old compared to the price. they say it's close to the beach, but it's far away, going back and forth in that heat is torture and the road is lonely, creating fear. also, the bar is not open at all in the evening."
Mercan Apart Akyaka,Sercan Türkmenel,en,"they gave me one of the menekşe rooms at mercan apart. it was a really nice room. in fact, it was not even called a room, it was in the form of a 1+0 flat. the room was given very clean. there were pink flowers in his garden. there was an armchair, a large refrigerator and a kitchen in the room. so, i think it is a very comfortable place. the only problem was the dripping sound of air conditioning water at night. before i forget, the second problem was that the internet connection in the apartment we stayed in was very low. but in general, the internet connection on phone lines is low. no breakfast or meal. you can shop as you wish without going there yourself. the people staying in the apartment next door had a barbecue, so they were so comfortable. as a result, it is a place to go and stay with peace of mind. the employees were very well behaved people."
Nehir Apart Otel,hatice kara,tr,konumu güzel akyaka merkezde azmakın kıyısında . onun dışında hizmet yok. arabayı çekecek yer yok çünkü kalabalık otelin yeri de yok. oda kahvaltı tuttuk odalarda bir tane bardak tabak bile yoktu. 3 gece 4 gün kaldık odamız hiç temizlenmedi. kahvaltı olarak her gün aynı tabağı verdiler . çocuklar yeter artık her gün aynı yemek mi olur dediler . konumu iyi yerde sadece diğer hizmetler yoktu.
Nehir Apart Otel,Tufan,tr,akyaka’da azmak nehri’nin kenarında güzel butik bir nehir otel var. aile işletmesi. çok temiz odaları güleryüzlü çalışanları var. tam bir fiyat performans oteli. oda +kahvaltı hizmeti veriyor. kahvaltı çoğu açık büfe kahvaltıdan iyi yeterli ve lezzetli. burada en küçük bir problem yaşamadık. otopark akyaka’da genel bir problem. onu ayrı tutuyorum. i̇yi tatiller diliyorum geleceklere.
Nehir Apart Otel,Elif,tr,"konumu merkezi, çalışanları güler yüzlü, çok memnun kaldığımız işletme. özellikle de mis kokulu çarşaflarımızda uykuya dalmak, odalarımızın ve banyolarımızın mis gibi olması temizlik konusunda bizi çok mutlu etti."
Nehir Apart Otel,Suzan Bilen,tr,26-29 ağustos arası balayı oteli olarak konakladık. temiz bir otel. i̇lgililer. konum olarak kafeler ve barlara yürüme mesafesinde. biz çok kalabalık içinde olalım istemedik. nehrin hemen dibinde olması çok güzeldi. genel olarak memnun kaldım. kahvaltı içinde olarak tercih ettik biz. gayet yeterli idi. teşekkür ediyorum kendilerine.
Nehir Apart Otel,Ebru TAN,tr,güzel yorum yapanları okudukça hayretler içinde kaldım.odalar sivrisinekten geçilmiyor güler yüz desen 0. kahvaltımız var dedi peynir zeytin getirdi eklemek istediğiniz bir şey olursa ücretli dedi. gitmeyin gitmek isteyenleri de göndermeyin…
Nehir Apart Otel,Mary Brown,en,supper
Nehir Apart Otel,hatice kara,en,"the location is beautiful, in the center of akyaka, on the banks of the river. other than that, there is no service. there is no place to park the car because there is no space in the crowded hotel. we stayed in a bed and breakfast and there wasn't even a glass or plate in the room. we stayed for 3 nights and 4 days and our room was never cleaned. they gave the same plate for breakfast every day. the kids said enough is enough, can we have the same meal every day? the location is good, there were just no other services."
Nehir Apart Otel,Tufan,en,"there is a beautiful boutique nehir hotel on the edge of the azmak river in akyaka. family business. it has very clean rooms and friendly staff. a perfect price performance hotel. it provides room + breakfast service. the breakfast is adequate and delicious, better than most buffet breakfasts. we did not experience the slightest problem here. parking is a general problem in akyaka. i keep it separate. i wish a happy holiday to those who will come."
Nehir Apart Otel,Elif,en,"the location is central, the staff is friendly, we are very satisfied with the establishment. especially falling asleep on our fragrant sheets and the cleanliness of our rooms and bathrooms made us very happy."
Nehir Apart Otel,Suzan Bilen,en,we stayed at the honeymoon hotel between 26-29 august. it's a clean hotel. they are relevant. the location is within walking distance to cafes and bars. we didn't want to be in too many crowds. it was so nice to be right at the bottom of the river. overall i was satisfied. we preferred it for breakfast. it was quite sufficient. i thank them.
Verde Suites Akyaka,Özge Tunç,tr,"çok güzel bir deneyimdi. dublex evde konaklama yaptık. aşağıya doğru dublex 3 yatak odası vardı konaklama yaptığımız evde. mutfak ve 3 banyo tuvalet vardı. tüm ihtiyaçlarınızı karşılayacak bir personel çok yardımcı oldu her konuda. ev tertemizdi, havuzu da gayet güzel ve yeterliydi. merkeze 3.5 km kadar ama araç ile gitmek çok daha kolay. herşey için teşekkür ederiz. harika bir deneyimdi."
Verde Suites Akyaka,Burçin Erol,tr,fotoğraflarda çok detay görmediğimiz için 6 kişi bu evi kiraladık. ters dubleks olduğu için alt katlar oldukça rutubetli ve havasızdı. büyük olan odanın banyosunu kullanamadık her yer su oldu. çünkü gider ters tarafa konulmuş eğim terste kaldığı için su banyonun dışına taştı ve asla o su gitmedi. bunu söylememize rağmen sezonun bitmesini beklediklerini söylediler. ama biz 3 gün boyunca o banyoyu kullanamadık. rutubetten koridor duvarları küf olmuştu. evde yatak olmasına rağmen 6 kişi salonda rahat oturamadık. giriş kapısında sineklik yoktu bu sebeple kapıyı hep kapatmamız gerekti. genel olarak ev hiç konforlu değildi. umarım bu sorunları çözerler. mutlaka teyit ediniz.
Verde Suites Akyaka,Tuğba Doğan,tr,olumlu yönler: evin konumu merkezden uzak olmasi sebebiyle guzeldi. kalabaliktan ve gurultuden uzaklasmis oluyorsunuz. merkeze de ayrica arabayla 4-5dk yakinliktaydi. havuzu temizdi. ev de temizdi. evle ilgili her sorunda hemen destek alabildik. çok ilgililerdi. olumsuz yönler: asla verdiğimiz parayı hak etmediğini düşünüyorum. dublex ya da tek kat daireleri bilemem ama ters dublexler cidden triplex bir villadan bozma 2 ayrı daire gidibiydi. alt kat komple rutubet ve inanilmaz soğuktu. astımı olan arkadaşımız çok zorlandı. zaten duvarlardan ve eve girdiğinizde kokudan anlayabiliyorsunuz. i̇nternet çok kötüydü. elektrikli ocak şalteri attırdı. alt kattaki ebeveyn banyosunun gideri yanlış yere yapıldığı için banyo sular altında kaldı. duvarlar çok ince oldugu için diger dairelerdeki tüm sesleri duyduk. çamaşır makinası ile ilgili bilmemiz gereken bir detayi bize aktarmamislardi.
Verde Suites Akyaka,Çağıl Şahin,tr,"temiz ve güzel dizayn edilmiş bir otel. kahvaltı yok ama mutfakta her araç gereç var. aileler için dubleks daireler oldukça konforlu. havuz ve manzara çok güzel, aynı şekilde konumda hemen akyakanın girişinde o vıcık vıcık kalabalıktan uzakta güzel bir yerde. tam yazlık havası var bence, üstelik bu otele bu fiyat şahane çok teşekkürler"
Verde Suites Akyaka,erhan taşpınar,tr,"konum olarak yukarda hakim bir tepede yer alıyor. odalar ve olanaklar çok iyi. tertipli,düzenli ve çok temiz bir tesis.ev hissiyatını fazlasıyla yaşatan bir atmosferi var. gönül rahatlığı ile gelip günlerce konaklama yapılabilir. tüm çalışanlara ve tesis sahiplerine teşekkür ederiz"
Verde Suites Akyaka,Reza Fatemy,en,"akyaka seems like a beautiful and peaceful place, ideal for relaxation. we stayed for two nights and found the room service to be excellent and the room to be very clean."
Verde Suites Akyaka,Ceren YILDIRIM,en,we stayed at verde suites for 3 nights and really enjoyed it. rooms are clean and cozy only thing is roof top rooms wouldn't be comfortable for tall people other than that everything was perfectly fine pool was nice and clean views were incredible from every angle either mountains or sea. location was good and quiet. highly recommend it
Verde Suites Akyaka,Neda Salehi,en,this place is like dream coming through! view is stunning! we stayed at apt delux2 apartment is modern and very clean exactly like pictures. i would definitely come back and i would recommend it to everyone
Verde Suites Akyaka,Matt Suppelsa,en,"really excellent place, beautiful modern and spacious rooms and the pool area is also great. would definitely recommend"
Verde Suites Akyaka,Viktor Brezitskiy,en,"reality fully corresponding to expectation, photos and previous reviews. strongly recommend this place"
Petek Hotel,ijlal aydeniz,tr,"eski bir otel,merkezi konumu güzel , her yere yakın.fiyat uygun .rahat ettiğimiz için kalmayı tercih ettiğimiz otelde son kaldığımızda resepsiyon görevlisinin kaba davranışı yüzünden çok rahatsız olduk. yanımızda bir konuğumuzla eşyaları yerleştirip çıkacaktık. açıklama yapmış olmamıza rağmen iki-üç dakika arayla kapıyı iki kez hızlıca çalarak misafirimizin odayı terketmesi istendi.böyle bir davranışla hiçbir yerde karşılaşmamıştım.köklü bir otele hiç yakışmadı."
Petek Hotel,Nazokat Nazokat89,tr,sadece kilima biraz eski.ama normal yani.idare edilir.oda temiz.bayo falan özelikle yapılmış. hijyen. iyi aile içinde çok uygun.biz kaldık odada 2kisilik ve 1kisilik ayrı yatak vardı.kahvaltide normal .çeşitleri biza az sıcak lar falan.ama önemli olan tereyağı ve reçel vardı.))
Petek Hotel,Gezgin Gezen,tr,"merkeze yürüyerek 5 dakika. çevrede her türlü ihtiyacınız için mağazalar mevcut. otopark bulunuyor, sıkıntı değil. odalar eskimiş. kahvaltı vasatın da vasatı. omlet ve göz yumurta yapmıyorlar. kaşar peynir bile yok. merkezi konum sebebiyle tercih edilebilir. çevresi sessiz. tekrar gelsem tercihim olmaz."
Petek Hotel,Mustafa Keskin,tr,geç saatte acil bir durum için yer ihtiyacımız oldu. personel tüm ihtiyaçlarımızı karşıladı. konum olarak ulaşımı kolay ancak park yeri sıkıntılı. özel park yeri olup olmadığını bilemiyorum. acil durumum olduğu için caddeye parketmem gerekti.
Petek Hotel,aydın özyıldız,tr,"i̇lgi alaka, hizmet çok iyi. kahvaltı da emsallere göre başarılı bence. tam bir fiyat/performans oteli."
Petek Hotel,Zeynepgül Atsız,en,"very very rude staff. i tried to make a reservation for the night and the staff told me in a very condescending way that ""i should have made a reservation during the day"". well, if i could, i would. i told them that there was an emergency and didn't plan on staying in mugla but in the end, i had to so i couldn't do a reservation beforehand. but they insisted that i should have booked a room during the day. so i just got lectured by a hotel staff. thank you very much!"
Petek Hotel,David Beiner,en,the lady at the reception was unfriendly and a bit rude. i had to wait for 30 minutes for her help and she almost scolded me for asking her help again. i lost an hour and will not recommend this hotel ever to all my regularly coming international friends.
Petek Hotel,Asad Ullah,en,"it is one of best hotel i'd stayed. rooms are cozy and clean, service is good most of all the staff and people there are nice."
Petek Hotel,Jules and Rob Frape (Walking Terra Firma),en,warm. roomy. fantastic breakfast spread.
Petek Hotel,Arıkan Sırakaya,en,average clean hotel. no more no less
Alp Suites Pinehill,Ozlem ILICA,tr,"akyaka sahiline en uzak noktada, arabasız denize gidemezsiniz. ama kıyıdan serin ve sinek-böcek az. odalar dublex , temiz,geniş ve ferah. salondaki l koltuk ta kullanılırsa 5 kişi rahatlıkla konaklayabilir. apart gibi ,mutfakta gereken eşyalar var. çamaşır ve bulaşık makineleri var. ancak kahvaltı- yemek yok. otelse neden kahvaltı yok, apart ise bu fiyatlar nedir? gecelik konaklama 2 kişi 3500₺ nakit! ödedik. 2024 eylül sonu. not: kasım ayı: tekrar geldik. yine odalar tertemiz, düzenli, muntazam, zevkli döşenmiş, yeni. tekrar geleceğim. burası akyaka daki evimiz oldu. teşekkürler yusuf bey."
Alp Suites Pinehill,Büşra Dcg,tr,odalar çok temiz ve düzenli ihtiyacınız olabilecek her şey var kahve fincanından tutun da bulaşık deterjanına kadar çamaşır bulaşık makinesi de var konum olarak en arka tarafta kalıyor yerini bulurken biraz zorlandık ancak uç kısımda olması bizim için daha verimli oldu park alanı açısından gece domuzlar iniyor biraz o bizi korkuttu ama zararsızlar kapı girişinde otomat içecek kutusu var onun dışında yiyecek içecek oraya ait değil biz denize giderken yolda kahvaltı yapıp gittik akşam yemeğini de yine çarşı da yedik bahçe de havuz mevcut oda içinde giderlerden kaynaklı olsa gerek koku oluyor ara ara konakladığımız oda zeminde çift kişilik üst katta iki tek kişilik yataklı iki ayrı banyo mevcut balkonlu ve balkon ambiyansı ayrı bir güzeldi teşekkürlerimi sunuyorum keyif aldık
Alp Suites Pinehill,Gokhan Ozsoy,tr,3+1 odada kaldık . odalar ters dubleks ama 2 oda yarı bodrum katta 1 oda ve mutfak zemin kattaydı . bu durum odaları serin yapıyor ama uzun süreli kalımlarda sıkıcı olabilri. biz açıkcası bu durumu gidince gördük ve sorun yaşamadık. bunlar dıışında eşyalar vs herşey fotoğraflardaki gibi. odalar temiz otopark aorunu yok ama merkeze biraz uzak olduğu için arabasız sahile inemiyorsunuz bu biraz problem yaratıyor. genel olarwk memnun kaldık
Alp Suites Pinehill,Gözde Sucu,tr,"tesadüfen internet üzerinden bulduğumuz bir konaklama yeriydi. gitmeye karar verdiğinizde konum yollanarak hemen yardımcı olundu. hafta sonu eşim ve oğlumla 507 numaralı odada konakladık ve çok memnun ayrıldık. odalar fotoğraftaki gibi eşyalar çok modern ve güzel yataklar çok rahattı. klima kullanmadık hava çok güzeldi bu sebeple klima hakkında yorum yapamayacağım ama genel durumdan anladığımız kadarıyla klimadan da memnun kalacaktık. havuzu küçük ama keyifliydi. biz çok keyif aldık ve tekrar gitmeyi düşünüyoruz. çevremize de gönül rahatligiyla öneriyoruz. sessiz sakin bir tatil isteyenler, temizliğe ve rahatlığa önem verenler kesinlikle burayı tercih etmeli."
Alp Suites Pinehill,Fatih Aytek,tr,"kaldığımız daire ters dubleks idi.i̇ki aile kaldık. 3 aile de rahatlıkla kalabilir çünkü 3 tane yatak odası 2 tane banyosu var. ev temiz, eşyalar yeni sayılır ve sıkıntısız. ufak bi sıkıntıda hemen isteğimizi yerine getirdiler. ormana sıfır havası çok güzel, nemsiz ve geceleri serin. çok memnun kaldık. tek eksiği manzarası yok, o da çok dert değildi bizim için."
Alp Suites Pinehill,Louise Garrett,en,"lovely apart hotel. short walk to the middle of the village but longer walk down the bars and sea side. great rooms, clean and tidy with helpful staff and onside parking. excellent double glazing but bring ear plugs for the morning cockrale who may have a date with the cooking pot"
Alp Suites Pinehill,Phantom Of Cydonia,en,"although the size and design of the rooms were very good, the staff behavior and lack of catering products were a complete disappointment. it was also bad that some of the rooms were in the basement. despite these negativities, it was enjoyable to stay here."
Alp Suites Pinehill,susan lee blunschi,en,"alp suites pinehill was a perfect, quiet, relaxing spot for our holiday. we unexpectedly had to extend our stay and the manager yunus could not have been more helpful! yunus was extremely helpful with our many requests and was always available to help with a smile. the rooms were very comfortable and the kitchenettes had all we needed."
Alp Suites Pinehill,Марк Астапенко,en,"the hotel was great. we get different rooms. all of them were great. in bite kitchen cafe very delicious cheesecakes. yunus helped us a lot of times, like clean the room. we get a wonderful time. mark, daniel, tatiana and eduard."
Alp Suites Pinehill,Natalie Figanblat,en,"i stayed at tiny house in alp suites for few weeks. the view is amazing, the staff is good with good service, they helped me with everything i needed. great vacation in an amazing place with fantastic people, i recommend it with all my heart and i am sure i will be back again!"
Teras Tepe Apart,ümit Samimi,tr,"otelin manzarası çok güzel fakat işletmesi gerçekten kötü eğer bir haftadan az kalıyorsanız, aradaki günler size temiz havlu verilmiyor ve odanız temizlenmiyor. telefonla arayarak öğrenebilirsiniz yazın musluklardan deniz suyu akıyor, dişinizi fırçalayamazsınız. duş aldığınızda da yıkanmamış olacaksanız. bunu da telefonla arayarak teyit edebilirsiniz eğer çocukla gidiyorsanız, tehlikeli. çünkü bir yere bağlı olmayan, ağızlıksız, yasaklı ırkta köpekler var işletme bahçesinde bu ve benzeri sorunları işletmeciye iletip, geri bildirmek isterseniz de mahalle ağzıyla karşılık alırsınız, özellikle işletmeci olan kısa boylu kadın tarafından -- i̇şletmeye cevap; fark ettiyseniz ""hayır iki gece konaklıyorsanız, odanızı ikinci gün için temizleriz ve size temiz havlu veriririz"" dememiş yanıtında ""hayır musluktan tuzlu su akmıyor"" da dememiş. dişinizi fırçalamak için işletmeden fahiş fiyata su almanız gerekiyor. i̇sterseniz arayın, sorun. burada buna cevap vermeyecekler, bu çok belli. eski yorumlarda başkaları da dile getirmiş zaten ""köpek"" yok ya da ""köpek işletme mevzuatına uygun şekilde bağlı ve kimseye saldırmadı"" da dememiş.bunun yerine yalan söylemeyi tercih etmiş. doğrusu ne köpek 2 aylık ne de orada sadece 1 köpek var. hiçbir otel işletmecisi köpeklerinin yaşından bağımsız olarak, otel bahçesinde başı boş köpek bırakamaz. arkadaşlar, bize yaşattıkları için özür dileyeceklerine size karşı manipülasyon yapıyorlar. sonra gelip burada yorum yazarak, cevap vermekle uğraşırsınız"
Teras Tepe Apart,Zeynep Akdağ,tr,eşimle kısa bir konaklama yaptığımız halde çok memnun kaldık. çok tatlı bir aile işletmesi. doğayla iç içe harika bir deniz manzarasıyla ruhunuzu dinlendiriyorsunuz. çalışanları çok güleryüzlü ve çok tatlılar. tek kötü yanı otele yaklaştığınızda stabilize bir yol var ve çıkarken zorlanıyorsunuz ama otel sahipleri yol yapılacağını söyledi. sakin ve dinlendirici bir tatil istiyorsanız düşünmeden gelebilirsiniz
Teras Tepe Apart,Hüseyin Ercan,tr,kurban bayramında akyaka merkeze alternatif olarak tercih ettiğimiz bu apart şirin bir aile işletmesi olup lokasyon olarak akyaka merkeze araçla yaklaşık 20-25 dklık kıvrımlı tek gidiş bir yola sahip otele yaklaştığınızda anayoldan orman yoluna taşlık yaklaşık 300 metrelik bir yola giriyorsunuz eğer aracınız araziye uygun değilse canınız sıkılabilir fakat bu durumun işletme ile bir alakası olmadığını öğrendik. otelin özelliklerine gelecek olursak; -samimi bir aile işletmesi olup her konuda yardımcı olmaya hazırlar -odaların büyüklüğü ve mutfak içeriği nispeten yeterli -balkon manzarası güzel -çeşme suyu tuzlu aktığı için yanınıza içme suyu almanızı öneririm -wi-fi yok -kahvaltı köy kahvaltısı şeklinde olup yeterince lezzetli ve doyurucuydu. tavsiye edilir
Teras Tepe Apart,merve öner,tr,"balayı için geldik huzurlu ormanla iç içe bi yer. deniz manzarasıyla birlikte kahvaltı çok keyifli. gelince nilüfer ablanın köfte ekmeği yemeden dönmeyin aşırı lezzetli. i̇şletmeciler dürüst, samimi, misafirperverliklerine bayıldık. konumu yüksekte toprak yol var o biraz zorlayıcı. temizlik ve hijyen olarak ortalamada ."
Teras Tepe Apart,Osman Erdem Ekinci,tr,"i̇şletmenin yönetimi son derece kötü. temizlik konusunda büyük eksikler var; odalar yeterince temizlenmiyor ve musluklardan tuzlu su akıyor. denizden çıktıktan sonra tuzlu suyla duş almak zorunda kalıyorsunuz. arazi aracı olmayanların bu otele ulaşması neredeyse imkânsız çünkü yol dik ve toprak. ayrıca, otel içerisinde serbestçe dolaşan köpekler mevcut. i̇şletmecilere şikayet ettiğinizde ise saygısızca cevaplarla karşılaşıyorsunuz, örneğin 'köpeği bağlamaları gerektiğini’ söyledim. bana'köpeği keseyim mi?' diye yanıt verdiler."
Teras Tepe Apart,Önder Eryüz,en,"road to the place is unpaved and poor, if you want to visit car service after your stay, this is your place to stay. dining table in the terrace was full of dirt and uncleaned. there was also a handful of dust on top of the refrigerator. you may see the photos of the view from the main patio but when you see they are hanging their washed clothes (socks, underwear, pants, etc.) there for drying you will understand the level of professionalism of the “so called” hotel."
Teras Tepe Apart,ümit Samimi,en,"the view of the hotel is very nice but the management is really bad if you stay for less than a week, you are not given clean towels and your room is not cleaned on the days in between. you can find out by calling in summer, sea water flows from the taps, you cannot brush your teeth. if you will not be washed when you take a shower. you can also confirm this by calling us. if you are going with children, it is dangerous. because there are dogs of banned breeds that are not tied to any place, without muzzles, in the business yard. if you want to report these and similar problems to the manager and give feedback, you will receive a response from the neighborhood, especially from the short woman who is the manager. -- response to business; if you noticed, he did not say ""no, if you are staying for two nights, we will clean your room for the second day and give you clean towels"" in his response. he did not say, ""no, salt water does not flow from the tap."" to brush your teeth, you have to buy water from the business at an exorbitant price. call and ask if you want. they won't answer that here, that's obvious. others have already mentioned it in old comments. he did not say ""there is no dog"" or ""the dog was kept in accordance with business regulations and did not attack anyone."" instead, he chose to lie. to be honest, the dog is not 2 months old and there is only 1 dog there. no hotel operator can leave stray dogs in the hotel garden, regardless of the age of the dog. friends, instead of apologizing for what they put us through, they are manipulating you. then you come and comment here and try to respond."
Teras Tepe Apart,Zeynep Akdağ,en,"even though we had a short stay with my wife, we were very pleased. a very sweet family business. you can rest your soul with a wonderful sea view, surrounded by nature. the staff are very friendly and very sweet. the only bad thing is that there is a stabilized road when you approach the hotel and you have difficulty getting out, but the hotel owners said that the road will be built. if you want a quiet and relaxing holiday, you can come without thinking."
Teras Tepe Apart,Hüseyin Ercan,en,"this apartment, which we chose as an alternative to the center of akyaka during the eid al-adha, is a cute family business. the location is about a 20-25 minute drive from the center of akyaka. it has a winding one-way road. when you approach the hotel, you enter a stony road of about 300 meters from the main road to the forest road. if your vehicle is not suitable for the terrain, you may get bored. but we learned that this situation has nothing to do with the business. as for the features of the hotel; -it is a friendly family business and they are ready to help in every way. -the size of the rooms and the kitchen content are relatively sufficient -balcony view is nice -since the tap water is salty, i recommend you take drinking water with you. -no wi-fi -the breakfast was a village breakfast and was delicious and satisfying enough. it is recommended"
Teras Tepe Apart,merve öner,en,"we came for our honeymoon, it's a peaceful place surrounded by the forest. breakfast is very enjoyable with the sea view. don't leave without eating nilüfer sister's meatball bread, it is extremely delicious. the operators are honest and sincere, we loved their hospitality. the location is at a high altitude and there is a dirt road, which is a bit challenging. it is average in terms of cleanliness and hygiene."
APART 48,esra evdan (Faydalı yorumcu),tr,"3 gece konakladık. mutfak eşyaları tava vs. aşırı eski ve yağ katmanları oluşmuş artık, çöpe atarsınız o derece. oda da tahta kurdu vs.vardı sanırım heryerimiz şişti kaşıntı oldu. oradan ayrıldık geçti kaşıntılar. hijyen 0, oda 0, konumda araba ile kurtarıyo. biraz özen gösterilmeli."
APART 48,Hatice Kılıç,tr,"2 gece konakladık ihtiyacımız olan her şey vardı, temizdi. sadece eşyaları eski biraz, banyosuna bakım gerekli ve halı yoktu. konum, denize uzaklık açısından biraz geride kalıyor ama arabayla sorun olmuyor. gayet güzeldi tavsiye ederim."
APART 48,Hüsamettin Yardım,tr,çok kibar ve misafirperver karşılandık yeri merkeze biraz ters bir noktada ama ulaşım arabanız varsa zor değil odanın manzarası güzel ama odalar biraz yorulmuş bakıma ihtiyaç duyuyorlar çarşaf ve kılıflar temiz odalar daha iyi olabilirdi fiyat performans 5/4
APART 48,Musa ANBAR,tr,akyakayı tepeden gören gürültü ve sinek şikayeti yaşatmayan ev konforunda temiz ferah bir apart.
APART 48,BİR İSİ,tr,manzara ve apart sahibi dışında diğer şeyler kötüydü mutfakta sadece 1 tava 1 tencere vardı temizlik çok kötü ve heryer dökülüyor du
APART 48,h.kudret ekmekçi,en,super
APART 48,esra evdan (Faydalı yorumcu),en,"we stayed for 3 nights. kitchen utensils, pans etc. it's too old and has layers of oil on it, so you can throw it away. i think there were woodworms etc. in the room and we were all swollen and itchy. we left there and the itching went away. hygiene 0, room 0, rescue by car. some care must be taken."
APART 48,Hatice Kılıç,en,"we stayed for 2 nights, it had everything we needed, it was clean. only the furnishings were a bit old, the bathroom needed maintenance and there was no carpet. the location is a little behind in terms of distance to the sea, but there is no problem with a car. it was very nice, i recommend it."
APART 48,Hüsamettin Yardım,en,"we were greeted very politely and hospitably. the place is a little opposite the center, but if you have a car, transportation is not difficult. the view from the room is nice, but the rooms are a bit tired and need maintenance. the sheets and covers are clean. the rooms could be better. price performance 5/4"
APART 48,Musa ANBAR,en,"a clean and spacious apartment with the comfort of home, overlooking akyaka, without any noise or fly complaints."
Santo Akyaka Home,Duygu Akpinar,tr,"bugüne kadar gördüğüm en en kötü konaklama yeri. 1 puan bile fazla. temizliğinden şüphe edip kendi evimden getirdiğim havlumu serip uyudum. mikrop kaparım korkusu ile havuzuna girmedim.klima çok kötü. havalandırma yok rutubet kokuyor. mini şampuan, saç kremi, kurutma makinesi geç duş için sıcak su akmadi. korkunç bir yer. duşakabin bile yok.tek gece sadece yatmak için kullandık o yüzden başta önemsemedik lakin keşke arabada uyusaymisiz boşuna para vermezdik daha rahat uyurduk"
Santo Akyaka Home,Elif,tr,"2 gece kalacaktik ancak apartı görünce 1 gece kaldık... banyosu çok sıkıntılı, duşa kabin yok, rutubetli,havasız ve bu hali ile maalesef 30 sene önceki anneannemin evindeki banyoyu anımsattı. kisacasi memnun kalmadık. ancak şunu da belirteyim biz en son katta teras katında kaldık. orası böyleydi. belki diğer odaları farklıdır... tek iyi olan yani ilgilenen hanımefendi asil biriydi. biz aparttan çıkarken gidene kadar yolcu etti. güler yüzle uğurladı. kendisine teşekkür ediyorum. öyle bir hanimefendiye çok daha iyi işletmeler yakışır..."
Santo Akyaka Home,Ece Selvi,tr,"i̇lk yorumları okuduğumda çok korkarak gittim ancak hiçbir sorun yaşamadan keyifli bir şekilde tatil yaptık. ne istediğinize bağlı bir yer fiyat performans istiyorsanız çok uygun ve temiz bir yer. küçük bir havuzu var, ayrıca çatı katında konakladık manzarası harikaydı. kliması sorunsuz çalışıyordu en önemlisi yaz sıcağında buydu bizce. sakin bir ortamı vardı. güzeldi her şey için teşekkür ederiz."
Santo Akyaka Home,Neslihan Kirman,tr,yalnızca bir gece konakladık ama hiç konforlu değildi. oda rutubet kokuyordu camı açsak sineklik yırtıktı açamadık odayı teslim aldığımızda içeride bir kaç tane sinek de vardı zaten. nevresimler dışında odanın temizliğinden de memnun değildik. konum olarak çok güzel sadece onun dışında memnun kalmadık.
Santo Akyaka Home,YKAB B.,tr,"çok amatörce isletilen, otel müşterilerini zan altinda birakacak tavir ve davranislar sergileyen,sanki bedava konakliyormus gibi bir de tavir içerisinde olan calisanlar tarafindan yonetiliyor. odalari cok bakimsiz ve kullanilan esyalar cok eski. oda bildiginiz rutubetli. evcil hayvan dostu oldugunu soyleyen ancak hayvani tek başına odada birakmamaniz ve yazin sicaginda yaninizda suruklemeniz gerektigini belirtiyorlar. guzel olan tarafi akyakada olmasi ve mukemmel bir manzaraya sahip olmasi."
Santo Akyaka Home,Altın Savaş,en,clean and elegant
Santo Akyaka Home,Duygu Akpinar,en,"the worst accommodation i have ever seen. even 1 point is too much. i doubted its cleanliness and laid down the towel i brought from my own home and went to sleep. i didn't go into the pool for fear of catching germs. the air conditioning is very bad. there is no ventilation and it smells damp. mini shampoo, conditioner, dryer did not provide hot water for a late shower. it's a terrible place. it doesn't even have a shower cabin. we only used it for one night to sleep, so we didn't care at first, but i wish we had slept in the car, we wouldn't have spent money for nothing, we would have slept more comfortably."
Santo Akyaka Home,Elif,en,"we were going to stay for 2 nights, but when we saw the apartment, we stayed for 1 night... the bathroom was very difficult, there was no shower cabin, it was damp, stuffy and unfortunately it reminded me of the bathroom in my grandmother's house 30 years ago. in short, we were not satisfied. however, let me also point out that we stayed on the terrace floor, on the last floor. that's how it was. maybe other rooms are different... the only good thing, the lady who took care of me, was a noble person. he saw us off until we left the apartment. he bid farewell with a smile. i thank him. much better businesses would suit such a lady..."
Santo Akyaka Home,Ece Selvi,en,"when i read the first comments, i was very scared, but we had an enjoyable holiday without any problems. it depends on what you want, if you want price and performance, it's a very affordable and clean place. it has a small pool, we also stayed on the rooftop and the view was great. the air conditioner was working smoothly, which was the most important thing in the summer heat, in our opinion. it had a calm environment. it was nice, thank you for everything."
Santo Akyaka Home,Neslihan Kirman,en,"we only stayed one night, but it was not comfortable at all. the room smelled damp. if we opened the window, the fly screen was torn and we could not open it. when we received the room, there were already a few flies inside. apart from the linens, we were not satisfied with the cleanliness of the room. the location is very nice, but apart from that we were not satisfied."
Mevsim Apart,ahmet yüce,tr,akyadaki aileler için güzel bir apart. gürültü değil sessizlik hakim. ula evleri konseptinde yapılmış bir apart. limon ve mandalin ağaçları içindeki apartın içinde tüplü ocaktan tava bardağa çamaşır makinasına tüm ev gereçleri var. aile için gayet uygun ve keyifli. yakındaki zincir marketlerden uygun fiyatlı alışveriş imkanı var. lokantalarda yenebilecek en uygun şeyler pizza dürüm ve yoğurtlu karışık kızartma. keçi sütlü dondurması sarıyer börekçisi ve kokoreç güzel. çarşamba günleri kurulan halk pazarı mutlaka ziyaret edilmeli. plaja 100 mt ve azmak nehrine 300 mt yürüyüş mesafesinde. sabahtan kalabalık olmadan öğlene kadar plajı ve akşamları azmak nehrini tavsiye ederim. öğleden sonra plaj biraz kalabalıklaşıyor. plaj 200 mtde boy veriyor ve taş olmayan kum plaj. mavi bayraklı plajda duş vs imkanı var. belediye şemsiye 2şezlong 20 tl alıyor. i̇sterseniz kuma oturun. plaj çocuklar için çok uygun. azmak tur teknesi ve gökova tekne turları keyifli. sabah gün doğarken orman tarafında yürüyüş imkanı var. mevsim otel apart sahipleri murat ve mehmet beylere teşekkürler.
Mevsim Apart,Sedat Avcı,tr,"çok güzel bir apart,denize 300 m ,o yüzden her yere yürüyerek gidiyoruz,azmak tekne turu dibimizde,balık tutmak dahil"
Mevsim Apart,BİRAZ BİLGİ,tr,çok güzel bi apart 300m deniz her yere yürüyebiliyosunuz ben gittim sizde deneyin
Mevsim Apart,ahmet yüce,en,"a nice apartment for families in akya. there is silence, not noise. an apartment built in the concept of ula houses. the apartment, surrounded by lemon and tangerine trees, has all household appliances, from a tube stove to pans and glasses to a washing machine. it is very suitable and enjoyable for the family. there are affordable shopping opportunities from nearby chain markets. the best things to eat in restaurants are pizza wraps and mixed fries with yoghurt. goat milk ice cream, sarıyer börekçisi and kokorec are delicious. the public market held on wednesdays should definitely be visited. 100 meters from the beach and 300 meters from the azmak river. i recommend the beach from morning until noon without being crowded and the azmak river in the evening. the beach gets a little crowded in the afternoon. the beach is at 200 meters and it is a sandy beach without stones. there are shower facilities etc. at the blue flag beach. the municipality charges 20 tl for umbrellas and 2 sun loungers. sit on the sand if you want. the beach is very suitable for children. azmak tour boat and gökova boat tours are enjoyable. it is possible to walk around the forest at sunrise in the morning. thanks to mevsim hotel apartment owners murat and mehmet."
Mevsim Apart,Sedat Avcı,en,"it's a very nice apartment, 300 meters from the sea, so we walk everywhere, the river boat tour is right next to us, including fishing."
Mevsim Apart,BİRAZ BİLGİ,en,"it's a very nice apartment, 300 meters from the sea, you can walk everywhere, i went there, you should try it too."
Balèze Boutique Hotel,Elif Torun Arı,tr,otele 3 sene eşimle evlenmeden önce yeni açıldığı yıl gitmiştik. odalar ferah modern dizaynli vee nespresso kahve makinesi bulunuyordu. emre bey cok ilgili ve misafirperver agirlamisti bizi. havuz basi cok sakin ve huzurluydu. havuz basina servis edilen yemek ve icecekler lezzetliydi. dag manzarasi esliginde sabah kahvaltilarini hic unutamiyorum…ayrica sef her sabah taze ekmekler servis ederdi ilk kez feslegenli pancarli degisik tarifli ekmekler deneyimlemistim hatta cok begendigimi soyleyince sef geceden ekmekleri buzluga koyup ayrilacagimiz zaman bize evimize goturmek icin vermistii bu nazik dusuncesi karsisinda mest olmustukkk. bu sene de ailece gitmek geldi icimizden ve heyecanla aradim oteli amaaa kucuk cocugumuzu ( 3 kglik yorkshire terrier kopegimizi ) ortak alanlarda arabasindan cikarmacagiz demize ragmen kabul edemeyeceklerini soyledi emre bey… oysaki hatirladigim kadariyla otelde kediler ve kopek vardi.. zaten oyle bi ortamda ben de kopegimi sorumsuzca otelin icinde serbest gezdirmezdim. bu durum beni cok uzdu boylesine guzel hatirladigimiz otelin evcil hayvan kabul etmemesine uzgun ve saskiniz… belki bu yorumu dikkate alip ‘do not accept’ the pets konseptini bian once degisirler..
Balèze Boutique Hotel,Levent Yavuz,tr,"baleze otel benim 2. adresim gibi oldu. öyle keyifli ki her hafta bir günümü orada geçiriyorum. odaların konforu, yatakların yastıkların bir otel odasının çok üstündeki rahatlığı, kahvaltının muhteşemliği; sevgili yusuf müdür başta olmak üzere misafirlerini memnun etmek için ellerinden gelen herşeyi yapan tüm ekip anlatmakla bitmez. kendilerine çok teşekkür ederiz biz ekipçe ve ailece sık sık sizlerleyiz ve herkese tavsiye ediyoruz.."
Balèze Boutique Hotel,Deniz UNAL,tr,"geçtiğimiz hafta, eşimle birlikte unutulmaz bir tatil deneyimi yaşadığımız baleze hotel’de konakladık. otelin sunduğu hizmetler ve misafirperverlik gerçekten etkileyiciydi. daha otele adım attığımız ilk andan itibaren personelin güleryüzlü karşılaması ve ilgisi bizi çok mutlu etti. otelin odaları son derece konforlu ve modern bir şekilde dizayn edilmişti. temizlik konusundaki titizlikleri ise takdire şayandı. özellikle yatakların rahatlığı ve odaların ferahlığı sayesinde evimizde gibi hissettik. her sabah kahvaltıda taze ve çeşitli yiyecekler sunuluyor olmasının yanında, ürünlerin özenle hazırlanması ve lezzetli olması tatilimizi daha da unutulmaz kıldı. otelin sunduğu olanaklar da mükemmeldi. havuz alanı oldukça geniş ve temizdi, ayrıca azmak nehri’ne ve sahile olan yakınlığı sayesinde keyfini doyasıya çıkardık. tüm bu harika hizmetlerin yanısıra, otelin konumu da oldukça avantajlıydı. merkeze ve turistik yerlere kolayca ulaşabilmemiz, tatilimizi daha da eğlenceli hale getirdi. özetle, baleze hotel bizim için sadece bir konaklama yeri değil; aynı zamanda rahatlık, lezzet ve huzur dolu bir tatil cenneti oldu. bu muhteşem tatil deneyimi herkesin yaşamasını kesinlikle tavsiye ederiz. yelda hanım, yusuf bey ve tüm çalışanlara nezaket ve ilgilerinden dolayı teşekkür eder, başarılarının devamını dileriz. selamlar, sevgiler…"
Balèze Boutique Hotel,Gökhan Kulay,tr,"balayı tatilimizde 2. otelimiz olarak tercih edip gittik. yusuf bey ile iletişime geçtik ve sağolsun bize çok yardımcı oldu. resepsiyonda duran yusuf bey ve yunus bey çok nazik, kibar ve ilgili insanlar. kendilerine burdan da ne kadar teşekkür etsem azdır. otele gelince otelin temizliği, odaların dizaynı, odaların şartları, çalışanların güleryüzü ve ilgisi, vb. her şey beklediğimizden çok daha iyiydi. akyaka’da yapılabilecek tekne turu, restoran ve kafelere yürüyüş mesafesinde olması da otelin artısı. havuzu temiz ve çevresi düzenli. sabah kahvaltılarında serpme kahvaltısı var ve ürünler lezzetli. akşam yemeği yemediğimiz için o konuda yorum yapamıyorum. akyaka’ya gidildiğinde gönül rahatlığıyla tercih edebileceğiniz bir butik otel olduğunu düşünüyorum.."
Balèze Boutique Hotel,Demet Kınık,tr,"merhaba, akyakaya ilk defa gittim ve balezee butik otele girdigim andan itibaren nokta atışı yaptıgımı hissettim.gerek konum, karşılama, otelin kalitesi , kahvaltısı, en önemlisi temizligi mükemmeldi. azmak nehrine 50 adım , merkeze yürüme mesafesinde hiç araç kullanmadık bahçe katı odalar çocuklu aileler için ideal otel girişinde gülergüzüyle karşılayıp bilgilendiren otel sorumlusu yusuf beye çok teşekkür ederim. akyakaya ve balezee butik otel seneye görüşmek üzere"
Balèze Boutique Hotel,Oli Frape,en,"my wife and i have just returned from our first ever visit to akyaka and our first stay at balèze boutique hotel. everything about our stay was excellent. the hotel is really clean, tidy and modern. the setting is beautiful and the views of the surrounding mountains and tall trees were fantastic and made it feel very peaceful. the breakfast each day was great, as were the staff, and alongside some days exploring the local area we also happily spent several of our days relaxing quietly by the pool. the hotel is a short walk from local restaurants and bars on the riverside and the beach so we didn’t need to travel anywhere other than on foot. highly recommended"
Balèze Boutique Hotel,Serhat Sermen,en,"super clean and friendly hotel with great location! only negative feedback is the same breakfast everyday tired of trying the same cold gözleme every morning. also please try to add more meat options like sucuk, sosis, salam in the plan. but overall 9/10"
Balèze Boutique Hotel,ajw 921,en,"as a last minute booking we could not have asked for better. from the moment we walked through the door we were greeted with pleasant, helpful and professional staff, room was excellently designed and super comfy. would highly recommend."
Balèze Boutique Hotel,Cem Haybat,en,best hotel in akyaka without any doubt! amazing rooms. the pool is salt water system. you can enjoy delicious cocktails by the pool (frida and again are highly recommended cocktails). we stayed one week and we enjoyed every day of it and highly recommend it.
Balèze Boutique Hotel,Christine Uebelhoer,en,"one of the best hotels we have ever stayed in turkey. excellent service, super friendly staff with smile on the face, fantastic rooms with lovely interieurs, amazing breakfast buffet and outstanding hospitality. i would recommend anyone to stay at this place. we had a garden room with almost direct access to the pool. 10 mins to walk to the beach side. will definitely come again, thank you very much."
Orkide Apart Hotel,fatih şen,tr,"i̇brahim abi sağolsun gayet ilgili beyefendi bir insan, akyakada tatil için en güzel oteldir. fiyat performans otelidir çok tatlıdır. akyakanın doğasına uygun atmosfere sahiptir. diğer otellere boş yere fazla para vermeye gerek yok. gene geleceğiz"
Orkide Apart Hotel,fizik fizik fizik,tr,sahile biraz uzak olsa bile işletmeci i̇brahim bey çok ilgili ve yardım odaklı. odalarda klima mevcut ve özellikle mutfak işe tüp olması yemek masraflarını azaltıyor malum ülke şartlarında. marketlere yakın konumda bir mekan
Orkide Apart Hotel,nazif akman,tr,akyakanın giriş tarafından temiz ve güzel bir yer. ibrahim beyin ilgi ve alakası için teşekkür ederiz. odalar temiz ve rahattı gönül rahatlığıyla tercih edilebilir
Orkide Apart Hotel,Meltem Apaydın,tr,ağustos 2024 de ailece (2yetişkin 2 çocuk olarak)bir gece konakladık.odada çift kişilik yatak dışında banyo mini buzdolabı mutfak açılır kanape bulunuyor.odaların dekorasyonu eski ama temiz .konumu güzel merkezde.biz çok memnun kaldık.özellikle işletme sahibi i̇brahim abinin samimiyeti sohbeti yardımseverliği takdire şayan çok teşekkür ederiz
Orkide Apart Hotel,askurtcan,tr,eski bir konak tarzı apart. bir çok şey eskiyi hatırlatıyor. i̇brahim bey cana yakın ve samimi karşılaşmasıyla bizi mutlu etti. teşekkürler.
Orkide Apart Hotel,avigail lew,en,"very recommended, we stayed for a few nights and them came back for another week. the apartments are really comfortable, with everything we needed, and the atmosphere is really cozy.. the people of the hotel are the most kind and peaceful! we felt really comfortable!"
Orkide Apart Hotel,Jacob Kogan,en,"totally solid, clean and comfortable hotel, and very affordable compared to others in the area. air conditioning worked very well, as did the water heater in the shower, and the refrigerator kept my water bottles super cold. comfy bed, nice little balcony, very clean accommodation all around"
Orkide Apart Hotel,Mert Akça,en,"i gave two stars for the working air conditioner. the room is overall too small, furnitures are super old and shower is inside the toilet."
Orkide Apart Hotel,levi Rocks,en,"hello ibrahim, you are a funny and nice guy. we had a good stay in your hotel. thank you for your hospitality! ~ola and levi"
Orkide Apart Hotel,Chris Monck,en,stayed for 1night everything you need is within 250 metres.for the price its fantastic value for money will be booking again next time i visit akyaka.
Ayka Otel,ih hakan,tr,"kahvaltısı ve temizliği güzel. çalışanlar güleryüzlü. konumu da güzel. şikayet edeceğim nokta şu olabilir ; öne bakan balkonlu odalar doldu diye sürekli bir alt kat odaları verme eğilimi var. biraz ısrarla birde ""ilk geceden sonra başka yere bakalım o zaman"" mesajıyla havuza bakan balkonlu oda boşalmış oldu(iptal edildi, tekrar planlandı tarzı bir şey söylendi) ve tatil süresince hiç alt katta kalmadık. o tavır pek hoşuma gitmedi. onun dışında dediğim gibi genel olarak güzeldi."
Ayka Otel,sefa aslan,tr,"misafirperver, müşteri dostu harika işletmecileri olan, tertemiz otel. kahvaltıları çok leziz, konum olarak denize 5 dakika yürümede. azmak nehrine uzak olması ilaçlamayla baş edilmez dönemlerde sivri sineklerden korunmanızı sağlıyor. i̇şletmecisi esra hanım hem güleryüzü hem yardımseverliğiyle tatilimizi güzelleştirdi."
Ayka Otel,meltem yurtbekcisi,tr,oteli akyaka ya giderken yolda bulduk tesadüfen aradık yer olduğunu söylediler vardığımizda odayı görmek istedik son oda kalmış alt katta bu kadarını beklemiyordum ama odaya girince çok beğendik hemen tuttuk. öncelikle beyaz sabun kokusu her yer tertemiz. kahvaltısı süper lezzetli. kendi otoparki bulunması akyaka için harika bir durum. sahile çok yakın. biz çok beğendik teşekkür ederiz ve herkese tavsiye ederiz.
Ayka Otel,Meltem Güner,tr,"mis gibi bir doğada çiçekler içinde tertemiz bir otel, odamız son derece konforluydu. nefis bir açık büfe kahvaltısı var. misafirleri ismiyle hatırlayan, güleryüzlü hizmet veren esra hanım ve tüm personele çok teşekkür ederiz. bundan sonra da akyaka için ilk tercihimiz burası olacak."
Ayka Otel,Alper Karakaya,tr,"4 günlük konaklamamız boyunca en ufak bir olumsuzluk ile karşılaşmadık. otelin konumu denize 2-3 dk yürüme mesafesinde ve yeşillikler arasında. ayrıca oda çok temizdi, çalışanlar güler yüzlü ve yardimseverdi. yolumuz tekrar akyaka'ya düşerse ayka hotel'i hiç düşünmeden tekrar tercih ederiz."
Ayka Otel,Selin İçgören Kıran,en,it was a beautiful place. we stayed just one night but we wish we could stay more. rooms are very clean and gorgeous view. breakfast was buffet and delicious. hotel staff are very nice and kind. see next year ayka..
Ayka Otel,monica anderson,en,"lovely little hotel, room fine but looked out onto a wall but only there one night, would have asked for a change if longer, room spotless and air conditioning, fridge and kettle included. pool small but lovely.location is fab, a couple of minutes from the beach and its a lovely beach. the only thing i was disappointed about was breakfast, we were told it was from 8-10, we went out for breakfast at 8.15 and there was only 3 things available, it took till 8.50 till everything was laid out, dont know if they just had a bad morning that day."
Ayka Otel,Monica Mader,en,"very small rooms, with noise transfer between them. bedding is turkish style- only a light top blanket. but the location made up for it! out of the hustle and en route to nice footpaths to swimming holes, very nice staff."
Ayka Otel,chris barrow,en,we will definitely back. the breakfast is to die for! lovely little family run hotel. when we went in april the pool was not filled but i can imagine that when it is the pool and it's garden would be lovely. an easy walk in to town.
Ayka Otel,Ali R. AKIN,en,"ayka hotel is a hidden gem in akyaka! friendly staff, clean rooms, delicious breakfast, and perfect location near the beach and restaurants. highly recommend!"
Kerme Ottoman Palace,Abdullah Taşdemir,tr,"i̇ş seyahatim sonrası bu otelde 2 günlük konaklama fırsatım oldu, genel deneyimlerimden bahsedecek olursak, otel azmak nehri’nin sıfır konumunda yer almakta. otele ilk giriş yaptığımda gece vakitleri olması sebebiyle lobide çalışan personele çay içebileceğim bir yer sormuştum, kendisi bana otelin böyle bir hizmeti olmadığını fakat size özel çay demleyebileceğini söyledi ve buradan bir müşteri memnuniyeti aldı. otelin konsepti güzel fakat kahvaltı ve oda temizliği’nin biraz daha üzerinde durulması gerektiği kanaatindeyim. otel çalışanları ilgili ve alakalıydı kendilerine teşekkür ediyorum."
Kerme Ottoman Palace,Seda Mert Saz,tr,30 ağustos-1eylül arası konaklama fırsatı bulduk. otele yoğunluk ve akyakaya yoğunluk oldukça fazlaydı. oteldeki personel eksikliği yoğunlukta ekstra dikkat çekti. otele giriş yaptığımızda odanız temizlik kokuyor olabilir diye giriş yaptık ancak odaya girdiğimizde nem kokusu bizi karşılamıştı. klozete sadece hususi temizlenmiş kağıdı konulmuştu.içerisi hem pisti hemde kıllar vardı. banyo temizlenmemişti. sadece havlu değiştirilmişti. günlük 6000 lira verdiğimiz bi otelden bu temizliği görmek bizi mutlu etmedi. buzdolabının buzluğu kırıktı dolabı her açtığımızda ekstra uğraşıyoduk. ertesi gün sabah 10’da denize giderken oda temizliği istesiğimizi belirttik. akşam 17 de odaya geldiğimizde odamız temizlenmemişti. i̇lk olarak önceliği çıkış yapılan odalara tanıdıklarını söylediler ancak odadan çıkış saati 12. sorunları söylemek için karşımızda yetkili birisini bulamadık. otoparkı var deniliyor ancak sözde otele ait olan otoparka günübirlik gelenler park ediyor kendi müşterileri park yerini kullanamıyor. kahvaltısı güzel ve zengindi. konumu güzeldi. gecelik daha uygun fiyata daha güzel yerlerde kalınabilir.
Kerme Ottoman Palace,Semra Demir,tr,"i̇lk kez bir otelde bu kadar tiksinerek (mecburen) uyudum otel berbat temizlik yok odaya girdiğinizde sizi; duvarda öldürülmüş sivrisinek izleri değiştirilmemiş lekeli çarşaflar, banyodaki gider tıkalı her yer küf(duş almak isterseniz ayak bileklerinize kadar su oluyor) sifon kırık , sineklikler yırtık , avizelereki örümcek ağları ve tozlarıda görünce tam olarak nereye geldim böyle diyorsunuz. asla ama asla tercih sebebi olamaz bi daha benim için. bu güne kadar bir çok otel ve pansiyonda kaldım bu kadar pis olanını hiç görmedim. ayrıca havuzda temizlenmiyor sanırım içinde sayısız yabancı cisim var. tek cümle ile özetlersek; paranla rezil olmak istemiyorsan tercih edilmez. hijyen sıfır"
Kerme Ottoman Palace,Zeki D.,tr,otel tam bir fiyasko. resepsiyondaki yasin kardeşime 10 üzerinden 10 veriyorum inanılmaz bir yaklaşım ve konuşmaya sahip bu otele fazla bile.. giriş yaptığımda rezervasyon biriminin bana en son kalan odayı ayirdigi söylendi yerleştim ama oda değil zaten kapı kulpundan belli içeride telefon bile yok küçücük bir oda neyse rahatsız oldum yasin kardeşim farklı odaya aldı ama oranında banyosu akıyormuş tamam sorun değil dedim yardımcı oldu sonuçta. sabah kahvaltı için 07:30 da indiğimde kahvaltının 08:00 de başlayacağı söylendi. is seyahatinde olduğumdan erkenden yapmam lazım. neyse bekledik birkaç misafir 08:10 geçe girdik hala yükleniyordu kahvaltılar sonra beyfendinin biri çıkıp 08:30 da başlıyor kahvaltı siz böyle bekleyince biz rahatsız oluyoruz dedi. bizde bize 08:00 denildi desekte umursamayıp rahatsızlığını dile getirip gitti. orta yaşlarda bir adamdı ve yaptığı cok terbiyesizceydi. genel anlamda rezildi diyebilirim. gecelik 4 binin üstünde bir ödeme yapıldı ama 2 bin tl i bile hak etmiyor
Kerme Ottoman Palace,Serpil Mutlu Kırlı,tr,"temizliğe önem veren bu oteli tercih etmesin! şimdiye kadar kaldığım otellerden en pis olanıydı. en rahatsız edici olanı banyonun pis, küflü ve havasız olması. eski olması başka pis ve bakımsız olması çok başka bir konu. 3 günlük rezervasyonumuzu 2. günde tamamlayıp otelden çıktık. açıkçası hayal kırıklığı ve zaman kaybı oldu bizim için. oteldeki personel sayı olarak çok yetersiz. her işe koşmaktan yorulmuşlar belli ki. resepsiyondaki arkadaşı bazen elinde tamir aleti bir yeri tamir ederken bazen tabakları taşırken görebilirsiniz. temizlik personeli yerleri süpürdüğü süpürgeyle masa üzerindeki kırıntıları da süpürebiliyor, buna iki günde iki kez şahit oldum. otel konum olarak akyaka’nın güzel bir yerinde. her yere yürüme mesafesi diyebilirim."
Kerme Ottoman Palace,M A,en,"akyaka was packed during the weekend but the hotel was calm. the staff is welcoming and helpful, the sleep quality is good. a little bit old and you recognise that but it is clean and the breakfast was good. a good spot for a day or two getaway, in a perfectly situated hotel"
Kerme Ottoman Palace,No Name,en,i ate a margherita pizza in this place but there wasn’t tomato or basil. they served to me just pastry as a pizza. i will not prefer to eat in this place again.
Kerme Ottoman Palace,salih karagoz,en,"nice & detailed decoration based on ottoman style. everyday you may notice a new beautiful details from ceilings to chairs in the lobby, that is great for history lovers. - great location by river & beach - quite enough to sleep well - nice beds - friendly people - very nice pool with mountain view, loved it. - great breakfast recommendations: - please fix restrooms, they don’t fit into such a nice hotel, disgusting :( same for bathrooms. - do some maintenance overall, ottoman means it should look like ottoman style, but not necessarily old & used. - serve dinner would love to go back despite the downsides."
Kerme Ottoman Palace,tugba balci,en,"we reserved 3 rooms and paid the deposit. due to forest fires, we cancelled the reservation and request the deposit back. the hotel staff said we don't have reservation and then we did not make the payment. we are still chasing our money :/ stay in somewhere else and save yourself !!! depozito ödedik ama hala geri almaya çalışıyoruz. sakın sakın kendinize yazık etmeyin gidin kamp kurun kafanız rahat eder."
Kerme Ottoman Palace,Idetek UK LTD,en,"it is obviously that the time passed for this hotel. while the hotel getting older there has not been necessary maintenance to keep it in good condition. all staffs are like a robot. forget ""smilling face"" there is even no eye contact or saying ""hi"" / ""good morning"". cleaning is very low you can find cigaret disposal in your flower basket at the balcony. breakfast is quite poor comparing to the price. lighting in the room is awful. thanks to restaurant along to azmak river despite of their costs saved our time in akkaya. ergin"
Alp Suites Lavanta,Kerem Köylüer,tr,otel her şeyi ile güzeldi sahile pek yürümeniz gerekmiyor odalar ve kaldığımız yer çok rahattı. 4 puan olmasının nedeni benim odamdaki klimanın çalışmakta güçlük çekmesi ve su akıtması bir de çıkış saatinin 11 olduğunu bilmediğimiz için geç kalmıştık bizim hızlı çıkmamız için müşterinin geldiği söylendi ama çıkış saatini bakmamızı istediği yerde giriş saati de yazıyordu bilmem farkında mı ama giriş saati 11 değil 14 te yapılıyor.
Alp Suites Lavanta,Aleyna Güner,tr,"üç kız arkadaş konakladık. birden fazla alp suites var, lavanta'da resepsiyon yok o yüzden aramanız gerekiyor girmeden ama hiç bekletmeden geldiler. gayet temizdi ve rahat ettik. bir şey ihtiyacımız olduğunda da çok rahat ulaştık ve hemen ilgilendiler. bir kişi salonda koltukta yattı fakat rahat olduğunu söyledi. i̇htiyacımız olan şeyler vardı. biraz yokuş var merkezden dönüşte ama rahatlıkla yürüdük biz her yere. bir tek çamaşır teli değişebilir birazcık pas yapmış dışarıda kalmaktan doğal olarak ama idare ettik biz öyle."
Alp Suites Lavanta,Doruk,tr,"konum olarak akyaka sahilden biraz yokuş yukarı yürümeniz gerekiyor ancak fazla uzak değil. otopark sıkıntısı yok otelin önündeki sokağa park edebiliyorsunuz. otelden sorumlu kişi gayet ilgiliydi, bir şeye ihtiyacınız olduğu zaman hemen geliyor. odada 3 adet klima olduğu için serin. çıkış saati olarak diğer otellere göre daha erken. çıkış yapacağınız gün saat 11 de odadan ayrılmış olmanız gerekiyor."
Alp Suites Lavanta,Recep Taha,tr,hizmetiniz i̇çin teşekkür ederiz. güler yuzlü çalişanlarınız hizmetiniz konumunuz harika. odalar özenle temizlenmiş. konumu gerçekten harika 5 yıldızı hak ediyorsunuz teşekkurler.
Alp Suites Lavanta,sirius,tr,"hijyen ve hizmet kaliteli, sahile yürüme mesafesinde olması süper. pişman olacagınız bir yer degil kesinlikle."
Alp Suites Lavanta,Vladimir Zlatov,en,"very modern and comfortable appartments, not far from the beach and main street with bars and restaurants. very quiet place. host is friendly and very responsive! would definitely come back!"
Alp Suites Lavanta,Mücahit Uçkun,en,clean and new rooms there and close the beach
Alp Suites Lavanta,Kerem Köylüer,en,"the hotel was nice with everything. you don't have to walk to the beach. the rooms and the place we stayed were very comfortable. the reason for the 4 points is that the air conditioner in my room had difficulty working and was leaking water, and we were late because we did not know that the check-out time was 11. we were told that the customer had come so that we could leave quickly, but the check-in time was also written where he asked us to check the check-out time. i don't know if he was aware, but the check-in time was not 11, but 14. is being done."
Alp Suites Lavanta,Aleyna Güner,en,"we stayed with three girlfriends. there is more than one alp suites, there is no reception at lavanta, so you have to call before entering, but they came without waiting. it was very clean and we felt comfortable. when we needed something, we were able to reach them very easily and they took care of us immediately. one person slept on the sofa in the living room but said he was comfortable. there were things we needed. there is a bit of a hill on the way back from the center, but we walked everywhere easily. only the laundry wire could change, it made a little rust from being left outside, naturally, but we managed."
Alp Suites Lavanta,Doruk,en,"in terms of location, you have to walk a little uphill from akyaka beach, but it is not too far. there is no parking problem, you can park on the street in front of the hotel. the person in charge of the hotel was very attentive, he comes right away when you need something. it is cool because there are 3 air conditioners in the room. check-out time is earlier than other hotels. you must leave the room at 11 o'clock on the day you check out."
Keramos Pansiyon Akyaka,Ekim Ayçiçek,tr,"2 günlük konaklama deneyimimiz oldu. nehirin yanında plaja 5 dk yürüme mesafesinde harika bir yer.. havuzu yeterli derinlikte çok güzeldi. odalar çiçek gibi tertemiz, tek bir kusur bulamazsınız. i̇şletme sahiplerinin tavırlarından dolayı sanki otele değil de akrabamın evinde konaklamış gibi hissettim. kesinlikle tavsiye ederim."
Keramos Pansiyon Akyaka,Eda Nur ARSLAN,tr,"burayı tercih etmemizin ilk sebebi temizliği ile ön plana çıkmasıydı. geldiğimizde gördük ki gerçekten çok temiz bir işletmeydi. çok rahat ettik. havuzu yeterliydi. azmak nehrine 5dk, halk plajina 10dk yürüme mesafesinde. etrafında birçok büfe ve market var. i̇htiyaçlarınızı giderme noktasında zorluk çekmiyorsunuz. güvenlik açısından da içimiz çok rahattı. i̇şletme sahipleri fatma teyzeye, i̇lhan amcaya ve kaan beye gösterdikleri nezaketten, samimiyetten ve anlayışlarından ötürü çok teşekkür ederiz."
Keramos Pansiyon Akyaka,Sati Demirtas,tr,"odalar temiz ve düzenliydi. mutfak kısmında ihtiyacınız olan her şey mevcut. denize çok yakın, yürüme mesafesinde. sıklıkla tercih ettiğimiz bir apart. apart sahipleri sıcakkanlı, ilgili insanlar. özellikle kaan bey'e ilgi ve alakasından dolayı teşekkür ederiz."
Keramos Pansiyon Akyaka,Engin Aşam,tr,gezerken şans eseri bulduğumuz bir yerden çok memnun kalarak ayrılacağımı hiç düşünmezdim.odalar çok temiz kendi eviniz gibi hissetmeniz için her şey düşünülmüş tam bir aile yeri.balkonları geniş bir odasında çift kişilik yatak diğer odasında 2 tane açılır çekyat mevcut.nevresimler yastık kılıfları tertemizdi.konumu iyi azmak nehrine 2 dk yürüme mesafesinde ve yakınında market de var.önünde otoparkı da var.sahibi i̇lhan bey ve resepsiyon görevlisi kaan bey çok güler yüzlüler müşteri gibi değil misafir gibi davrandılar.kesinlikle fırsatçılık yapmayan hakkı neyse onu alan bir işletme bu tutumlarından dolayı ayrıca teşekkür ediyorum.
Keramos Pansiyon Akyaka,Ezgi Shaw,tr,"eylül başında 6 gün keramos apart'ta kaldık, odalar çok temizdi. aile yeri olduğu için herkes çok güler yüzlü ve yardımseverdi. havuz da gayet temizdi, merkezi baya iyi, lokasyon süperdi. yine gideceğiz. kaan bey'e teşekkürler."
Keramos Pansiyon Akyaka,Ekim Ayçiçek,en,"we had a 2-day accommodation experience. a great place, 5 minutes walk from the beach next to the river. the pool was very nice with sufficient depth. the rooms are as clean as a flower, you cannot find a single flaw. due to the attitude of the business owners, i felt as if i was staying at my relative's house rather than a hotel. i definitely recommend it."
Keramos Pansiyon Akyaka,Eda Nur ARSLAN,en,"the first reason we chose this place was that it stood out with its cleanliness. when we arrived, we saw that it was a really clean business. we felt very comfortable. the pool was sufficient. 5 minutes walking distance to azmak river and 10 minutes walking distance to the public beach. there are many kiosks and markets around. you will not have any difficulty in meeting your needs. we were also very comfortable in terms of security. we would like to thank the owners of the business, aunt fatma, uncle i̇lhan and mr. kaan, for their kindness, sincerity and understanding."
Keramos Pansiyon Akyaka,Sati Demirtas,en,"the rooms were clean and tidy. there is everything you need in the kitchen. very close to the sea, within walking distance. an apartment we often choose. the apartment owners are friendly, caring people. we would especially like to thank mr. kaan for his interest and interest."
Keramos Pansiyon Akyaka,Engin Aşam,en,"i never thought that i would leave a place that we found by chance while traveling. the rooms are very clean and everything has been thought of to make you feel like your own home. it is a perfect family place. there is a double bed in one room with a large balcony and 2 sofa beds in the other room. the bed linens and pillowcases were immaculate. the location it is a 2-minute walk from the good azmak river and there is a market nearby. there is also a parking lot in front of it. the owner mr. i̇lhan and the receptionist mr. kaan were very friendly and treated us like guests, not customers. it is a business that does not engage in opportunism and gets what it deserves. i would also like to thank them for their attitude. i do."
Keramos Pansiyon Akyaka,Ezgi Shaw,en,"we stayed at keramos apart for 6 days at the beginning of september, the rooms were very clean. since it was a family place, everyone was very friendly and helpful. the pool was also very clean, the center was quite good, the location was great. we will go again. thanks to kaan bey."
Hamle Hotel,Mustafa ŞAHAN,tr,"dün zaymıştımda iki adet olmuş diye yanlışlıkla ikisinide silmişim. öncelikle otelin konumu temizliği personeli harika. ben 7 gün kaldım 4 kişi iki çocuk. otel çok sessizdi ful dolu olamsına rağmen inanın sadece kahvaltıda görebiliyoruz. i̇lk gün tesepsiyona sıvı sabun eksilmiş dedim deniz dönüşü sıvı sabunu tamamladıkları gibi duş başlığının kenarından su akıtıyordu söylememiştim ama onuda yenisiyle değiştirmişlerdi. kahvaltıda yeşil zeytin çok beğenmiştim personel arkadaşa sordum nereden tedarik edebiliriz diye. hemen müdürlerine sormaya gitti müdire hanım canan hanımı mutfağa giderken gördüm, sonrasında yanımıza gelerek resepsiyona adresiniizi bırakın ben kargo göndericem size dedi gitti aradan 5 dk geçmedi elinde bit kavanoz hazırlanmış zeytin getirdi çoook(çıkış günümüzdü) mutlu etti bu jestiyle teşekkürler. kahvaltıda yan masanın tabaklarını toplayan personel cemal bey (sonradan ismini sordum teşekküretmekiçin) tabkları yoplarken müşteri bir anda dönüp kekmekte getir oğlum dedi ama kendi oğlu olmadığını anlayınca cemal beyde bende sizin oğlunuz sayılırım ben getiriyim ekmek demesi çok hoştu samimi ilgililer sağolsunlar. uzattım ama anektotlar önemlidir bende yorumlara bakıp önemsiyorum benden sonrakilerin işine yarar umarım. teeşkkürler hamle hotel."
Hamle Hotel,Hüseyin Akif Sak,tr,"otelin iyi yönleri gayet temiz oluşu, konumunun iyi oluşu ve çok sakin oluşu. hatta bir ara bizden başka konaklayan yokmu diye düşündük. havuzda tertemizdi. kahvaltı da yeterliydi bence. çalışanlarda işini ciddiyetle yapan insanlar. ben asansörsüz olduğunu bilerek satın aldım. fakat beni üzen şey baharda satın almama rağmen şu anki fiyatından daha çok ödemiş olmamdı. genel olarak akyakadaki konaklama fiyatları diğer yerlere göre yüksek"
Hamle Hotel,Damla Narin,tr,"merhabalar biz 4 kişi, 2 gece kaldık. gerek konumu, gerek hizmet anlayışları gerçekten çok iyiydi. butik bir otel ama konumu ve otelin düzeni cok iyi. merkeze cok yakin, nehre ve plaja da cok yakin. havuzu tertemizdi. çalışanlar cok anlayışli ve güler yüzlülerdi. otelin resimlerden cok daha güzel olduğunu söylemek isterim. cok ta sakin ve dinlendirici bir bahcesi var. biz cok memnun kaldık. hersey için teşekkür ederiz."
Hamle Hotel,Esra Rüzgar,tr,"1gece kaldık. aile odasında kaldık, oda otele göre gayet büyüktü. wc kapısında dil yoktu o nedenle havlu sıkıştırarak kapattık.akşam kahve içmek istedik ama olumsuz yanıtla karşılaştık çok garipti. çarsıya cok yakın yurume mesafesıydı bırde kahvaltısı cesıt az ama doyurucuydu. orta halli bir konaklama oldu bizim için"
Hamle Hotel,Onur Erden,tr,rezervasyon yapmadan önce yorumlara baktım. olumsuz yorumlar kafamı karıştırdı ama rezervasyon yaptım. ailemle geldiğimiz hamle hotelden çok memnun ayrıldık. heryer tertemizdi. personel ilgiliydi. havuz pırıl pırıldı. kahvaltı yeterliydi ve ürünler tazeydi. canan hanım ve tüm personele teşekkür ederiz. her yıl geleceğiz. öneririz.
Hamle Hotel,Mohammad Majumder,en,"we booked an economy room that included breakfast, but our experience was not good. the breakfast was average and repetitive every day. there is no lift, so we had to carry our two small and two large pieces of luggage up to the third floor. one staff member helped us with one large bag; the rest we had to manage ourselves. the service was very poor. when we asked for a table, one staff member told us to do it ourselves. the room was very old and not clean; they didn’t clean it every day or change the towels regularly. if you are someone who values hygiene, be aware that the bathroom was quite dirty and lacked shower gel. we requested cleaning on the second day, but the receptionist told us they would clean after two days, despite us paying for every night. the only positive aspect was the location; everything else was lacking. the economy room was outdated and made from poor materials, and the cleaning service was inadequate. the breakfast was subpar, and there were only a couple of staff members who seemed unhelpful and indifferent."
Hamle Hotel,Zülfü Altungök,en,"we made a reservation at hamle hotel through hotel z, but unfortunately, we faced some issues due to the staff's lack of professionalism. however, our hotel manager, ms. canan, was so professional, kind, patient, understanding, and pleasant that she made us overlook all the shortcomings. she provided us with necessary treats and made things easier for us. as a honeymoon couple, she made us very happy. the pool is beautiful, one of the best in akyaka. you can swim in the pool without goggles, without hurting your eyes. you can enjoy this pool comfortably without being overwhelmed by chlorine. after swimming in the sea, entering this pool provides great comfort and relaxation. normally, i never swim in any pool without goggles, but i can swim in this pool. hamle hotel is definitely a place that should be tried and given a chance. they have many areas to improve and are open to development. i highly recommend giving them a chance. i would especially like to thank the hotel manager, ms. canan. have a great holiday! ‍"
Hamle Hotel,Nadia Sofinskaya,en,"i have stayed here two times, in 2019 and 2020. the personnel is very nice, there's a pool, and the breakfasts are great. the cleaning is once in three days, but considering the modest price and great accessibility to the town centre and restaurants it's a minor inconvenience"
Hamle Hotel,Fatty Tuna,en,"staying here every time i come to kite. closest you can get if you want to walk to the kite spot (20+ min walking but have to cross the river and ignore loads of garbage left behind by tourists). the hotel i just everything you need - quiet, with a small pool, offers turkish breakfast (eggs, cheese, veggies, sweets)."
Hamle Hotel,Mohamed Mostafa,en,"gave us a bad back room with no seen view and was old furniture, not organized to put the luggage. next day they replace our room with pool view room and re-furnitured one. internet was not working in our part of the hotel but the replaced room where near to the recipient's wifi which was working. gave us gifts while doing check out a little bit far from the see and the shops. staff are youth with little experience. no one were at the recipient when we arrived and taking ages to answer the phone. small old 15 inch tv"
Alp Suites Mandalin,Cem Sungur,tr,"hem mandalin hem de lavanta suists’lerinde konaklama yaptım. toplamda 3 gece kaldım. mekan tertemiz ve ev konforu dolu. plaja ve yüzülebilecek konumlara mesafesi yürüyerek 2-5 dakika arasındaydı. sabah denize girip, şezlonga yerleşip, eve gelip bir şeyler alıp, tekrar şezlonguma dönebilecek konum vardı. i̇htiyacım olan da buydu. suit’in çeşmeleri sorunsuzdu. duş almak kolay ve çok keyifliydi. i̇şletme sahibi çok anlayışlı ve çözüm odaklıydı. her şey için teşekkür ederiz. bir daha gelsem bir daha kalırım"
Alp Suites Mandalin,W3rzs,tr,çok güzeldi gittiğim 3 gün gerçekten memnun kaldık yatak kalitesi eşyaların temizliği hersey muazzam
Alp Suites Mandalin,Rialsigma,tr,"odalar temiz ferah ve gayet iyi, hizmet iyiydi, çalışanlar saygılıydı 2 gece kaldım fiyatı da gayet uygundu."
Alp Suites Mandalin,Tuğba Kablan,tr,her yere yürüme mesafesinde olması önceliğinizse akyaka için ev konforu sağlayan bir işletme. kaldığımız suit hem çok temiz hem de özenle tasarlanmıştı. güvenle konaklayabilirsiniz.
Alp Suites Mandalin,Omer Kafli,tr,muhteşem konaklama ailenizle güzel tatil güzel konaklama yapabileceğiniz bir mekan tavsiye ederim
Alp Suites Mandalin,Yiğit Can Kazanç,en,"we spent 10 days here as a family with our 1.5 years old daugther and loved the stay. owner/operator is ver responsive and quick, always aims for the highest quality. they even provided a brand new iron when we asked for it. house a bit compact and small but has air condition in every room and living room, also you dont spend to much time inside the house when you are on vacation. also location is pretty close to the beach and centrum, you can literally walk 5 minutes to everywhere and there is free parking spot inside the garden. one negative side is that we find the cleanliness can be improved. it’s like 7/10 but needs an improvement. sink in the bathroom is stylish but not easy to use. thansk for the stay, i recommend and hope to come back next year!"
Alp Suites Mandalin,Дарья Макарова,en,"we stayed in this apt for 3 nights at new years holiday. it was great! beautiful ,bright and useful flat , everything was working. air conditioner is ok for heating at night. and potbelly stove for cosy evening. friendly , nice manager!"
Alp Suites Mandalin,NKW RB,en,nice duplex...but should improve the cleaning a bit to deserve a 5-star rating.
Alp Suites Mandalin,Денис,en,"nice place, spacious rooms. the room had a fireplace. be prepared to call the receptionist on the phone when you arrive. (the phone number is on the sign with the name of the hotel)"
Alp Suites Mandalin,Utku,en,"cozy interior design. some flaws that i have spotted are: - too much noise from neighboring rooms. - because of it's close proximity to bars, too much noise in the nights. - wifi is pretty slow. - table at balcony is not large enough for 4 people."
Tuna Otel,Haşim Gökgöz,tr,otel harika denecek düzeyde. ancak danışmadan ki kumral uzun saçlı hanım çok asık suratlı idi. odalar ses yalıtımlı. banyo wc temiz yeni. yatakları rahat. merkeze uzak 45 dk marmaris'e
Tuna Otel,Aziz Cevahirli,tr,odaları çok düzenli ve konforlu çalışanları aşırı ilgili açık büfesi hijyenik ve lezzetli kaliteli bir otel.
Tuna Otel,Nilay Yurdagelen,tr,"i̇ş seyahatim için konaklama yaptığım tuna otelden çok memnun olarak ayrıldım. özellikle personel arkadaşların, rica etmiş olduğum konuda bana ekstra yardımcı olmaları seyahatimi rahat geçirmemi sağladı. özellikle neşe hanıma ayrıca teşekkür ederim. çok sık seyahat eden biri olarak bence otel konumu, odaları ve kahvaltı seçenekleri gayet yeterli."
Tuna Otel,habip SÖZÜER,tr,hizmet güleryüz ve hijyen teşekkür ederiz. yalnız kapının önündeki siyah dubalar kaldırılır ise daha güzel olur girişi çok dar.
Tuna Otel,Berfin Gerger,tr,tuna otelde iki gün kaldım hiç memnun kalmadım. güler yüz sıfır ( muğla tuna otel )
Tuna Otel,S Aslam,en,"just checked out this morning , really nice clean hotel , very spacious rooms , good location on the edge of muğla so easy to get away after checkout . safe car parking , i would have given 5* but the breakfast was a bit of a let down . staff were excellent,,,very helpful"
Tuna Otel,I_HKY,en,good but the room is a lil bit smaller than the pictures i dunno is it because where’s my room located or all the rooms r like that
Tuna Otel,Volkan DELI,en,"rooms are ok, clean and comfortable but breakfast and meals could be better and well served."
Tuna Otel,hamad alhajeri,en,nice clean hotel. we stayed one night.
Tuna Otel,Ashraf Moussa,en,"good location, spacey rooms with modern decoration, poor breakfast."
Otel Arın,IRmak FATURA,tr,i̇şletmecileri tam bir insan evladı ülkemizde böyle insanlardan çok az kaldı.oteli yolda aramama rağmen olabilecek en güzel odayı vermişler. genelde tatil beldesi otelleri odalarını kakalar. geç saatte geldim işletmeci ben gitmeden klimayı açmış odamı havalandırmıştı. odam tertemiz ve çok ferah bir dekorasyona sahip otelden çok ev gibi . ve yatağım çok rahat .i̇lkkez otele ödediğim paraya üzülmüyorum. i̇şletmeciye ne kadar teşekkür etsem az.saatler süren bir yolculuğun yorgunluğu ancak böyle atılabilirdi.
Otel Arın,Halil Ozan Özkök,tr,bu ölçekte bir konaklama için beklenebilecek olanaklar fazlasıyla sağlanıyor ve çok güzel balkonlu odalarından birinde kalmak çok keyifliydi.
Otel Arın,Emre Işık,tr,kız arkadaşımla beraber 3 gece konakladık. konumu gerçekten olabilecek en güzel yerde. odaların temizliği harikaydı. gönül rahatlığıyla konaklayabilirsiniz.
Otel Arın,Nur Çiloğlu,tr,konum mükemmel çarşının cafelerin hemen dibi. otel çok güzeldi bir gece konakladık çok temizdi . sahibi de çok tatlı biriydi. uygun fiyatlı gayet güzel.
Otel Arın,Gamze,tr,akyaka'nın merkezinde 3 gece konakladığımız otel. bu bölgede kaldığımız en temiz otel aynı zamanda. gerçekten konumu temizliği misafirperverlikleri 5 puandan çok fazlasını hak ediyor.
Otel Arın,IRmak FATURA,en,"the managers are truly human beings, there are very few people left like this in our country. even though i looked for the hotel on the road, they gave me the best room possible. usually resort hotels poop their rooms. i arrived late and the manager turned on the air conditioner and ventilated my room before i left. my room was clean and very spacious, more like a home than a hotel. and my bed is very comfortable. for the first time, i don't regret the money i paid for the hotel. i cannot thank the operator enough. this was the only way to relieve the tiredness of a journey that lasted for hours."
Otel Arın,Halil Ozan Özkök,en,"the facilities that one would expect for an accommodation of this scale are provided in excess, and it was very enjoyable to stay in one of the rooms with a beautiful balcony."
Otel Arın,Emre Işık,en,we stayed with my girlfriend for 3 nights. the location is truly in the best place possible. the cleanliness of the rooms was great. you can stay with peace of mind.
Otel Arın,Nur Çiloğlu,en,"the location is perfect, right next to the market and cafes. the hotel was very nice, we stayed for one night, it was very clean. the owner was also a very sweet person. very nice and affordable."
Limon Apart,Sibel Filiz,tr,"akyaka'ya ilk kez geliyoruz. tesadüfen bulduğumuz limon apartta tekrar konaklamayi çok isteriz . yatakları yuvarlak, oda ve çarşaflar tertemiz, sade, zevkli ve büyüleyici bir dekorasyonu var. teras odada kaldık denizi avucunuzun içinde hissedebileceginiz romantik bir ortamı var. özlem hanıma güler yüzü ve misafirperverliği için teşekkür ediyoruz.gönülden tavsiye ederiz."
Limon Apart,Seda Gökçe,tr,"akyakaya ilk kez geldim ve ikinci günümüzde şanslıydık ki limon apartı bulduk. tekrar gelirsem hiç arayışa girmeden direkt geleceğim yer oldu. temizliği, odaların özenli ve güzel dizaynı, konumu hepsi çok ideal. özlem hanıma güler yüzü ve tatlı dili için teşekkür ederiz."
Limon Apart,Aykut Büyükaydin,tr,son derece güzel ve nezih ortam. tüm oda içeriği tertemiz ve yeniydi. terasta manolya isimli odada kaldık manzarası harikaydı. araç için park alanları bulunuyor. güleryüzlü hizmet için teşekkürler.
Limon Apart,ÖZLEM HAKLI,tr,giriş katta sandal isimli odada 2 yetişkin ve 2 çocuk (10y ve 4y) kaldık. oda temizdi.yuvarlak yatak büyüktü. 1 koltuk vardı ve genişti. en güzeli odanın dışında kullanabileceğimiz bir masa ve yemek alanı vardı. azmak nehrine ve markete araba ile indik yürüyerek biraz uzak. fiyatına göre memnun ayrıldık.
Limon Apart,Sibel Deniz,tr,akyaka’nın en güzel apart oteli diyebilirim eşimle 1 gece kaldık görüştüğümüz hanımefendi çok naif ve çok kibardı odamız internetteki fotoğraflarla birebirdi ve yatağı otel konforunda rahattı oda okadar güzel temiz ve rahat kullanımlı bi odaydıki müsaitliği olsaydı 1 gece daha kalmak istediğimiz bi yer oldu bizim için çok çok memnun kaldık kesinlikle tavsiye ediyorum ve işletmesine ayrıca çok teşekkür ederim böyle güzel kullanım alanı sağladıkları için harikasınız
Limon Apart,Bas Osman,en,"the room is splendid, extremely clean, with a nice sea view, the price is realy correct. there is no breakfast. just two points to share, one is that the appartment is high in the city thus you have to walk quite a bit to the sea , second is that i asked to the owner if it was possible to leave the appartment around 6pm (because of my flight tickect) he said that i can check out at max 1.30pm, even if we were off season working days and half of the hotel was totally empty.."
Limon Apart,Valerija Buric,en,"great apartment, nice and really helpful owner and very pleasant stay. we had few cats peeking through our windows but its not that hard to get used to it and its a plus for cat lovers. the proximity of center is nice. definitely would recommend. :)"
Limon Apart,Kralina Jewellers,en,very friendly land lady. clean and stylish rooms quite spacious.. recommended
Limon Apart,Vinzenz P,en,very flexible and helpful. looking forward to book again!
Limon Apart,Sibel Filiz,en,"we are coming to akyaka for the first time. we would love to stay again at limon apart, which we found by chance. the beds are round, the room and linens are clean, and the decoration is simple, tasteful and charming. we stayed in the terrace room. it has a romantic atmosphere where you can feel the sea in the palm of your hand. we would like to thank ms. özlem for her smiling face and hospitality. we recommend her wholeheartedly."
Hotel Grand Azmakhan Spa & Wellness,Onur Turgut,tr,i̇şim gereği haftanın neredeyse her günü seyahatteyim. bir çok otelde kaldım. burası kadar boş bir otel görmedim. boş derken müşteri anlamında düşünmeyin. hizmetlerinde çok büyük boşluklar var. odaya girdim üçüncü katta kalıyordum balkondan içeriye kedi girmeye çalıştı. hadi kapıyı kapattım. i̇nternete bağlanayım dedim ortada şifre yok. gece duş alayım dedim sıcak su yok. olur böyle şeyler resepsiyonu arıyım dedim. o da telefon yok. soğuk soğuk duş aldım. sıcak bir şeyler içeyim dedim. odada su var kettle var bardak kaşık var ama ne kahve var ne çay var. kahvaltıya indim dışarıda bir yere oturdum. kahvaltım geldi. çay almaya gittim. bir baktım üç tane kedi kahvaltımı benle paylaşıyor. anlayacağınız hizmet konusunda çok sıkıntılı bir otel
Hotel Grand Azmakhan Spa & Wellness,Faruk Yılmaz,tr,20.08.2024 salı girişli perşembe çıkışlı grand hotel azmakhan spa and wellness oteline rezervosyonumuz vardı. odaya giriş yaptığımızda yatakta birkaç karınca belirdi gözümüze problem etmedik. akşam yatacağımız sırada karıncalar fazlalaştı ve yatağın belirli bir bölümlerini sardı. resepsiyonu arayıp oda değişikliliği talebinde bulunduk. beyefendi arkadaşımız odayı kontrol edeceğini söyledi. odaya geldiklerinde başka odamız kalmadı ve iade de yapamayacaklarını söylediler. ellerinden gelen çarşaf değiştirmek ve süpürge yapmak oldu. temizleyen arkadaş bu odalar da normal bahçe katı olduğu için geliyorlar dedi. (keşke otel sitelerine belirtselerdi karıncalı odalar diye)temizleyip gittikten sonra tekrar ortaya çıktı karıncalar ve tatil zehir oldu. 700 km yol gelip hayal kırıklığı yaşadık. otelz üzerinden bu oteli satın aldık ve acenteye şikayeti bildirsekte onlarda yardımcı olmadılar.
Hotel Grand Azmakhan Spa & Wellness,Aybegüm Karakurum,tr,"kahvaltı standart heryerde olan şekilde.personeller iyi herhalde,çok fazla konuşmuyorlar açıkçası hatta hiç konuşmadık desek yeridir. lokasyon iyi ama ciddi park yeri sorunu var. odada tuvalet kağıdı bitti 3 kere tuvalet kağıdı istedik anca geldi ve nedeni soruldu çok komik. odamız köşe odaydı.perde lekeliydi bizden önce dökülmüş belli yeni bir leke fakat temizlenme zahmetine girilmemiş. yastık kılıfımda kıllar vardı.iyiki yanimda kendim getirmişim.odanin balkon teli yırtıktı baya hemde,açamadık hiç zaten sinek peoblemi genel olarak var azmak kenari oldugu icin. duvarda örümcek ağı vardı temizlenmemiş.ben bir daha geçirmişim,açıkçası gelmem"
Hotel Grand Azmakhan Spa & Wellness,Onursal Ozbek,tr,"küçük ve dar odalar, son derece kaba ve ukala personel. ekstra bir kahvenin bedelini hem resepsiyonda hem de barda almak istediler. i̇tiraz edince bir küfür yemediğimiz kaldı. yıllardır akyaka'da birçok otelde kaldım. en kötüsü diyebilirim."
Hotel Grand Azmakhan Spa & Wellness,rabia gülaçtı,tr,"bugün otelinizde yaşadığım deneyimle ilgili olarak bazı memnuniyetsizliklerimi dile getirmek istiyorum. otelinizin müşteri memnuniyetine yeterince önem vermediğini, bu durumun müşteri deneyimimizi olumsuz etkilediğini üzülerek belirtmeliyim. yaşadığımız sorunlar, otelinizin kurumsal yapısındaki aksaklıkların bir sonucu olup, bunlar çözülmeden müşterilere yansıtılmıştır. bu tür sorunların çözümü için herhangi bir öneri veya telafi teklifi sunulmaması, yaşadığımız hayal kırıklığını daha da derinleştirmiştir. bir otelden beklentimiz, konaklamamız sırasında oluşabilecek aksaklıkların hızlı ve etkili bir şekilde çözüme kavuşturulmasıdır. ancak, otelinizin bu konuda yetersiz kaldı. müşterilere karşı daha anlayışlı ve çözüm odaklı bir yaklaşım sergilenmesi gerektiğini düşünüyorum. otelinizde geçirdiğimiz zamanın, beklentilerimizi karşılamaması nedeniyle hayal kırıklığına uğradık."
Hotel Grand Azmakhan Spa & Wellness,Baris Kahraman,en,nice place nice location
Hotel Grand Azmakhan Spa & Wellness,Onur Turgut,en,"i travel almost every day of the week for my job. i've stayed in many hotels. i have never seen a hotel as empty as this one. when you say empty, don't think in terms of customer. there are huge gaps in their services. i entered the room, i was staying on the third floor, a cat tried to enter from the balcony. come on, i closed the door. i tried to connect to the internet but there was no password. i wanted to take a shower at night, but there was no hot water. these things happen, i thought i'd call the reception. there is no phone either. i took a cold shower. i thought i'd drink something hot. there is water, kettle and cups and spoons in the room, but there is neither coffee nor tea. i went down to breakfast and sat somewhere outside. my breakfast has arrived. i went to buy tea. i saw three cats sharing my breakfast with me. as you can see, this is a very problematic hotel in terms of service."
Hotel Grand Azmakhan Spa & Wellness,Faruk Yılmaz,en,"we had a reservation for grand hotel azmakhan spa and wellness hotel for tuesday check-in and thursday check-out on 20.08.2024. when we entered the room, a few ants appeared on the bed, but we didn't mind. while we were going to bed in the evening, the ants increased in number and covered certain parts of the bed. we called the reception and requested a room change. our gentleman friend said he would check the room. when they came to the room, they said that we did not have another room and that they could not give a refund. all they could do was change the sheets and vacuum. the friend who cleaned said that they come because these rooms are normal garden floors. (i wish they had stated on the hotel websites that there were rooms with ants.) after cleaning and leaving, the ants appeared again and the holiday was poisoned. we came 700 km away and were disappointed. we bought this hotel through otelz and even though we reported the complaint to the agency, they did not help either."
Hotel Grand Azmakhan Spa & Wellness,Aybegüm Karakurum,en,"breakfast is the standard standard everywhere. i guess the staff are good, they don't talk much, in fact, it's safe to say we didn't talk at all. the location is good but there is a serious parking problem. the room ran out of toilet paper. we asked for toilet paper 3 times, but it arrived and we were asked why. very funny. our room was a corner room. the curtain was stained, a new stain that had been shed before us, but no effort was made to clean it. there were hairs on my pillowcase. i'm glad i brought it with me. the balcony screen of the room was torn, and we couldn't open it at all, because there are flies in general because it's on the edge. there was a spider web on the wall, it hadn't been cleaned. i've seen it again, obviously i won't come back."
Hotel Grand Azmakhan Spa & Wellness,Onursal Ozbek,en,"small and cramped rooms, extremely rude and arrogant staff. they wanted to charge the cost of an extra coffee both at the reception and at the bar. when we objected, we did not receive any swear words. i have stayed in many hotels in akyaka over the years. i can say it's the worst."
Akyaka Villa Marine Otel & Restoran,Kelebegin Isleri,tr,"akyaka villa marine otel’de geçirdiğimiz 2 gece, beklentilerimizin çok ötesindeydi. hem hijyen hem de sunduğu olanaklar açısından son derece memnun kaldık. odalar tertemizdi ve özenle hazırlanmıştı, bu da otelin hijyen konusundaki hassasiyetini gösteriyor. lokasyon olarak ise otel, akyaka’nın sakin ve huzurlu atmosferinin tam ortasında yer alıyor. denize yakın olması ve çevredeki doğal güzellikler, tatilimizin keyfini daha da artırdı. otelin en büyük artılarından biri ise çalışanlarının güler yüzlülüğü ve yardımseverliği. özellikle berfin hanım, tatlı ve samimi tavırlarıyla konaklamamızı çok daha keyifli hale getirdi. her sorumuza çözüm bulmak için içtenlikle çaba gösterdi. ayrıca yunus emre bey’e de özel teşekkür etmek isteriz; bize her konuda yardımcı oldu ve tatilimizin sorunsuz geçmesini sağladı. akyaka’da sakin ve huzurlu bir tatil arayanlar için villa marine otel’i gönül rahatlığıyla tavsiye ediyorum. hem otel olanakları hem de çalışanların misafirperverliği sayesinde unutulmaz bir deneyim yaşadık. i̇lk fırsatta tekrar konaklamayı düşünüyoruz."
Akyaka Villa Marine Otel & Restoran,İlhan Kazgan,tr,"çok şanslıymışız diye düşündük ama aklımız bizi buraya yönlendirdi. muhteşem bir konaklama ve yaşam alanı. en güzel tatilimizi ve anılarımızı huzur ve emniyet içinde yaşadık. sevgili işletme sahibi pınar hanım ve ekibiyle beraber ruhumuzu ve bedenimizi besledik. aslında pandemiyle beraber gelişen evden çalışma modeline çok uygun. merkez olarak burayı seçerseniz,yakın güzelliklere ulaşmak için güzel bir seçim. azmak deresine çok yakın . muhteşem bir manzara, büyük bir yüzme havuzu, eğitimli, ilgili, nazik, güleryüzlü ve çalışkan bir personel. her şey işletme sahibinin nezaket ve zerafetini yansıtıyor. kahvaltı mükemmel.çocuku aileler için yüzme havuzu ve oyun alanları ve doğa mükemmel.ruhunuzu beslemek istiyorsanız biraz aç gidin derim. restaurant müdürü arzu hanım ve mutfak çalışanı berfin hanımla , bahçıvanımızla ve bizi çok sıcak karşılayan resepsiyonist arkadaşımızla ve diğer çalışanlarla çok güzel anılarımız oldu. görevlerinin yanında dostlukları ve arkadaşlıklarıyla çok mutlu olduk. mimari yapı tasarım ve işletme anlayışı çok harika.fiyatlar çok uygun. benzer bir deneyim yaşamamıştık. çok mutluyuz. sonsuz teşekkürler. i̇nşallah tekrar geleceğiz ve sevdiklerimize tavsiye ediyoruz. başarılarının devamını dileriz."
Akyaka Villa Marine Otel & Restoran,Selmy Selo,tr,"otelin konumu çok sakin bir yerde. aslında sıcak ve samimi ortamından dolayı sanki kendi yazlık evinize gelmişsiniz gibi hissediyorsunuz. odalar temiz, balkonlar ferah, kahvaltı çeşidi zengin ve en önemlisi ekip son derece güler yüzlü. ayrıca akşamları havuz başında oturup manzaranın keyfini çıkarabilirsiniz. herkese tavsiye ederim. minik bir teşekkür notu: otelden çıkış yapacağımız gün soğuk algınlığından dolayı biraz rahatsızlanmıştım ve otel ekibi bana çok yardımcı oldu. yardımseverliklerinden dolayı akyaka villa marine otel ailesine sonsuz teşekkürlerimi iletiyorum :)"
Akyaka Villa Marine Otel & Restoran,Erhan Kirmizitoprak,tr,odalar son derece temiz ve hijyenik . kahvaltı sıcaklar 2 gün değişti. reçeller ev yapımı otel sahipleri bizimle aynı kahvaltıyı yapınca ve çocuklarına yedirince içimiz iyice rahatladı. samimi sıcak bi ortamı var. personel güleryüzlü ilgili. özellikle suna ve berfin hanım çok ilgiliydiler. kendilerine özellikle teşekkür ediyorum. evlilik yıldönümü için almıştım keyifli huzurlu bi haftasonu geçirdik. marine otel ailesine teşekkür ederim.
Akyaka Villa Marine Otel & Restoran,m gunay,tr,"akyaka villa marine'de eşimle iki gece konakladık ve gerçekten muhteşem bir deneyim yaşadık. otelin manzarası muazzam, azmak kıyısı'ndaki konumu sayesinde hem güzel bir manzara hem de serin bir atmosfer sunuyor. ayrıca, her yere yürüme mesafesinde olması büyük bir avantaj. otel çalışanları oldukça ilgili ve yardımseverdi. kahvaltıda ise yediğimiz her şey çok lezzetli ve çeşitler yeterliydi. en çok da kahvaltıyı salata çeşitleriyle renklendirmelerini ve her gün farklı bir sıcak hamurişi servis etmelerini sevdim. kesinlikle tavsiye ediyorum!"
Akyaka Villa Marine Otel & Restoran,Nadia Hamidi,en,"officially my favourite place for a holiday. i've gone twice this summer already and my family and i are already making plans to visit again next summer and all summers after that. the hotel is beautiful and in a wonderful location but what makes this hotel special is the staff. everyone there is amazing, kind and attentive. i felt so comfortable and happy. the food is great, especially the breakfast. the rooms are comfortable and the views are incredible. the pool area is perfect and very family-friendly. we will definitely be visiting this hotel again and again. thank you so much for making our holiday so special!!"
Akyaka Villa Marine Otel & Restoran,Sercan,en,"thank you so much for osman's wonderful hospitality! my family and i had such a memorable time there. the handmade manti (turkish ravioli) was absolutely delicious, and the handmade köfte was truly the best we've ever had! we felt so privileged to experience such authentic and delightful flavors."
Akyaka Villa Marine Otel & Restoran,Maskeli Dörtler,en,it is a peaceful place and so close the river
Akyaka Villa Marine Otel & Restoran,Jozef Benoy,en,"rooms are nice and spacious, friendly staff. the beds however can use improvement."
Akyaka Villa Marine Otel & Restoran,Niu Wang,en,perfect place for families and kitesurfers!!! friendly staff and lovely breakfast! if you go to akyakaban villa marine is the best place to have... 100% recommended!!
Alp Suites Safran,sirius,tr,fiyat aldıgımız hizmete ve kaliteye gore superdi eşimle geldik pişman olmadık. uyuya kaldıgımız icin zamanında cıkıs yapamadık ama buna ragmen anlayısla karsıladılar
Alp Suites Safran,Ra Mo Peker,tr,"geç çıkmamıza izin verildi, fiyatları uygun ve çok iyi çalışanları güler yüzlü yardım sever günlük haftalık daire mükemmel"
Alp Suites Safran,Kenan Beğ,tr,hem konum olarak hemde hizmet çok iyi birde diyer yerler gibi dk geldimi hemen kapı calıp hadı çıkın diyen biri yok geç çıkmamıza rahmen anlayışla karsıladılar
Alp Suites Safran,Gamze Elveren,tr,4 gün kaldım mükemmeldi yemek içecek hizmet mükemmel aile yeri biz memnunuz
Alp Suites Safran,Gizem Bolluk Akel,tr,"yeni villaların yapıldığı, sessiz ve sakin bir bölgede yer alıyor. araç varsa lokasyon şahane, merkezin kalabalığından uzakta ve tepeye doğru yer alıyor. aracınız yoksa tercih etmemelisiniz çünkü en yakın market vs yürünecek mesafede değil. etrafı açık olduğu için ferah ferah balkonda oturabiliyorsunuz hatta 35 derece sıcakta klima açmadan uyuyabildik. villa 3 katlı, her katında bir daire var. biz en üst katta kaldık, 603 nolu daire. daire tek bir katta ama kapınızdan girince daireye girmek için merdivenleri var. aklınızda bulunsun. o yüzden 602 nolu daire tercih edilebilir. bu arada tek handikapı arabayı park ettiğiniz yerden bina girişine kadar da 20-25 merdiven falan var. bizim gibi çocuklu ailelerin dikkat etmesi gereken bir şey. son derece modern döşenmiş, her şey yepyeni ve temiz. 2 banyo olması büyük kolaylık oldu. villanın yeterince büyük bir havuzu var, genelde kimse kullanmıyor. havuz temiz. manzara efsane. bütün gökova ayaklarınızın altında."
Alp Suites Safran,Sal Schmidt,en,"beautiful, modern and stylish accommodation in akyaya, mulga a beautiful coastal town bordered by mountains, the sea and a creek, and byzantine homes! akyaka was another new part of turkey for us, two hours south of bodrum. alp suites delivered and more. this two-bedroom apartment is perched on the side of a hill, and you are surrounded by mountains, with beautiful views across the valley of gökova bay and the castle currently being restored. the design is byzantine, yet the interior is that of a very stylish beach house; think whitewash floors, extensive artwork, and classic interior styling. very well equipped for cooking at home, as a spacious kitchen with floor to ceiling windows to enjoy the view. a short stroll away, approximately 15 minutes from the çay creek, some beautiful waterside restaurants, and a few supermarkets (however, these markets lack fresh produce and meat, so you need to visit the centre of town, about 25 min walk, or 5 min drive). we loved the views and the two full showers with plenty of hot water; the only thing was some minor cleaning of the sunbed by the simply stunning large shared pool (10m in length). sally enjoyed doing some laps while i soaked up the sun. this apartment is better suited to those with a car; however, we handled it, as we dined out twice at the most magical halil's place, approximately 15 minutes walk. we walked into the centre of akyaka. it truly is beautiful, a quaint town full of byzantine architecture, crystal clear waters and birdlife, engulfed in a forest of pine trees, mountains, and a lovely beach, something for everyone. the apartment is more suited for holidaymakers as it lacked a work area for us digital nomads to work comfortably."
Alp Suites Safran,Lana Aksel,en,great boutique hotel opening soon
Alp Suites Safran,sirius,en,"the price was great for the service and quality we received. we came with my wife and we did not regret it. we couldn't check out on time because we fell asleep, but they still understood."
Alp Suites Safran,Ra Mo Peker,en,"we were allowed to leave late, prices are affordable and very good employees are friendly and helpful daily weekly apartment perfect"
Alp Suites Safran,Kenan Beğ,en,"both location and service are very good also, unlike other places, there is no one who knocks on the door and tells us to get out, even though we left late, they were understanding."
villa vali Akyaka Apart,Nihal Güngör,tr,bir gece kalacağımız için bungalow kıraladık. temiz ve sakindi. yataklat rahat. araba için park imkanı var. ertesi gün gemi turu yaptık ve akşam a kadar arabamızı bırakabildik. teşekkürler. eğer ine gelirsek havuz kenarında oda tutarız.
villa vali Akyaka Apart,ali deveci,tr,merhabalar. akyaka tatil planı yaptığımızda googleden bulup güzel yorumlardan etkilenip burayı tercih ettik 5 kişilik ailemizle. aile için akyaka’da çok ideal bir ortam. temizlik çok iyi. çarşısı yürüme mesafesinde. yüzmek için azmak nehrine yakın. tekrar gelirsem kesinlikle burada kalırım. güzel anılarla ayrılıyoruz akyaka’dan
villa vali Akyaka Apart,L uyar,tr,"villa vali benim hayatımda unutamayacağım zamanlar geçirmemi sağladı. sessizliğin ve huzurun adresi diyebilirim. hijyenik ve otantik odaları, havuzu, tertemiz bahçesi ve konumu itibariyle heryerden ulaşımı yakın olan bir yer. güvenlik ve hizmet kalitesi açısından yüksek bir apart villa diyebilirim. tavsiye ederim teşekkürlerimi sunuyorum saygılarımla."
villa vali Akyaka Apart,Cumali Çelik,tr,bungalow kiraladıktan sonra duşa girdiğimizde giderin tıkalı olduğunu farkettik. gideri açmak için gelip ilgilendiler. anahtar sorduğumuzda ise anahtarın olmadığını söylediler. bu nedenle biz iademizi alıp çıkış yaptık. daha sonra aynı fiyata daha iyi bir yer bulup orada konakladık.
villa vali Akyaka Apart,Melike Müftüoğlu,tr,"bağimsiz mutfaksiz bungolowlarda iki gece konakladik. bungolowlar müstakil girisi, verandasinda oturma alani ile konforlu bir konaklama sağliyor. odalar temiz ve bakimli, merkeze yurume mesafesinde. kadriye hanim'a tesekkur ediyoruz."
villa vali Akyaka Apart,Ayse Kucukyilmaz,en,"the hotel is quite nice and well looked after. the family who runs it is lovely. the location is one of the most farthest away from the beach, but the distances are small and the walk by the river is cool. generally very satisfied."
villa vali Akyaka Apart,Louise Luther,en,"although staff were welcoming & helpful, the rooms are nothing like the pictures portrayed. they are small, shabby, worn & with hook & railing holes sealed haphazardly. the living room had unpainted patches & was nothing like what we expected. although the outside gardens & pool are luscious, lovely & relaxing, i felt severely ripped off at £130 a night in turkey. unfortunately my son got an electric shock from loose wiring in the bedroom sidelights, which is a health hazard & needs to be addressed. we left after 4 nights as found a place much nicer & much cheaper."
villa vali Akyaka Apart,newyork longislanders,en,"tek kelime ile harikaydı! it was perfect! it was totally private two bedroom, bath, kitchen (with everything you need for you to cook), and living room, has to balcony and has a table outside on the balcony so you can have breakfast lunch, dinner. place has two pool and has several patio so everyone can have gathering. there is bunch off places on the property so you can chose anyone of them for your own comfort. if we ever go back to muğla again we know where to go."
villa vali Akyaka Apart,Krzysztof,en,"i stayed there for 2 nights, very nice room, very welcoming people. only thing that was concerning is slightly laud ac hence 4 stars"
villa vali Akyaka Apart,Tarkan Yildiz,en,oasis
Carissa Otel,Enes Taha,tr,"muğla’da kalınacak tek otel diyebilirim. her iş seyahatimizde mutlaka tercih ettiğimiz bir otel. çalışanlar güler yüzlü, odalar temiz, bahçesi yazları müthiş. şiddetle tavsiye ederim"
Carissa Otel,Ali Balıkçıoğlu,tr,"yeni bir tesis, 207 numarada kaldim cok yüksek bir tavan, ferah oldukça genis bir odaydi. dus tuvalet pırıl pırıldı. odada tv karşısında kocaman bir koltuğun olmasi evimde hissettirdi. klima daikin ve oldukca sessiz çalışıyor (bir otel icin bence cok önemli). kahvaltı güzel ve yeterli."
Carissa Otel,ERDAL ERDOĞAN,tr,otel şehir merkezine çok yakın . konumu güzel sessiz ve sakin bir otel. giriş katı standart odalarda kaldık. bahçeye açılan sürgülü camları var ve sandalyenizi çıkarıp bahçede oturma keyfine ulaşabilirsiniz. otopark sorunu yok. çalışanlar samimi ve güleryüzlü. yardımcı olmak konusunda niyetleri güzel. fiyat performans olarak değerlendirmek lazım. fiyatına göre yeterli bir otel. resepsiyon geniş ve ferah. genelde sabit müşterileri var belli ki. kahvaltı yelpazesi geniş değil ama doyurucu.
Carissa Otel,Muhammed Kucukıbıs,tr,"carissa otel de ilk kez kaldım. güzel ve temiz bir otel, çalışanları yardım sever. otelin lokasyonu nu sevdim ulaşım kolay, merkeze yürümek yada araç ile gitmek oldukça kolay. ne olabilirdi bir kapalı havuzu olsa bence harika olurdu."
Carissa Otel,Esra Erkeskin,tr,2 ağustos giriş 8 ağustos çıkış yaptık ben is için muglayageldim ve bir hafta kaldım ben temizlik konusunda çok titizim ve hiçbir rahatsız lik duymadım gayet rahat ve kullanışlı odalar banyo süper çalışanlar gayet samimi güler yüzlü insanlar
Carissa Otel,Sarazei SIMI,en,"peace nice comfort hotel, location is not bad if you have a car, beside a new building under the construction so you may wake up early with noise. breakfast so standard the lady there she needs to improve her performance and stop hitting table or gathering empty dishes it is morning please!! she is nervous keep yelling for reason and no reason to anyone i felt that we were worrying if she will yell at us for no reason so we preferred to have breakfast outside no need to spend our morning time with stressful things. generally it is a good hotel if you are going to exclude the morning breakfast and morning construction."
Carissa Otel,Fatih OZ,en,it was totally unplanned when we came across this hotel. everything feels and looks brand new. design and furniture is gorgeous. staff is kind and breakfast was superb. i was so impressed. my wife couldn't stop talking about it. definetly recommended!
Carissa Otel,mohamed talaat,en,good service very clean but coffee too bad
Carissa Otel,yusuf Elmaz,en,guzelmis
Carissa Otel,Hasan Karsi,en,perfect
Hotel Caretta,Yunus Emre İlhan,tr,2günlük akyaka turumuzda konakladığımız hotel. konumu muazzam bir yerde. her yere çok yakın. bu konumdan akyaka'da yürüyerek gidemeyeceğiniz bir yer yok. hotel personeli de çok güler yüzlü ve yardımseverdi. biz günübirlik kalacağımız için çok beklentimiz yoktu ancak kaldığımız odanın temizliği konusunda biraz memnuniyetsizlik yaşadık. banyosundan dayanılmayacak derecede kötü kokular geliyordu. ama bizlere kapılarını açtıkları için özellikle alp bey'e ve tüm personele çok teşekkür ederiz.
Hotel Caretta,ALI BURAK BEYAZKILINC,tr,"yaklaşık 5 gece kaldık, odalar temiz, hizmet mükemmeldi. sabahları bir ablamız ve özgür bey(yanlış hatırlamıyorsam, uzun saçlı) her zaman halimizi hatımızı sorup yardımcı oldular, kahve ısmarladır. geceleride bir yıldız olarak alp bey her zaman bizlere neşeli sohbeti ile eşlik etti bir sonraki ziyaretimizde de kesinlikle bir aile sıcaklığında olan bu oteli tercih edeceğiz"
Hotel Caretta,Cuneyt Demirsoken,tr,"zaten tesise yabancı değildik sadece kısa bir süre ara vermek zorunda kalmıştık sağlık sebeplerinden dolayı, fakat günler, aylar,yıllar geçmiş olsa da caretta caretta otel sami bey önderliğinde, alp bey ve özgür bey idaresinde aynı kalite,samimiyet,sıcaklık tam bir aile ortamı aynen devam ediyor.bu kadar ilgili ,mütevazi bir işletme gerçekten turizm için büyük bir kazanç.iyi ki varsınız caretta caretta ailesi akyaka,size sonsuz teşekkürlerimi sunuyorum eşsiz bir tatil imkanı bana ve aileme sunduğunuz için..sağlıkla afiyetle aynen devam"
Hotel Caretta,Beyza Kurar,tr,"özgür bey ve alp beye herşey için çok teşekkür ederim çok ilgililer çok güler yüzlüler biz tamamen şans eseri bulduk ama iyi ki bulmuşuz hijyen olarak çok iyi çarşaflar,havlular kar beyazı mis korkuyorlardı konum olarak da harika bir yer sabah kahvaltısına gittiğimiz yerden de çok memnun kaldık özgür bey olsun alp bey olsun ve yardımcı ablalarda olsun hepsi çok ilgili ve güler yüzlüler seneye tekrar akyakaya gidersek yerimiz belli iyi ki caretta hotel 🫶"
Hotel Caretta,Taner Toksoy,tr,i̇ki gece geçirdik. konumu çarşının içinde ve her yere yakın. temiz ve fiyatı uygun. i̇şleten arkadaşlar ilgili. çok memnun kaldık
Hotel Caretta,Yunus Sahin,en,"it is very local, which is nice however if you plan on sleeping early i would recommend another place. throughout night you would also hear people noice from outside. the prices are in the upper side of the area. the rooms were okay, there was no fridge in the room."
Hotel Caretta,Selin Seylan,en,"if you want to be in the center and stay in a clean and reliable place, you can choose this place without hesitation. the owners are very sweet and caring people .. thank you for everything you are super carrette family"
Hotel Caretta,Volkan Bozkurt,en,best hotel to stay in akyaka. friendly and warm reception also clean and peacefull rooms.
Hotel Caretta,Yusuf Agdere,en,"central location, clean and spacious rooms."
Hotel Caretta,Yunus Emre İlhan,en,"the hotel where we stayed during our 2-day akyaka tour. the location is in a magnificent place. very close to everywhere. there is no place in akyaka that you cannot walk from this location. the hotel staff was also very friendly and helpful. since we were staying for the day, we didn't have high expectations, but we were a little dissatisfied with the cleanliness of the room we stayed in. an unbearably bad smell was coming from the bathroom. but we would like to thank especially mr. alp and all the staff for opening their doors to us."
Demircioğlu Park Hotel,Fazıl Kavukoğlu,tr,16.08.2024 tarihinde düğünümüz olması sebebi ile 1 gece konaklama yaptık. muğla nın en yeni en iyi oteli olarak biliniyor ama asla öyle değil. gelin ve damata özel bir oda olduğunu belirttiğim halde odamızda en ufak bir hazırlık yoktu. yatak çarşafımız yırtık idi. türk kahvesi rica ettik o dahi verilmedi. verdiğimiz paranın karşılığı olan bir hizmeti alamadık. banyo malzemeleri kalitesiz. özetle muğlada yaşayan birisi olarak demircioğlu otel de bu rakamlara kalmayı kimseye tavsiye etmem. sağolsun buzdolabına 2 adet su koymuşlar onu es geçmeyelim :)
Demircioğlu Park Hotel,Burak Mehmet Küçükoğlu,tr,i̇şim dolayısıyla çok fazla seyahat ediyorum demircioğlu park otelde aldığım hizmetten dolayı çok memnunum uzun bir konaklama yapıyorum spor salonu kapalı havuzu ve spa merkezi olması beni çok mutlu etti işim sonrasında sunulan bir çok imkandan faydalanıyorum ayrıca kahvaltı ve yemek konusunda zengin bir menü sunuyorlar otel müdüriyeti ve çalışma ekibine teşekkür ediyorum güleryüzlü ve her zaman küçük jestlerle karşıladıkları için
Demircioğlu Park Hotel,Muhammet Göçer,tr,uzun süredir konaklama yaptığım bir otel iş için çok sık tercihtedir ailemle konaklama yapıyorum.gerek hizmet gerek temizlik ve personelin ilgi alakası evimden farksız hissettiriyor.resepsiyon da yeşim hanım ve gözde hanıma güler yüz ve alakası içim çok teşekkür ederim.oda temizliğinde sevban hanım garson ceyhun bey e hizmetlerinden dolayı teşekkürlerimi iletiyorum.
Demircioğlu Park Hotel,Ömer Mut,tr,"koca otelde seyyar ütü yok, gece geç gelip erken çıkacaksanız kendi ütünüzü getirmenizi tavsiye ederim. banyomdaki fan kapanmıyordu bütün gece çalıştı, oda eskimişti ve çalışmayan aydınlatmalar vardı, tekrar tercih edeceğimi sanmam"
Demircioğlu Park Hotel,Celikyurekli Celikyurekli,tr,"odalar çok güzel ve temiz. otelde starbucks var.otel müdürü serdar bey çok ilgili ve nazik biri. staff mükemmel, ihtiyacınız ne varsa, yardımcı olmaya çalışıyorlar. kesinlikle muğlaya geldiğinizde kalınması gereken bir yer."
Demircioğlu Park Hotel,Gillian Lynch,en,"beautifully kept, you're getting a luxury hotel for basic price. indoor swimming pool, sauna,steam room all included in the price!! the rooms are spacious and have big comfy beds, everything you need is there. breakfast is also included and more than enough to set you up for the day. lastly all the staff but especially the young lad on reception are friendly and helpful!!! oh also good position for center of town for shops and amenities easily walkable.i would definitely recommend staying here."
Demircioğlu Park Hotel,Pat richardson,en,"absolute luxury . we came to mugla for the first time (it won’t be the last) and after an enjoyable day booked into this hotel. it was wonderful in everyway ,the staff were lovely ,and at breakfast very attentive. it was a lovely turkish breakfast. i would highly recommend this hotel pat and alan richardson. five stars"
Demircioğlu Park Hotel,Nina,en,"2 nights on a business trip, good location, great clean bed, helpfull staff, super shower, breakfast at the next door cafe...adorable waiters, cool and modern design...would definitely go back"
Demircioğlu Park Hotel,Kataruna,en,haven't seen a more luxurious hotel before. the only thing i didn't like about it is that they copied our id card into their computer during check in.
Demircioğlu Park Hotel,Dem&Der Kardeşler,en,"the hotel is beautiful, it has big rooms. as it is in the center of mugla. you can find restaurants by walking. it has a free car park. breakfast is very good."
BEACON HILL SUITES,Şeyda Şahin,tr,otel manzarası çok güzel butik bir otel kendinize özel villa kiralamışsınız gibi rahat tatil yapıyorsunuz bebekle özellikle çok rahat ettik havuza açılan odalar sayesinde bebeğiniz uyurken bahçede vakit geçirebilirsiniz yakında plaj mevcut değil arabayla gitmek zorundasınız yeme içme mekanları aynı şekilde arabayla gidildiğinde daha konforlu otel dik bir yokuş üzerinde. otelin çok güzel odaları varken bize denk gelen oda çok dezavantajlıydı maalesef ki kahvaltı alanının alt katı ek kulübe gibi yeri oda yapmışlar insanlar kahvaltı yaparken direkt ses geliyor sabah 8’den sonra pek uyuyabilmek mümkün değil bebeğimiz her sese uyanan bir bebekti keşke bunu bize söyleselerdi yine de sorun etmeyip sessizlik rica ettiğimiz de batuhan bey sağolsun elinden geleni yaptı tekrardan ilgisi için teşekkür ediyoruz. oda sayısı az olması sayesinde otelde vakit geçirdiğiniz de kendinize özel havuzuymuş gibi oluyor 4 gün kaldık o 4 günde de otelde gündüz yalnızdık bebeğimiz uyurken kahve havuz keyfi yapabildik. çok sakin sessiz kafa dinlemelik bir yer. eğer böcek arı gibi şeyleri sorun ediyorsanız hazırlıklı gitmelisiniz çünkü çevresi orman ağaçlık ve bolca sinek ve arı mevcut batuhan bey çok ilgiliydi bizim düşünemediğimiz her şeyi bizim için düşünüp yaptı hizmette asla bir kusuru yoktu güler yüzü ve hizmeti için teşekkür ediyoruz
BEACON HILL SUITES,Gülşah Sertbaş,tr,"otelden bu sabah ayrıldık ve tek kelimeyle i̇yi̇ ki̇ ! dedik. eşim ve 2 çocuğumuzla konakladık. öncelikle manzarası konumu, odaları kahvaltısı personelin yaklaşımı ( özellikle batuhan beyin ilgisi alakası, yeme içme mekan tavsiyeleriyle bizi oldukça memnun etti kendisine sonsuz teşekkürler) ailece gönül rahatlığıyla tatil yapabileceğiniz temiz bir işletme. tekrar gelmek dileğiyle"
BEACON HILL SUITES,Ercan Bozbola,tr,"bir günlüğüne akyaka'da kalmamız gerekiyordu ve internette ilk karşıma çıkan yüksek puanlı ve yorumları yüksek otel olduğu için tercih etmiştim. ankara'dan 8 saatlik yolculuk sonrası otelin girişindeki o zorlu rampayı tırmanırken eşim ve ben acaba demeye başlamıştık ki.... öncelikle tüm çalışanların ancak özellikle batuhan bey'in samimi ve sıcak karşılaması ile gerçekten hala böyle insanlar kaldımı dedik ve odamızı, konumunu ve huzuru görünce i̇şte bu! dedik. odalar tertemiz ve butik bir otel için gerçekten çok iyi, herşey sorunsuzdu ve tertemizdi. odamızın kapısından 2 adım sonra sonsuz havuzu görünce gerçekten bayıldık, havuzun başında yemek yemekte ayrı bir keyifti. akyaka'ya ilk ziyaretimizi bu denli güzelleştiren tüm çalışanlara hayırlı ve bereketli kazançlar diliyorum. rotam buraya düştüğünde muhakkak tekrar konaklayacağım adreslerden birisi"
BEACON HILL SUITES,İZMİR MAN İN İSTANBUL,tr,"muhteşem manzara, odalar banyo genii ve temiz, etrafı orman, mimarisi inanılmaz. kesinlikle tavsiye ediyorum. (basit eksikker= odada çöp kovası gerekli, balkonda çamaşır askılığı gerekli, gece 12 den sonra dış kapının kapatıldığı haber verilmeli, kahvaltı kalitesi arttırılmalı ve her sabah aynı kahvaltı verilmemeli, çay makinası daha yakına konmalı, açık otoparka mıcır konmalı toz içinde.) bunlarınnhiçbiri sorun teşkil etmiyor ben gönülden tavsiye ederim."
BEACON HILL SUITES,Özge Topçu,tr,15-18 ağustos arasında 101 numaralı odada konakladık. çocuklu aileler için doğrudan bahçeye açılan odalar kesinlikle harika. manzara çok güzel otel sessiz sakin. kahvaltısı harika temizlik çok yeterli. 3 yaşında çocuğumuzla çok rahat ettik. batuhan beye naz ve pınar hanıma ilgilerinden dolayı çok teşekkür ederiz. beacon ve akyaka için 3 gün bize çok az geldi daha fazla zaman ayırmak gerektiğini anladık. bundan sonra akyakadaki adresimiz belli.
BEACON HILL SUITES,Selin Varwig,en,"we had a very peaceful week at beacon hill. the view of the valley is amazing. the stuff is very friendly and helpful. this was our 3rd year in akyaka. we love the location as it is quiter, yet 10 min walking away from the village. we will definitely come back!"
BEACON HILL SUITES,Pim Janssen,en,"we had a wonderful time staying here while spending a few days in akyaka. the road up the hill is quite steep, but you are rewarded with a beautiful view of akyaka and the bay. the staff was very helpful and friendly, and although the staff spoke only little english, with the help of google translate the communication could still take place quite well. recommended when going to akyaka!"
BEACON HILL SUITES,Saskia Rückel,en,"very friendly and welcome hotel and stuff. the rooms are super clean and nice facility, also the breakfast is typical turkish. the view from our room was amazing"
BEACON HILL SUITES,Mhmd Sayegh,en,"very clean,stuff are very friendly, the view is wonderful"
BEACON HILL SUITES,Сергей Куратович,en,for best friends only ;)
Kiraz Cicegi Butik Otel Akyaka,Andaç Komaç,tr,"kaldığımız oda genişti ancak odada bulunan kapatılmış bir kapının arkasında mutfak olduğu için sabah mutfak sesleri ile uyandık. oda temizliğini beğenmedik, yatak başlığı yoktu ve başınızı koyduğunuz duvarda bulunan rutubet çok rahatsız ediciydi. dekor amaçlı konulan yastıklar kirliydi, banyoda da rutubet mevcuttu. konumu merkezi ancak sokak çok gürültülüydü. kişi başı çocuk da ayrı olarak hesaplanmak üzere 200 tl verdiğimiz kahvaltı vasattı. personeller iyi ve güler yüzlüydü. ancak tekrar gelmeyi düşünmem."
Kiraz Cicegi Butik Otel Akyaka,Okan Kam,tr,"kaldığımız oda epey küçüktü. minibar ve elbise dolabı/askısı yoktu. otelin işletmecisi çok ilgili, güler yüzlü bir hanımefendi. bizimle epey ilgilendi. kahvaltı sunumu harika, çeşit olarak az fakat yeterli oluyor. ağır bir kahvaltıdan zaten hoşlanmıyoruz. odası o kadar küçük olmasa, minibar olsa ve elbise dolabı olsa 5 yıldızı sonuna kadar hak eder. ayrıca gün boyu tütsü kokusu bizim çok hoşumuza gitti. ruhu olan bir otel..."
Kiraz Cicegi Butik Otel Akyaka,M. Ersin EKREM,tr,"i̇lk olarak tek yıldız vermiştim ancak işletme sahibi doğrudan benimle iletişime geçti ve sıkıntılar üzerine konuştuk. bu düşünceli ve nazik davranış sebebiyle puanımı 3 yıldıza yükseltmem gerektiğini düşündüm. otel akyaka merkezde, kumsala ve otobüs durağına yakın. çevresinde birçok lokanta, kafe ve bar bulunmakta. oda temiz, yatak rahattı. ancak benim kaldığım oda küçüktü, uzun süreli kalınmaz. diğer odalar büyüktür belki bilemiyorum. benim yaşadığım sıkıntı idaresel idi. danışmak için herhangi bir yetkili veya bir resepsiyon/danışma masası maalesef yok. hem girerken hem de çıkarken zorluk yaşadım, anahtarı teslim bile edemeden, sanki kaçar gibi öylesine terk ettim oteli. i̇nternet şifresini almayı unutmuşum, gece aklıma geldi, yine bir yetkili bulamadım. i̇şletme sahibini gece yarısı aramam gerekti."
Kiraz Cicegi Butik Otel Akyaka,Ümit Kök,tr,"akyaka'nın tam merkezi konumunda bulunup,yapmak istenilen her faaliyete yakın konumda olan 3 odalı çok şirin bir butik otel.i̇şletme sahibi melis hanım çok ilgili ve mütevazi bir insan bu mütevaziliğin'den dolayı ayrı teşekkürlerimizi sunarız.biraz otelden bahsetmek istiyorum, tasarımı ve enerjisi gerçekten çok etkileyiciydi.enerji dolu bir çift olarak bütün odalarını gezip konaklama yaptığımız için bizzat biliyorum.:)şunlara da deyinmek istiyorum otele giriş yapar yapmaz bizi karşılayan gamze hanıma çok teşekkürlerimizi sunarız.otele giriş yapar yapmaz güler yüzlü pozitif bir enerjiyle karşılandık.otelin sabah kahvaltısı başka oteller gibi değildi anne eli değmiş gibi söyledikleri gibi evinizde yaptığınız kahvaltı gibi güzel bir kahvaltısı var ve çeşitlilik çok.bu tatilimizi biraz daha neşelendiren kiraz çiçeği bünyesine çok teşekkür ederiz. gönül rahatlığı ile seçip tatil yapabilirsiniz."
Kiraz Cicegi Butik Otel Akyaka,Aysun GÖKALP,tr,"eşim, ben, gofret ve gölgemizle çok güzel hoş bir tatil yaşadık. odalar çok temiz ve çok şirin. mavi ve pembe oda aile odası diğer oda tek kişi kalınabilir. özellikle i̇şletmede çalışan kızımız gamzenin ilgisi alakası paha biçilemez. şunu özellikle belirtmeliyim ki gerçekten hayvan dostu otel. akyaka çok şirin bir yer gidipde görmeyenlere akyaka yı ve tabiki de kiraz çiçeği butik oteli tavsiye ederim. otel sahibi melis hanımın ayrıca annesinin ilgisinede çok teşekkür ederim. herşey için teşekkürler"
Kiraz Cicegi Butik Otel Akyaka,gaia,en,"i had expectations on this place after reading so many enthusiastic reviews. unfortunately our stay (1 night) was disappointing. the owner was kind to meet out needs: we arrived late evening, she gave us a discount on the full price of the room (71 euro with breakfast and only cash!). but even with the discount, the room was totally overpriced: it was so small that we couldn't open the luggage on the floor. the bed was very noisy, the door of the shower was broken, breakfast from 9.30 (we obtained 9 o' clock) it was small and you'd have to extra pay for coffee (never heard it before)! it's hard to find parking. i'm sorry but i cannot recommend it."
Kiraz Cicegi Butik Otel Akyaka,Andaç Komaç,en,"the room we stayed in was large, but since there was a kitchen behind a closed door in the room, we woke up with the sounds of the kitchen in the morning. we did not like the cleanliness of the room, there was no headboard and the dampness on the wall where you laid your head was very disturbing. the pillows placed for decoration purposes were dirty, and there was humidity in the bathroom. the location is central but the street was very noisy. the breakfast for which we paid 200 tl per person, calculated separately for children, was mediocre. the staff was good and friendly. but i wouldn't consider coming again."
Kiraz Cicegi Butik Otel Akyaka,Okan Kam,en,"the room we stayed in was quite small. there was no minibar or wardrobe/hangers. the manager of the hotel is a very caring and friendly lady. he took great care of us. breakfast presentation is great, variety is small but sufficient. we don't like a heavy breakfast anyway. if the room wasn't so small, had a minibar and a wardrobe, it would deserve 5 stars. we also really liked the smell of incense throughout the day. a hotel with soul..."
Kiraz Cicegi Butik Otel Akyaka,M. Ersin EKREM,en,"i originally gave it one star, but the owner contacted me directly and we talked about the problems. because of this thoughtful and kind behavior, i thought i should raise my score to 3 stars. the hotel is in the center of akyaka, close to the beach and bus stop. there are many restaurants, cafes and bars around. the room was clean, the bed was comfortable. however, the room i stayed in was small and cannot be used for long periods of time. maybe the other rooms are bigger, i don't know. the problem i had was administrative. unfortunately, there is no authorized person or a reception/information desk to consult. i had difficulty both entering and leaving, i left the hotel without even handing over the key, as if i was running away. i forgot to get the internet password, i remembered it at night, but i couldn't find an official again. i had to call the business owner in the middle of the night."
Kiraz Cicegi Butik Otel Akyaka,Ümit Kök,en,"it is a very cute boutique hotel with 3 rooms, located in the very center of akyaka and close to every activity you want to do. the owner of the business, melis, is a very caring and humble person. we would like to thank you for this modesty. i would like to talk a little about the hotel, its design and energy. it was really impressive. i know it personally because we visited all the rooms and stayed there as an energetic couple. :) i would also like to say the following, we would like to thank ms. gamze, who welcomed us as soon as we entered the hotel. as soon as we entered the hotel, we were greeted with a smiling face and positive energy. the hotel's breakfast is served in the morning. it was not like other hotels, it was like a mother's hand, as they say, it has a nice breakfast, just like the breakfast you have at home, and there is a lot of variety. we would like to thank the cherry blossom for making our holiday a little more joyful. you can choose and have a holiday with peace of mind."
Merve Han Residence Hotel,Aybüke Karaman,tr,otelz üzerinden tesise standart oda 2 gece 09.08-11.08 tarihleri için rezervasyon yaptık.ertesi gün otele erken varma ihtimalimiz olmasından kaynaklı sabah erken saatlerde oteli arayarak erken check in konusunda destekçi olmaları konusunda ricada bulunduk fakat tesise gittiğimizde yardımcı olunmadı. girişteki deskte duran çocuk yüzümüze bile bakmadı hoşgeldiniz bile denmedi.gittiğimizde kahvaltı saati olmasına rağmen kahvaltıya alınmadık ekstra ücret talep edildi. ki ertesi gün başka misafirlere imtiyaz tanınarak kahvaltıya alındıklarına şahit oldum.giriş günü saat 12:00 gibi valizlerimizi otelde bırakarak otelden ayrılmak zorunda kaldık.aynı gün akşam 18:00 civarı otele geldiğimizde valizlerimizin odamıza alınmış olmasını beklerken resepsiyon emanet edilen kişi bizi balkonu mutfağa bakan bodrum kat camsız bir odaya aldı. odanın web sitesindeki görsellerle alakası yok ayrıca oda pislik içerisindeydi. su bile yoktu. mutfak tezgahı var fakat bardak bile yok. prizler duvardan sökülmüş sallanıyor. mutfaktaki çeşmeden su gelmiyor musluk küf içinde. banyo çeşmesi kırık. ayrıca çeşmelerden tuzlu su akıyordu duş dahil. bu odada kalmak istemediğimizi söyleyerek ücret iademizi talep ettiğimizde resepsiyonda duran esmer genç otelde yetkilinin olmadığını izinli olduğunu söyledi. koca otelde bir tane muhatap bulamadık. otel müdürü olmayan muhattap bulamayacağınız bir otel. hijyen sıfır. sabah odamıza dolan iğrenç yağ kokusuna uyandık. odamız neredeyse mutfağın içinde olduğu için. acenteyi aradığımızda mesai saatleri içerisinde olmadıklarından yardımcı olamayacaklarını söylediler. oteldeki resepsiyon görevlisi boş bir oda olduğunu fakat fiyat farkı olduğunu odamızı da değiştiremeyeceğini söyledi. farklı bir otelde de yer bulamadığımız için mecburen bu otelde 2 gün geçirmek zorunda kaldık. sağlığınızı düşünüyorsanız bu tesiste kalmayın. boş odaları olmasına rağmen mağdur edilerek o leş gibi odada kalmak zorunda bırakıldık. tatilinizin zehir olmasını istemiyorsanız bu tesise gitmeyin.paramızla rezil olduk.
Merve Han Residence Hotel,Feyza Söylemez,tr,"otel genel olarak beklentilerimizin üstündeydi. lokasyon olarak azmak nehri’ne yürüme mesafesinde. havuzu ve barını da gün içinde kullanabilirsiniz ancak akşam saatlerinde hem havuz hem de bar kullanım dışı. odaların temizliği günlük olarak yapılıyor. bunlara ek olarak kahvaltı açısından beklentinizi düşük tutun, maalesef doyurucu değil ."
Merve Han Residence Hotel,Emine Işık Şeker,tr,çıktığımız ege turumuzda azmak nehri ni görmek için gittiğimiz akyaka dan soğudum bu otelin yüzünden. pislik içinde malesef ilk kez yorum yapıyorum. yapayım ki insanlar internetteki fotolara aldanıp gelmesinler. mimarisi çok güzel azmak nehrinin dibinde akyaka sahile yürüme mesafesinde bahçesindeki begonviller harika. ama sadece bu yazdıklarım olumlu yönleri. odaya girince ağır bir sinmiş sigara kokusu karşılıyor sizi klozet oturma yeri çişten sararmış uzun uzun yıkadıktan sonra kullandık yine de tiksinirek. yatak odasında yastığın üzerinde uzun bir saç kılı vardı müşteriden mi kalmış kılıfı takan kişiden mi düşmüş bilemedim. yataklar çok kötü sırt ağrısıyla uyandım. işıklar yanmıyor denecek kadar sönük musluktan tuzlu su akıyor. kahvaltı da çeşit arayan biri değilim ama hijyen berbat durumda. böyle bir mimariyi neden bu kadar pis tutarsınız anlam veremiyorum yazık.
Merve Han Residence Hotel,Berna Ketir,tr,"şu an burada kalıyorum, musluktan akan sular sodalı azmak suyu sanırım tuzlu gibi. bahçesi, konumu güzel çalışanlar saygılı. banyonun muslukları küf ve geldiğimizde banyo üstün körü silinmişti, lavabolar temizlenmemişti, yerde ve lavaboda saçlar vardı malesef temizlik konusunda sınıfta kaldı. taharet musluğundan da su akıyor ve duşakabinin bir kabini yerinden çıkmış öyle kenara bırakılmış, hiç mi kimse görüp şunları tamir edelim demiyor… bir de aşağı katta ağır bir kimyasal koku var ama odaya koku gelmiyor allahtan. ha bir de kat görevlileri bizim olduğumuz odayı kısa yol olarak kullanıyormuş, odadayken bahçeden biri gelip diğer kapıdan çıktı aşağı kattaysanız balkon kapınızı kilitleyin"
Merve Han Residence Hotel,fatma gökmen,tr,4 kişilik oda kahvaltı 5000 lira verip kişi başı 10.000 lira olan oteller ile karşılaştırma yapanların yorumlarının dikkate alınmaması gerekiyor. yıllarca 5 yıldız belek otellerine döktüğüm paralara acıyorum bu şekilde güzel ve konforlu yerleri bu fiyata gördükçe. kahvaltı minimum ama yeterli. odalar geniş ve yeterli . havuz akyaka pansiyonlarının çoğundan daha büyük. bahçesi çok güzel .30 ağustos 3 günlük tatili çok yoğun bir dönem olmasına rağmen çalışanların özverisi sayesinde saat 14 de odamız teslim edildi. bir değerlendirme yapılırken verilen hizmet ile verdiğin ücret ile değerlendirmek gerekir. çok teşekkür ediyorum merve han ailesine.
Merve Han Residence Hotel,Roza Gazarian,en,"avoid this hotel. looks fine from the outside, horrendous from the inside. the service is just bad — no one seems to care if you’re actually satisfied. breakfast is literally the worst i’ve had in turkey (enjoy your one boiled egg with two cheese slices!) room poorly cleaned, no water, no tea kettle. why make a kitchenette if there’s absolutely nothing (not even a single cup or a glass) in there? could go on and on."
Merve Han Residence Hotel,alparslan ege erdogan,en,"very good designed, staff is quite friendly. pool is clean. rooms are cool and good. foods tastes cool and shows the behavior of turkish hospitality. my room had kitchen so i could cook. i am feeling quite good for stating at this hotel. have a good day!"
Merve Han Residence Hotel,Halit Demir,en,"absolutely shocking. i don't know how to describe. 25 years experience in hospitality never seen anything like this. the room is freezing cold and looks like no one touched since the place is opened. the bin left full from pervious guest in toilet ( disgusting ) staff quite friendly but looks like theres no hygiene . breakfast ; class dirty, plate smell disgusting egg ( you know what i mean ) knife were bunch of dirt from pervious service . no way i will be here again."
Merve Han Residence Hotel,Gokhan Aygun,en,"very family friendly, staff is helpful, its restaurant is as good as any other in akyaka, even better than some. some double rooms are very small. cleaning and amenities need to be improved. our towels were stained, amenities in the bathroom had a strange smell."
Merve Han Residence Hotel,Helena Ilves Aygun,en,"it is family friendly hotel. very good facilities - there are a pool, sauna, children's playground, restaurant... double rooms are small, family rooms in good size, breakfast rich and delicious. but the room amenities and cleaning should be improved."
XOX Apart Hotel,Can Kavanoz,tr,"1+1 dairesinde kaldık. hayatımda kaldığım en temiz yerlerden. her şey mis gibi. i̇çi çok bakımlı, eşyalar yeni. mutfağı ve balkonu da var, ister hafta sonu keyfi için ister daha uzun tatilleriniz için tavsiye ederim. balkondan güzel bir deniz ve orman manzarası var, işletmecileri ile iletişim çok kolay ve kibarlar. her türlü ihtiyacınızda yardımcı oluyorlar. kışın gelirseniz şöminesi de var 🫶"
XOX Apart Hotel,MELTEM ÖZER,tr,"mart ayında yaptığımız konaklamadan oldukça memnun kaldık. 9 ylık bebeğimizle çıktığımız bir tatildi. dolayısı ile mutfağı olması bizim için büyük bir avantajdı bebekten ötürü. mutfakta tüm ekipman mevcut. bulaşık makinesi için tablet bile vardı. biz en üst katta kaldık şöminesi vardı, gittiğimiz dönem çok yağmurlu bir döneme denk geldi. şömineyi kullandık hava da serin olduğu için. sadece 3 gün konaklama için konulan odun bence yetersizdi, 1 günlük odun gibiydi. balkon manzarası çok güzel oldukça havadar. odalar temizdi, bebek olduğu için temizlik oldukça önemliydi bizim için. tek dezavantaj eğer bebekli iseniz en üst katı tercih etmeyin, çünkü eşyalarla ve çocukla üst kata çıkmak zor oluyor. her şey için teşekkürler."
XOX Apart Hotel,Tahsin boztuğ,tr,akyaka’yı yaşamak için harika bir hotel. konaklama ve dinlenme meselesini eviniz gibi çözebileceğiniz rahatlıkta. i̇lgi ve alakaları için i̇brahim bey ve ceren hanım’a teşekkür ederiz. dairelerde her şey düşünülmüş dolayısıyla resepsiyon ile sadece girer çıkarken selamlaşıyorsunuz. konumu süper. xox hotelden sonra akyakayı kurmuşlar gibi. her şey 1 dk uzaklıkta. çok beğendik. tekrarında düşünmeden yine tercihimiz olacaktır. net tavsiyemdir. sağlıcakla…
XOX Apart Hotel,Dila Yurdatapan,tr,"biz bir gün için kaldık ama uzun süre konaklamak isteyenlere kesinlikle tavsiye ederim. her şey en inceaytıntısına dek düşünülmüş, evinizin konforunu aratmayacak şekilde tasarlanmış ve en önemlisi çok temizdi"
XOX Apart Hotel,NİHAL DOĞANER,tr,"2024 mayıs ve haziran aylarında, 1 ay süresince xox apart hotel’in misafiri olduk. yaklaşık 30 yıldır akyaka’ya gelir ve çeşitli otellerde konaklarız. otelin sahipleri, i̇brahim bey ve ceren hanımın her konudaki yardımları ve nezaketleri, personelin temizlik ve hijyen konusundaki titizlikleri, güleryüzleri, eşyaların ve odaların konforu bize kendimizi evimizde hissettirdi. akyaka’ya gelmek isteyen herkese kesinlikle öneririz."
XOX Apart Hotel,Susan Munns,en,"large, clean apartments with mountain and sea view. good communication with the owners and a really friendly check in. mid stay clean and fresh towels were unexpected but very welcome. quality appliances and well equipped. nicely situated with a supermarket, excellent coffee shop and free car park opposite. plenty of local restaurants and an artisan deli/bakery /greengrocery nearby. we've fallen in love with akyaka and will definitely return. we would definitely recommend xox apartments!"
XOX Apart Hotel,Serj Prikhodko,en,awesome! the apartments are just wonderful! it’s a rare find. apartments are spacious. everything works and is in good shape. convenient location and the view is good. cleaning is superb and we had an extra midway cleaning that was just amazing! host are just great welcoming people! it’s so good to see places like this where an owner holds to higher standards. ps in winter it was very comfortable and warm.
XOX Apart Hotel,Laska Nenova,en,"we had a fantastic two bedroom apartment, 2 bathrooms, and 3 wc. the kitchen is fully equipped. the common area is large, light amd comfortable. we were happy with our choice."
XOX Apart Hotel,Sabri Gokmen,en,"we stayed for 4 nights as a group of 6 in a 2 bedroom apartment. the rooms are decent, beds are comfy. the hotel is located in a central spot, supermarket and banks are nearby. rooms have ac and a decent size kitchen is available for cooking as well. good accommodation!"
XOX Apart Hotel,Jose Manuel Ramirez,en,very friendly and helpful staff. the apartment had all the equipment needed in a house. on top of that the cleaning was perfect. our stay was really pleasant.
Tuna Otel Rezidans,Tuncel YILDIRIM,tr,temmuz ayında 2 gece kaldım. 2. gece klima bozuldu ve hamam gibi odada yatmak zorunda kaldım. i̇şletme sabahi bekleyeceğiz teknik ekibimiz yok. yapabileceğimiz bir şey yok şeklinde yanıt verdi. otel önünde bangır bangır halay müzikleri çalındı işletme hiç bir uyarıda bulunmadı. tavsiye etmem.
Tuna Otel Rezidans,Mustafa Şan,tr,"bayram tatilinde konaklamak için bu oteli tercih ettik, odaları gayet güzel temiz aynı zamanda ferah eşyalar yeni kahvaltı da yeterliydi memnun kaldığımız bir otel oldu tavsiye ederim"
Tuna Otel Rezidans,Muhammed Harputlu,tr,mitra tur ile geldiğimiz otel tam anlamıyla is seyahat ve arabası olan bireyler için çok güzel imkanlar sunuyor.gorev bazlı ülkemizin çeşitli bölgelerinde otellerde bulunma imkanına sahip oldugumdan otel fiyat performans kalite açısından çok güzel kesinle tavsiye ediyorum bu yazıyı okuyup otelde kalanlar bana dua etsinler
Tuna Otel Rezidans,Şahin Şahin,tr,"şu an bu oteldeyiz. tertemiz. mis gibi. personel muhteşem. güleryüzlüler ve her konuda yardımcı oluyorlar. ayşe hanım, önder bey ve tüm personele sonsuz teşekkürler. i̇yi ki buradayız."
Tuna Otel Rezidans,Lara Tan,tr,her sene sürekli gittiğimiz otel ama bu sene üç günden fazla kalamadık klima otomatik gece yarısı sönüyor kan ter içinde kalıp yatamadık biz umarım bir an önce sorunu hallederler
Tuna Otel Rezidans,A EH,en,"we stayed at tuna hotel in july during our long stay in muğla. the hotel is impeccable. the rooms are very nice, clean, and well decorated with enough space for all belongings. the cleaning crew and hotel staff are amazing. very attentive and kind. excellent hotel and great customer service. we will definitely stay there if we are in muğla."
Tuna Otel Rezidans,hgokturk,en,it is new and one of the best hotel in muğla province. rooms are quite wide and new. all the equipments and othercomponents in room very new. nothing happened disturb me. it has a relaxing and peacefull atmosphere. it ıs suitable for families. i think that it has a good price and benefit ratio.
Tuna Otel Rezidans,Fion Low,en,room air cond is not function luckily the weather is not hot price not cheap walk in room rate with 4500 turkish lira
Tuna Otel Rezidans,Tuncel YILDIRIM,en,"i stayed for 2 nights in july. on the 2nd night, the air conditioner broke down and i had to sleep in the room like a bath. we do not have a technical team to wait on the morning of operation. he replied, ""there's nothing we can do."" loud halay music was played in front of the hotel and the property did not give any warning. i do not recommend."
Tuna Otel Rezidans,Mustafa Şan,en,"we chose this hotel to stay during the holiday, the rooms were very nice, clean and spacious, the furnishings were new and the breakfast was sufficient, it was a hotel we were satisfied with, i recommend it."
Panamara Otel,recep balaban,tr,bu otel için öncelikle buraya yorum yapanlar galiba daha önce hiç otelde kalmamış. odalar leş gibi sigara kokuyor. yastıklara sigara kokusu sinmiş. banyo tuvaletler 60 lı yıllardan kalmış gibiydi. kabus gibi bir gece geçirdim. yorumları kendi çalışanlar yapıyor sanırım.klimaların filtreleri tozdan görünmüyordu. sezon başında bari temizletin. paramıza yazık..
Panamara Otel,Ömer HALDIZ,tr,"otel uygun fiyatlı ve temiz. konumu güzel. arka cephe odada kaldım. balkonumdan zeytin ağacına uzanabiliyorum. doğayla iç içe. personel hem güler yüzlü hem saygılı. her karşılaşmamızda bir ihtiyacınız var mı diye soruyorlar. burası fazlasıyla fiyat/performans oteli. 5 katı fiyatlı oteller ile karşılaştırmayın, oralardaki fazlalık imkanları beklemeyin. 5 gece kaldım. sorun yaşamadım."
Panamara Otel,Dogan Okcan,tr,resepsiyonistin müşteri ilişkisi sıfır.. herif sanki dünyayı yaratmış.. gece uğradık kalırsanız kalın.. kalmazsanız kalmayın tavırları.. önce bir esnaf olmayı öğren..odalar desen it bağlasan durmaz.. kahvaltı için resepsiyonda iki üç uyduruk masa.. uyduruk odalar..puanlamayi mecburen birer yıldız verdim.. çünkü sıfır yıldız şansım yoktu.. tavsiyem kesinlikle gidilecek kalınacak biyer değil..
Panamara Otel,furkan haksever,tr,eşim ile 1 gece kaldık. odalar küçük ama 1-2 gece idare etmek için uygun. sabah kahvaltısı 7-9 arası imiş fakat keşke konakladığımiz gün resepsiyondaki kişi tarafından bilgi verilse güzel olurdu çünkü kahvaltıyı kaçırdık 9.20 geçe indik. en azından girişte felan yazılması gerekir. odada klima vardı bu sebeple rahat ettik. duş imkanı var fakat en azından 1 duşakabin yapılsa daha güzel olurdu. fiyat performans denilebilir.
Panamara Otel,Nurcan Demir,tr,güler yüzlü hizmet ve temiz odalar icin kendilerine tesekkur ederim .. ustelik doğayla içiçe ve civar yerlerde tarih yatiyor hem dinlenme hem gezme icin guzel bir tesis
Panamara Otel,FRS3,en,traditional turkish house conversion to hotel. old furniture and manner but friendly staff. suitable for seasonal workers and hitchhikers.
Panamara Otel,Eszter Borbely,en,"the staff were wonderful and did everything in their power to make our stay comfortable. the beds were comfortable, was a perfect place to stop along our journey. teşekkürler"
Panamara Otel,Hosam Ezzidin,en,it was well received and they are very friendly and welcoming to their visitors
Panamara Otel,Muhammed Heiba,en,"enjoyed my stay there , thanks for having me"
Panamara Otel,recep balaban,en,"first of all, i think those who comment here have never stayed in a hotel before. the rooms smell like cigarette smoke. the smell of cigarette smoke permeated the pillows. the bathroom toilets looked like they were from the 60's. i had a nightmarish night. i think the comments are made by the employees themselves. the filters of the air conditioners were not visible due to dust. at least have it cleaned at the beginning of the season. it's a shame for our money.."
AnkAkyaka Apart Hotel,Nurten Ö.,tr,biz en ucuz ve en dar odada kaldik. bunu biliyorduk ve ihtiyacimiz sadece gece gecirebilecegimiz odaydi. bu sebeple eger oyle bi otel ariyorsaniz en ucuz oda yeterli. oda gercekten kucuk yatak ve mini buzdolabi disinda buyuk valiz acmak isteseniz acamazsiniz. banyo tuvalet yeterli. dedigim gibi gecesine 900 tl verdiginiz oda size kalmak icin temel sartlari sagliyor. yatak yastiklar vs rahat. tuvalet banyo temizdi. biz tek gece kaldik ve ikinci gece de kalmak istesek oda gozumuze batabilirdi. ama tek gece tolere edildi. odada internet cekmiyor ama wifi sifresi talep edilebilir. konum acisindan da her yere yurume mesafesi.
AnkAkyaka Apart Hotel,Semih Ceyhan,tr,"konumu güzel, odalari geniş, ama eski ve tuvaletler kokuyordu. fakat personelin tavrı bir değişik. telefonda konuşup anlaştığımız fiyatın üstünde bir fiyat söylediler. sonra da bize yalancı muamelesi yapıp atar yaptı arkadaş. ben yalan söylüyorum o zaman diye atarlandi. fiyatı düşükten aldı sonuçta ama üslup çok rahatsız ediciydi. üzücü ve moral bozucu bir deneyimdi. bu sebeple iki yıldız verdim yoksa daha fazla hak eder. akyakada pek çok apart var başkasını tercih edebilirsiniz..."
AnkAkyaka Apart Hotel,Şemsi Aksel,tr,her bütçeye göre uygun. 1000 liralık odada kalmakla 2000 tl aynı değil. biz 1+1 de kaldık. her şey ferah çift balkon vardı. tertemizdi. valizde açamadık diyenler ona göre tutacak yada apartın tüm odaları dar gibi ambiyans yaratmayacak. 2 yaş oğlumla çok rahat ettik. güven içinde gelebilirsiniz. teşekkürler ankakyaka apart hotel
AnkAkyaka Apart Hotel,ilayda ülker,tr,"biz eylül 29 da aile olarak konaklama yaptık çok memnun kaldık. apart tertemizdi, çalışanlar ilgiliydi . apartın malzemeleri temizdi ve her şey düşünülmüştü. çok memnun kaldık teşekkür ederiz fethiye’den selamlar"
AnkAkyaka Apart Hotel,Viktor Thiessen,tr,"ank akyaka otel’de konaklamam harikaydı. fiyatı oldukça uygun olmasına rağmen, sunduğu temizlik ve kalite gerçekten beş yıldızı hak ediyor. odalar modern ve özenle temizlenmişti. personelin güler yüzlülüğü ve ilgisi, tatil deneyimimi daha da güzelleştirdi. akyaka’nın doğal güzelliğiyle birleşen huzurlu atmosferi, burada geçirilen zamanı unutulmaz kılıyor. uygun fiyatlı, temiz ve konforlu bir konaklama arayan herkese gönül rahatlığıyla tavsiye ederim"
AnkAkyaka Apart Hotel,Faysal Motovlogs,en,"good experience with the room, centre is 5 minutes walking where you can everything like restaurant, shops, banks, departmental stores. view from outside the building is amazing due to it's amazing nature if you want to see the room tour of this hotel which will be released soon please check on my youtube and subscribe. i am a motovlogger and travel inside turkey at different locations @moodylens best regards"
AnkAkyaka Apart Hotel,Fritschi Freeride,en,"staying in ankakyaka was to me: a nice and clean place to sleep a series of option to choose from, from double bedded rooms with kitchen and balcony & big rooms to small rooms with double bed in minimalistic-style stuff which to got along with very nicely even though we where not speaking the same language a nice & warm morning smile ,when you pass someone after getting up a chance to use a kitchen and therefore make use of the local fish-market a very nice and respectful and friendly owner with son which where very kind and helpful i'm a simple person it , doesn't need much for me but even if your not in ankakyaka you get great value for the money you invest. i'd like to stay here again - some day - the minimalistic rooms they also have where perfect for me and my needs. i'm already looking forward for another visit in ankakyaka. greetings and all the best form ceto & ... me : ) the room 212 could use some better scent, but that really a minor problem not major."
AnkAkyaka Apart Hotel,Zarrina Çebi,en,"very nice place to stay! love balcony , apartments have everything you need, close to the river and beach shopping stores are nearby."
AnkAkyaka Apart Hotel,Anton van A,en,"we had a small room, which was really small lol. friendly staff and convinient stay! recommended"
AnkAkyaka Apart Hotel,Akin Turan,en,wow decent showers höt hot water if needed. very hard to find..others are decent..
Santo Akyaka Home,Hilal Leventoğlu,tr,"yorumları okuyunca gerçekten şaşırdım. i̇ki hafta boyunca üç farklı butik otelde konakladım. hepsi ekonomik odaydı. i̇çlerinden en beğendiğim santo oldu. çalışanları gayet samimi ve güler yüzlüydü. kendimi rahat hissettiğim içinde düşündüğüm süreden daha fazla kaldım. terlik, şampuan, saç kurutma makinesi vb olmadığı zaten tarafıma iletilmiştim bu yüzden tedbirli gitmiştim. tv de sorun yaşadım ama söyleyince çözüldü. duşta sıcak su beklentimi fazlasıyla da karşıladı. mutfaklı bahçe katı (yanlış hatırlamıyorsam menekşe1 odaydı) çok memnundum. gece nefes alacağım güzel bir bahçe ve özellikle bol kedili bir butik otel. hayvanlara sahip çıkan işletme, insana yüz çevirmesini beklemeyin ekonomik odadan beklentiniz 5 yıldızlı otelse ne diyebilirim ki sürekli akyaka giden biri olarak söylüyorum bunu, tercihim yine santo'dan yana olacak. teşekkür ediyorum 🫶"
Santo Akyaka Home,Edahan Yeşilırmak,tr,"konum olarak azmak nehrine ve plaja 1 km den kısa mesafede. yürüyerek rahatça gidilebiliyor. biz bahçe katındaki odada kaldık, odada çok yoğun bir nem kokusu vardı. özellikle banyo ve tuvalet gerçekten çok kötü kokuyordu. havalandırsak da koku sıksak da asla geçmedi. i̇ki tek yatağı birleştirip çift kişilik yatak yapmışlar, tek kişilik bir tane örtü koymuşlar, el havlusu banyoda klozetin üzerindeydi, tv nin ortasından beyaz bir çizgi geçiyordu, tuvaletteki dışında çöp kutusu yoktu, odada saç kurutma makinesi bile yoktu. sabah 9.30 da elektrikli süpürge sesine uyandık. daha önce de bu tarz yerlerde kaldık, odada en azından saç kurutma makinesi, banyo terliği gibi şeyler oluyordu. bunlara ek olarak sahipleri ve çalışanlar hiç güleryüzlü değil. etrafta benzer pek çok yer var. fiyatları da aşağı yukarı aynı. tercih edecekseniz başka yerleri tercih edin."
Santo Akyaka Home,Asena Yazıcı,tr,"pahali bircok konaklama icinde uygun fiyata temiz gayet rahat bir oteldi bizim icin. tek eksigi odalarda terlik ve sampuan olmamasi. akyakaya tekrar gittigimde tercih edebilecegim bir yer,tesekkurler."
Santo Akyaka Home,Mageador,tr,2 gün bu apartta kaldım. bize verdikleri oda havuzun altında derme çatma bir odaydı. mahremiyet sıfır. perdeler camları tam olarak kapatmıyor. i̇çerisi bildiğiniz gözüküyordu. o yüzden içeride ışık kapalı bir şekilde giyindik. duşlarda plastik kalitesiz bir mini şofben var. ben sıcak duş seven bir insanım kesinlikle yetersiz su ısınmıyor. duşta fön makinesi yok. 2 günün bitmesi için sabrettim. önermiyorum.
Santo Akyaka Home,Feyza Özsoy,tr,"dağ manzaralı family apartta 4 kişi konakladık, fiyatına göre gerçekten konum olarak da rahatlık olarak da çok güzeldi çok memnun kaldık.. çalışanlar da çok güler yüzlü, eksik durumlarımızda hemen bize yardımcı oldular, havuzu da gayet yeterliydi.. bir dahakine gelişimde de tercih ederim gerçekten.. klima vs de sorunsuz çalışıyordu, yataklarda rahattı sadece çekyatın birisi çok sertti o kadar. son günümüzde de havalimanına gitmeden kahvaltı için çıkacaktık bavulları tesiste bırakmamıza izin verdiler. genel olarak güzeldi, teşekkür ederiz :)"
Santo Akyaka Home,Anton van A,en,"nice place but the rooms were uncomfortably small! not the best room really but affordable. good location and staff was okay, although they do not speak much english"
Santo Akyaka Home,Baris Kahraman,en,it was ok would not recommend if you are picky
Santo Akyaka Home,Erkan Demirbaş,en,a bit low quality holiday concept
Santo Akyaka Home,Eren Erdogdu,en,i̇
Santo Akyaka Home,İl Tug,en,super
Kerme Ottoman Gökova,Gülşah Bayar,tr,otelin konumu gerçekten güzel akyakaya çok yakın plansız gittiğimiz içinde çocuklarla bir otel bulmak zorunda kaldığımız acele olan bir tercihti odalar güzel yerleşmiş ahşap düşünülmüş heves edilmiş belli ancak böyle bir otel nasıl olurda bu kadar pis olabilir anlamak çok zor oysa ki fiyatda cok uygun değil resmen toź her yer yeni çarşaf istedik sağ olsun görevli yardımcı oldu hemen herseyin üzerine temiz çarşaf serdik mutfak evet var ama pislikten bir şey yapmak imkansız kullanamadık zaten ..i̇mkanları olup su bulundurulmaması gece yarısı su almaya markete gitmek zorunda bıraktı bizi geceliğine 8000 bin ödedik sadece yatmak için!!. bahçesi çok güzel havuz cocuklar için yeterliydi heveslerini aldılar kısa bir süre girip çıktılar ..kapıda duran cocuk gayet kibardı ancak otel sahibi isteyen gelsin istemeyen gelmesin mantığında sanırım öyle de oldu bizim için bir daha tercihimiz olmuycaktır ..
Kerme Ottoman Gökova,Sefa Şenlik,tr,"kaldığım en dingin ve sevimli butik otellerden biriydi. akyaka'ya arabayla 10 dakika civarında mesafede olan bu otel marmaris, akyaka veya muğla'daki alternatifleri yerine tercih edilebilir. odalar çok temiz, yeni ve düzenliydi. üst kat odalarının bahçe, havuz ve köy manzarası insanın içini açan cinstendi. kuzenimle bir gece konaklama fırsatı bulduğum bu oteli en kısa zamanda ailemle de birkaç günlüğüne ziyaret etmek için sabırsızlanıyorum. köy ortamını seven, geceleri tatil yerinin keşmekeşinden kaçmak isteyen aileler için çok yerinde bir tercih olacaktır."
Kerme Ottoman Gökova,Sevde KANIK,tr,"araba şart, akyaka 10 dakika. uygun fiyatın bedelini temizlik problemleri ile ödüyorsunuz. bahçe sakin ve huzurlu. odalar hoş gözüküyor ama hijyen gerçekten sıkıntılı. havlular sert ve sarı. pikeler, çarşaflar çok yıpranmış."
Kerme Ottoman Gökova,Meryem Avcı,tr,otel sadece konaklama konseptli olmasına rağmen gayet yeterki odalar geniş ve ufak bir mutfak bölümü var uzun süre kalınacaksa hazırlıklı gelindiğinde çok keyifli vakitler geçirilebilir doğa ile iç içe küçük bir köyün içinde olması huzur veriyor bahçesi havuzu olsun görsel şölenn gibi ayrıca akyakaya azmak nehrine çok yakın araçla 5 dk huzurla kaldım çok memnun oldum tekrar tekarr tercih edecğim biryer
Kerme Ottoman Gökova,Deniz Çakaloğlu,tr,"merhabalar, öncelikle kesinlikle konaklama açısından burayı tercih etmiyoruz, televizyon çalışmıyor, yastıklar çok kötüydü çok sertti uyuyamadık, temizlik sifir, yer toz içinde ayaklarımız resmen tozdan çamur oldu diye biliriz, havluları çok sert resmen zımpara gibi, duş bölümünde ayrıca bir ahize olsa çok daha güzel olurdu, duş eli olmadığı için yarım duş asla alamıyorsunuz. ilgi sıfır, bilgi sıfır, otel görsellerde görüldüğü gibi asla değil.. hayal kirikliği yaşayacağiniz kesi̇n.. bayram tatilimiz maalesef biraz rezil geçti. gelmek isteyenler tekrar düşünebilirler.. herkese iyi tatiller."
Kerme Ottoman Gökova,Turkmen Hayri,en,"this place is like a apartment, the real kerme otel placed at akyaka. the pool is very small and room may be used for sleep only but price discounted."
Kerme Ottoman Gökova,Sergio Bassaro,en,"lovely staff, quite location and peaceful atmosphere. definitely gonna stay again"
Kerme Ottoman Gökova,Nur Pinar,en,very nice stay in ottoman palace traditional turkish cousine wonderful breakfast
Kerme Ottoman Gökova,Abdallah Mawass,en,"very poor... no wifi, no breakfast , no drinking water, bad smell from the bathroom ..."
Kerme Ottoman Gökova,Eva Sevinçli,en,veey suitable for families with kids
Koparan Apart,Akif Keles,tr,"akyaka’da ki tatilimizin bu kadar güzel geçeceğini bilsek tatilimizi daha uzun ayarlardık. otele ilk girdiğimiz anda bizi güleryüzle karşıladılar. farklı oda tipleri var hepsini teker teker gösterdiler , odaları göstermeden 1 tl para bile istemediler ki çoğu otelde ücretler girişte alınıyor. bi 1+1 bahçe katındaki odayı tuttuk. odanın baştan aşağı tertemizdi artık akyaka’ da bir evimiz oldu. her sene geleceğiz inşallah , bahçesi begonvil ağacı deniz manzarası ferahlığı her şeyiyle tam bir aile apartı herkese tavsiye ederim. akyaka’ya yolunuz düşerse mutlaka uğrayın"
Koparan Apart,Seda Gökçe,tr,"google yorumları ve otel fotoğraflarına bakarak aynı gün içinde rezervasyon yaptık. karşılamaları ve yaklaşımları güzel yardımcı olmaya çalışıyorlar ancak odalarına daha özen göstermeleri gerekiyor. bize verdikleri odada klozetin üzeri yani tavan belli ki tadilat nedeniyle açıktı ve görüntü hoş değildi. böyle bir durumda başka boş oda varsa orayı göstermeyebilirler. odayı tuttuktan sonra fark edip değiştirmek istedik ve farklı bir odayı verdiler ancak o odada da hijyen eksikti. pimapen kapıyı silebilirler ama silmemişler üzerinde kıl tüy vardı, buzdolabının üstünde de lekeler mevcuttu. odada kurutma makinası yoktu ve banyo çok küçüktü. 1.90 boyunda bir insan o klozette rahat edemez mesela. bir daha kalacağım bir deneyim yaşamadım maalesef."
Koparan Apart,Mehmet Ertunc,tr,"eylül 2024 yılının ikinci haftasında annem kardeşim eşim ve ben muğla akyaka'da tatil yapmak için koparan apart otel'i tercih ettik. i̇yi de tercih etmişiz. koparan apart'ın işletmecileri ali bey ve oğlu umut tarafından misapirverliğin çok üzerinde bir ilgiyle karşılandık. bir taraf dağ manzaralı, bir tarafı deniz manzarası olan bir odaya yerleştik. bizimle o kadar güzel ilgilendiler ki, tarif edilemez. i̇nanın reklamlarını yapmıyorum. gelin, görün ve yaşayın. hele son körfezde deniz kenarına gittik. yaşlı annem ve eşin için hemen katlanır sandalye temin ettiler. i̇yi ki hala günümüzde böylece güzel insanlar var. teşekkürler koparan apart otel'i̇n i̇şletmeci̇leri̇ ali̇ bey ve oğlu umut. i̇yi ki varsiniz. hep böyle kalin. bi̇zde güzel i̇nsanlar hala aramizda di̇yebi̇leli̇m"
Koparan Apart,mustafa akterlık,tr,konumu merkeze uzak. odalarda havlu çarşaf tuvalet kağıdı eksikti. bize verdikleri odalardan birinde pencere yoktu ışık almıyordu. telefonla rez yaptıracaksanız mutlaka oda fotoğrafı isteyip öyle rezervasyon yaptırın. geçerken uğrayıp sadece 1 gece konaklayacagız diye seçmiştik ama odaları görünce pişman olduk. sonrasında da kalırsanız kalın gibi bir üslupla karşılaştık. nakit ödeme için anlaştık. vergi veriyorlar mı nakit aldıkları paradan diye düşünmedik değil...
Koparan Apart,Eda Nur SAYGI,tr,eylül ayında 2 gün konaklama yaptık. kaldığımız en kötü yer diyebilirim. kaldığımız oda da nevresimler temiz değil ve cok pis kokuyordu. akşam vakti çocuğuma duş aldırmak istediğim de sıcak su yoktu. hamam böcekleri banyo da ve oda da geziyordu. olması gereken yerler de priz yoktu. fotoğraflardakiyle alakası yok. gideceklere asla tavsiye etmiyorum.
Koparan Apart,Andaç Görgülü,en,"we reserved 2 days for vacation, the owner of hotel is rude, 2 adults and 7-12 age boys. they gave us a mattress style bed and asked for a fee for the normal bed. the business owner's efforts to talk from above and rudeness. a hotel owner who says we are doing you a favor so that it is cheap. i burned a 500 tl deposit and ran away in a hurry."
Koparan Apart,Onur Kapucu,en,"on our turkey trip we visited akyaka and then we decided to stay over the night, we found this apart, the young man he replies fast and he gave us nice room which is in upstairs, when we woke up morning there was such a amazing view. hotel is clean and bad is very comfortable. recommend to visitors just book enjoy your holiday"
Koparan Apart,Adrian Stere,en,"i had a wonderful stay at koparan apart hotel in akyaka. the staff was friendly and helpful, the room was spacious and clean, and the location was perfect for exploring the town and the beach. the breakfast was delicious and varied, and the terrace had a lovely view of the garden. i would highly recommend this place to anyone looking for a relaxing and comfortable accommodation in akyaka!"
Koparan Apart,User,en,"we were so happy to find this lovely place. even though it was very late and last minute, uhmet, the house manager, welcomed us and even waited for us until we arrived so we would not get lost. the service and care are excellent. the room was a large suite, with a full balcony and kitchen. like others have said, there is a beautiful view and it is quiet and peaceful. we were only going to stay one day but stayed three. it was the people that made us stay, uhmet and his father, ali, truly connect with their guests and made our stay very special. i would travel very far just to come visit them again. stay here!"
Koparan Apart,Альбина Сидорович,en,"it was amazing experience for me and my friend! our room was small but so cozy. there was enough place for two person. the view was magical. you wake up every morning and give the gratitude for this opportunity just to see it. umut (owner of the hotel) is the buckets person in the whole akyaka. believe me,we didn’t find anyone! if we needed something,umut was always beside and solved any problem. thank you so much for your hospitality and kindness heart! :)"
Mercan Apart Akyaka,AU,tr,"oda mobilyaları fiyata göre biraz eskiydi. sahile yakın diyorlar ama çok uzak, o sıcakta gidip gelmek işkence ve yol tenha, korku yaratıyor. ayrıca barı akşam hiç açık değil."
Mercan Apart Akyaka,Sercan Türkmenel,tr,"mercan apartta menekşe odalarından birisini verdiler. gerçekten çok güzel bir odaydı. hatta oda denmez 1+0 daire şeklindeydi. oda gayet temiz verildi. bahçesinde pembe pembe cicekler vardı. oda içerisinde koltuk, büyük buz dolabı, mutfak vardı. yani çok rahat edilebilecek bir yer diye düşünüyorum. tek sıkıntı gece klima sularının damlama sesi geliyordu. unutmadan ikinci sıkıntı da kaldığımız apartta internet çok az çekiyordu. ama genel olarak telefon hatlarınında interneti az çekiyor. kahvaltı veya yemek yok. siz kendiniz gitmeden istediğiniz gibi alışveriş yapabilirsiniz. yan apartta kalan kişiler mangal yaktılar o kadar rahatlar yani. sonuç olarak gönül rahatlığı ile gidilip kalınacak bir yer. çalışan kişilerde gayet iyi güzel davranan insanlardı."
Mercan Apart Akyaka,Burcu Aybike Gürbüz,tr,"ben astım hastası bir eczacıyım. her yıl muğla’da gidiş ve dönüşlerde akyaka’da mutlaka konaklarız. bu yıl dönüşte konaklamak için agoda’dan bir otel seçmiştim - mercan apart akyaka. otelin “papatya” adlı odasına girdiğimde ağır bir koku karşıladı. öncelikle sigara olduğunu düşündüm ancak daha sonra banyo ve odada tavanlarda küf olduğunu farkettim. bu koşullarda bırakın bir astım hastasının, sağlıklı bir insanın bile kalmasına imkan yok. otelden çıkış yaparken iptal etmelerini rica ettim; ancak otel sahibi seher hanım odanın durumunu “sağlıksız/ odada kalınamaz” bulmadığını belirtti. fotoğrafları ekliyorum, siz de bakarsınız. otelin oda fiyatı 2600 try, haliyle yüksek bir beklentiyle gelmedik; ancak sağlığımı tehdit eden bir odada konaklamam mümkün değil ve bu otelin kusuru - faturası bana kesilmemeli diye düşünüyorum. malesef müsait başka odaları da yokmuş. otel sahibi otelinin odasının kusurlu olmadığını, benim sağlığımı tehdit etmesine rağmen o odada kalmıyor oluşumu ve iptalini istememizi “adaletsiz” buldu. en azından başkalarının sağlığını tehlikeye atmamaları adına denetim rica ettik, sonucunu bekliyoruz. çünkü malesef otel sahibi otelde “iç hastalıkları uzmanı” reklamı yapmasına rağmen küf nedir, aspergillus nedir, astım nedir henüz onlardan bile habersiz. *agoda’da tüm sorumluluğu otele bırakıyor, oradan da rezervasyon yaptırmamanızı öneririz."
Mercan Apart Akyaka,Sinem Şen,tr,odaların temizliği yeterli değildi. dolap rafları toz içindeydi mecburen silip öyle eşyalarımızı yerleştirmek zorunda kaldık. sildiğimiz mendil siyah olmuştu… oda ışıklandırması çok yetersizdi. konumu bizce güzeldi sessiz ve sakindi. arabayı park etme konusunda sıkıntı yaşamadık. i̇lave askı ve havlu talebimizi hızlıca karşıladılar.
Mercan Apart Akyaka,Sueda Bingöl,tr,"2 gecelik bir tatil için konakladık. odalar temizdi. memnun kalmadığımız hiçbir şey olmadı. konumu da gayet güzel, çarşının biraz dışında ama her yere yürüme mesafesinde. tekrar akyaka'ya gelirsek konaklama için başka yer aramam. çok teşekkür ederiz."
Mercan Apart Akyaka,Kiarash Ghasemlou,en,"very kind host, very clean with very good price."
Mercan Apart Akyaka,Vivien Godlington,en,such a fantastic host and a lovely home
Mercan Apart Akyaka,Doğan Dilek,en,gut
Mercan Apart Akyaka,AU,en,"room furniture was a little old compared to the price. they say it's close to the beach, but it's far away, going back and forth in that heat is torture and the road is lonely, creating fear. also, the bar is not open at all in the evening."
Mercan Apart Akyaka,Sercan Türkmenel,en,"they gave me one of the menekşe rooms at mercan apart. it was a really nice room. in fact, it was not even called a room, it was in the form of a 1+0 flat. the room was given very clean. there were pink flowers in his garden. there was an armchair, a large refrigerator and a kitchen in the room. so, i think it is a very comfortable place. the only problem was the dripping sound of air conditioning water at night. before i forget, the second problem was that the internet connection in the apartment we stayed in was very low. but in general, the internet connection on phone lines is low. no breakfast or meal. you can shop as you wish without going there yourself. the people staying in the apartment next door had a barbecue, so they were so comfortable. as a result, it is a place to go and stay with peace of mind. the employees were very well behaved people."
Nova Aparts Otel,Irfan Kermiş,tr,"eylül ayında 4 gece konakladık. tertemiz pırıl pırıl bir apart. merkezde fakat gürültü yok uzaktan müzik sesi güzel. dilan hanım ve beyefendi çok kibar güler yüzlü. biz çok memnun kaldık ve kesinlikle tekrar gideceğimiz bir yer. aparttan ayrılırken otobüse yetişmek zorunda olduğumuz için dilan hanımları görememiştik. herşey için teşekkür ederiz, tekrar görüşmek dileğiyle selamlar."
Nova Aparts Otel,Tasha Ozkul,tr,"odalar sade, ama hoş ve temiz. giriş kattaki odamızın kocaman bir balkonu vardı. dilan hanım ilgili, güler yüzlü ve yardımcı. konum çok merkezi ve denize yakın. hafta sonu akşam saatlerinde müzik sesi gelebilir, hoşumuza bile gitti :). çok keyifli tatil geçirdik."
Nova Aparts Otel,Silverjazz,tr,apartın konumu harika. köpeğimizle rahatça kaldık. 1+1 odada kaldık oda büyüklüğü yeterli fakat çift kişilik yatak çok ama çok küçük sığamadık yataklar değişilmeli. otelin sahibi hanımefendi çok tatlı kibar birisi. kahvaltı verilmiyor fiyata göre düşününce verilse iyi olabilir.
Nova Aparts Otel,İrem Aksoy,tr,"bence akyaka'da kalinabilecek en güzel konuma sahip. hem merkeze yakinsiniz, hem gürültü yok, hem azmak yakın hem iskeleye yakın. harika konum. odalar da gayet güzel. hizmetten de çok memnun kaldık, dilan hanım da i̇brahim bey de çok ilgililer. kesinlikle fiyat performans."
Nova Aparts Otel,Mehmet Arslan,tr,"nova apart otel 1.1 odada eşimle birlikte kaldık gayet kullanışlı hersey tertemiz ilgi alaka güler yüz daha ne isteriz bizi evimizde gibi hissetirdiler,konum olarak heryere yürüme mesafesinde plaja uzaklığı 5dk azmak çayına 8dk akyaka huzurun kesiştiği bir yer 5 günlük tatilin doyasıya keyfini çıkardık 2 gün daha uzatmayı düşünüyoruz hiç gidesimiz yok açıkçası, emeği geçen herkese çok teşekkürler özellikle güler yüzlü kibar hanımefendiye ayrıca teşekkür ediyorum..sadece tek sorun otopark ara caddelerde yer bulamazsanız bir günlük olarak 300tl veriyorsunuz otoparka yazık yani..."
Nova Aparts Otel,Alicia Brenon,en,"the staff went above and beyond for us! the appartements are clean and comfortable, the internet is also around 18mpbs so it was perfect for us to work. they also gave us some extra tables so we could set up desks. perfect location. overall we had a great stay and we will be back again!"
Nova Aparts Otel,Ashley Perryman,en,"good sized, clean, reasonably priced self catering in the heart of akyaka."
Nova Aparts Otel,Ahmet Baykal,en,good location. very clean.
Nova Aparts Otel,Ecem Onaran,en,niceeee
Nova Aparts Otel,Tolga Yucel,en,"not bad, pretty standard."
Panamare Apart & Hotel Akyaka,B.K,tr,"oda dizayni ve konumu disinda pek birseyi yok birde tesadufen gordugumuz otoparki olmasi bir artiydi. (giriste bilgi verilmedi) oncelikle giris icin resepsiyonu gormeden otelin icinde iki tur attim, sonra bir hizmetlo tarif etti goriste yanda kapali bir kulube insanlarla iletisimi 20 cm lik delikten bankalardan bile kucuk bir yerden yapiyorlar, rezervasyon fiyatini kartla odememi istedigimi soyledigimde ucreti 100 kusur tl fazla soyledi sistemde oyle degil dedim burada oyle gorunuyor dedi, google dada sistemdeki gibi cikmasina ragmen kendi kafa kurunda (kart islem ucreti ekledi ama soyleyemedi) tekrar itiraz etmeme ragmen degismedi. musteri memnuniyeti degerlerini anladiktan sonra zaten gerisine bakmadim. arac plakami aldilar park alani var demediler tesadufen gorunca kiliti acmalarini rica ettim, kucuk bir havuzu var 5 de kapaniyormus, zaten 4 u gece giris yaptik kullanamadik, hava 8-9 da kararan yerlerde 5 de havuzu kapatmak nedir bilemedim. sistemde kahvalti ekstra ucretli deniliyor ama onunla ilgili bir bilgi vermediler. cikisi 11 e koymuslar ozellikle mesajla wifi sifresi ve check out saatini belirtiyorlar. en ust katta kalmamiza ragmen valizlere yardim felan eden olmadi, dahada kalmam."
Panamare Apart & Hotel Akyaka,Erhan ÖGET,tr,3 gece konakladığım bu apart tarzı yer için düşüncelerimi paylaşmam gerektiğini hissettim. öncelikle akyaka'daki bütün apartların hepsi tek tip mimari burada hizmete bakmamız lazım. otele gelmeden akşam aradığımda yer olduğunu gelip odaları görerek rezervasyon yapabileceğimiz söylenmişken otele geldiğimizde sadece bir oda olduğu söylendi sıcak havada dolaşmamak adına tamam dedik ücreti kart ile yapmak istediğimizde 300 tl günlük fark istediler ibana açıklamasız para transferi yaptırdılar. odadaki bütün eşyalarda ses gıcırtı mevcuttu. lambanın biri yanmiyordu. banyo çok eski duşakabin aralari pis silikonlari kalkmış öylece duruyor. 3 gün boyunca temizliğe gelen olmadi. sonuçta temizlik yapmaları gereken asli isleri. havuzda asla bakım yok küçücük zaten bir de temizlik olmayınca siz düşünün. buradaki çok temiz yorumlarına kanmamak adına söylüyorum. akyaka genelindeki apart işletmecilerinde genel bir somurtkanlık söz konusu. nasıl olsa doluyor havasindalar. i̇yi yönleri de var tabiki. otopark büyük sorun olmasına karşın otelin yan tarafında kendine ait otoparkı var. wifi çok iyi çekiyor. azmak çayına çok yakın merkezi konumda. güncelleme: elif hanım ile az önce görüştük kendisi bazı konulara açıklık getirdi burada temizlik 2 günde yapılıyor yazılmış cevap olarak ama elif hanım 3 günde yapıldığını söyledi biz de 3 gün kaldığımız için öyle denk gelmiş. yorumların kendileri için çok önemli olduğunu çok değer verdiklerini her değerlendirmede daha da memnuniyet odaklı çalıştıklarını söyledi. herhangi bir sorunda elif hanım ile iletişime geçilebilir.
Panamare Apart & Hotel Akyaka,Gökhan Kadıoğlu,tr,"22 25 temmuz arası konaklama şanssızlığında bulunduğum, kyk yurtlarının yarı kalitesine erişemeyen işletme. öncelikle bir ticari işletme hakkında olumsuz yorum yaparak onların kazançlarına mani olmak, ekmeklerine engel olmak vicdansızlık diye düşünür, 1 yıldız veren müşterileri şımarık ve halden anlamayan kişiler şeklinde yorumlardım. ancak dün itibarıyla fikrim bu işletmede konaklama talihsizliğinden sonra maalesef değişti. bilenler bilir akyaka mevkisindeki apartların mimarileri hemen hemen aynıdır bu yüzden a işletmesinin b işletmesinden farkı hizmet kalitesi ile ölçülür. gelelim panamera akyaka pansiyonununu bu kadar kötü yapan şeyler nedir bakalım. 1. resepsiyon girişinin muşamba ile kapatılıp, müşteri ile küçük bir delikten diyalog kurulması sanki 90larda otobüs bileti alıyor izlenimi yaratması. 2. ödemenin nakit alınması, kredi kartı ile alımda fark alınacağını söylenmesi. 3. odada duşakabinin kırık olması, banyo apliğinin yerine ucu elektrik bandı ile özensizce sarılmış kabloların olması. 4. odada havlularin unutulmuş olması, havlu talep ettiğimizde görevlilerce odanın içine girilip gerçekten de havlu verilip verilmediğinin kontrol edilmesi (adeta yurt müdiresi havasında). 5. üç günlük konaklamada 2 defa duş spiralinin patlaması. 6. her yerden geçen, kablo kanalları içine dahi alınmamış elektrik ve anten kablolarının varlığı. 7. 10 yıllık gibi görülen banyo terlikleri. 8. oda içinde kullanım ömürlerini çok uzun zaman önce tamamlayan yatak, baza başlığı, kanepe, mutfak dolapları ve tezgahı. bunların dışında daha önce işletme hakkında olumsuz yorum yapan kişilere işletme sahiplerinin kaba cevap verdiklerini, müşterileri suçladıklarını görmekteyim benim yorumuma da benzer şekilde cevap veren olursa lütfen zahmet etmesin."
Panamare Apart & Hotel Akyaka,Faruk Yapar,tr,yıllardır kesinlikle akyaka'da tatilimi yaparım. apart arama serüvenine yine girmişken tesadüfen panamare apartla karşılaştım. fiyatı oldukça cazip geldi rezervasyon yaptırmadan direkt buraya geldim. resepsiyon da çalışan personel oldukça yardımcı oldu ve tüm boş odaları gezdirdi buna istinaden odamızı kiraladık. özellikle çalışan personel zeliha hanıma yardımları ve iletişimi için ne kadar teşekkür etsem azdır. kendimizi evimizde hissettirmemizi sağladı. özellikle yetişkinler ve çocuklar için çok güzel havuzu var. gelecek yıllarda akyaka'ya uğradığımda kesinlikle ilk tercihim burası olacaktır.
Panamare Apart & Hotel Akyaka,İlkay Gencer,tr,"çok şirin, nezih, tertemiz bir aile işletmesi. azmak nehrine, marketlere, merkeze çok yakın olması o kadar avantajki her an her şey elinizin altında. odalar tertemiz mis gibi, çok şık dizayn edilmiş, mutfakta işinize yarayacak her eşya mevcut, bir ihtiyacınız olduğunda veya eksik olduğunda hemen yardımcı olunuyor. sahibi elif teyzeye ve oğluna çok teşekkür ederiz, bir dahaki geldiğimizde tercih edrr miyiz kesinlikle evet...."
Panamare Apart & Hotel Akyaka,Katherine Aynur Kugay,en,"positives: the exterior is very nice, and check-in was efficient and easy after a long day of travel. now, a list of concerns that i think the management needs to address: - broken shower handle (sharp screw exposed on one side to close from interior) - broken shower head that drips water down in a lopsided stream instead of evenly distributed - bedside lamps don’t work - mattress is insufficient — you can easily roll off the floppy edges - floor in the bathroom had visible dirt - the toilet seat also had spots - towels are often stiff and old in hotels like this, but these also had stains - dining table was covered in dust and now, for those who are thinking of staying here: you get what you pay for, but even so it is overpriced for the area. as a paying customer, i don’t feel respected by the level at which the amenities have been maintained. if we had brought children, i would have been horrified at the dangers presented by the presence of exposed sharp objects in the shower area and level of hygiene. update: upon leaving this review, both i and my husband were called by the management requesting we change it."
Panamare Apart & Hotel Akyaka,Елизавета Комарова,en,"wonderful, hospitable people will meet you here! they will help with everything! free parking! convenient location, you can easily reach any place in the center by foot. but it's time to make repairs in the apartment, all plumbing is in bad condition, staggering, mold in places in the bathroom. for $ 80 / day, we were expecting a higher quality of the apartment."
Panamare Apart & Hotel Akyaka,Darya Batalevich,en,"the room was really comfortable. we stayed with our two kids and my mom (all together 5 people) and we didn't feel very squeezed. plus, the service was good."
Panamare Apart & Hotel Akyaka,mine oeziri,en,"perfect hotel with clean, modern apartments. the location is excellent. 50 m from the river and 100 m from the main street."
Panamare Apart & Hotel Akyaka,Roxana Madrali,en,"very clean, large rooms, staff very helpful, walk distance to the beach."
Mevsim Otel - Akyaka Otel,Çağatay Koparal,tr,"pişmanlık. denize yakın olduğu için tercih ettiğimiz otelde odalar eski, eksik ve bakımsız. örneğin kaldığımız odada buzdolabı yok, klima çok eski, klozetin kapağı kırık, duş başlığını duvara sabitleyen aparat kırık, herhangi bir sineklik yok, dolayısıyla cam açamıyorsunuz. yani bunları yaptıralım, insanlar gelip burada konaklıyor, memnun kalsınlar ki yine gelsinler dememişler. bizi karşılayan personelin konuşma şekli ve tavırları evlere şenlik. bu işi kendilerine zorla yaptırıyorlarmış gibi bir hava, turizm sektöründe iletişim tarzına biraz dikkat edersiniz fena olmaz. bize check-in yapmayı dahi unuttular. çıkarken kaç para ücret alacaklarını bize sordular. aile işletmesi oluşu profesyonellikten böylesine uzak olmaya bahane değil. keza 1 hafta kaldığımız oda 1 kez dahi temizlenmedi, havlu ve çarşaflarımız değiştirilmedi. memnun musunuz bir ihtiyacınız var mı diye sorulmadı. hatta oranın mevcut müşterisi olduğumuz dahi unutuldu ve restorana davet edildik. i̇lk akşam restoranda yemek yedik, ""siz ne yemiştiniz"" diye bize soruldu. yani kendi adisyonunuzu da tutmak zorundasınız belli ki. 1 yıldız vermememin tek sebebi bize kahvaltı hazırlayan ablaların sıcakkanlılığı."
Mevsim Otel - Akyaka Otel,Seher SELVİ,tr,otel(!) konum olarak harika plaja 2 dk ve üst kattaki odalar deniz manzaralı. ama hayatımda bu kadar küçük odalı bir otelde kalmadım gerçekten. duşakabin bile yok klozetin üstüne duş başlığı takılmış içeride hareket etmek bile zor. kliması soğutmuyor sadece ılık hava üflüyor. memnun kalmadık yani adı apart falan olmalı bir de gecelik 3bin gerçekten değmez bu odaya bari klima çalışsa
Mevsim Otel - Akyaka Otel,Can Görkem Yolsal,tr,"denize çok yakın, fiyat-performans açısından tatmin eden bir işletme. kahvaltıyı hazırlayan çalışanların güleryüzlülüğü ve samimiyeti için teşekkür ederim. klima çalışıyor, su her zaman kolayca ısınabiliyor."
Mevsim Otel - Akyaka Otel,eren yeşilyurtlu,tr,"konumu çok güzel , sahile yakın . ama gelelim otel hizmetine ; 1. buzdolabı odalarda var yazıyor. yok gerekçe otelde buzdolabı olmaz . dışarda sıcaklık 38 derece . 2. klima bozuk . söyledik merkezi dediler değişik nasıl olur dediler gittiler . fıkra bu kadar . 3. temizlik istedik 4 gün kaldık çünkü . özellikle çıkınca haber edin dediler . söyledik geldik ki odaya ellenmemiş . cevap abi unuttuk biz ya. ama işiniz bu !! 4. duş başlığı bozuk , duş tuvalet inanılmaz küçük . 5. i̇nternet sistemi yok denecek kadar kötü . 6. odalar basık ve bunaltıcı maalesef."
Mevsim Otel - Akyaka Otel,Emre Karası,tr,berbat bir otel odaları çok kötü buzdolabı yok televizyon çalışmıyor çalışanları çok memnuniyetsiz kahvaltıda ya çorba ya kahvaltı tabağı seçeneği varmış biz bilmeden 2 sinide aldık kahvaltı tabağını önümüzden alıp götürdüler ücretli diye. kesinlikle pi̇şmanlik asla gidilmez vasat bir yer.
Mevsim Otel - Akyaka Otel,Çağatay Koparal,en,"regret. the rooms in the hotel we chose because it was close to the sea are old, incomplete and poorly maintained. for example, there is no refrigerator in the room we stayed in, the air conditioner is very old, the toilet seat is broken, the apparatus that fixes the shower head to the wall is broken, there is no fly screen, so you cannot open the windows. in other words, they did not say, ""let's get these done, people come and stay here, they should be satisfied so they can come again."" the way the staff greeted us and their mannerisms were a real hit. it seems like they are forcing them to do this job. it wouldn't be bad if you paid a little attention to the communication style in the tourism sector. they even forgot to check us in. when we were leaving, they asked us how much they would charge. being a family business is no excuse for being so unprofessional. likewise, the room we stayed in for a week was not cleaned even once, and our towels and sheets were not changed. you were not asked whether you are satisfied or do you need anything. even the fact that we were existing customers was forgotten and we were invited to the restaurant. we had dinner at the restaurant on the first evening, and we were asked, ""what did you eat?"" so obviously you have to keep your own bill. the only reason why i did not give 1 star is the friendliness of the sisters who prepared breakfast for us."
Mevsim Otel - Akyaka Otel,Seher SELVİ,en,"the location of the hotel (!) is great, 2 minutes from the beach and the rooms on the top floor have sea views. but i have never stayed in a hotel with such small rooms in my life. there is not even a shower cabin, the shower head is mounted on the toilet, and it is difficult to even move inside. the air conditioner does not cool, it only blows warm air. we are not satisfied, it should be called an apartment or something, and it's not really worth 3 thousand per night. at least the air conditioning works in this room."
Mevsim Otel - Akyaka Otel,Can Görkem Yolsal,en,"a business very close to the sea, satisfactory in terms of price-performance. i would like to thank the friendliness and sincerity of the employees who prepared the breakfast. the air conditioning works, the water can always be easily heated."
Mevsim Otel - Akyaka Otel,eren yeşilyurtlu,en,"the location is very nice, close to the beach. but let's come to the hotel service; 1. it says there is a refrigerator in the rooms. no reason, there is no refrigerator in the hotel. the temperature outside is 38 degrees. 2. the air conditioner is broken. we told them about the center, they asked how it could be different, and they left. that's it for the joke. 3. we asked for cleaning because we stayed for 4 days. they specifically said to let me know when it comes out. we came to tell you that the room was untouched. the answer is, we forgot. but that's your job!! 4. the shower head is broken, the shower toilet is incredibly small. 5. the internet system is almost non-existent. 6. unfortunately, the rooms are stuffy and depressing."
Mevsim Otel - Akyaka Otel,Emre Karası,en,"it's a terrible hotel, the rooms are very bad, there is no refrigerator, the television is not working, the employees are very dissatisfied. there was a choice of either soup or a breakfast plate for breakfast. we bought both without knowing it and they took the breakfast plate away from us because it was charged. definitely regret is a mediocre place that should never be visited."
Santo Akyaka Home,Duygu Akpinar,tr,"bugüne kadar gördüğüm en en kötü konaklama yeri. 1 puan bile fazla. temizliğinden şüphe edip kendi evimden getirdiğim havlumu serip uyudum. mikrop kaparım korkusu ile havuzuna girmedim.klima çok kötü. havalandırma yok rutubet kokuyor. mini şampuan, saç kremi, kurutma makinesi geç duş için sıcak su akmadi. korkunç bir yer. duşakabin bile yok.tek gece sadece yatmak için kullandık o yüzden başta önemsemedik lakin keşke arabada uyusaymisiz boşuna para vermezdik daha rahat uyurduk"
Santo Akyaka Home,Elif,tr,"2 gece kalacaktik ancak apartı görünce 1 gece kaldık... banyosu çok sıkıntılı, duşa kabin yok, rutubetli,havasız ve bu hali ile maalesef 30 sene önceki anneannemin evindeki banyoyu anımsattı. kisacasi memnun kalmadık. ancak şunu da belirteyim biz en son katta teras katında kaldık. orası böyleydi. belki diğer odaları farklıdır... tek iyi olan yani ilgilenen hanımefendi asil biriydi. biz aparttan çıkarken gidene kadar yolcu etti. güler yüzle uğurladı. kendisine teşekkür ediyorum. öyle bir hanimefendiye çok daha iyi işletmeler yakışır..."
Santo Akyaka Home,Ece Selvi,tr,"i̇lk yorumları okuduğumda çok korkarak gittim ancak hiçbir sorun yaşamadan keyifli bir şekilde tatil yaptık. ne istediğinize bağlı bir yer fiyat performans istiyorsanız çok uygun ve temiz bir yer. küçük bir havuzu var, ayrıca çatı katında konakladık manzarası harikaydı. kliması sorunsuz çalışıyordu en önemlisi yaz sıcağında buydu bizce. sakin bir ortamı vardı. güzeldi her şey için teşekkür ederiz."
Santo Akyaka Home,Neslihan Kirman,tr,yalnızca bir gece konakladık ama hiç konforlu değildi. oda rutubet kokuyordu camı açsak sineklik yırtıktı açamadık odayı teslim aldığımızda içeride bir kaç tane sinek de vardı zaten. nevresimler dışında odanın temizliğinden de memnun değildik. konum olarak çok güzel sadece onun dışında memnun kalmadık.
Santo Akyaka Home,YKAB B.,tr,"çok amatörce isletilen, otel müşterilerini zan altinda birakacak tavir ve davranislar sergileyen,sanki bedava konakliyormus gibi bir de tavir içerisinde olan calisanlar tarafindan yonetiliyor. odalari cok bakimsiz ve kullanilan esyalar cok eski. oda bildiginiz rutubetli. evcil hayvan dostu oldugunu soyleyen ancak hayvani tek başına odada birakmamaniz ve yazin sicaginda yaninizda suruklemeniz gerektigini belirtiyorlar. guzel olan tarafi akyakada olmasi ve mukemmel bir manzaraya sahip olmasi."
Santo Akyaka Home,Altın Savaş,en,clean and elegant
Santo Akyaka Home,Duygu Akpinar,en,"the worst accommodation i have ever seen. even 1 point is too much. i doubted its cleanliness and laid down the towel i brought from my own home and went to sleep. i didn't go into the pool for fear of catching germs. the air conditioning is very bad. there is no ventilation and it smells damp. mini shampoo, conditioner, dryer did not provide hot water for a late shower. it's a terrible place. it doesn't even have a shower cabin. we only used it for one night to sleep, so we didn't care at first, but i wish we had slept in the car, we wouldn't have spent money for nothing, we would have slept more comfortably."
Santo Akyaka Home,Elif,en,"we were going to stay for 2 nights, but when we saw the apartment, we stayed for 1 night... the bathroom was very difficult, there was no shower cabin, it was damp, stuffy and unfortunately it reminded me of the bathroom in my grandmother's house 30 years ago. in short, we were not satisfied. however, let me also point out that we stayed on the terrace floor, on the last floor. that's how it was. maybe other rooms are different... the only good thing, the lady who took care of me, was a noble person. he saw us off until we left the apartment. he bid farewell with a smile. i thank him. much better businesses would suit such a lady..."
Santo Akyaka Home,Ece Selvi,en,"when i read the first comments, i was very scared, but we had an enjoyable holiday without any problems. it depends on what you want, if you want price and performance, it's a very affordable and clean place. it has a small pool, we also stayed on the rooftop and the view was great. the air conditioner was working smoothly, which was the most important thing in the summer heat, in our opinion. it had a calm environment. it was nice, thank you for everything."
Santo Akyaka Home,Neslihan Kirman,en,"we only stayed one night, but it was not comfortable at all. the room smelled damp. if we opened the window, the fly screen was torn and we could not open it. when we received the room, there were already a few flies inside. apart from the linens, we were not satisfied with the cleanliness of the room. the location is very nice, but apart from that we were not satisfied."
Orkide Apart Hotel,fatih şen,tr,"i̇brahim abi sağolsun gayet ilgili beyefendi bir insan, akyakada tatil için en güzel oteldir. fiyat performans otelidir çok tatlıdır. akyakanın doğasına uygun atmosfere sahiptir. diğer otellere boş yere fazla para vermeye gerek yok. gene geleceğiz"
Orkide Apart Hotel,fizik fizik fizik,tr,sahile biraz uzak olsa bile işletmeci i̇brahim bey çok ilgili ve yardım odaklı. odalarda klima mevcut ve özellikle mutfak işe tüp olması yemek masraflarını azaltıyor malum ülke şartlarında. marketlere yakın konumda bir mekan
Orkide Apart Hotel,nazif akman,tr,akyakanın giriş tarafından temiz ve güzel bir yer. ibrahim beyin ilgi ve alakası için teşekkür ederiz. odalar temiz ve rahattı gönül rahatlığıyla tercih edilebilir
Orkide Apart Hotel,Meltem Apaydın,tr,ağustos 2024 de ailece (2yetişkin 2 çocuk olarak)bir gece konakladık.odada çift kişilik yatak dışında banyo mini buzdolabı mutfak açılır kanape bulunuyor.odaların dekorasyonu eski ama temiz .konumu güzel merkezde.biz çok memnun kaldık.özellikle işletme sahibi i̇brahim abinin samimiyeti sohbeti yardımseverliği takdire şayan çok teşekkür ederiz
Orkide Apart Hotel,askurtcan,tr,eski bir konak tarzı apart. bir çok şey eskiyi hatırlatıyor. i̇brahim bey cana yakın ve samimi karşılaşmasıyla bizi mutlu etti. teşekkürler.
Orkide Apart Hotel,avigail lew,en,"very recommended, we stayed for a few nights and them came back for another week. the apartments are really comfortable, with everything we needed, and the atmosphere is really cozy.. the people of the hotel are the most kind and peaceful! we felt really comfortable!"
Orkide Apart Hotel,Jacob Kogan,en,"totally solid, clean and comfortable hotel, and very affordable compared to others in the area. air conditioning worked very well, as did the water heater in the shower, and the refrigerator kept my water bottles super cold. comfy bed, nice little balcony, very clean accommodation all around"
Orkide Apart Hotel,Mert Akça,en,"i gave two stars for the working air conditioner. the room is overall too small, furnitures are super old and shower is inside the toilet."
Orkide Apart Hotel,levi Rocks,en,"hello ibrahim, you are a funny and nice guy. we had a good stay in your hotel. thank you for your hospitality! ~ola and levi"
Orkide Apart Hotel,Chris Monck,en,stayed for 1night everything you need is within 250 metres.for the price its fantastic value for money will be booking again next time i visit akyaka.
Erdem Otel,asuman erikoğlu,tr,3 yıldır severek gittiğimiz otelden malesef mutsuz ayrılıp başka bir yerde konaklamaya geçtik ..iki aile olarak kaldığımız yerde odalar temiz değildi diğer ailenin kaldığı odada klozet çalışmıyordu ve kaldığımız sürede yapilmadi diğer odadan kanalizasyon kokusu geliyordu.odalarda havlu asacagimiz yer bile yoktu kirikti.oda da 4 kişi kalacağımızı ek yatak gerekli olduğunu kaç gün önceden söylememize rağmen ek yatak verilmedi onun yerine 2 yorgan verelim dediler sonra bir yorgan var başka yok dediler çocuğu aramızda yatırmak zorunda kaldık .bu sabah kahvaltıda içi geçmiş çürümeye yüz tutmuş karpuz servis ettiler ..önceden çok iyiydi ama kalite malesef çok düşmüş ..
Erdem Otel,kemal çayır,tr,bu yıl orada konakladık valla akyaka herşeyiyle pahalanmış marketteki 3 lira olan su bile 20 liraya tutturabildigine satılıyor neymiş efendim sezon kısa olduğu için kar yapacaklarmış ama tesadüfen erdem otele gittik. zafer beyle tanıştık sağolsun kendi akrabası gibi yardımcı oldu sadece bana değil gelen tüm müşterilere yeri olmasa bile yer bulmaya çalıştı fiyatta da yardımcı oldu helal olsun kendisine tekrar teşekkür ederim
Erdem Otel,Burak Burak,tr,"denize, marketlere, restoranlara yakın kendi havuzu olan gayet sakin ve güzel ortamı bulunan bir yer. resepsiyonda ki arkadaşlar anıl ve i̇lkan'a ilgi ve alakalarından dolayı ayrıyetten teşekkürler. ellerine emeklerine sağlık. müdür zafer beyede herşey için çok teşekkürler. her konuda yardımcı oldular. on numara insanlar. birde şu odalarda ki buzdolaplarına bı çare lazım zafer abi haberin olsun"
Erdem Otel,Metehan Yılmaz,tr,"akyaka’da keyifli bir tatil için konaklayabileceğiniz mükemmel bir otel. odalar gayet güzel ve temiz, çalışanlar güleryüzlü ve çok ilgili. denize yürüyerek 1 dakikalık mesafede. otelin havuzu gayet yeterli. kahvaltısını çok beğendik. akyaka’da tatil planınız varsa bu otele mutlaka göz atın. bir daha akyaka tatilimde mutlaka tekrar konaklayacağım bir otel. otel müdürü zafer bey’e ilgi ve alakasından dolayı ayriyetten teşekkür ederim."
Erdem Otel,Azra yılmaz,tr,"fiyata göre beklentimizin üzerindeydi, odalar gayet temiz ve bakımlıydı. çalışanlar da güleryüzlü ve ilgiliydi. otelin konumu mükemmel, denize ve eğlence yerlerine yakın. ailece gelinebilecek bir yer, biz memnun kaldık"
Erdem Otel,öztürk gökgür,en,"the location was perfect, mr. zafer and mr. anil were very interested in the reception and all things, they support all the requests with the best they can. we stayed 3 nights then we went to the oludeniz for the next 3 nights, but stayed 1 night in oludeniz and returned to erdem hotel back again. the kitchen and room staff were very friendly. as a family, we came with our 3-year-old son and were very satisfied. our room was quite large and if you want they bring you to see their avalible rooms which the suitable places for your choice. the beach was 30 steps, breakfast was very adequate. although it was in a central location, there was absolutely no sound problem in the rooms, i think there is sound insulation. hot water 7-24 smoothly. i can write more, but as a last word call the hotel, you placed your room and come. you will find that i am right.. thank you to all the hotel staff."
Erdem Otel,Daniel Cain,en,super clean! cheap! hot water! and the host is super friendly and speaks excellent english! best place i've stayed since i been here
Erdem Otel,Daniel Palacios,en,a nice hotel with good rooms and modern facilities. location is also great. we definitely recommend.
Erdem Otel,Judit Lukácsné Petö,en,"i have stayed there twice, very nice place, close to everything. hope to return in the future."
Erdem Otel,can durmuş,en,employees are helpful and positive however rooms especially bathroom was very dirty.
Nehir Butik Otel,F C,tr,konum güzel merkezi. odalar temiz sayılır. yatak tepesinden aşağı doğru ip salmış inen örümcek. banyoda birkaç minik karıncayı önemsemezsek iyi. banyoda duş için elektrikli ani su ısıtıcı vardı bans hem ilkel hem tehlikeli geldi. ayrıca odalarda ses izolasyonu sıfır. şansımızdan yan odaya düşen çift epey bir geveze çıktı . konuş konuş bitiremediler gece yarsına kadar sanki bizim odada konuşuyorlar. eğer kalmayı düşünüyorsanız kesinlikle fısıltı ile konuşun çünkü yan oda her söylediğinizi rahatlıkla duyar. karşılaysn bayan güler yüzlü biriydi saddcd giriş yaparken gördük çıkış yaparken kimse yoktu anahtarı bırakıp çıktık
Nehir Butik Otel,Emir,tr,çok güzel bir otel lokasyonu 10 numara otel nehir manzaralı denize 5 dk yürüme mesafesi temiz ve titiz personelleri var yemekleri güzel ve nehir manzaralıherlese tavsiye ederim
Nehir Butik Otel,Hümeyra Öktem Şeker,tr,otel resmen temizlik kokuyor. odaların genişliği ve ferahlığı yeterli düzeyde. konum olarak da azmak nehri'nin kenarında yer alıyor. kahvaltısı çok çeşitliliği olmamakla birlikte doyurucu nitelikte. tekrar gidecek olsam tercih edeceğim tek yer olur. teşekkürler her şey için.
Nehir Butik Otel,Sunay Gülpamuk,tr,eşimle birlikte 12 ağustosta konakladık. konumu muhteşem. odamız 108 numaralı oda idi ve azmak nehrine bakıyordu manzarası çok güzeldi. oda gayet temizdi. otele giriş yapmadan önce bizi aradılar klimayı açalım odanız serinlesin diye bu ince düşünceleri çok hoşumuza gitti.i̇sletme sabipleri gayet güler yüzlüydü ve bizi çok iyi karşıladılar. kahvaltı lezzetli idi kafe kısmı da güzeldi.yani kısacası her anlamda memnun kaldık her şey için teşekkürler ..
Nehir Butik Otel,Çetin Ceylan,tr,"egenin incisi akyaka ,akyakanın incisi nehir otel azmak nehir manzaralı ve denize yürüme mesafesi sayesinde çok özel bir aile işletmesi ayrıca restorant nehir manzaralı yemekleri ve mezeleri çok başarılı....."
Nehir Butik Otel,Kurt Aricanli,en,"nehir butik hotel is perfectly placed on the outskirts of akyaka, a sea village, along the azmak river. we were surprised at the cleanliness and ambience this little gem had to offer. for our price range, we were expecting a more weathered accommodation, but nb was charming and up-to-date. the river alone makes this stay a worthwhile one."
Nehir Butik Otel,Gulzhan Alaidarova,en,"excellent view and hosts. the best service i have ever seen! we came to the marathon and mehmet bey supported us and gave motivation which increased our energy. the room is very cute and tidy, warm ac which is best heater for this time. i definitely suggest this place for sure for couples and single travelers even with the group of friends you may stay all long. very close to the center and river side."
Nehir Butik Otel,Александра Тугаринова,en,"the service spoilt our attitude towards this hotel. at breakfast, which is included in the price, my parents asked for a few more glasses of tea. and when we started to leave, they charged us 150 tl for 5 extra teas. no one had warned us in advance that extra tea was chargeable. there is no menu there. we found out only after breakfast that 1 tea costs 25 tl. we were tried to convince that everywhere in turkey tea costs 25 tl (although obviously it is very expensive for this place). also for 5 cups of tea at 25 tl we would owe 125 tl, not 150 tl. although we were eventually refunded 25 tl, the fact that we were cheated is very unpleasant. many cafes bring tea for free. you should be warned in advance that it is paid for. there is no coffee at breakfast either, it is paid. the rooms are in line with the price. although there are a lot of midges and far from the most comfortable beds. poor soundproofing."
Nehir Butik Otel,Kim Wilcox,en,"beautiful ,relaxing place ..excellent service, staff very pleasant..wonderful food..highly recommend a visit"
Nehir Butik Otel,Denise Preston,en,very nice place to go to hotel and restaurant very friendly staff and owner
Summer Otel,günnaz pir,tr,otelde 2 gece konakladık.odalar eski kesinlikle yenilenmesi gerek özellikle banyonun.banyo lavabosunun boyaları dökük tuvaletin basma yeri çıkmış tavan kabarmış kesinlikle tadilat görmeli. 3 kişilik odada kaldık büyüklüğü yeterliydi.kahvaltisi vasatti daha iyi olabilir. konum bence ideal uzaklıkta biz kullanmadik ama küçükte olsa bir havuzu var fiyat olarak bu ücrete diğer işletmelerinde farklı olacağını sanmıyorum akyaka da yeniden konaklayacak olsam başka bir yer deneyimlemek isterim
Summer Otel,ŞanlıOrdu AFFETMEZ,tr,"yorumlara aldanmayın 7 gece 8 günlük olarak tuttum burayı 2 yetişkin ve 2 yaşında oğlumuz... konum olarak sahile 5 dakika yürüme mesafesi cafelere marketlere 2-3 dakikalık yürüme... kahvaltısı gayet tatmin edici ve güzel sabah açık büfe şeklinde istediğiniz kadar alabiliyorsunuz. tek eksik çocuk için yatacak yer olanağı onu belirtir söylerseniz anlaşmadan önce güzel olur odalar butik oda standartı klima, mini buz dolabı, geniş banyo ve otele ait bahçesinde ideal havuz çocukların hevesini alacağı ve yetişkinlerin girebileceği... oda gayet temiz tv çalışır vaziyette... buraya otelde yatmak için gelirseniz memnun kalmazsınız ama bir iki gün akyaka gezintisi gersinde ise çevre ilçeleri günlük planlı dolaşarak sadece akşam olduğun da gelip odanıza yerleşip gecesini akyaka sokaklarında geçirebilirsiniz... konaklama için gayet güzel yer"
Summer Otel,Ebru Turan,tr,"toplamda 5 kez summer hotelde konaklama şansım oldu. her seferinde çalışan personelin güleryüzlülüğünden ,hizmet kalitesinden çok memnun kalarak döndük evimize. eş dost arkadaşlara tavsiye bulundum gelip misafir olanlar da gayet mutlu ayrıldılar .bize tatilimizi ev rahatlığında yaşatan tüm ekibe , aydın, meltem aslı ve derya 'ya sonsuz teşekkürler. i̇nanç bey ekip harika eylülde tekrar görüşürüz."
Summer Otel,System X,tr,uzun yolculuktan sonra bu hotel’e geldik bi süre sonra elektrik kesildi yetkili kişi yoktu bi çocuğu yerine bırakıp gitmiş kendisi klimasız havada temmuzda akyaka uyumak imkansız olduğu için gece burayı terkettik beni arayın para iadesi istiyorum dememe rağmen aranmadım burayı kimseye tavsiye etmiyorum daha iyi yerlere bakın.
Summer Otel,GULUMSER Kurnaz,tr,i̇lk defa 2 gün konakladık..konumu odalari temizliği gayet güzeldi..aydin bey ve ekibine çok teşekkür ediyoruz..derya hanımciğım ellerinize sağlık..akyaka ya geldiğimizde konaklayacağimiz yer kesinlikle burasi..tekrar teşekkürler..
Summer Otel,IamAysegul,en,"good spot. closeby to the city center & beach (no need for a car). small pool, thats good if you want to refresh. breakfast is below average."
Summer Otel,günnaz pir,en,"we stayed at the hotel for 2 nights. the rooms are old and definitely need to be renovated, especially the bathroom. the paint on the bathroom sink is peeling off, the toilet's press area is gone and the ceiling is swollen. it definitely needs to be renovated. we stayed in a room for 3 people, the size was sufficient. the breakfast was mediocre, could be better. i think the location is ideal, we didn't use it, but it has a pool, albeit small. i don't think the price will be different from other businesses for this price. if i were to stay in akyaka again, i would like to experience another place."
Summer Otel,ŞanlıOrdu AFFETMEZ,en,"don't be fooled by the reviews, i booked this place for 7 nights and 8 days with 2 adults and our 2 year old son... location: 5 minutes walking distance to the beach, 2-3 minutes walking distance to cafes, markets... the breakfast is very satisfying and you can have as much as you want in the form of a nice open buffet in the morning. it would be nice if you could state the only thing missing, a place to sleep for the child, before making an agreement. the rooms are boutique room standard, air conditioning, mini refrigerator, large bathroom and an ideal pool in the hotel's garden, which will appeal to children and is accessible to adults... the room is very clean, tv is working... if you come here to sleep in a hotel, you will not be satisfied, but after a day or two of walking around akyaka, you can visit the surrounding districts in a daily plan and come only in the evening, settle in your room and spend the night on the streets of akyaka... very nice place to stay"
Summer Otel,Ebru Turan,en,"i had the chance to stay at summer hotel 5 times in total. each time, we returned home very satisfied with the friendliness of the staff and the quality of service. i recommended it to my friends and acquaintances, and those who came as guests left very happy. endless thanks to the entire team, aydın, meltem aslı and derya, who made us experience our holiday in the comfort of home. mr. i̇nanç and the team are great. see you again in september."
Summer Otel,Ali Bayirli,en,"for now i would like to express my concerns as i have read many negative reviews of the summer hotel. when i arrived i was greeted very politely. my first question was how long this staff has been running the summer hotel. the answer was, for a month, which gave me hope. now, after five (5) days, i can recommend this summer hotel facility with a clear conscience if something was wrong, it was resolved and taken care of immediately or very promptly. the staff is courteous and polite. i also think value for money is good. there is no patina on the tables, they are wiped promptly. you are constantly asked whether there are any concerns or wishes that need to be fulfilled. the rooms are very neat and clean and everything is really attractive, as is the garden and the pool. we are very satisfied karin & ali"
Liya Boutique Hotel & Suites / Villa Yonca,Barış Aktan,tr,otelin konumu merkeze yürüme mesafesinde. odalar temiz ve çok keyifli dekore edilmiş. biz oda tipi suit odada kaldık. bu odayı iki aile bile kullanabilir. 2+1 şeklinde çok geniş ve kullanışlı. kahvaltısı çok lezzetli. odanın avantajını kahvaltıda da yaşadık. ön bahçesinde size ait bir alan var ve kahvaltınızı isterseniz oraya getiriyorlar. çok keyifli bir hafta sonu geçirdik. otelin işletmecisi emir bey’e ve personellerine ilgi alaka ve güler yüzleri içinde ayrıca teşekkür ediyorum. tekrardan mutlaka görüşmek üzere
Liya Boutique Hotel & Suites / Villa Yonca,Can Akçekaya,tr,"eşim ve 1.5 yaşındaki çocuğumuz ile 5 gece konakladık. keşke yer olsaydı da bir 5 gece daha kalabilseydik. o kadar memnun kaldık ki.. burada bizlere sadece otel hizmeti değil rehberlik hizmeti de verildi desek yalan söylemiş olmayız. önerdikleri yerler o kadar kaliteli, uygun ve güzeldi ki döndüğümüz gün bile yola çıkmadan önerdikleri plaja gidip o günden faydalanıp öyle eve döndük. sunmuş oldukları kahvaltı beni çok şaşırttı. i̇nanılmaz derecede fazla seçenek mevcut ve bir o kadar da lezzetliydi. odamız temiz ve her istediğimizde içerideki ürünleri bir kere bile somurtmadan değiştirdiler. zaten ilk içeriye girdiğinizde emir bey’i ve ozan bey’i tanıyormuşsunuz gibi bir hissiyat oluşuyor. bu vesileyle özellikle ozan bey’e ve emir bey’e ilgi ve alakalarından dolayı çok teşekkür ediyorum. türkiye’de otelciliğin bitmediğini, her şeyin para olmadığını bizlere net bir şekilde gösteriyorlar. yazdıklarımdan daha fazlası mevcut. bunu görmek için de akyaka’yı ziyaret edecekseniz eğer mutlaka buraya uğrayın derim. :)"
Liya Boutique Hotel & Suites / Villa Yonca,Didem Kurt,tr,öncelikle emir beye ve ozan beye çok teşekkür ederiz. her anlamda çok ilgililer ve hoş sohbetliler. sabahları kalktığınızda diğer misafirlerini rahatsız olmasın diye el sallayarak günaydın diyebilecek kadar ince düşünceliler. odalar gayet yeterli temiz. otelin konumu çok güzeldi bir tarafı ormana yakın diğer taraftan plaja yakın. arabamız olmadan akyaka'nın her yerini çok rahat gezdik. onun haricinde ana caddelerden bi tık uzak olduğu için geceleri çok rahat uyuyabilirsiniz gürültülü değil. 72 merdivrn albay koyuna yürüme mesafesinde. ayrıca kahvaltıları harika. bizim için güzel haberler aldığımız harika bir tatil oldu teşekkürler :)
Liya Boutique Hotel & Suites / Villa Yonca,selim ümütlü,tr,"otantik tavanlı, bahçesi kameriyeli, tertemiz bir odada kaldık. daha doğrusu 3 odalı bir daire gibiydi. i̇çi özenle döşenmişti. kahvaltısı tek kelime ile muhteşemdi. sofradaki her şey özenle hazırlanmıştı ve lezzetliydi.klimalar gayet güzel çalışıyordu. elektrikli ocakta kendi çayımızı demleme imkânı bulduk ki akyaka'nın kireçsiz suyuyla çay harika demleniyor. anlaşmalı plajın cam gibi berrak denizinden çok keyif aldık. otel işletmecileri emir bey ve ozan bey işlerini severek yapıyorlar ve paradan ziyade misafirlerin memnuniyetine önem veriyorlar. buna bizzat şahit oldum. verdikleri kaliteli hizmet her türlü takdire şayan. sürekli bir ihtiyacınız var mı diye sormaları ve gezilecek yerler konusunda samimiyetle size rehberlik etmeleri harika bir durum. dört aylik bebeğimizin kedilerle tanışması da güzel bir enstantane oldu. özetle huzurun ve güvenin akyaka'daki adresi liya butik... her şey için çok teşekkür ediyoruz."
Liya Boutique Hotel & Suites / Villa Yonca,Xxx Yyy,tr,"açılın ben buraya övmeye geldim. 23-27 haziran 2024 tarihleri arasında, 5 gün boyunca iki kişi konakladık ve kuvvetle muhtemel sonraki tatillerimde akyaka'da konaklayacağım tek yer olacak. objektif biçimde imkan ve kabiliyetlerini değerlendirdiğimizde akyaka'da kalitesine yakın yer bulmanın zor olacağını değerlendiriyorum. artıları: 1) temizlik konusunda hassas kişilerin beklentilerini karşılayacak bir ortam sağlıyor. zira siz talep etmeden dahi personeli size odanın temizliğinin yapılabileceğini söylüyor. yalnızca odalar değil dış mekan, katlar arası da temiz ve ferah. 2) kahvalti ve ekstralar bu konuda standartların üstünde bir kaliteyi sürekli biçimde sunabildiklerini gördüm. kaldığım 5 günün 4 gününde liya'da kahvaltı yaptım. 4 gün boyunca kalite hiç bozulmadı. ekstra talepler hiç olumsuz geri dönmedi. yumurtayı sucuklu istediğimde sucuğun bittiğini fark edip hızlıca malzeme temin edip bunu sağlayan ozan ve emir beylerin müşteri memnuniyeti konusundaki hassasiyetleri ufak detaylarda dahi kendini gösteriyor. su ve çeşitli kahve seçenekleri ile gün içerisinde güzel imkanlar sağlıyorlar. 3) network ağı personelin diğer turizm faaliyetleri ile ilgili çalışan kişiler ile bağı var. sizi yapacağınız etkinliklerde yönlendirici tavra sahipler. örneğin bize tekne turu konusunda bizzat iletişime geçerek yardımcı oldular. civar yerlere ulaşımın nasıl sağlandığı hakkında da çeşitli bilgiler verdiler. nerelere gidilebileceğini, nerelere gitmeye değmeyeceği hakkında kıymetli bilgiler edindik. 4) malzeme kalitesi duş başlığından klozetine, yatağından sedirine problemsiz, sağlam malzeme temin edilmiş durumda. klima var, klima var. herhangi bir otel, hotel, pansiyon cinsi bir yerde klima kalitesi buna yakın bir yer daha görmedim. buzdolabında sunulan ürünler market fiyatında. 5) yakınlık - uzaklık akyaka'nın önemli yerlerine birkaç dakikalık yürüme mesafesinde. gürültülü mekanlardan uzak. bu açıdan benim adıma ideal bir konumda bulunuyor. özetle, müşterisini önemseyen bir çizgide ilerleyen ve kalite konusunda belirli bir seviyeyi halihazırda geçmiş, kaliteli bir lokasyon. ahmet ve hilal'den sevgiler."
Liya Boutique Hotel & Suites / Villa Yonca,Adil Albayrak,en,"mr. ozan and mr. emir are very friendly and do their best to make you feel comfortable. my wife and i stayed there for three nights, and during that time, the hotel felt like home. normally, breakfast starts at 9 a.m., but we asked if we could have it earlier on one of the days since we needed to leave early for a boat tour, and they accommodated our request without hesitation. they are very professional. we had great conversations, and they suggested many things for us to do during our stay. the hotel is located quite close to the beach, just a 6-7 minute walk, which also makes it a quiet and peaceful place away from the crowds at the main attractions. it has a very nice garden covered with trees, and you can enjoy an amazing breakfast in this natural environment. we stayed in a suite that had two spacious rooms with balconies and very comfortable beds. i would definitely stay here again and recommend it to anyone who wants a great experience in akyaka."
Liya Boutique Hotel & Suites / Villa Yonca,Ed Schmidt,en,"loved my stay here! the place was so nice, rooms had everything you could want, and the value was amazing. owner was so helpful, friendly and just a great guy. we did not get the included breakfast and decided too after seeing how everything else was here. the breakfast was so good, fresh, & so much food & selection. would definitely recommend and stay there again."
Liya Boutique Hotel & Suites / Villa Yonca,Katherine Aynur Kugay,en,"we tried three different hotels of similar price in akyaka and this was our favorite—clean rooms, generous and delicious breakfast, helpful staff. the bathroom layout could be improved (the shower needs a door), but otherwise we’re very happy after our second stay one year later."
Liya Boutique Hotel & Suites / Villa Yonca,Nicu Dumitru,en,"a charming boutique hotel with spacious rooms, located in a quiet area, just a few minutes' walk from the beach, restaurants, shops, marina, and the azmak creek. the turkish-style breakfast is very diverse and delicious, featuring traditional dishes, and is served in the tastefully decorated courtyard under the shade of bougainvillea. emir is an exceptionally kind and friendly host who welcomed us warmly and provided very useful information about the local beaches, the bazar where you can buy authentic regional food products, and day cruises. the free parking at the property is a plus. we had a wonderful experience during the 7 days we spent in akyaka. thank you, emir, and we hope to return!"
Liya Boutique Hotel & Suites / Villa Yonca,Wiecher Van Der Laan,en,"loved it! i̇t’s close to the beach (3 minutes) and yet very quiet. apart from birds chriping nothing much is going on. the apartment was spacious, had a good bed and shower. a delicious turkish breakfast was included. moreover, the staff was very hospitable. they’d go the extra mile to make you feel comfortable"
Anayurt Oteli Akyaka,İlknur Durmaz,tr,"2 gece konaklama için sadece uyuyacağız, uygun olsun diyerek seçtik. merkezde kimine göre konumu iyi olabilir. 1 gecelik kaporayı 1 hafta önceden ödemiştik. yorgun, argın ellerimizde çantalarla karşılayıp, doğru düzgün merhaba bile demeden kalan ücreti almadan odaya çıkaramam diyen bir genç arkadaşımıza maruz kaldık. bu tavır belli ki kendisine öğretilmişti. ben tepki verince işletme sahibi olduğunu sandığım hanımefendi buyrun çıkabilirsiniz dedi. klozet bile temizlenmemişti. zaten küçücük bir oda. banyo inanılmaz pisti. buzdolabının arkasında çöpler vardı. yorgun olduğumuz ve yeni bir yer aramaya takatimiz kalmadığı için mecburen kaldık ama her anımızda nefret ettik. biraz daha araştırıp aynı fiyata veya bir tık üzerine çok daha temiz ve düzgün bir yer bulunabilir."
Anayurt Oteli Akyaka,Elvan Yarar,tr,"konum olarak çok iyi olmasına karşın temizlik ve hijyen açısından berbat durumdaydı, odaların camı penceresi sanırım 1 yılı aşkın suredir temizlenmiyordu, klima o kadar tozlu ve pisti ki açtığımızda üzerindeki toz toprak direk yatağın üzerine döküldü, yatakların altları kenarları pislik icindeydi, yastıklar kokuyordu uzerine tshirtlerimizi gecirerek yattık, klozet pis ayak havlusu yoktu, iyi yorumlara karşın tuttuğumuz bu otelden hayal kırıklığı ile ayrıldık, bunca zamandır tatil yapıyoruz hic bu kadar pis bir yerde kalmamıştık."
Anayurt Oteli Akyaka,Özge Katırcıoğlu,tr,kaldığımız oda çok küçüktü odada havlu yoktu 10 cm lavabo koymuşlar yüzünüzü yıkayamıyorsunuz o derece küçük hizmet desen yok zaten.
Anayurt Oteli Akyaka,Janset Özden,tr,fiyat performans olarak çok beğendik. her şeyin merkezinde kaldığı için tatilimizi çok konforlu hale getirdi.
Anayurt Oteli Akyaka,Sila Demir,tr,öncelikle konumu süperdi biz 3 kişi konakladık gayet ilgili ve iyilerdi aşağıdaki özgür beye teşekkür ederiz odanın kliması ve her şeyi iyiydi
Anayurt Oteli Akyaka,Emin Demirel,en,i love u soytaş :)
Anayurt Oteli Akyaka,İlknur Durmaz,en,"we chose it for a 2-night stay, thinking that we would only sleep and it would be convenient. its location in the center may be good for some. we paid the deposit for 1 night 1 week in advance. we were subjected to a young friend who welcomed us tired, with bags in our hands, and said that he could not take us to the room without even saying hello without paying the remaining fee. this attitude had obviously been taught to him. when i reacted, the lady, who i thought was the owner of the business, said, ""you can leave."" even the toilet bowl wasn't cleaned. it's a tiny room anyway. the bathroom was incredibly dirty. there was trash behind the refrigerator. we had to stay because we were tired and didn't have the strength to look for a new place, but we hated every moment of it. with a little more research, you can find a much cleaner and neater place for the same price or just a click away."
Anayurt Oteli Akyaka,Elvan Yarar,en,"although it was very good in terms of location, it was in a terrible state in terms of cleanliness and hygiene, i think the windows of the rooms had not been cleaned for more than a year, the air conditioner was so dusty and dirty that when we turned it on, the dust on it spilled directly onto the bed, the bottoms and edges of the beds were filthy, the pillows smelled, so we put our t-shirts on them. we went to bed, the toilet was dirty, there were no foot towels, we left this hotel with disappointment despite the good reviews, we have been holidaying for so long, we have never stayed in such a dirty place."
Anayurt Oteli Akyaka,Özge Katırcıoğlu,en,"the room we stayed in was very small, there were no towels in the room, they put a 10 cm sink, you cannot wash your face, it is so small, there is no service pattern anyway."
Anayurt Oteli Akyaka,Janset Özden,en,we liked it very much in terms of price and performance. it made our holiday very comfortable as it remained in the center of everything.
MSKÜ Akyaka Uygulama Oteli,Ertan Şentürk,tr,"akyaka da güzel temiz bir otel, konaklama yapmadım ama odaları görme şansım oldu temizliği güzel, sadece oda kahvaltı hizmet veriyor, konum olarak akyaka da plaja en uzak yerlerden birisi, otopark imkanı var. odalar çok sade, yatak ve banyo alanından oluşuyor. sezon sonu 3 kişi için oda-kahvaltı 2500₺ ücreti var. kamu çalışanı vs için ek indirim söz konusu olabilir."
MSKÜ Akyaka Uygulama Oteli,Cansu Ak,tr,i̇lk defa akyaka’ya gittik.iki kişi bir gece konakladık.2700 tl ücret verdik.oda temizdi büyüktü ama yatak korkunç derecede rahatsız ediciydi. aşırı derecede ses çıkartıyordu.sağa sola dönmeden uyumaya çalıştım ama nafile bütün gece uyuyamadım.dış kapısı camdan olduğu için dışarıda ışık geliyor. gece boyu sanki gündüz olmuş gibi aydınlıktı. işık beni aşırı rahatsız etti. kahvaltısı güzeldi. ama yatak ve ışıktan dolayı dinlenemedik.bir daha tercih etmem ve önermem.
MSKÜ Akyaka Uygulama Oteli,Türkçe Öğretmeni,tr,"uygulama otelleri içinde biraz foyat olarak pahalı bir otel. yapilirken havuz da planlansaymiş kalitesine daha yakisir bir yer olurdu. akyaka girişi çok dik bir rampada. gece yabani hayvana rastlamadim ama uyarilar var. kahvaltisi yeşillik, peynir zeytin, kizartmalar, tatli ve simit türü vs. standartin bir tik üzerinde. odalar temiz ancak giriş sonrasi 3 4 gun kalacaksaniz temizleyen görevlilerden ekstra temizlik isteyin. cikarken temizlerler yoksa. calisanlarin ogrenci olmasini beklerdim ama degil. sonuçta egitim amacli yapilmiş bir yer. banyo çok dar ve kucuk. bahçesinde çok fazla kedi var. evet hayvanlar beslenmeli ama bir yeri olmali. i̇nsanlara atliyorlar. gelişmekte olan bir kurum. personel sayisi artirilmali birimler kontrolde olmali. restaurant menusu fiyatinda emin olun %20 indirim olmali. çorba, cacik ve bir parca tavuk 300 olmamali. sonuçta kamuya ait bir kurum burasi. akşamlari da fix menuyle şu anki fiyatlari daha doğru bir tercih olabilir. i̇ki taraf da memnun kalir."
MSKÜ Akyaka Uygulama Oteli,omrfrksy,tr,sahile araç ile 4-5 dk mesafede. kliması çok iyi. odaları geniş ama yatakları berbat. 2 farklı odada kaldım. i̇kisi de kötüydü. kahvaltısı açık büfe ve ortalama kalitede. buzdolaplarını 2. el temin etmişler. bizim odamızdaki çalışmıyordu. resepsiyonu aradığımda dolabı ters çevirip bir süre öyle tutmamı önerdi. bu çözüm gerçekten işe yaradı :)
MSKÜ Akyaka Uygulama Oteli,bülent demirci,tr,"fiyat performans olarak beklenenin üzerinde bir otel, üst katın deniz manzaralı odalarını isteyin. kahvaltısı gayet yeterli, glutensiz mercimek ekmekleri ile diyetlere uygun. temiz kaliteli güzel bir otel."
MSKÜ Akyaka Uygulama Oteli,Ertan Şentürk,en,"it's a nice and clean hotel in akyaka, i didn't stay there but i had the chance to see the rooms. it's clean, it only provides bed and breakfast service, its location is one of the farthest places from the beach in akyaka, it has parking facilities. the rooms are very simple, consisting of a bed and a bathroom area. at the end of the season, there is a room and breakfast fee of 2500₺ for 3 people. additional discounts may be available for public employees etc."
MSKÜ Akyaka Uygulama Oteli,Cansu Ak,en,"we went to akyaka for the first time. we stayed for one night as two people. we paid 2700 tl. the room was clean and large, but the bed was terribly uncomfortable. it was making excessive noise. i tried to sleep without turning left and right, but in vain i couldn't sleep all night. since the outer door is glass, there is light coming in from outside. it was as bright as if it were daytime throughout the night. the light bothered me a lot. breakfast was nice. but we couldn't rest because of the bed and the light. i wouldn't choose it again and i wouldn't recommend it."
MSKÜ Akyaka Uygulama Oteli,Türkçe Öğretmeni,en,"it is a slightly expensive hotel among practice hotels. if the pool had been planned while it was being built, it would have been a place more worthy of its quality. akyaka entrance is on a very steep ramp. i did not encounter any wild animals at night, but there are warnings. breakfast includes greens, cheese, olives, fried foods, desserts and bagels, etc. one tick above standard. the rooms are clean, but if you are going to stay for 3 or 4 days after check-in, ask for extra cleaning from the cleaning staff. otherwise they will clean it when they leave. i expected the employees to be students, but they are not. after all, it is a place built for educational purposes. the bathroom is very narrow and small. there are many cats in his garden. yes, animals should be fed, but they should have a place. they jump on people. a developing institution. the number of personnel should be increased and units should be under control. make sure there should be a 20% discount on the restaurant menu price. soup, tzatziki and a piece of chicken shouldn't be 300. after all, this is a public institution. in the evenings, a fixed menu with current prices may be a better choice. both parties are satisfied."
MSKÜ Akyaka Uygulama Oteli,omrfrksy,en,"it is 4-5 minutes away from the beach by car. the air conditioning is very good. the rooms are large but the beds are terrible. i stayed in 2 different rooms. both were bad. the breakfast is open buffet and of average quality. they procured the refrigerators second hand. the one in our room was not working. when i called the reception, they suggested that i turn the cabinet upside down and keep it that way for a while. this solution really worked :)"
MSKÜ Akyaka Uygulama Oteli,bülent demirci,en,"the hotel is above expectations in terms of price performance, ask for the sea view rooms on the upper floor. the breakfast is quite sufficient, suitable for diets with gluten-free lentil bread. a nice, clean and high-quality hotel."
Teras Tepe Apart,ümit Samimi,tr,"otelin manzarası çok güzel fakat işletmesi gerçekten kötü eğer bir haftadan az kalıyorsanız, aradaki günler size temiz havlu verilmiyor ve odanız temizlenmiyor. telefonla arayarak öğrenebilirsiniz yazın musluklardan deniz suyu akıyor, dişinizi fırçalayamazsınız. duş aldığınızda da yıkanmamış olacaksanız. bunu da telefonla arayarak teyit edebilirsiniz eğer çocukla gidiyorsanız, tehlikeli. çünkü bir yere bağlı olmayan, ağızlıksız, yasaklı ırkta köpekler var işletme bahçesinde bu ve benzeri sorunları işletmeciye iletip, geri bildirmek isterseniz de mahalle ağzıyla karşılık alırsınız, özellikle işletmeci olan kısa boylu kadın tarafından -- i̇şletmeye cevap; fark ettiyseniz ""hayır iki gece konaklıyorsanız, odanızı ikinci gün için temizleriz ve size temiz havlu veriririz"" dememiş yanıtında ""hayır musluktan tuzlu su akmıyor"" da dememiş. dişinizi fırçalamak için işletmeden fahiş fiyata su almanız gerekiyor. i̇sterseniz arayın, sorun. burada buna cevap vermeyecekler, bu çok belli. eski yorumlarda başkaları da dile getirmiş zaten ""köpek"" yok ya da ""köpek işletme mevzuatına uygun şekilde bağlı ve kimseye saldırmadı"" da dememiş.bunun yerine yalan söylemeyi tercih etmiş. doğrusu ne köpek 2 aylık ne de orada sadece 1 köpek var. hiçbir otel işletmecisi köpeklerinin yaşından bağımsız olarak, otel bahçesinde başı boş köpek bırakamaz. arkadaşlar, bize yaşattıkları için özür dileyeceklerine size karşı manipülasyon yapıyorlar. sonra gelip burada yorum yazarak, cevap vermekle uğraşırsınız"
Teras Tepe Apart,Zeynep Akdağ,tr,eşimle kısa bir konaklama yaptığımız halde çok memnun kaldık. çok tatlı bir aile işletmesi. doğayla iç içe harika bir deniz manzarasıyla ruhunuzu dinlendiriyorsunuz. çalışanları çok güleryüzlü ve çok tatlılar. tek kötü yanı otele yaklaştığınızda stabilize bir yol var ve çıkarken zorlanıyorsunuz ama otel sahipleri yol yapılacağını söyledi. sakin ve dinlendirici bir tatil istiyorsanız düşünmeden gelebilirsiniz
Teras Tepe Apart,Hüseyin Ercan,tr,kurban bayramında akyaka merkeze alternatif olarak tercih ettiğimiz bu apart şirin bir aile işletmesi olup lokasyon olarak akyaka merkeze araçla yaklaşık 20-25 dklık kıvrımlı tek gidiş bir yola sahip otele yaklaştığınızda anayoldan orman yoluna taşlık yaklaşık 300 metrelik bir yola giriyorsunuz eğer aracınız araziye uygun değilse canınız sıkılabilir fakat bu durumun işletme ile bir alakası olmadığını öğrendik. otelin özelliklerine gelecek olursak; -samimi bir aile işletmesi olup her konuda yardımcı olmaya hazırlar -odaların büyüklüğü ve mutfak içeriği nispeten yeterli -balkon manzarası güzel -çeşme suyu tuzlu aktığı için yanınıza içme suyu almanızı öneririm -wi-fi yok -kahvaltı köy kahvaltısı şeklinde olup yeterince lezzetli ve doyurucuydu. tavsiye edilir
Teras Tepe Apart,merve öner,tr,"balayı için geldik huzurlu ormanla iç içe bi yer. deniz manzarasıyla birlikte kahvaltı çok keyifli. gelince nilüfer ablanın köfte ekmeği yemeden dönmeyin aşırı lezzetli. i̇şletmeciler dürüst, samimi, misafirperverliklerine bayıldık. konumu yüksekte toprak yol var o biraz zorlayıcı. temizlik ve hijyen olarak ortalamada ."
Teras Tepe Apart,Osman Erdem Ekinci,tr,"i̇şletmenin yönetimi son derece kötü. temizlik konusunda büyük eksikler var; odalar yeterince temizlenmiyor ve musluklardan tuzlu su akıyor. denizden çıktıktan sonra tuzlu suyla duş almak zorunda kalıyorsunuz. arazi aracı olmayanların bu otele ulaşması neredeyse imkânsız çünkü yol dik ve toprak. ayrıca, otel içerisinde serbestçe dolaşan köpekler mevcut. i̇şletmecilere şikayet ettiğinizde ise saygısızca cevaplarla karşılaşıyorsunuz, örneğin 'köpeği bağlamaları gerektiğini’ söyledim. bana'köpeği keseyim mi?' diye yanıt verdiler."
Teras Tepe Apart,Önder Eryüz,en,"road to the place is unpaved and poor, if you want to visit car service after your stay, this is your place to stay. dining table in the terrace was full of dirt and uncleaned. there was also a handful of dust on top of the refrigerator. you may see the photos of the view from the main patio but when you see they are hanging their washed clothes (socks, underwear, pants, etc.) there for drying you will understand the level of professionalism of the “so called” hotel."
Teras Tepe Apart,ümit Samimi,en,"the view of the hotel is very nice but the management is really bad if you stay for less than a week, you are not given clean towels and your room is not cleaned on the days in between. you can find out by calling in summer, sea water flows from the taps, you cannot brush your teeth. if you will not be washed when you take a shower. you can also confirm this by calling us. if you are going with children, it is dangerous. because there are dogs of banned breeds that are not tied to any place, without muzzles, in the business yard. if you want to report these and similar problems to the manager and give feedback, you will receive a response from the neighborhood, especially from the short woman who is the manager. -- response to business; if you noticed, he did not say ""no, if you are staying for two nights, we will clean your room for the second day and give you clean towels"" in his response. he did not say, ""no, salt water does not flow from the tap."" to brush your teeth, you have to buy water from the business at an exorbitant price. call and ask if you want. they won't answer that here, that's obvious. others have already mentioned it in old comments. he did not say ""there is no dog"" or ""the dog was kept in accordance with business regulations and did not attack anyone."" instead, he chose to lie. to be honest, the dog is not 2 months old and there is only 1 dog there. no hotel operator can leave stray dogs in the hotel garden, regardless of the age of the dog. friends, instead of apologizing for what they put us through, they are manipulating you. then you come and comment here and try to respond."
Teras Tepe Apart,Zeynep Akdağ,en,"even though we had a short stay with my wife, we were very pleased. a very sweet family business. you can rest your soul with a wonderful sea view, surrounded by nature. the staff are very friendly and very sweet. the only bad thing is that there is a stabilized road when you approach the hotel and you have difficulty getting out, but the hotel owners said that the road will be built. if you want a quiet and relaxing holiday, you can come without thinking."
Teras Tepe Apart,Hüseyin Ercan,en,"this apartment, which we chose as an alternative to the center of akyaka during the eid al-adha, is a cute family business. the location is about a 20-25 minute drive from the center of akyaka. it has a winding one-way road. when you approach the hotel, you enter a stony road of about 300 meters from the main road to the forest road. if your vehicle is not suitable for the terrain, you may get bored. but we learned that this situation has nothing to do with the business. as for the features of the hotel; -it is a friendly family business and they are ready to help in every way. -the size of the rooms and the kitchen content are relatively sufficient -balcony view is nice -since the tap water is salty, i recommend you take drinking water with you. -no wi-fi -the breakfast was a village breakfast and was delicious and satisfying enough. it is recommended"
Teras Tepe Apart,merve öner,en,"we came for our honeymoon, it's a peaceful place surrounded by the forest. breakfast is very enjoyable with the sea view. don't leave without eating nilüfer sister's meatball bread, it is extremely delicious. the operators are honest and sincere, we loved their hospitality. the location is at a high altitude and there is a dirt road, which is a bit challenging. it is average in terms of cleanliness and hygiene."
Hotel Caretta,Yunus Emre İlhan,tr,2günlük akyaka turumuzda konakladığımız hotel. konumu muazzam bir yerde. her yere çok yakın. bu konumdan akyaka'da yürüyerek gidemeyeceğiniz bir yer yok. hotel personeli de çok güler yüzlü ve yardımseverdi. biz günübirlik kalacağımız için çok beklentimiz yoktu ancak kaldığımız odanın temizliği konusunda biraz memnuniyetsizlik yaşadık. banyosundan dayanılmayacak derecede kötü kokular geliyordu. ama bizlere kapılarını açtıkları için özellikle alp bey'e ve tüm personele çok teşekkür ederiz.
Hotel Caretta,ALI BURAK BEYAZKILINC,tr,"yaklaşık 5 gece kaldık, odalar temiz, hizmet mükemmeldi. sabahları bir ablamız ve özgür bey(yanlış hatırlamıyorsam, uzun saçlı) her zaman halimizi hatımızı sorup yardımcı oldular, kahve ısmarladır. geceleride bir yıldız olarak alp bey her zaman bizlere neşeli sohbeti ile eşlik etti bir sonraki ziyaretimizde de kesinlikle bir aile sıcaklığında olan bu oteli tercih edeceğiz"
Hotel Caretta,Cuneyt Demirsoken,tr,"zaten tesise yabancı değildik sadece kısa bir süre ara vermek zorunda kalmıştık sağlık sebeplerinden dolayı, fakat günler, aylar,yıllar geçmiş olsa da caretta caretta otel sami bey önderliğinde, alp bey ve özgür bey idaresinde aynı kalite,samimiyet,sıcaklık tam bir aile ortamı aynen devam ediyor.bu kadar ilgili ,mütevazi bir işletme gerçekten turizm için büyük bir kazanç.iyi ki varsınız caretta caretta ailesi akyaka,size sonsuz teşekkürlerimi sunuyorum eşsiz bir tatil imkanı bana ve aileme sunduğunuz için..sağlıkla afiyetle aynen devam"
Hotel Caretta,Beyza Kurar,tr,"özgür bey ve alp beye herşey için çok teşekkür ederim çok ilgililer çok güler yüzlüler biz tamamen şans eseri bulduk ama iyi ki bulmuşuz hijyen olarak çok iyi çarşaflar,havlular kar beyazı mis korkuyorlardı konum olarak da harika bir yer sabah kahvaltısına gittiğimiz yerden de çok memnun kaldık özgür bey olsun alp bey olsun ve yardımcı ablalarda olsun hepsi çok ilgili ve güler yüzlüler seneye tekrar akyakaya gidersek yerimiz belli iyi ki caretta hotel 🫶"
Hotel Caretta,Taner Toksoy,tr,i̇ki gece geçirdik. konumu çarşının içinde ve her yere yakın. temiz ve fiyatı uygun. i̇şleten arkadaşlar ilgili. çok memnun kaldık
Hotel Caretta,Yunus Sahin,en,"it is very local, which is nice however if you plan on sleeping early i would recommend another place. throughout night you would also hear people noice from outside. the prices are in the upper side of the area. the rooms were okay, there was no fridge in the room."
Hotel Caretta,Selin Seylan,en,"if you want to be in the center and stay in a clean and reliable place, you can choose this place without hesitation. the owners are very sweet and caring people .. thank you for everything you are super carrette family"
Hotel Caretta,Volkan Bozkurt,en,best hotel to stay in akyaka. friendly and warm reception also clean and peacefull rooms.
Hotel Caretta,Yusuf Agdere,en,"central location, clean and spacious rooms."
Hotel Caretta,Yunus Emre İlhan,en,"the hotel where we stayed during our 2-day akyaka tour. the location is in a magnificent place. very close to everywhere. there is no place in akyaka that you cannot walk from this location. the hotel staff was also very friendly and helpful. since we were staying for the day, we didn't have high expectations, but we were a little dissatisfied with the cleanliness of the room we stayed in. an unbearably bad smell was coming from the bathroom. but we would like to thank especially mr. alp and all the staff for opening their doors to us."
Meltem Hanım Konağı butik otel ve Restoran,gur can,tr,fethiye’ye giderken durak olarak sectigimiz otel aklımızdan çıkmadı. konaktan çevrilmiş içerisi çok hoş eski tarihi ve kokusu da çok hoş olan bir konak. kaldığımız odada çok rahat bir uyku çektik. ula küçük bir yer meydanda çok güzel bir restoranda öğle yemeği yedik çok da uygundu. akşam yemeğinde ciğer ve yoğurtlamayı burada yedik otel yemeğide çok hoştu. akyaka‘ya arabayla kısa sürede geçebiliyorsunuz. bir daha yolum düşerse gitmek isteyebileceğim bir yer çünkü o kadar otelde kaldık; burası gibi hiçbirinin tarihi dokusu içimize işlememişti.
Meltem Hanım Konağı butik otel ve Restoran,Sedat Can Durgut,tr,"tarihi, meşhur ula mimarisi bir evden çevrilmiş mükemmel restore edilmiş bir butik otel. odaları mükemmel dizayn edilmiş. ayrıca güleryüzlü mükemmel bir hizmet anlayışı var. mutfağı çok güzel ve lezzetli. otel sahibi mehmet beye ilgisinden dolayı çok teşekkür ederiz."
Meltem Hanım Konağı butik otel ve Restoran,Berfin Yaman,tr,"banyosu küçüktü. duşa kabin kırık ve duş başlığı bozuktu. odaların dekorasyonu çok hoş fakat tuvalet ve banyo çok küçük ve bakımsız. kahvaltısı fena değil. otelin restoranı akşamları otelde kalanlar dışında müşterilere açık, bu nedenle gece vakti restoran gürültüsü odalara geliyor. bu koşullara göre pahalı bir otel."
Meltem Hanım Konağı butik otel ve Restoran,Ömer Karakuş,tr,"18.08.2024 tarihinde iki ayrı aile olarak konakladık. oldukça temiz, yatak ekipmanları, sıcak su, klima ve kahvaltı güzeldi. otantik bir havaya sahip, gönül rahatlığıyla konaklanabilir."
Meltem Hanım Konağı butik otel ve Restoran,Seda Akkaya,tr,"aksam yemeği için geldiğimiz mezelerine ozellikede yoğurtlamasina bayıldığımiz mutfağına fiyatlarına guleryüzlu personeline özellikede atmosferine bayıldıgimiz mekanın başarılarının devamını diliyoruz emeğinize sağlık .bu çevrede böyle mekan bu fiyatlar süpersiniz,"
Meltem Hanım Konağı butik otel ve Restoran,Kim Hausmann,en,authentic delicious turkish food. the owner does only speak little english but is very accomodating. we loved the meze and the köfte. they even got us baklava from down the street. the rooms are super cute and cozy. we loved our stay here and definitely recommend staying and eating here
Meltem Hanım Konağı butik otel ve Restoran,I_HKY,en,loved the vibes of the place and the village the owner doesn’t speak english but he’s very helpful and trying to help in every way he could help. the room was good and clean the mattress was so comfy but the toilet is a bit tight
Meltem Hanım Konağı butik otel ve Restoran,Тимур Шипилов,en,"large servings, delicious and prices are good. very beautiful place)"
Meltem Hanım Konağı butik otel ve Restoran,Gül Demirtaş,en,süperrrrrrrrr
Meltem Hanım Konağı butik otel ve Restoran,Masked Tarot,en,stunning. beautiful decor. lovely.
İskelem Butik Otel,Hayat Atay,tr,i̇skelem otelde 3 gece 4 günlük bir konaklama yaptık. odaya giriş yaptığımız anda temizlik kokusu karşıladı bizi. odada ihtiyacınız olabilecek her detay düşünülmüş. 3 kişi 1 odayı kullandık odanın büyüklüğü gayet yeterliydi. personelleri inanılmaz ilgili ve güleryüzlüler hepsi çok sempatikler kahvaltısı serpme kahvaltı şeklinde oluyor biraz daha çeşitlilik olabilir sıcak türü şeyler artırılabilir ama onun dışında çok lezzetliydi. i̇skelede akşam yemeği yemek harika bir deneyimdi kesinlikle denemelisiniz. muhteşem bir manzara muhteşem bir hizmet. kesinlikle tavsiye ediyorum. i̇skelem otel ailesine sonsuz teşekkürler
İskelem Butik Otel,REMZİ BALAY,tr,"sayın işletmeci kaan bey'den başka çalışan yokmu. bu yanlış bir uygulama. otelin google haritalar'da ki ortalamasının artması için, evet çalışkan ve müşteri diyaloğunu iyi götüren bir arkadaş olan kaan beye böyle bir görev vermeniz dürüst bir hareket değil. bırakın gerçekten memnun olan müşteriler size beş yıldız versin. akyaka'nın en güzel konumundaki birkaç otelden birisi i̇skelem otel. ayrıca diğer otellere göre alanı daha geniş. denizle sıfır noktasında buluşan i̇skelem oteli bu sebepten dolayı tercih ettik. güneşlenme şezlongların, yatakların bulunduğu iskeleden hemen denize atlamak harika birşey. ayrıca sabah kahvaltısıda gayet yeterli ve harika bir servis yapıyor ilgili bayan arkadaşlar. bizin odamız balkonlu standart büyükçe rahat bir odaydı. fakat odalar oldukça eski, nereyi tutsanız elinizde kalıyor. pencere sineklikleri bozulmuş, içeri sinekler v.s giriyor. işıklandırma yeterli değil hatta bozuk. banyo eski. banyoda gömme küvet var. artık banyolar genelikle duşlu. tüm armatürler arızalı, sıcak suyu ayarlamak çok zaman alıyor. oda ve banyo temizliği yeterli değil, zaten eski olunca temizlikte görünmüyor. oda temizliği için kapıya talimat kartı(dnd) koyduğumuz halde temizlik yapılmadı. çünkü kapı kolu pervaz yakın olduğu için kart katlanıyor. yani yeni kapı, yeni anahtar sistemi ve para kasası gerekiyor. diğer taraftan akşam yemekleri için iskeledeki şezlong ve şemsiyeler kaldırılıyor masalar konuyor. ortam harika oluyor. yemekleri sunumu ve servisi gayet başarılı. meze çeşitleri oldukça fazla, balık genellikle 2-4 çeşit fakat etli yemek çeşitleri çok az. fiyatlar ortalamanın biraz üstünde. çalışanların çoğu müşterilerle ilgili ve alakalı. durum böyle. odalar yenilenirse, süper butik otel olur."
İskelem Butik Otel,Nursu K,tr,"royal süit odada konakladık. odaya bayıldım çok güzeldi. tek eksisi banyodan gelen gider kokusuydu. manzaraya zaten aşık olduk. otelin konumu,manzarası muhteşem. beach kısmında hem şezlonglar hem de yataklı kısımlad çok rahattı. deniz biraz soğuk haberiniz olsun. akşam yemeği için de iskeleden rezervasyon yaptırın mutlaka çok keyifli. kahvaltısı da idealdi. fiyat olarak da bize konum itibariyle makul geldi abartı bulmadık bizim için tek olumsuz taraf çalışan bazı arkadaşlardı maalesef. biz problem yaşadığımızı dile getirimce deneyimli çalışanlar sağolsun ilgilendiler ama cidden bir kaç çalışan arkadaşın tecrübesizliğinden kaynaklı geç gelen ya da yanlış gelen siparişlerle karşılaştık hem beachte hem akşam yemeğinde. genel olarak bizim ilk gelişimizde ama kesinlikle son değil. çok beğendik. şimdiden seneye ne zaman gelsek diyoruz. teşekkür ederiz."
İskelem Butik Otel,Burhan Yüce,tr,i̇skelem hotel gerçekten konumuyla titizlikle düzenlenmiş odalarıyla temiz güleryüzlü sempatik personeli heryönüyle mükemmel bir mekan. yemekleri lezzetli çok memnun kaldık herkese tavsiye ederim
İskelem Butik Otel,Çağrı Çelik,tr,çok keyifli bir tatil geçirdik. otel genel olarak tatilden tüm beklentimizi karşıladı. kahvaltılar gayet güzeldi. beach kısmı yeterli ve temizdi. çalışanlar güler yüzlü ve yardımseverdi. akşamları alacarte restoranı sahildeki şezlongların yerine kuruluyor ve manzara eşliğinde yemeğinizi yiyorsunuz. fakat dışarıdan gelen müşteri ile otel müşterisine fiyatların aynı olması bence biraz adaletsiz bir durum. fiyatlar ortalamanın üzerinde…sadece eğer ekonomik oda tercih edeceksiniz çok küçük olabiliyor ve bizim odada ciddi bir gider kokusu vardı. hk biraz yetersiz olabiliyor belki de yoğunluktandır. odalardaki temizlik fena değil fakat daha iyi olabilir. ayrıca odalara her gün su bırakılması da misafirler açısından iyi olacaktır.
İskelem Butik Otel,Erkan Ergene,en,"here’s a google review for a seaside leisure hotel in akyaka, turkey: rating: “a wonderful stay at this seaside gem in akyaka! the hotel is perfectly located right on the beachfront, offering stunning views of the turquoise waters and beautiful sunsets. the rooms were clean, spacious, and well-equipped with everything we needed for a comfortable stay. the staff were incredibly friendly and always went the extra mile to make sure we felt welcome and taken care of."
İskelem Butik Otel,Merve Gursoy,en,what a wonderful boutique hotel and restaurant located in a beautiful old fisherman’s cove. we were sat by the water and enjoyed our very generously measured cocktails. the staff (kaan in particular) were super friendly and welcoming. we will definitely be visiting again.
İskelem Butik Otel,Victoria Childerhose,en,this hotel is very beautiful. it is a short walk/drive to downtown akyaka. our dinner on the dock was super romantic. the food was delicious and the staff is friendly and attentive.
İskelem Butik Otel,Uray Vazquez,en,we enjoy the relaxing time here. zekeriya was great by the beach dock. he was very helpful and friendly. the water temp was just right. loved the wind blowing off the water.
İskelem Butik Otel,Marina Obukhova,en,"beautiful location, quiet and cozy, very friendly staff. authentic design we really enjoyed ours stay"
Otel Arın,IRmak FATURA,tr,i̇şletmecileri tam bir insan evladı ülkemizde böyle insanlardan çok az kaldı.oteli yolda aramama rağmen olabilecek en güzel odayı vermişler. genelde tatil beldesi otelleri odalarını kakalar. geç saatte geldim işletmeci ben gitmeden klimayı açmış odamı havalandırmıştı. odam tertemiz ve çok ferah bir dekorasyona sahip otelden çok ev gibi . ve yatağım çok rahat .i̇lkkez otele ödediğim paraya üzülmüyorum. i̇şletmeciye ne kadar teşekkür etsem az.saatler süren bir yolculuğun yorgunluğu ancak böyle atılabilirdi.
Otel Arın,Halil Ozan Özkök,tr,bu ölçekte bir konaklama için beklenebilecek olanaklar fazlasıyla sağlanıyor ve çok güzel balkonlu odalarından birinde kalmak çok keyifliydi.
Otel Arın,Emre Işık,tr,kız arkadaşımla beraber 3 gece konakladık. konumu gerçekten olabilecek en güzel yerde. odaların temizliği harikaydı. gönül rahatlığıyla konaklayabilirsiniz.
Otel Arın,Nur Çiloğlu,tr,konum mükemmel çarşının cafelerin hemen dibi. otel çok güzeldi bir gece konakladık çok temizdi . sahibi de çok tatlı biriydi. uygun fiyatlı gayet güzel.
Otel Arın,Gamze,tr,akyaka'nın merkezinde 3 gece konakladığımız otel. bu bölgede kaldığımız en temiz otel aynı zamanda. gerçekten konumu temizliği misafirperverlikleri 5 puandan çok fazlasını hak ediyor.
Otel Arın,IRmak FATURA,en,"the managers are truly human beings, there are very few people left like this in our country. even though i looked for the hotel on the road, they gave me the best room possible. usually resort hotels poop their rooms. i arrived late and the manager turned on the air conditioner and ventilated my room before i left. my room was clean and very spacious, more like a home than a hotel. and my bed is very comfortable. for the first time, i don't regret the money i paid for the hotel. i cannot thank the operator enough. this was the only way to relieve the tiredness of a journey that lasted for hours."
Otel Arın,Halil Ozan Özkök,en,"the facilities that one would expect for an accommodation of this scale are provided in excess, and it was very enjoyable to stay in one of the rooms with a beautiful balcony."
Otel Arın,Emre Işık,en,we stayed with my girlfriend for 3 nights. the location is truly in the best place possible. the cleanliness of the rooms was great. you can stay with peace of mind.
Otel Arın,Nur Çiloğlu,en,"the location is perfect, right next to the market and cafes. the hotel was very nice, we stayed for one night, it was very clean. the owner was also a very sweet person. very nice and affordable."
Kiraz Cicegi Butik Otel Akyaka,Andaç Komaç,tr,"kaldığımız oda genişti ancak odada bulunan kapatılmış bir kapının arkasında mutfak olduğu için sabah mutfak sesleri ile uyandık. oda temizliğini beğenmedik, yatak başlığı yoktu ve başınızı koyduğunuz duvarda bulunan rutubet çok rahatsız ediciydi. dekor amaçlı konulan yastıklar kirliydi, banyoda da rutubet mevcuttu. konumu merkezi ancak sokak çok gürültülüydü. kişi başı çocuk da ayrı olarak hesaplanmak üzere 200 tl verdiğimiz kahvaltı vasattı. personeller iyi ve güler yüzlüydü. ancak tekrar gelmeyi düşünmem."
Kiraz Cicegi Butik Otel Akyaka,Okan Kam,tr,"kaldığımız oda epey küçüktü. minibar ve elbise dolabı/askısı yoktu. otelin işletmecisi çok ilgili, güler yüzlü bir hanımefendi. bizimle epey ilgilendi. kahvaltı sunumu harika, çeşit olarak az fakat yeterli oluyor. ağır bir kahvaltıdan zaten hoşlanmıyoruz. odası o kadar küçük olmasa, minibar olsa ve elbise dolabı olsa 5 yıldızı sonuna kadar hak eder. ayrıca gün boyu tütsü kokusu bizim çok hoşumuza gitti. ruhu olan bir otel..."
Kiraz Cicegi Butik Otel Akyaka,M. Ersin EKREM,tr,"i̇lk olarak tek yıldız vermiştim ancak işletme sahibi doğrudan benimle iletişime geçti ve sıkıntılar üzerine konuştuk. bu düşünceli ve nazik davranış sebebiyle puanımı 3 yıldıza yükseltmem gerektiğini düşündüm. otel akyaka merkezde, kumsala ve otobüs durağına yakın. çevresinde birçok lokanta, kafe ve bar bulunmakta. oda temiz, yatak rahattı. ancak benim kaldığım oda küçüktü, uzun süreli kalınmaz. diğer odalar büyüktür belki bilemiyorum. benim yaşadığım sıkıntı idaresel idi. danışmak için herhangi bir yetkili veya bir resepsiyon/danışma masası maalesef yok. hem girerken hem de çıkarken zorluk yaşadım, anahtarı teslim bile edemeden, sanki kaçar gibi öylesine terk ettim oteli. i̇nternet şifresini almayı unutmuşum, gece aklıma geldi, yine bir yetkili bulamadım. i̇şletme sahibini gece yarısı aramam gerekti."
Kiraz Cicegi Butik Otel Akyaka,Ümit Kök,tr,"akyaka'nın tam merkezi konumunda bulunup,yapmak istenilen her faaliyete yakın konumda olan 3 odalı çok şirin bir butik otel.i̇şletme sahibi melis hanım çok ilgili ve mütevazi bir insan bu mütevaziliğin'den dolayı ayrı teşekkürlerimizi sunarız.biraz otelden bahsetmek istiyorum, tasarımı ve enerjisi gerçekten çok etkileyiciydi.enerji dolu bir çift olarak bütün odalarını gezip konaklama yaptığımız için bizzat biliyorum.:)şunlara da deyinmek istiyorum otele giriş yapar yapmaz bizi karşılayan gamze hanıma çok teşekkürlerimizi sunarız.otele giriş yapar yapmaz güler yüzlü pozitif bir enerjiyle karşılandık.otelin sabah kahvaltısı başka oteller gibi değildi anne eli değmiş gibi söyledikleri gibi evinizde yaptığınız kahvaltı gibi güzel bir kahvaltısı var ve çeşitlilik çok.bu tatilimizi biraz daha neşelendiren kiraz çiçeği bünyesine çok teşekkür ederiz. gönül rahatlığı ile seçip tatil yapabilirsiniz."
Kiraz Cicegi Butik Otel Akyaka,Aysun GÖKALP,tr,"eşim, ben, gofret ve gölgemizle çok güzel hoş bir tatil yaşadık. odalar çok temiz ve çok şirin. mavi ve pembe oda aile odası diğer oda tek kişi kalınabilir. özellikle i̇şletmede çalışan kızımız gamzenin ilgisi alakası paha biçilemez. şunu özellikle belirtmeliyim ki gerçekten hayvan dostu otel. akyaka çok şirin bir yer gidipde görmeyenlere akyaka yı ve tabiki de kiraz çiçeği butik oteli tavsiye ederim. otel sahibi melis hanımın ayrıca annesinin ilgisinede çok teşekkür ederim. herşey için teşekkürler"
Kiraz Cicegi Butik Otel Akyaka,gaia,en,"i had expectations on this place after reading so many enthusiastic reviews. unfortunately our stay (1 night) was disappointing. the owner was kind to meet out needs: we arrived late evening, she gave us a discount on the full price of the room (71 euro with breakfast and only cash!). but even with the discount, the room was totally overpriced: it was so small that we couldn't open the luggage on the floor. the bed was very noisy, the door of the shower was broken, breakfast from 9.30 (we obtained 9 o' clock) it was small and you'd have to extra pay for coffee (never heard it before)! it's hard to find parking. i'm sorry but i cannot recommend it."
Kiraz Cicegi Butik Otel Akyaka,Andaç Komaç,en,"the room we stayed in was large, but since there was a kitchen behind a closed door in the room, we woke up with the sounds of the kitchen in the morning. we did not like the cleanliness of the room, there was no headboard and the dampness on the wall where you laid your head was very disturbing. the pillows placed for decoration purposes were dirty, and there was humidity in the bathroom. the location is central but the street was very noisy. the breakfast for which we paid 200 tl per person, calculated separately for children, was mediocre. the staff was good and friendly. but i wouldn't consider coming again."
Kiraz Cicegi Butik Otel Akyaka,Okan Kam,en,"the room we stayed in was quite small. there was no minibar or wardrobe/hangers. the manager of the hotel is a very caring and friendly lady. he took great care of us. breakfast presentation is great, variety is small but sufficient. we don't like a heavy breakfast anyway. if the room wasn't so small, had a minibar and a wardrobe, it would deserve 5 stars. we also really liked the smell of incense throughout the day. a hotel with soul..."
Kiraz Cicegi Butik Otel Akyaka,M. Ersin EKREM,en,"i originally gave it one star, but the owner contacted me directly and we talked about the problems. because of this thoughtful and kind behavior, i thought i should raise my score to 3 stars. the hotel is in the center of akyaka, close to the beach and bus stop. there are many restaurants, cafes and bars around. the room was clean, the bed was comfortable. however, the room i stayed in was small and cannot be used for long periods of time. maybe the other rooms are bigger, i don't know. the problem i had was administrative. unfortunately, there is no authorized person or a reception/information desk to consult. i had difficulty both entering and leaving, i left the hotel without even handing over the key, as if i was running away. i forgot to get the internet password, i remembered it at night, but i couldn't find an official again. i had to call the business owner in the middle of the night."
Kiraz Cicegi Butik Otel Akyaka,Ümit Kök,en,"it is a very cute boutique hotel with 3 rooms, located in the very center of akyaka and close to every activity you want to do. the owner of the business, melis, is a very caring and humble person. we would like to thank you for this modesty. i would like to talk a little about the hotel, its design and energy. it was really impressive. i know it personally because we visited all the rooms and stayed there as an energetic couple. :) i would also like to say the following, we would like to thank ms. gamze, who welcomed us as soon as we entered the hotel. as soon as we entered the hotel, we were greeted with a smiling face and positive energy. the hotel's breakfast is served in the morning. it was not like other hotels, it was like a mother's hand, as they say, it has a nice breakfast, just like the breakfast you have at home, and there is a lot of variety. we would like to thank the cherry blossom for making our holiday a little more joyful. you can choose and have a holiday with peace of mind."
NİL HOTEL,Ramazan Kaan Doğan,tr,"öncelikle, 2 ay öncesinden rezervasyon yaptırmıştım parasında gönderdim tatil için gittiğimiz gün sabah bize girişler 14.00te denildi şuan da müşteri var denildi bizde 14.00 te kadar bekledik bize telefon açıp odadın tadilatı olduğunu ve vermeyeceklerini söylediler bize bizi mecbur bıraktılar baska bir oda verdiler oda nem,saç kılları,banyonun içini kendimiz temizlemek zorunda kaldık buzdolabı yok oda kokudan geçilmiyordu çalışanlarda hiç güler yüz yoktu bizimle resmen kavga ettiler paramızı iade etmelerini söyledik fakat parayı bize vermediler asla tavsiye etmeyeceğimiz bir otel!! gelenler kesinlikle mağdur olur"
NİL HOTEL,Dursun Deniz,tr,kahvaltısı olsun odalardan temizlik olsun hersey çok güzeldi yorumlara ilk baktığım zaman içimde bir şüphe vardi ama otele vardıktan sonra yorumların tamamen yanlış olduğunu ve bir aile işletmesine denk geldiğimi fark ettim hersey icin teşekkürler bir dahaki sefere görüşmek dileğiyle
NİL HOTEL,Nesli Bayat,tr,"ayırdıkları odada tuvalet kokusundan durulmuyordu. sonraki odada rutubet nem sigara kokusu vardı , bina ve eşyalar cok eskiydi. odada ikram dahi yoktu. otele gitmeden önce 2 günlük ücreti ödedik. otele gittigimizde bu durumlarla karşılaştık , saglık sorunundan dolayı otelden cıkmak istedigimizi belirttik. resepsiyondaki beyfendi asla anlayışla karsılamadı müdürünü dahi aramadan 1 gece otelde kalmaya bizi mecbur tuttu. sonrasında 1 gece için ödeme talep ettik sabah nakit vericeklerini kahvaltıyı güzel şekilde yapıp magduriyet gidereceklerini söylediler kahvaltı kalitesizdi ,ödemeyi alana kadar canımız çıktı. asla güleryüzlü çalışanlar göremedik , geçiştirildik resmen. fotograflara aldanmayın asla tavsiye etmiyorum."
NİL HOTEL,Gizem Avci,tr,"fiyat olarak bölgeye göre uygun bir otel. bundadır ki hizmet/ilgi gölgede kalmakta. konum olarak akyaka girişinde olduğu için park problemi yok. 700-800 m yürüyerek azmak’a ve çarşıya ulaşabilirsiniz. odalarda dolap yok, temizlik idare eder düzeyde, sıcak su çok geç geliyor maalesef. bizim odamızda balkon yoktu (sanıyorum odaya katılmış) bu nedenle havasız ve deniz eşyalarınızı kurutmak problem oldu. kahvaltı görselde de görebilirsiniz cüzi düzeyde maalesef. (odalarda en azından 1 adet su bulunabilirdi)"
NİL HOTEL,Hatice ÇELİK,tr,"kesinlikle tavsiye etmiyoruz. gece gittik, oda cok kirliydi lavobada sac, yerlerde saç vardi çarşafta leke. acaba gece gittik diye olabilir dedik. temizlik istedik ertesi gun hicbirsey degismemis halinin ustu ayni, yerler toz icinde. sampuan-havlu hicbirsey yok. temizlik yapilsin lutfen dedim yerler cok kirli dedim surat yapti resepsiyondaki uzun boylu cocuk, geldik ayni kalmis. şok oldum. cikista temizlikciye sordum dun temizlik yaptiniz mi evet dedi. yanimda kendi carsafimi,yastik kilifimi goturmenin rahatligi ile kalabildim.yani hijyen icin asla tercih etmeyin. konumu ve manzarasi guzel sadece. i̇lgi alaka sifir."
NİL HOTEL,Vedikuyilazhagan Muniraj,en,stayed for a week and i like the ambiance of the lobby and the receptionists are so friendly and helpful. lucky to have a pool for summer. the cooks make food nice and enjoyable. i was so surprised they can actually customise the recipes on food menu to my taste.
NİL HOTEL,Megan Ezer,en,"good for family,nice people and good treatment,will come back"
NİL HOTEL,Tracey Saleh,en,amazing hotel quiet relaxing friendly staff. rooms clean beautiful views .rooms have kettle and fridges .they also give lifts into marmaris for the day beautiful hotel will be back
NİL HOTEL,C A,en,"bad treatment. unmotivated staff. dirty room, dirty bathroom/toilet."
NİL HOTEL,Ramazan Kaan Doğan,en,"first of all, i had made a reservation 2 months in advance, i sent it with money, the day we went for holiday, we were told that check-in would be at 14.00 in the morning, we were told that there were customers now, so we waited until 14.00, they called us and said that the room was being renovated and they would not give it to us, they forced us to give us another room, the room was damp, hairy. we had to clean the inside of the bathroom ourselves. there was no refrigerator. the room was smelly. the employees were not friendly at all. they literally fought with us. we told them to refund our money, but they did not give us the money. this is a hotel we will never recommend!! those who come will definitely suffer"
Server Apart Hotel,Ertan Şentürk,tr,"ekim ayının 20-23 arasında konakladım. bölgedeki en temiz ve düzenli apart. apart işletmecisi mehmet bey çok yardımcı oldu. apart binalarının bölgenin özelliklerine uygun güzel bir yapısı var, havuz olanağı bulunuyor. konum olarak migros marketinin hem yanı hem karşısı, araç parkı için uygun yerler var, plaja yaklaşık 15dk lık bir yürüme mesafesinde. 7/24 sıcak su, temiz mutfak imkanı var, odaların kendisine ait balkonu var. ana caddede yer almasına rağmen gürültü ve kalabalık yoktu. hem çift hem tek yatak gibi çeşitli konaklama odaları mevcut. akyaka bölgesinde konaklama için ilk ve tek tercih olabilir. fiyatı daha uygun ama daha uzak yerler var fakat çok bakımsız ve temiz değil, burada konaklama yapmıyorsanız çadırda konaklama yapın, farklı apartlara gitmeyin."
Server Apart Hotel,Pınar Altunkaynak,tr,şuan otelimizin 1. gününde hala konaklarken yazıyorum bir gün daha uzattık ve yine burada kalacağız. otelin konumu çok merkezi bir yerde bütün ihtiyaçlarınızi karşılayabileceğiniz market pastane atm cafe restoran yürüme mesafesinde. havuzu temiz kullanışlı yeterli büyüklukye. oda temiz mutfağında her türlü malzeme mevcut. sahipleri ilgili. azmak nehri ve plaja 10 dk yürüme mesafesi 1 dk araç medajdesi park sıkıntısı yok. yatak rahat .klima dolap ocak duş sorunsuz calisiyor. merkeze bakan 14 numaralı odada kaldık. havuz tarafinda çocuk sesi çok olur diye burayı tercih ettik sizde tercihlerinizi ona gire sekillendirebilirsiniz. fiyat olarakta akyakanin en uygunlarindan diyebilirim. teşekkürler
Server Apart Hotel,Elif,tr,"server apart temiz,odaların içinde ihtiyaç duyulan şeyler var.(havlular,cayci, elektrikli ocak,çöp poşetleri , sabun, bulaşık deterjani vs mevcut odada) benim için konakladigim yerdeki en önemli yer; banyo, gittiğim yerlerde ilk oraya bakarim. ve banyosu gayet temizdi. uygun fiyatli, konumu merkezde, yemek , market vs gibi ihtiyaçlar için çok akıllıca bir seçim oluyor. havuzu temiz. kendim gece havuz bakımı yapılırken bizzat şahit oldum. sahibi olan beyefendi gözü gönlü tok bir beyefendi, bunu ilk konusurken anlamıştım. her konuda yardımcı oldu sağolsun. güler yüzlü, karakterli işletme sahipleri hep kazansın ! memnun kaldım, çevreme tavsiye ettim. burda da yer araştıran varsa kesinlikle öneririm."
Server Apart Hotel,hakan,tr,şu an tatilimizin son günündeyiz 5 gundur burdayız ve çok memnun ayrılacağız öncelikle otel sahibi mehmet beye çok tesekkür ederiz güler yüzü ve yardımseverliği için otel konumu cadde üzeri çok iyi balkondan deniz görünüyor zaten denize 700 m araç park yeri sorun olnadı otelin önü müsait havuz gayet yeterli ve çok temiz evin içi de gayet temizdi mutfak ta bardaklar sanki yeni gibiydi pırıl pırıl sıcak su var sorunsuz klimalar aktif çalışıyor buzdolabı gayet iyi soğutuyo dolaplarda da keşke askı olaymış :) tekrar gelmeyi çok isterim tabi yine bu oteli tercih ederim
Server Apart Hotel,Historya,tr,konumu güzel migros hemen yanında işletme sahipleri çok alakadar ve yardımsever odalar temiz sadece şansımıza çocuk çok fazla idi havuzda durmadan zıpladıkları için rahatsız edici çünkü şezlongda otururken devamlı sıçrayan sulara maruz kalıyorsunuz gelecek olan kişiler bence okul açıkken düşünmeli belki de bizim şansımıza bu kadar çocuk bir arada idi bilinmez? sonuçta işletmeci ne kadar ikaz edebilir ki? ailelerin de burada vurdumduymazlığı etken a ve b blok olarak konumu var a blok havuz tarafına b blok yol tarafına bakıyor havuz isteyenler giriş katı düşünürse çocuk seslerini baz alın yok ben manzara seviyorum diyorsanız 1 ve 2 katlarını tercih edin sonuç olarak güzel temiz bir aile işletmesi herşeye rağmen güzel mekan...
Server Apart Hotel,Çağlar Ünal,en,"rooms are exceptionally clean. we stayed at the main building. there was a swimming pool behind the building. there is barbecue option available to guests by the pool. it's open for common use. we stayed at the facility for 4 nights and during our visit, we had a change to have our dirties washed up at the facility. they all are nice and polite people there. when we go to akyaka again, we will be definitely meeting those people running the facilty."
Server Apart Hotel,Elif Atila,en,"recommendable because we use to stay at server apart every time we visit akyaka. they have very clean and comfortable rooms. it is perfectly located (next to supermarkets, restaurants, parking zones and you can achieve the sea by feet). because of all the nice and friendly staff members we enjoyed our stay in server apart. always leaving satisfied and peaceful, special thanks to mehmet bey who is very kind and a great human being by the way. thanks for everything and see you hopefully soon ! :-)"
Server Apart Hotel,GD,en,"nice pool, flexible pricing"
Server Apart Hotel,Milad Quraishi,en,poor room service and rude staff
Server Apart Hotel,Ertan Şentürk,en,"i stayed between 20-23 october. the cleanest and most organized apartment in the area. apartment manager mr. mehmet was very helpful. the apartment buildings have a beautiful structure that suits the characteristics of the region and have pool facilities. in terms of location, it is both next to and opposite the migros market, there are suitable places for car parking, and it is approximately a 15-minute walk from the beach. there is hot water 24/7, a clean kitchen, and the rooms have their own balconies. even though it was located on the main street, there was no noise or crowd. a variety of accommodation rooms are available, including both double and single beds. it may be the first and only choice for accommodation in the akyaka region. there are more affordable but more remote places, but they are very neglected and not clean. if you are not staying here, stay in a tent, do not go to different apartments."
Menteşede Oteller | Karya Apart Otel,Bahadır Arda Durukan,tr,odanın temiz olmaması dışında hiçbir problem yok çalışanlar gayet güleryüzlüydü otelin konumu çok güzel bir yerde menteşede fiyat performans
Menteşede Oteller | Karya Apart Otel,Selim Acar,tr,odaları temiz mekanı güzel çalışan memnuniyeti ön planda 4 gece konaklama yaptık güler yüzlü personel istediğimiz her yere yakın muğla merkez gayet konum olarak güzel sonsuz teşekkürler bol kazançlar dilerim
Menteşede Oteller | Karya Apart Otel,Emin Acar,tr,odalar gayet temiz ve güzel.merkezi bir yer. 4 gün konaklama yaptık güzel bulduk. personel arkadaşlardan çok memnun kaldık.
Menteşede Oteller | Karya Apart Otel,Mcan Abak,tr,"7 aralık tarihinde, saat geç ve araç kalmadığı için 1 gece konaklamak istedik. yorumlara güvenerek temizdir dedik ve gittik, sadece havlular temizdi. battaniye, çarşaflar, yastık felaket kokuyordu. biz ödeme yaparken, resepsiyon görevlisi bir beyefendiye odayı temiz mi kontorl etmesi için gönderdi, yani bizden önce kalanların dağınıklılığını toplamışlar o kadar. bir de marmaris veya akyaka da 1000 liraya suit oda da konaklayacakken, bu pislik yer e 1200 lira istemeleri de cabasıydı. neyse marmaris, akyaka bodrum vs çevresinde apartlarda sık konaklayan birisi olarak hayatımın en kötü deneyimini yaşadım. teşekkürler kayra apart. kesinlikle tavsiye etmiyorum ne fiyat ne performans!!! eğer elimden gelirse turizm bakanlığına da aynı şekilde şikayette bulunacağım. bir de gelip son 1 ay içerisinde misafir listemizde isminizi göremedik falan dersiniz iyi bakın ""mehmet can abak"" yukarıda tarih de verdim, ama tavsiyem hatalı olduğunuzu kabul edip özür dilerseniz belki biraz gelişirsiniz..."
Menteşede Oteller | Karya Apart Otel,Mervan Aykut,tr,eski arastada tarihi tek katlı bir yer. 4 gün kaldık her gün çarşaf degişimi istedik çalışan arkadaşlar sagolsunlar odayı tertemiz yaptılar her gün. etraftaki pansiyonlara nazaran havlu tuvalet kağıdı şampuan hepsini günlük tamamlıyorlar. tek kat oldugu için yoldan bazen ses geliyor ama bizi çok rahatsız etmedi.
Menteşede Oteller | Karya Apart Otel,ASHRAF EZZI,en,it's too sample inside too dirty and too old if someone talking outside that you will listening everything was bad choice
Menteşede Oteller | Karya Apart Otel,Amasyali Tayfun,en,good room and service.
Menteşede Oteller | Karya Apart Otel,StaBiL “ZaFeRr” LiFe,en,pörfec
Menteşede Oteller | Karya Apart Otel,Bahadır Arda Durukan,en,"there was no problem other than the room not being clean, the staff were very friendly, the location of the hotel is very nice, the price and performance are in a good place."
Menteşede Oteller | Karya Apart Otel,Selim Acar,en,"the rooms are clean, the place is nice, employee satisfaction is at the forefront, we stayed for 4 nights, friendly staff, close to everywhere we wanted, muğla center is very good location, thank you very much, i wish you good luck."
Hotel Yalçın,Kübra Özgüner,tr,"3 gece 4 gün konakladık. sessiz, huzurlu, samimi bir otel konforu sunuyor. öncelikle çalışanların ilgisi ve yardımları için çok teşekkür ederiz. rahat edebilmemiz için ellerinden gelen özeni gösterdiler. konumu çok iyi, şehrin her yerine yürüyerek ulaşmak mümkün. kahvaltısı yeterli ve doyurucuydu. odaların ve lavabolarin temizliği kusursuzdu. odada klima ve buzdolabı mevcuttu. odamızın balkonu genişti ve ön tarafa bakiyordu. güzel manzarasının tadını çıkardık. araç park yeri bulunmuyor ancak otelin yan sokaklarında her daim yer bulabilmek mümkün. biz çok memnun ayrıldık. tekrar görüşebilmek dileğiyle.."
Hotel Yalçın,Red Mask,tr,"şehir içi oteli, sanırım firma misafirlerine daha çok hizmet veriyor. daha önce yıldızlı bir otelmiş sanırım ama bakımsızlıktan yavaş yavaş çürümeye terk edilmiş bir otel, kaldığım odada masa kırıktı üzerindeki kaplamalar kalkmıştı. otelde daha öncede kalmıştım buna benzer farlklı bozulmalar mevcuttu."
Hotel Yalçın,KADİR GÜLER,tr,odayı temiz bulmakla birlikte gece giriş yaptığım görevli ilgisizdi. klimanın kendisine faydası yoktu. görevliye söylememize rağmen düzeltilmedi. dışarı odadan daha serindi. gece sıcak yüzünden uyuyamadım. kaldığım aynı ayarda ki otellerin en pahalısıydı.tekrar kalacağımı düşünmüyorum
Hotel Yalçın,Gültekin H,tr,"günübirlik ailecek konakladığımız muğla'da tercih ettiğimiz oteldi. i̇lgi ve alakaları oldukça nazik ve seviyeliydi. resepsiyondaki beyefendiden, oda ve içecek hizmetlerine bakan hanımefendiye, otel sahibi beyefendiye kadar hepsi çok yardımcı oldular. çarşı merkezindeki otelimizden muğla'da gezilecek çoğu yere yürüyerek ulaştık. araç için otel önü ve yan sokaklarda park yerleri mevcut. kahvaltı hizmetleri mevcut, oldukça doyurucu ve biten her ürünü anında takviye ediyorlardı. sürekli çay, sıcak su ve kahve ikramı mevcut. odalar temizdi, sıcak su imkanı var ve odada klima mevcut. kısacası işini güzel yapmaya çalışan, insana değer veren, güvenilir bir müessesedir. herbirine çok teşekkür ediyoruz."
Hotel Yalçın,GOHAR SEYEDI,tr,"muğla'nın şehir merkezinde, odalar tertemiz, çalışanlar çok ilgili ve fiyatları da gayet uygun. herkese tavsiye ederim. misafirperverliği için hayati beye çok teşekkür ederim. selamlar,"
Hotel Yalçın,Y Sr,en,"nice breakfast, high quality ambient"
Hotel Yalçın,Mohammad Wadi Mari,en,"great staying, friendly nice staff"
Hotel Yalçın,Aydın Aliş,en,perfect
Hotel Yalçın,İbrahim Tolgay Kerimoglu,en,super
Hotel Yalçın,Kübra Özgüner,en,"we stayed for 3 nights and 4 days. it offers the comfort of a quiet, peaceful and friendly hotel. first of all, we would like to thank the staff for their interest and help. they did their best to make us comfortable. the location is very good, it is possible to reach every part of the city by walking. the breakfast was sufficient and satisfying. the cleanliness of the rooms and sinks was perfect. the room had air conditioning and a refrigerator. the balcony of our room was large and facing the front. we enjoyed the beautiful view. there is no car parking place, but it is always possible to find a place on the side streets of the hotel. we left very satisfied. hope to see you again.."
Padok Premium Hotel & Stables,Joy Moon,tr,"27 ağustos ve 31 ağustosta bu güzel tesiste konaklama şansını elde ettik. resepsiyonda göksun hanım'la gitmeden önce konuştum, o kadar sesi candan, kibar ve ilgiliydi ki. çok mutlu oldum. gittiğim zaman çok güzel yemşeşil bir alanda müstakil harika villalar ağaçların içinde, atları sevenler için aynı zamanda binicilik sporunun yapılabildiği, atların da bakıldığı çok güzel bir tesis olduğunu gördüm. çok saygın, nezih, ve asil bir aile, böyle güzel bir ailede yetişen pırıl pırıl çok güzel 2 genç.. beyefendi gökhun bey kardeşim ve hanımefendi göksun hanım kardeşimde tanıştım. eğitimleri, bildikleri yabancı diller, sporcu kimlikleri, mütevazilikleri, görgülü gerçek bir türk ailesi gelenek göreneklerine göre yetişen harika evlatlar..! hiç abartmıyorum, herkese kesinlikle hayatlarında mutlaka uğramalarını ve tanışmalarını tavsiye ediyorum canı gönülden. bu zamanda böyle güzel bir aileyle tanışmak artık çok azaldı keşke böyle olmasaydı ama... işte. göksun hanımla ilk olarak tanışmamız otele gelmeden önce oldu. 2-3 hafta önce aradığımı ulaşamadığımı ilettim bir grubun geldiğini söyleyip özür diledi ve o andan itibaren hiç soluksuz öyle nefis ilgilendi ki. aradığımda iki aile olduğu için bize en güzel şekilde suit bir oda ayarladı. gittik, babam yaşlı olduğu için iki katlı olmasın dedik bu sefer yeni odalar bulmaya çalıştı, memnun etmek için hiç sıkılmadan bu kadar mı insan sevimli, güleryüzlü, hanımefendi, kibar ve sonuna kadar sevgi ve sabırla ilgilenir misafirlerle. ben hayran kaldım başta kendisine. çalışanlarından kat görevlisi türkan hanım nasıl yardımcı oldu her konuda, mesaisi bittiği saatlerde bile geldi yardımcı oldu, i̇lknur hanım ve arzu kardeşimiz de öyle. yani hepsi dört dörtlüktü. naçizane kahvaltı salonlarının daha büyük olmasını arzu ederdim ve çeşitleri biraz daha her gün farklı olacak şekilde düzenlense daha da muhteşem olur. her zaman karşılarına en az onlar kadar güzel insanlar çıkmasını diliyorum. böyle bu zamanda zor bulunan böyle her yeri muhteşem güzellikte olan ülkemize layık bu kadar kaliteli 2 evlat yetiştirdikleri aileyi anne babayı naçizane tebrik ediyor, en derin saygılarımı sunuyorum.... durmadan güzelim ülkelerini terkedip bencilce başka ülkelere sürekli yerleşen gençler yerine vatanlarını, atatürk'ümüzün kurduğu, nice şehitlerin kanlarını döktüğü bu güzelim yurdumuzu burada kalıp güzelleştirip, atamıza şehitlerimize layık vatandaşlar olmak yerine sadece kendilerini düşünen, her zaman sadece 2. ve 3. sınıf vatandaş olacakları, başka ülkeler, başka topraklar, başka kültürler için bu kadar hevesli, vefasız gençlerin ki bence atamıza asla layık değiller, ülkemize yüzyıllarca diğer bütün gelişmemiş, eğitimsiz, kalitesiz bir sürü başıboş, kimliksiz insanları alıp güzelim ülkemizin şehitlerimizin ne zorluklarla kanlarıyla kazandırdıkları topraklarımızı satanlara herkese rabbim hiçbir zaman fırsat vermesin diliyorum. napolyonun çok güzel bir deyişi varmış kendi askerini sevmeyen başka ülkenin askerini sever diye... ne kadar acı... umarım göksun hanım ve gökhun kardeşim gibi asil gençlerimiz bir mucice olur da çoğalırlar... herşey ömürleri boyuncu gönüllerince olsun inşallah...."
Padok Premium Hotel & Stables,Emre KUL,tr,"tavsiye ile bir daha rezervasyon yapmayacağımı öğreten otel oldu. odalarda lambalar çalışmıyor idi. genel anlamda konforsuz bir otel. köy içinde bulunuyor. at binmek isteyenler gidebilir hobi sahipleri ancak benim bir daha kesinlikle tercih edeceğim konaklama yeri değil. kahvaltı sınıfta kaldı, bahçesinde bir sürü tavuk gezinmesine rağmen market yumurtası yedik. personeller başarılı, iyi niyetli.. asansör bozuktu ve valizleri merdivenle yukarı çikardik. yoldan karnımız aç geldik, yemek işimizi yemek sepetinden halletmek zorunda kaldık. sen olsan kaç puan verirdin bu otele?"
Padok Premium Hotel & Stables,Muharrem Okumuş,tr,"eylül ayında 2 gece kaldık. sezon sonu olması kaynaklı olduğunu düşündüğüm boşluk. kapanmayan balkon kapısı ve çalışmayan kettıl sadece bu olsa neyse, sabah 6 da aç bırakılan atların çıkardığı gürültü ile uyanma alarm kurmadan güne başlamanıza yardımcı oluyor. sakin fiyat performans oteli. i̇lk gün ile çıkış günü kahvaltı farklılığı da düşündürücü."
Padok Premium Hotel & Stables,Ersan Çeliker,tr,i̇ş için geldiğimizde plansız şekilde burada ekibimle konaklamak durumunda kaldik.. odalar çok temiz ve kesinlikle güzel. çalışanlar ve sahipleri çok özel ve ilgili insanlar. i̇stemeden ufak bir sıkıntı yasattim o kadar anlayislilar ki... ben oyle bir durumun icinde kalsam muhtemelen konaklayan misafire tepkim cok daha sert olurdu. (odayla ilisik ekibimin yasattigi bir sıkıntı soz konusu olmasina ragmen cok anlayislilar) gercekten guzel insanlar... saçma sapan fiyatları olmayan sessiz ve güzel bir yer. hayvanlarla aranız iyi değilse isminde stables yazan bir yere gitmeyin bir zahmet. kopek ve kedi vardı giriste sevgi için ölüyorlar o kadar tatlilar ki anlatamam... bir daha beni kabul ederler mi bilmem ama her sey icin tesekkurler..
Padok Premium Hotel & Stables,Murat Yaz,tr,"öncelikle köpek korkusu veya fobisi olanlar kesinlikle gitmesin. bizim cocuklarin vardi daha otele girerken tedirgin oldular lobide 3 tane köpek sizi karsiliyor sordugunuz da bişey yapmaz deniliyor. aksam aracima giderken lobide bekliyorlardi kapidan çikmadan köpeklerin bisey yapip yapmayacağini sordum bişey olmaz gidin denildi, kapidan ciktim 10 adim attim köpekler arkamdan çikti, ve bi anda koşmaya başladi, saldirdi bende korku ile arabanin kaputuna çiktim sonuç kaput göçtü sonra sesleri duyunca resepsiyondakiler geldi bisey yapmaz bisey yapmaz lafla anca e dedim saldirdi siz de geldiniz sesi duyunca ya o iste oyle yapiyor e benim arabam ne olucak cevap yok boyle rezillik olmaz arabada hasar oluştu, korktuğumuz yanimiza kaldi. kesinlikle tavsiye etmiyorum özellikle cocuklu aileleri dikkat edin bizim gibi tatiliniz zehir olmasin"
Padok Premium Hotel & Stables,Petar Popovic,en,"we arrived during the day after a long drive, had a marvelous afternoon, visited stables with wonderful horses, enjoyed coffee at the sunset, swim, literally everything seemed that we’ll enjoyed our short stay and get some good rest after a long drive. at 11pm someone entered our room, and didn’t open the door just because i screamed from the bed to wait for a minute. it was a repairman who was repairing a broken door lock. strange surprise but after half hour we forgot about it. then nightmare started. full construction crew started renovations at midnight with all loud tools possible, i mean bedtables were moving. guys from the reception just disappeared for few hours and since repair crew don’t understand english (or they are pretending that they don’t understand word “stop”) we had to get out and sleep take a nap in a bench until they finished at 2am! never had similar experience. place is really wonderful, but our stay was quite a nightmare."
Padok Premium Hotel & Stables,Mohamed Elsayed,en,one of the best places i've ever went to in my life. the staff is very friendly and helpful. the room was greatly organized and the bathroom was great with a very good water pressure. totally a woth it experience.
Padok Premium Hotel & Stables,John Mitchell,en,"first class stables. immaculate housekeeping and beautiful horses. everything a stables should be and more. polite, attentive staff. a real sanctuary."
Padok Premium Hotel & Stables,Mustafa Zafer Sunu,en,"excellent place surrounded by a pine forest, also has a very quality equestrian club. thank you"
Padok Premium Hotel & Stables,mustafa zafer sunu,en,an excellent hotel and an equestrian club surrounded by a forest sich is very near the bay of gökova
Ala Butik Hotel,Mustafa Usta,tr,"akyaka’da bu kadar cana yakın, bu kadar sıcak kanlı bir işletme sahibi ile karşılaşacağımı düşünemezdim. i̇şletme sahibi erdal küçükodabaşi’nın ilgi ve samimiyeti için kendilerine teşekkür ederim. kısa da olsa bir akyaka turunda otel seçimini son dakikaya bırakmak zorunda kalmıştık. google üzerinden bulduğumuz ala buti̇k otel’i temizliği, konumu ve fiyatı itibariyle seçtik. i̇yi ki seçmişiz. çok memnun kaldık. kesinlikle tüm dostlarıma tavsiye edebileceğim bir otel. temiz, sıcak, samimi ve denize yakın bir tesis."
Ala Butik Hotel,Şenol ERŞAHAN,tr,eylül ortasında eşim ile birlikte bir gece konakladık. konum olarak müthiş. odalar yeterli ama arada bir yeni çarşaf ve yastık kılıfı almaları gerekiyor temiz olsada bazı lekeler iz bıraktığı için hoş görünmüyor. sahipleri ilgili ve alakalı. oda kahvaltı yok tam fiyat performans oteli.
Ala Butik Hotel,Canan,tr,"en önemlisi konum olarak harika. 3 gün konakladık arabayı kullanmamıza gerek kalmadı her yere yürüyerek gidebilirsiniz çok merkezi. odaları geniş ve her şey temiz. odalarda klima ve akıllı tv var öğlen sıcağını içeride atlatmak için harika oluyor :) sesten rahatsız oluyorsanız caddeye bakan odalarda biraz rahatsız olabilirsiniz ama pencereler sesi baya kesiyor. hemen yakınında market, kafe, pub, yemek yiyebileceğiniz yerler var. fiyatlarına bakmanız lazım bazıları gereksiz pahalı. sahile 5 dakika yürüme mesafesinde. hayvan dostu bir işletme çok memnun kaldım kesinlikle tavsiye ederim"
Ala Butik Hotel,Gozde Arya,tr,"akyaka'da burada kalmak bir şans. yorumlara bakarak tercih ettik i̇yi̇ki̇ güzel seçim yapmışız. en önemlisi arabaya ihtiyacımız olmadı, otel tertemiz ve erdal bey son derece anlayışlı, kibar bir beyfendi. şiddetle tavsiye ederim."
Ala Butik Hotel,Ferhat Ağa Akyürek,tr,konumu guzel bir otel. temizligi de cok iyi odalaro geniş ve ferah . fiyat performans oteli. kahvalti verilmiyor ve malesef buzdolabina kucuk su koymuyorlar bir an once dolaba su koymalarini rica ederim gece gece cikip su almak hic guzel olmuyor otel işletmecilerine ilgilerinden oturu teşekkür ederim
Ala Butik Hotel,Thorsten Sund,en,"loveley hotel, hotel location is great, close to the center of akyaka and only 3 min away from the beach by foot. the hotel manager mr. erdal made us feel familiar and the stuff was friendly and helpful. our room was clean and hygienic. so ist was a pleasure to stay in this fancy boutique hotel. the delicious traditional turkish breakfast was served at the golden roof restaurant, which is 15 m away from the hotel. we enjoyed mom`s handmade marmelades, fresh scrambled eggs, honey and other excellent selections. because the restaurant is nearby the street it can be noisy during the weekend. in overall we will come again."
Ala Butik Hotel,49FLAWLESS,en,very nice clean rooms for short stay
Ala Butik Hotel,Yasar Ozcelik,en,super
Ala Butik Hotel,Mustafa Usta,en,"i could not have imagined that i would encounter such a friendly, warm-blooded business owner in akyaka. i would like to thank the owner of the business, erdal küçükodabaşi, for his interest and sincerity. we had to leave hotel selection to the last minute during a short tour of akyaka. we chose ala boutique otel, which we found on google, due to its cleanliness, location and price. i'm glad we chose it. we were very pleased. it is definitely a hotel that i can recommend to all my friends. a clean, warm, friendly and close to the sea facility."
Ala Butik Hotel,Şenol ERŞAHAN,en,"we stayed one night with my wife in mid-september. the location is terrific. the rooms are adequate, but they need to buy new sheets and pillowcases from time to time. even though they are clean, they do not look nice because some stains leave marks. the owners are caring and relevant. no bed and breakfast, full price performance hotel."
Yelken Hotel Akyaka,Mehmet Kasım Başer,tr,"05.08.2024 tarihinde 3 günlük olarak 5 kişilik odaya, oda kahvaltı olarak giriş yaptık. otel anladığım kadarıyla eski akyaka evlerinden esinlenerek veya eski bir akyaka konağında ufak dokunuşlar yapılarak yapılmış. mimari yapı, taş ve ahşap üzerine kurulmuştur. küçük bir havuzu var. saat 11-20 arası açık. halk plajına, orman plajlarına ve azmak nehrine yakın, yaya olarak 5-10 dakikada ulaşmak mümkün. karşısında migros var, yakınında restorantlar, büfeler giysi takı üzerine satış mağazaları, kafe ve barlar)0tele ait bir kafe- bar) bulunmaktadır. etrafında daha birçok butik otel mevcut. sakin ve huzurlu bir yer. bizim kaldığımız oda havuzun yanında idi. oda ve çarşaflar ve havluları gayet temizdi. wc ve banyo temizdi. her 2 günde bir oda genel temizliği yapılmakta ve çarçaflar değiştirilmektedir. otel 1 adet 5 yataklı, 2 adet 4 yataklı, 5 adet 3 yataklı ve 6 adet 2 yataklı olmak üzere toplam 14 yataklıdır. otel full dolu olduğunda kaldığımız oda dışındaki odaları inceleme şansım olmadı. kaldığımız sürece ailece rahat ettik. aileye uygun bir otel. resimde de görüleceği üzere 09.00-11.00 arası verilen kahvaltı gayet güzel ve doyurucu. yemek için çevrede her keseye uygun restorantlar mevcuttur. i̇şletme sahibine ve çalışanlarına çok teşekkür ederim."
Yelken Hotel Akyaka,PES TÜRKİYE,tr,"esimle 1 gece kaldik, oda temizligi iyiydi. odalar küçük, odada vakit gecirmek icinizi daraltabilir ama bizim gibi sadece aksam yatmak icin kullanacaksaniz konumu asiri iyi. kahvalti fotosunu attim. yaninda sinirsiz cay ve ekmek alabiliyorsunuz. kahve yoktu, soyleyince veriyorlar mi orasini bilemem. otelin hemen asagisinda sol tarafta niss mantici var kesinlikle ondan manti yemeden dönmeyin derim. buarada otelin önünde 3-4 park alanlari var biz haftaici oldugu icin mi bilmiyorum cok rahatlikla yer bulduk hic park sorunu yasamadim.havuzu cok kucuk 2-3 aile girmeye calisirsa cok daralirsiniz ama denize konumu yurume mesafesi oldugu icin denizi tercih etmek cok daha mantikli."
Yelken Hotel Akyaka,Ebru Mutlu,tr,"3 kişi 4 gece konakladık. otel evet fotoğraflardan daha küçük. birinci katta havuza bakan odadaydık ve sabah 9’da kahvaltı başladığı için bir hareketlilik oluyor müzik açılıyor dolayısıyla da uyku bölünüyor. ses yalıtımı yok, gece pub’ın bas sesi hep geldi. otelle ilgili en memnun kaldığım şey 1) kahvaltısı 2) konumu temizlikteki personel ablalar hariç diğer çalışanlar hiç ilgili ve güleryüzlü değillerdi."
Yelken Hotel Akyaka,yeşim acar,tr,26.09.2024 tarihinde giriş yaptık bir tatil planı yapmadan rastgele girdik ilk gözlemim olarak odaları çok ferah temiz havuz manzaralı odasını seçtik ve konumu mükemmel bir yerde çünkü heryere yürüyerek ulaşabilirsiniz ve otoparkı olması bizi çok memnun etti çünkü burada araba park sorunu var bence karşılama çok güzeldi gayet güleryüzlüydü herkes bende bir apart sahibi olarak yapılması gereken herşey yapıldı kendi barı olması büyük bir avantaj ve ortam çok sessiz sakin
Yelken Hotel Akyaka,Can Köşker,tr,"odalar inanılmaz küçük bavulu bile yerleştirmekte zorluk yaşadık 3 günlük tecrübemiz sonucunda ancak 2 yıldız verebildik bu arada özellikle bar içki çok pahalı normalin 3 katı havuzu inanılmaz küçük,kahvaltı güzel hazırlanıyor. beğendik. odalara hiç girmiyorum bile yan yana kucak kucağa odalarla yatmak isteyenler buyursun gelsin."
Yelken Hotel Akyaka,Terri SA,en,nice hotel but you definitely need a room in the back! the front rooms are very noisy with bars and street dogs. decent breakfast but no coffee available.
Yelken Hotel Akyaka,Hamza Na,en,"hotel with unique atmosphere, the stuff waw so friendly and helpful, clean room and well organized. i recommend to try it."
Yelken Hotel Akyaka,Clive Notley,en,excellent. room only but first class quality and very good price.
Yelken Hotel Akyaka,Hasan Baldan,en,it was an amazing stay. location is on the center of everything and staff was quite helpful
Yelken Hotel Akyaka,Fiona McArthur,en,beautıful place. classy
Lacivert Otel Akyaka,Nihal ATan,tr,konum akyaka merkezde uyumak için otele gelebilirsiniz biz zaten uyumak için tutmuştuk ihtiyacımızı karşıladı çok yakınında eğlence mekanı var çok ses geliyor ama 12 gibi müziği bitiriyorlar. oda çok temiz fakat çok dar. sadece uyuyacaksanız ve merkezi bir yer arıyorsanız kalabilirsiniz aracınız varsa 400 metre uzaklığa park edebilirsiniz otelin sokağı dar
Lacivert Otel Akyaka,cem trzi,tr,"akyakada tam çarşının içerisinde butik bir pansiyon aslında(müstakil bir bina, ufak bahçesi de var oturmalık) mekan sahibi çok tatlı ve yardımsever bir teyzemiz. torunuyla işletiyor. çok kibarlar, odalar gerçekten temiz. sadece kalmalık, kahvaltı vs. yok ancak zaten çarşının içi olduğu için kahvaltı yemek alamazsınız gecelik oda fiyatı da çok yüksek değil. hiç pişman olmazsınız, tavsiye ediyorum. ankaraya dönerken pazar sabahi teyzemiz kahvalti ederken ısrarla çay simit peynir yememi istedi ben teşekkür ettim ama samimiyeti gerçekten güzeldi."
Lacivert Otel Akyaka,hasan deniz,tr,"akyaka merkezde; çarşı içinde, denize 100 metre uzaklıkta çok şirin bir mekan. navigasyonla gelenler, sokak trafiğe kapalı olarak gözüktüğü için tam önüne gelemeyebilir. ama araçla önüne kadar gelebiliyorsunuz. odalar temiz. wi-fi var. kendimizi çok güvende hissettiğimiz mekanda bahçede çok keyifli dakikalar geçirdik. ablamıza ve caner bey'e son zamanlarda görmeyi özlediğimiz samimiyetleri ve gülen yüzleri için çok teşekkürler."
Lacivert Otel Akyaka,Ervin Biçer,tr,"lacivert hotel’de caner abi ve zülay teyze bizi aile sıcaklığında hissettirdi. tertemiz, hoş ve sakin bir otel. merkezde yer alması sebebi ile her yere çok kısa sürede ulaştık. her yaz akyaka’da kalacağımız yer belli oldu."
Lacivert Otel Akyaka,Merve ÖZTOPRAK,tr,odaları normale göre çok küçük fakat biz sabah çıkıp gece geldiğimiz için böyle bir tercihte bulunduk ve bizim için yeterliydi. i̇şletme sahipleri çok cana yakınlardı. konumu ise merkezde olduğu için çok rahat yürüyerek istediğimiz mekanlara ulaştık.
Lacivert Otel Akyaka,Cansu,en,"it was a great experience to stay at akyaka. location is great, it’s in the center and you can walk everywhere. cafes, restaurants, pubs are so close to the hotel and there are a lot of options that you can find. seaside is 5 mins by walk, i highly recommend to go to the wood platforms in the forest. about the host, caner was an amazing person, great hospitality and the kindest host i’ve ever seen. the room is cute. it’s more than enough for a couple of days holiday. they have a really great garden to read your book or drink a coffee or tea under the mandarin trees."
Lacivert Otel Akyaka,Lila Raygoza,en,"my friend & i stumbled upon this simple, no-frills gem after a late night bus ride to akyaka with no hotel reservation. akayaka was mesmerizing & we were so comfortable at lacivert otel that we kept extending our stay. the owner was lovely, flexible and such a great place to end our trip."
Lacivert Otel Akyaka,Nihal ATan,en,"the location is in the center of akyaka. you can come to the hotel to sleep. we had already booked it for sleeping. it met our needs. there is an entertainment venue nearby. it is very noisy, but they stop playing the music around 12. the room was very clean but very narrow. if you are just going to sleep and looking for a central place, you can stay. if you have a car, you can park it 400 meters away. the street of the hotel is narrow."
Lacivert Otel Akyaka,cem trzi,en,"it's actually a boutique hostel right in the bazaar in akyaka (it's a detached building with a small garden for seating). the owner of the place is a very sweet and helpful aunt. he runs it with his grandson. they are very polite, the rooms are really clean. just stay, breakfast etc. no, but since it is inside the market, you cannot buy breakfast. the nightly room price is not very high. you won't regret it, i recommend it. while returning to ankara, on sunday morning, while having breakfast, our aunt insisted on me eating tea, bagels and cheese. i thanked her, but her sincerity was really nice."
Lacivert Otel Akyaka,hasan deniz,en,"akyaka is in the center; a very cute place in the market, 100 meters away from the sea. those who come with navigation may not be able to get right in front of the street as it appears to be closed to traffic. but you can come in front of it by car. the rooms are clean. there is wifi. we had very enjoyable moments in the garden, where we felt very safe. many thanks to our sister and mr. caner for their sincerity and smiling faces that we have missed seeing lately."
Moğla Taşhan otel,Fidan Canik,tr,"kesinlikle tavsiye etmiyorum. kahvaltida zeytinyagi ve limonu bile bulundurmayan, evden getirip eve geri goturuyorlar diyen bir hizmet anlayisina sahipler. kahvalti edilecek alani kimse gostermiyor, kendi kendimize havuz kenarinda bir yer bulduk. 1 gece kalacagiz cocugumuz bizle yatabilir diyoruz telefonda( bugune kadar hic bir otelde benzer bir yaklasim gormedim bu musterinin kararidir)hayir kalamaz, biz onaylamiyoruz diye yorum aldik telefonda, biz bu konuda alttan alip 3 kisilik oda tuttuk gece 23’de girmemize ragmen. odadan 11 yerine 11:20’d ciktik, bu bile kendi aralarinda konusmalarina yol acti. son nokta da ayrildiktan sonra odada son derece egreti duren bir merdiven vidasi lle ilgili hesap sormalari oldu, bir anda bir ses duyuldu diye yaptigim aciklamaya itibar edilmeyip, hayir oyle olmaz ben mimarim ,her gun kontrol ediyoruz diyerek yalancilikla itham edildim, konusma kayit ediliyor diye tehdit de edildim. hayatimda boyle bir muamele gormedim, yurt ici ve yurt disinda bir cok otelde kaldim, bu isletmeye gitmeyi kimseye tavsiye etmem."
Moğla Taşhan otel,Büsra Baykan,tr,odalar inanılmaz şirin ve ter temiz. odalar ufak ama konaklamak için ideal. daha fazlasına gerek yok. tek eksiği ufakta olsa gardorabı ama olmadanda oluyor. konum olarak köy ortasında ama korunaklı etrafı kapalı. hotele gidiş yolu sağlı sollu ağaclık sanki hotel yokmuş gibi ama var. benim için temizlik önemli ve gerçektende ter temiz. kesinlikle tavsiye ederim
Moğla Taşhan otel,Kidsteen club,tr,"bugün i̇lginç bir deneyim yaşadık ailem ile birlikte, otel tam bir aile oteli. odalar sade ve temiz. sahipleri ve çalışan arkadaşlar çok cana yakın insanlar. otel bir doğanın içinde sanki vaha gibi. öğlen istemeyerek bir olaya şahit olduk. o gece otelde konaklama yapan kişiler çıkış saatinde ısrarla otelden çıkmak istemediler. otel sahipleri ve çalışanlar çok büyük sabırla çıkış saatinin geçtiğini kaldıkları odaya rezervasyon olduğunu ve boşaltmaları gerektiğini anlattılar. kalanların uçakları saat 4 teymiş ve o saate kadar çıkmayacaklaemış dünyada çok otelde kaldıklarını ve ağıza alınmayacak küfürlerle oteli rencide ettiler. tüm arkadaşlara oteli kötüleyen yorum yazdırmaya tehdit ettiler. ellerinden gelen tüm çirkef yanlış davranışları gösterip oteli alt üst edip, giderkende pis çocuk bezini otelin havuzuna atıp gittiler. gelenler arapça, alöanva8ve türkçe konuşuyorlardı. otel sahiplerini ve çalışanlarını gerçekten sabırları ve sakin kaldıkları için tekrar tekrar kutluyorum. maalesef kuralları bilmeyen , görgü görenek içinde olmayan insanları kınıyorum."
Moğla Taşhan otel,Hakan Akdeniz,tr,odalar temiz daha öncede kalmıştık konum olarak çok içerde kalıyor çok önemli değil di bizim için sadece konaklama yapmak için kaldık . tüm gün orada geçirmek isteyenler için sessiz sakin gelen misafirler genel de etrafı gezmek için geldiği için havuz kalabalık olmuyor . tek problem kahvaltı çok özensiz ve hatta vasat diyebilirim . dışardan içecek yemek gibi şeyler getirmek yasak edilmiş çok saçma geldi bana küçük bir su 20 tl veriliyor 600/700 mt yakında bim var 3.5 tl su yemek fiyatları uçmuş tost 150 tl bir çok butik otellerde konaklama yaptım bu şekilde fiyatlar ile karşılaşmadım . son gidişim oldu . bir daha konaklama yapmam .
Moğla Taşhan otel,Merve Gübeş,tr,"memnun kaldıgımız yer bahçesi çok güzeldi , kahvaltı yeterliydi . odalar biraz küçüktü ama bizim için sıkıntı olmadı . bizimle ilgilenen bardaki beyefendi kibar ve ilgiliydi teşekkür ederiz"
Moğla Taşhan otel,Barbara Lawrence,en,"a unique and quaint hotel off the beaten path. gulcin, one of the owners, and ali went out of their way to make us feel welcome. the room we had was lovely, but the next time we'll rent the suite with the collapsible staircase. it's amazing. the grounds are fabulous, and there's plenty of parking. it's a hidden gem, and we'll definitely return."
Moğla Taşhan otel,Nushin Satkin,en,for an inn with fleas and bedbugs and low service in the middle of nowhere has unreasonable price.
Moğla Taşhan otel,cenk özcan,en,super
Moğla Taşhan otel,Fidan Canik,en,"i definitely do not recommend it. they have a service approach that does not even include olive oil and lemon for breakfast, and says they bring it from home and take it back home. no one showed us the area to have breakfast, so we found a place by the pool on our own. we said on the phone that we will stay for 1 night and that our child can sleep with us (i have never seen a similar approach in a hotel until today, this is the customer's decision). we received comments on the phone saying no, he cannot stay, we do not approve, so we took this seriously and booked a room for 3 people, even though we checked in at 11pm. we left the room at 11:20 instead of 11, which even caused them to talk among themselves. finally, after i left, they asked me to account for a staircase screw that was very makeshift in the room. my explanation that i suddenly heard a sound was not taken into account, and i was accused of lying by saying ""no, it can't be like that, i'm an architect, we check it every day"", and i was threatened that the conversation was being recorded. i was also treated. i have never seen such treatment in my life, i have stayed in many hotels at home and abroad, i would not recommend anyone to go to this establishment."
Moğla Taşhan otel,Büsra Baykan,en,"the rooms are incredibly cute and spotlessly clean. the rooms are small but ideal for accommodation. no need for more. the only thing he lacks is a small wardrobe, but he can do without it. the location is in the middle of the village, but it is sheltered and surrounded by a closed area. the road to the hotel is lined with trees on both sides, as if there was no hotel, but there is. cleanliness is important to me and sweat is really clean. i definitely recommend"
Raymar Hotels Muğla,Gönül Öztopuz,tr,"kendi klasmanında bir otele göre son derece temiz ve hizmet kalitesi yüksekti. otele check in işlemleri sırasında resepsiyonist emrah bey çok nazik ve yardımcı oldu. koridor harika bir temizlik ürünü kokuyordu, çarşaflar tertemiz, kahvaltı taze... tüm çalışanlara teşekkür ediyoruz. muğla'da kalacaklar için güvenilir bir durak raymar hotel."
Raymar Hotels Muğla,Yunus Ozdogan,tr,"uzun bir yolculuğun ardından 1 gece konaklayıp ertesi sabah hemen başka yerlere gitmek için tercih ettiğimiz ama 3 günümüzün geçtiği muhteşem bir otel. odalar yeni istemediğiniz kadar dolap var. odalarda o kadar ayrıntılı düşünülmüş ki her bir bölümünde klima,tv,dolap mevcut. bu arada odalar yatak odası ve yaşam alanı denilen bir bölüm olarak geçiyor 1+1 gibi. banyo zaten yenilenmiş ve tertemiz. çalışanlar her daim güler yüzlü ve yardımcı olmak için çabalıyor. kahvaltı açık büfe ve kaliteli. konum olarak akyakaya 15dk muğla.merkeze 5dk akbük koyuna 50dk"
Raymar Hotels Muğla,Nilayda Gemicioğlu,tr,muğla da bir düğün için geldiğimizde konakladigimiz bir otel çok temiz ve güzeldi. calisanlar çok kibar ve ilgili. odalar gayet büyüktu ve tüm eşyalar çok yeniydi. cevre otellere göre de fiyati cok uygundu kahvaltısı da çok guzeldi memnun kaldık tavsiye edilir.
Raymar Hotels Muğla,İrem Gürses,tr,"tur ile bir gece (24.07.24) burada konakladık. otel merkezi bir konumda değil. i̇kiye bölmüşler, ek bina yapmışlar. çok yakın ama eşyalarla gitmek biraz zor açıkcası. bizim kaldığımız oda -1. katta olduğu için biraz basıktı. bunlar tek kötü olan özellikleri. karşılama, yemek ve temizlik gayet güzeldi. yemekler açık büfe değil, akşam yemeğini kendileri tabaklarla servis ediyorlar. lezzeti de porsiyonu da yeterliydi. sabah kahvaltısı açık büfe ve güzeldi. bizim kaldığımız oda da temizdi, su sıcak akıyordu."
Raymar Hotels Muğla,ijlal aydeniz,tr,"otel marmaris -muğla yolunda .muğla merkeze çok yakın .burada konaklayan akyaka,marmaris fethiye vb. rahatlıkla ulaşım sağlayabilir.yeni yapılmış, çok sade ve zevkli döşenmiş, gayet temiz bir otel.arka tarafa bakan odaları sessiz ve çam ağacı manzaralı,ön odaları yola bakıyor ,kapı kapandığı zaman gürültü fazla rahatsız etmiyor. personel gayet ilgili ve kibar. kahvaltı açık büfe güzel ve yeterli, sadece nazar boncuğu niyetine kahvaltıda beyaz ekmek yanında kepekli ekmek eksikliğini hissettik.hastane işimizden dolayı burayı tesadüfen bulduk, iyi ki bulmuşuz.bir hafta rahat ve huzurlu kaldık.çok memnun ayrıldık."
Raymar Hotels Muğla,Manuel Brillantes,en,great accommodation and services.
Raymar Hotels Muğla,Gönül Öztopuz,en,"it was extremely clean and the service quality was high for a hotel in its class. during the hotel check-in process, the receptionist mr. emrah was very kind and helpful. the corridor smelled of a great cleaning product, the sheets were clean, the breakfast was fresh... we thank all the employees. raymar hotel is a reliable stop for those who will stay in muğla."
Raymar Hotels Muğla,Yunus Ozdogan,en,"it is a wonderful hotel where we chose to stay for 1 night after a long journey and go to other places the next morning, but spent 3 days. the rooms are new and have as many closets as you don't want. the rooms have been thought out in such detail that each section has air conditioning, a tv and a wardrobe. by the way, the rooms are divided into a section called bedroom and living area, like 1+1. the bathroom has already been renovated and is spotlessly clean. the employees are always friendly and try to help. breakfast is open buffet and of good quality. location: 15 minutes to akyakaya 5 minutes to muğla center 50 minutes to akbük bay"
Raymar Hotels Muğla,Nilayda Gemicioğlu,en,"when we came to muğla for a wedding, the hotel we stayed in was very clean and beautiful. the employees are very polite and caring. the rooms were very large and all the furniture was very new. the price was very affordable compared to surrounding hotels. the breakfast was also very good. we were satisfied. it is recommended."
Raymar Hotels Muğla,İrem Gürses,en,"we stayed here for one night (24.07.24) with a tour. the hotel is not in a central location. they divided it into two and built an additional building. it's very close, but it's a little difficult to get there with your belongings. the room we stayed in is -1. it was a bit low because it was on the first floor. these are the only bad features. the welcome, food and cleaning were very good. the meals are not open buffet, they serve dinner on their own plates. both the taste and the portion were sufficient. the breakfast was open buffet and nice. the room we stayed in was also clean, the water was hot."
İzethan Hotel,Gizem Kaymakçı,tr,tur sebebiyle 1 gece konaklama sağladım. merkezi bir yerde bulunuyor. dışarıda yemek yenebilecek veya kahve içilebilecek bilindik mekanlar mevcut. otel yemekleri standart menülerdendi ve güzeldi. oda temizdi ve ihtiyacımız olacak şeyler mevcuttu. sıcak su ve klima gayet iyiydi. buz dolabı canavar gibi çalışıyordu. küçük bir balkonumuz vardı. özetle memnun kaldım.
İzethan Hotel,Elif Erkan,tr,"fotoğrafla alakası yok. odalar aşırı eski ve toz içinde balkon da izmaritler var, kapı zincir kilitle kapanıyor o da düzgün kapanmıyor çalışanlar sanki yatacakları yeri gasp etmişsin gibi davranıyor. aynı fiyatlara hatta daha ucuza daha iyi yerlerde kalınır. kesinlikle fotoğraflarla alakası yok. kahvaltısında salatada böcek vardı."
İzethan Hotel,İrem Gürses,tr,"tur ile 1 gece bu otelde konakladık. önceki kaldığımız otel o kadar kötüydü ki açıkcası otelin artı özellikleri ağır bastı. öncelikle konumu çok merkezi. yakınlarda marketler, kafeler mevcut. biz birinci katta kaldık, balkon temizdi ve bütün gece balkonda oturduk. nevresimler ve havlular da göreceli olarak temizdi. sıcak su vardı. yemekler aç kalınmayacak şekilde güzeldi. çok lezzetli, çok çeşitli yemekler beklememek gerekiyor. bizim kaldığımız akşam meyve de tatlı da yoktu. buzdolabı çalışıyordu ve içinde soğuk su da vardı."
İzethan Hotel,inci gökcen,tr,odalar temizdi yataklar rahat yedek yastik ve yorgan vardi. yemekler ve kahvaltilar gayet guzeldi. ekip guler yüzlü idi turla gittik yorumlardan dolayi korkmustuk ama cok guzeldi her sey ekibe teşekkürler
İzethan Hotel,Bilgen Akdemir,tr,"dün şehir dışından gelen arkadaşımın kalması için aradık oda olduğunu söylediler. otele gittik , gece orda bulunan resepsiyonist bir oda olduğunu klimasının çalışmadığını söyledi. çok burnu havada , siz nerden çıktınız geldiniz gibi bir tavrı vardı. bir cümleyi iki kere ifade ettiği için küfür etmediği kaldı. i̇ster tut ister tutma tavrından hoşlanmadık. otelin vitrininde daha sabırlı, hoşgörülü bir çalışan görmek isteriz."
İzethan Hotel,Robert Hart,en,hotel is very comfortable and quiet. not far from the center of town. 3 star hotel. i paid 70 tl for a single as the walk in rate. excellent quality.
İzethan Hotel,Aiham Al Salahi,en,"service in this hotel is good as well as the hotel is clean and prices are cheap ! , around 40$ for a single room, it's in the middle of the city, the breakfast is more than good"
İzethan Hotel,Shiraj,en,"well, it was good place and comfortable too, it was good time here"
İzethan Hotel,Osama Moussa,en,good hotel and nice breakfast
İzethan Hotel,Ferhat Üney,en,i̇deal
YAKABÜK TİNY HOUSE PANSİYON,emre,tr,"geçtiğimiz günlerde bu şahane yerde konaklama fırsatı yakaladık. yakın arkadaş grubumuzla gittiğimiz yakabük tiny house'da güzel vakit geçirdik. denize çok yakın olması, saklı koy'un sakinliği çok güzeldi. bazı günler sadece biz vardık ve bu bize sanki bize ait bir koy hissi yaşattı. i̇skeleden denize girmek de oldukça keyifliydi. müge hanım her alanda bize oldukça yardımcı oldu, çok memnun kaldık. buraya geldiğinizde şehrin farklı bölgelerime gitmenize gerek bile kalmayacak çünkü denizin hemen yanınızda. evin manzarası da oldukça rahatlatıcı. şehirden uzak sakin bir tatil yapmak isteyen herkese öneririm."
YAKABÜK TİNY HOUSE PANSİYON,Seyma Kacar,tr,"4 gece tiny house da 4 kişi konakladık. bulunduğu yerin sakinliği , koya yakınlığı ve denizin güzelliği ile çok güzel vakit geçirdik. ev sahibi müge hanım çok tatlı ve cana yakındı ve herhangi bir ihtiyacımızda çok yardımcı oldu. gezilecek yerleri, yapabileceğimiz aktiviteleri detaylıca anlattı. tatile giderken şehir merkezi için plan yapmıştık ancak tatil sırasında bulunduğumuz yerin güzelliğini görünce keyfini çıkardık hiç ayrılmak istemedikçok güzel bir tatildi , şehir kalabalıklığından uzaklaşıp kafa dinlemek isteyen herkes kesinlikle burayı denemeli."
YAKABÜK TİNY HOUSE PANSİYON,Emir Akkas,tr,"merhabalar, 15 temmuz tarihi girişli 7 gece konaklama yaptık. öncelikle konaklama memnuniyeti ve rahatı mükemmel ötesinde idi. i̇ki dakika mesafede saklı koy denizi var. ve hemen tinyhouse altında ücretli şenzlongu olan bir beach mevcut , işletmecisi burak bey, ayrıca yüzer iskelesi mevcut. tinyhouse ile müge hanım her an eksiğimizde bize sonsuz yardımcı oldu. yemek konusunda gelirken yanımızda içicek ve yiyecek getirmiştik. fakat geldiği gibi i̇stanbul’a geri götürdük. çünkü kaldığımız yer bir otel olduğu için kendi butik bir restorantı mevcut. tüm et ızgara çeşitleri (balık hariç)mevcut . en önemlisi ekonomik açıdan inanılmaz uygun. sabah serpme kahvaltı, öğlen soslu tavuk ve akşam jülyen et yedik hergün. bu lezzette bu fiyata o bölgede asla bir yer bulamazsınız. daha önemlisi kendini en iyi restaurantlarda geliştirmiş, el lezzeti muazzam bir ahçıları sinem hanım var. gittiğinizde güler yüzündeki sevgiyi yemeklere kattığını anlayabiliyorsunuz. otel ve restoran işletmesinde mert bey ve eşi özlem hanım ilgileniyor. annesi halime anne, babası hakkı baba, bizi kendi evlatları gibi gördükleri için çok minnettarız. tüm aile ve çiftler için önümüzdeki yıl tekrar geliriz diyebileceğiniz en iyi yer diyebilirim. müge hanım a sonsuz teşekkürler… sağlıcakla kalın seneye 1 hafta değil 3 haftalığına görüşmek üzere….. akkaş ai̇lesi̇"
YAKABÜK TİNY HOUSE PANSİYON,Gökay Eren Aydın,tr,"yakabük tiny house pansiyon'da konakladığımız süre boyunca son derece memnun kaldık. pansiyonun tiny house konsepti çok şirindi ve konforluydu. müge hanım, işletmenin her detayıyla ilgileniyor ve konuklarıyla yakından alakadar oluyor. restoranda halime hanım'ın misafirperverliği ve hakkı bey'in yemekleri gerçekten harikaydı. mert bey de her konuda yardımcı oldu ve tatilimizi daha keyifli hale getirdi. i̇skelede burak bey'in ilgisi ve hizmeti de çok profesyoneldi. tüm ekip sayesinde kendimizi evimizde gibi hissettik. kesinlikle tekrar gelmek isteyeceğimiz bir yer."
YAKABÜK TİNY HOUSE PANSİYON,süpriz süpriz sox,tr,merhabalar. akyaka 'ya 13 km mesafede. doğa ile içiçe. sessiz sakin güzel bir yer. denize yürüme mesafesinde. aile işletmesi. i̇nsanlar güler yüzlü samimi. yemekleri güzel. ailece kaldık çok memnun ayrıldık. tavsiye ederim
YAKABÜK TİNY HOUSE PANSİYON,emre,en,"we recently had the opportunity to stay in this wonderful place. we had a great time at yakabük tiny house, where we went with our close group of friends. being so close to the sea and the calmness of saklı bay was very nice. some days we were the only ones there, and this made us feel like we had a bay that belonged to us. it was also very enjoyable to swim from the pier. ms. müge helped us a lot in every field, we were very pleased. when you come here, you won't even need to go to different parts of the city because it is right next to the sea. the view of the house is also very relaxing. i recommend it to everyone who wants to have a quiet holiday away from the city."
YAKABÜK TİNY HOUSE PANSİYON,Seyma Kacar,en,"we stayed as 4 people in tiny house for 4 nights. we had a great time with the calmness of the location, the proximity to the bay and the beauty of the sea. the owner, ms. müge, was very sweet and friendly and was very helpful with any of our needs. he explained in detail the places to visit and the activities we could do. we had made plans for the city center when we went on holiday, but when we saw the beauty of the place we were on holiday, we enjoyed it and never wanted to leave. it was a very nice holiday, anyone who wants to get away from the city crowds and relax should definitely try this place."
YAKABÜK TİNY HOUSE PANSİYON,Emir Akkas,en,"hello, we stayed for 7 nights with check-in date of july 15th. first of all, the satisfaction and comfort of the accommodation was beyond perfect. there is a hidden bay sea two minutes away. and right under the tiny house, there is a beach with paid sunbeds, managed by mr. burak, and also has a floating pier. tinyhouse and ms. müge helped us immensely whenever we were lacking. when it came to food, we brought drinks and food with us. but we took it back to istanbul the same way it came. because the place we are staying is a hotel, it has its own boutique restaurant. all grilled meat types (except fish) are available. most importantly, it is incredibly affordable. we ate mixed breakfast in the morning, chicken with sauce for lunch, and julienned meat for dinner every day. you will never find a place with this taste at this price in that region. more importantly, they have an amazing cook, ms. sinem, who has improved herself in the best restaurants. when you go there, you can tell that he puts the love into his meals from his smiling face. mert bey and his wife özlem hanım take care of the hotel and restaurant business. we are very grateful to his mother, halime, and his father, hakki, for seeing us as their own children. i can say that it is the best place for all families and couples to come back next year. endless thanks to ms. müge… stay healthy, see you next year not for 1 week but for 3 weeks….. akkas family"
YAKABÜK TİNY HOUSE PANSİYON,Gökay Eren Aydın,en,"we were extremely pleased during our stay at yakabük tiny house pansiyon. the tiny house concept of the hostel was very cute and comfortable. ms. müge is interested in every detail of the business and cares closely about her guests. halime hanım's hospitality and hakkı bey's food at the restaurant were truly wonderful. mr. mert also helped us in every aspect and made our holiday more enjoyable. mr. burak's attention and service at the pier was also very professional. thanks to the whole team, we felt like at home. it's definitely a place we'd like to come back to."
YAKABÜK TİNY HOUSE PANSİYON,süpriz süpriz sox,en,"hello. it is 13 km away from akyaka. in touch with nature. a quiet, beautiful place. walking distance to the sea. family business. people are smiling and friendly. the food is good. we stayed as a family and left very satisfied. i advise"
Mosso Boutique Hotel,Fatih Güler,tr,"sanırım eski bir yapıyı çok küçük odalara bölerek butik otel oluşturmaya çalışmışlar, daha çok aparta benziyor. jolly’den deniz manzaralı standart oda olarak ayırmış olduğumuz odanın deniz manzarasını(?) ekliyorum. hijyen konusunda maalesef zayıf, banyoda saç telleri bulunuyordu. otele ait otopark yok, geç saatte gelirseniz yer bulmak büyük sıkıntı. aldığımız hizmete göre fiyatı çok yüksek, aynı bölgede daha iyi oteller varmış bizimkisi biraz aceleye geldi. otele ait farklı bir işletme olan restoranı var. kahvaltısı muhteşemdi, kullanılan malzemeler kaliteliydi. kahvaltı harici hayal kırıklığı."
Mosso Boutique Hotel,Hande Elgün,tr,"hande elgün 5/5 google üzerinde 8 dakika önce akyaka’ya ilk defa geldiğimiz için konaklama konusunda çok kararsız kalmıştık. bizim gibi yorumlardan fikir edinmek isteyenler için yazmak istedim. ekip çok güleryüzlü, nazik ve tatlı bunun için ayrıca teşekkür etmek isterim. otelin konumu mükemmel, denize sıfır diyebilirim ancak halk plajı olduğu konusunda da bilgilendireyim. marketlere restoranlara ve tur teknelerine çok çok yakın ve yokuş inme çıkma gibi bir derdiniz olmuyor ki bence gördüğümüz diğer birçok işletme için büyük bir sorun bu durum. kahvaltısı açık büfe değil ama gayet yeterli ve lezzetli biz çok beğendik. odalar konusunda evet biraz dardı odamız ancak zaten genelde denizde olduğumuz ya da gezdiğimiz için çok da önemli olduğunu düşünmüyorum. akyaka yapısını koruyan bir bölge olduğu için lüks beklentimiz olmadı zaten. hijyen konusunda da sorun yaşamadık. otoparkı yok, biz biraz ilerisine bıraktık aracımızı ancak zaten küçük bir yer olduğu için uzak mesafe değildi sorun yaşamadık. fiyat olarak da zaten çoğu yerde fiyatlar yakın, o yüzden gönül rahatlığıyla tercih edilebilir."
Mosso Boutique Hotel,Bahadır Yıldız,tr,yorumlar vs araştırmalar her ne kadar tereddütle de gitsek çok memnun kaldığımız mosso . odalar gayet temiz restaurant kısmında kahvaltı yapıyorsunuz ve ordaki arkadaşlar prefosyonel güler yüzlü saygılı otelde konaklayan tavır gibi bir durumla karşılaşmadık . kahvaltı gayet yeterli ve iyiydi . konaklama artıları restaurant kısmında sıcak içecekler ücretsizdi . karşılamadaki sabah akşam güler yüzlü arkadaşlarada ayrıca ilgilerinden dolayı teşekkür ederiz.
Mosso Boutique Hotel,Ahmet Golge,tr,"12 temmuz 2024 1 gece akyaka yı da görelim diye geceliği 4500 tl ye bir gece konakladık. personel çok güler yüzlü ve ilgili. bize verilen oda bahçe katı denilen odaydı, bence dükkandan odaya dönüştürülmüş bir yer çünkü tek cephesi var yola sıfır. oda çok temizdi. otelin konumu sahile sıfır. önünde halk plajı var ve belediye şemsiye ve şezlongları kiralıyor 200 tl 2 şezlong 1 şemsiye. denizi mükemmel çocuklar için uygun çünkü çok sığ ve sıcak. oda kahvaltı dahil ama bu oda kahvaltı değil otelin lüks restoranında serpme kahvaltı ve çok kaliteli. kısaca üst katlarda bir oda olursa konumu itibariyle tercih edilir."
Mosso Boutique Hotel,Esra Şekerci,tr,1 yıldızı odayı o kadar da temiz bulmadığım ve duş başlığından su damla damla aktığı için kırdım. balkonlu oda da kaldım. deniz manzarası yok ama balkon keyifliydi. abla çok tatlı be güleryüzlü. ne fiyat anlaştıysak onu ödedik. bu tarz yorumlar gördüğüm için yazıyorum. sabahları serpme kahvaltı veriyorlar. aç kalma ihtimaliniz yok. restoranı çok iyi. aşçısını ve barmeni iyiydi. restoran fiyatları pahalı. plaj belediyenin şezlonglar 100tl. restoranın masaları var ama şemsiyeleri açmıyorlar malesef.
Mosso Boutique Hotel,Jay Chen,en,"all locals told me this is the best restaurant in akyaka so we came two weeks ago and again today. many varieties of food were offered. prices are similar to what we pay in usa but all tasty. what stand out is the service, manager speak english well and come check with us often. we feel comfortable and relaxing dinning here. you will be charged accordingly to the prices on menus. no every business do so."
Mosso Boutique Hotel,sinan ugurel,en,"mosso is located by the beach, serving very tasty dishes. servings are pretty big and service is fast. prices are reasonable. especially breakfast options are incredible. one of the best in town."
Mosso Boutique Hotel,Christine Uebelhoer,en,#NAME?
Mosso Boutique Hotel,Aydın Türe,en,"very good food, awesome cocktails and very friendly stuff, mesut , number one"
Mosso Boutique Hotel,Robert Spears,en,lovely chilled atmosphere for breakfast on the beach
Fabric Otel Akyaka,Egemen Utku Carık,tr,"arkadasıml 3kısılık odada 2 kısı kaldık fakat 2 kısı bıle odada rahat edemedik. odaya gırdıgımızde duvarda sıvrı ölüsü vardı, çarşafda kadın saçları mevcuttu. fıyat olarak fazl bır sey beklememek lazım fakat temızlık konusunda iyi değilidi. duşa kabın kırık ne zaman duş alsam klozet us ıcınde kalıyor. odanın bır klıması calısıyor dıgerı calısmıyor. tek avantaj konum"
Fabric Otel Akyaka,Deniz Turgut,tr,apartın konumu merkezi ve odası gayet temizdi. sıcak su sorunsuzdu. kendi barı var fiyatlar çevre barlara göre bir tık uygun gibi. müzik makul saatte kesiliyor rahat bir şekilde uyuyabiliyorsunuz. tavsiye edilir.
Fabric Otel Akyaka,ÖZGÜR ALTINSOY,tr,öncelikle otel rezervasyonumu obilet uygulamasindan yaptım konum olarak güzel azmağa ve sahile yakın fakat 3 nolu odada kaldım diğer odaları bilemem gecelik 2000 tl'den 2 gece rezervasyon yaptım odanın balkon demiri kaynak yerinden çıkmış yaslandığınız zaman demirin ucunun boşta olduğunu görebilirsiniz tehlikeli bı durum balkonda aydınlatma namına birşey yok lamba yok direk duşa kabinin tek kapısı var diğeri yok tv çalışmıyor bunlar benim için konaklamami 1 gecede sonlandırmama yetip arttı
Fabric Otel Akyaka,aynur özden,tr,konum olarak harika bi yer yorumlara bakanca çok korktum ama hiç bir anormallik yoktu odalar temizdi istediğimiz zamanda temizlediler yani müzik sesinden uyuyamadım demiş birisi sen alt katın bar olduğunu göre göre tutuyorsun bu müziğe katlanacaksınve 12 olunc zaten müzik sesi falan gelmiyor burda her yer öyle tek burası değil 8 gece kaldım geyet güzeldi sadece zorlandığım nokta bebeğim çok gayretli olduğu için sürekli düştü oda küçük olduğu için
Fabric Otel Akyaka,feisreanti Tvaradze,tr,"yorumlara baktım ve çok şaşırdım bu fiyata böyle yer bulamazsınız ferah kocaman odalar, tam merkezde, balkonlu ve temiz diyebiliriz. yorum yaparken fiyat performans olarak değerlendirin ki bizde şaşırmayalım."
Fabric Otel Akyaka,rolandheming,en,great place for a drink and a game of pool or darts. staff super friendly and accommodating. music is the best in akyaka (in my opinion) big screen with redbull tv between games i haven’t stayed in the hotel so can’t come my get. this street is thriving at night so maybe better suited to night owls and party goers
Fabric Otel Akyaka,Egemen Utku Carık,en,"my friend and i stayed as 2 people in a 3-person room, but even 2 people couldn't feel comfortable in the room. when we entered the room, there was a dead body on the wall and women's hair on the sheets. you shouldn't expect much for the price, but it wasn't good in terms of cleanliness. the shower bowl is broken and whenever i take a shower, the toilet bowl stays inside. one air conditioner of the room works, the other does not. the only advantage is the location"
Fabric Otel Akyaka,Deniz Turgut,en,"the location of the apartment was central and the room was very clean. hot water was problem free. it has its own bar, the prices seem a little more affordable compared to the surrounding bars. the music stops at a reasonable hour and you can sleep comfortably. it is recommended."
Fabric Otel Akyaka,ÖZGÜR ALTINSOY,en,"first of all, i made my hotel reservation from the obilet application. the location is beautiful, close to the river and the beach, but i stayed in room 3. i don't know about the other rooms. i made a reservation for 2 nights at 2000 tl per night. the balcony iron of the room has come out of its welding place. when you lean on it, you can see that the end of the iron is free. this is a dangerous situation. something about lighting on the balcony. there is no lamp, there is no direct shower, the shower cabin has only one door and the other one does not work. the tv does not work. these were enough for me to end my stay in 1 night."
Fabric Otel Akyaka,aynur özden,en,"great place for location i was very scared when i looked at the comments, but there was nothing abnormal, the rooms were clean, they cleaned them when we wanted. someone said, ""i couldn't sleep because of the music. you see that the bottom floor is a bar. you will have to endure this music."" when you turn 12, you don't hear music everywhere. it's not the only place here. i stayed for 8 nights. it was fine. the only thing i had a hard time with was that my baby was very diligent and kept falling down because the room was small."
HAFIZOĞLU OTEL,Cesarine Silavuvu,tr,harika bir karşılama var
HAFIZOĞLU OTEL,Cesarine Silavuvu,en,there is a wonderful welcome
ÇALCALAR OTEL,Merve Uluğ,tr,"odalar harika ve tertemiz. akyakaya zaten çok çok yakın. arabanız varsa akyakadaki pis butikler yerine tertemiz bu otelde kalın. arabayla 6-7 dk içinde akyakadan otele varmış oluyorsunuz zaten. personeller o kadar ilgili ve güleryüzlü ki.. özellikle sesimden hasta olduğumu anlayan melda hanım, hemen sıcak bir karışım yaparak masamıza kadar getirdi.kendisine buradan da teşekkür ederim.sadece melda hanım için bile tercih edeceğiniz bir yer. yolum muğla’ya düştükçe kalacağım yer belli."
ÇALCALAR OTEL,Turgut Küçük,tr,"akyaka civarında konaklama yeri ararken bulduk ve 2 gece konaklama yaptık. biz aile odasında kaldık, 4 kişi için biraz dar olduğunu söyleyebilirim. temizliği, çalışanların güler yüzü ve isteklere çok hızlı cevap vermeleri gerçekten çok güzeldi. konumu itibari ile olsa gerek hava çok temiz ve çok rahat uyunuyor. akyakaya 10 dk mesafede. kahvaltı dahildi ve kahvaltısı da gayet güzeldi. başarılı, temiz ve iyi çalışanlara sahip bir işletme diye özetleyebilirim."
ÇALCALAR OTEL,Ahzibi,tr,"çok güzel tertemiz bi odamız vardı yemekleri de bi o kadar harikaydı. tek sorun balkonun yanında ki restoran bacası, hem ses rahatsız edici hemde balkondan yemek kokuları içeri siniyor ne yazık ki. 216 numaralı oda da kaldık."
ÇALCALAR OTEL,Mehmet Can Çayır,tr,"ailecek bir gece 1+1 aile odasında konaklama yaptık. otel o kadar güzel, temiz ve yeni ki anlatılmaz. her şey ışıl ışıl parlıyor. dekorasyon oldukça iyi. herhangi bir kusur göremedik bile. odalar tertemiz. çalışanlar ayrıca bir teşekkürü hakediyor. i̇lgili, güleryüzlü ve oldukça kibar çalışanlara sahip bir otel. konumu çok iyi anayol üzerinde. hemen karşısında akaryakıt istasyonu mevcut. ayrıca otele ait restorant, cafeterya, market gibi hizmet alanları da gece 12 ye kadar hizmet veriyor. akşam yemeğini otelde yedik fiyatlar gayet normal ve ürünler cidden lezzetli. balkonları da gayet güzel. biz ailecek aşırı memnun kaldık ve tavsiye ederiz :)"
ÇALCALAR OTEL,FAHRETTİN ÇORAK,tr,"otel, fethiye,datca ve marmaris yol ayrimindan yaklasik 300 metre ileride yol uzerinde bulunmaktadir. otelin altinda bir supermarkette aradiginiz herseyi bulabileceginiz bir marketi ve yaninda bal satisi yapan bal marketi var. biz aile odasinda kaldik, odalar genis, ferah ve tertemizdi, minibar var ve su birakilmis ayrica cay kahve setup'i vardi. yeteri kadar dolap ve aski mevcuttu banyoda sabun dus jeli ve sac kremi ve odalarda terlik mevcut. kahvaltisi lezzetli ve yeterli, sunulan urunler gercekten kaliteli ve sabah kahvaltisinda bize servis veren hanimefendi guleryuzlu ve profesyonel bir hanimdi. aksam yemeklerinde de ayrica burayi sectik cunku mutfak ekibi gercekten iyi is cikartiyor, hem lezzetli hem de sunumu guzel urunler var ve fiyatlar cok pahali degil. her aksam yemeginde gunun menusu cikartiliyor. biz 4 gece burada konaklayip buradan gunubirlik marmaris, akyaka, bozburun ve datca ya gittik. datca 2 saat kadar suruyor. onunde genis bir otoparki var. eksileri: balkon kapisinda sineklik yok, banyo havlulari icin yeterli askilik yok, otel girisindeki tekerlekli sandalye veya tekerlekli valiz cikartmak icin kullanilan rampanin hemen onune masa koyulmus ve yer sikintisi olmamasina ragmen bu masa niye koyulmus anlamadim. banyoya kulak pamugu koyulabir."
ÇALCALAR OTEL,Liane E. Fujita-Ahmed,en,"we didn't stay at the hotel, although i wish we could have, but rather, we ate at the çalcalar restaurant. we stumbled upon this restaurant by chance, because we were actually looking for a place with a playground for our 2.5 year old antsy toddler. we saw that they had a playground so we immediately made a u-turn and made our way there. then, when we arrived, we noticed that there was a restaurant open as well. so, as our 2.5 year old went wild at the playground, we sat down and placed our food order. we didn't know what to expect because this restaurant was located far away from any major city and we were the only people there. but, i have to say, we were the luckiest people because this restaurant was magnificent!!! the food was delicious! the portion sizes were very generous! the staff were so kind and friendly, and it is surrounded by beautiful green mountains. if you are driving this way, please stop by and enjoy a delicious and enjoyable meal at this restaurant. you will not regret it. çok teşekkürler, çalcalar restaurant!"
ÇALCALAR OTEL,Angelina ___,en,"very pleasant and friendly staff, wonderful and clean apartments. honey should be mentioned separately, it's soo delicious"
ÇALCALAR OTEL,Pekka Rantanen,en,"now known as çalcalar hotel. new, clean, friendly service. two shops connected to the hotel, one selling honey and local products, the other one groceries. a restaurant and a cafe downstairs. you need a car to get here."
ÇALCALAR OTEL,Archer,en,"clean and spacious room. the shower has good water pressure. some of the rooms share a balcony so you cannot leave your door open. good breakfast and ok restaurant. prices are a lot more reasonable than other accommodations/restaurants in the area. there is a mini fridge, but no safe. would i stay here again? yes"
ÇALCALAR OTEL,Zhan Ince,en,"wonderful restaurant! even if it's 10pm, the restaurant was open and the food was delicious. kids also enjoyed. everything was freshly prepared. the new building and very clean. the deserts were also chef's welcome gesture! wonderful place to stay and enjoy. the staff are very friendly and helpful. highly recommend to everyone!"
Akyaka Azmak Apart,Duygu Kesici Bostan,tr,"normalde 2 gün rezervasyon yapıp 3. günecde uzatmayı planladığımız muğla tatilimize önce akyaka'da bu apart da başladık. biz eşim ve ben 2 kişi olduğumuzu söyleyince otel tipi odanın uygun olacağını söyleyip oma göre rez.yapmışlardı. ancak gittiğimizde tatilin ilk günü kocaman bir hayal kırıklığı yaşadık. biz giriş katta 'sözde' balkonu olduğu için 500₺ daha fazla ödediğimiz depodan bozma bir odaya girdik. oda tıklım tıkış ve girdiğiniz anda rutubet kokusu yüzünüze vuruyor. alerjik astımım olduğu için oda değiştirmek de istedim sağolsun beyefendi yardımcı olmaya çalıştı ama 1+1 gibi daha büyük odalarda yer olduğunu belirtti,ancak böyle bir yer için aradaki fiyat farkını vermeye değer bulmadım.ki bunfiyata çok daha iyi yerler bulduk somra.bırakın 3 güne uzatmayı daha odaya girer girmez yeni yer aramaya başladık. o gün de kalmazdım da ödemesini önceden yapmıştık.maalesef temizlik konusunda da iyi değildi,yastık kılıfları sarı sarı lekeliydi,temiz de kokmuyordu hatta değiştirmediklerini düşünüp gece yeni yastık kılıfı istedik. banyodaki sabunluktan elimi yıkamaya tiksindim,öyle pis ve eskiydi. tek iyi olan yanı konumu,tam azmak kenarımda çarşıya çok yakındı.resepsiyondaki beyefendi ilgiliydi ancak bu aksilikler olunca hiç birinin önemi kalmıyor.tatilimizin ilk günü tadımızın kaçması ve yeni yer bulma stresi de cabası. kısacası vasatın altındaydı. ertesi gün çıkış yaptık.üst katları bilmyorum ama giriş katı için durumlar bunlardı."
Akyaka Azmak Apart,ferah ongun,tr,"temizlik hastası biri olarak söylüyorum odalar tertemiz havlular kar beyaz duvarlar mis banyo şahane bana göre 10 numara her şey. alanyadan üç kişi geldik aparta girmeden çok korkmuştum açıkçası misafirlerime mahcup olmaktan, odayı görünce içimde kelebekler uçuştu misafirler çok mutlu ben çok mutlu. personel çok ilgili sabah kahvaltısı nehir kenarı kahvaltı tavsiye ederim"
Akyaka Azmak Apart,Genç İnşaat,tr,"i̇ki aile olarak gidiyorsaniz 26 nolu odayi isteyin :) parasi neyse gidin , gercekten deger.. bolge yerli turiste hizmet ettiginden fiyatlarda gayet uygun .. otel icin verdiginiz paraya gercekten degiyor. otelden bugun ciktik ki sifir sorunla . odayi temizlemisler sanki yeni oda gibi olmus , personel guler yuzlu ilgili.. odanjn manzarasi , pansiyonun konumu vs mukemmel , tesekkurler hersey icin"
Akyaka Azmak Apart,MakeUp Buse,tr,azmak nehrinin dininde aile oteli. bizim kaldıgımız oda çok küçüktü ama sezonda son dakika bulduk. daha büyük odaları da varmış. fiyat performans oteli. akyaka da vakit geçirmek istiosanız herşeyin dibinde.
Akyaka Azmak Apart,Recep Demiral,tr,"otel konumu azmak nehri yakın ve merkeze yürüme mesafesindedir. standart bir yer, biraz daha özen gösterilmeliydi. oda havalandırılırken sineklikleri açık bırakmışlar bu durumda içeriye zararlı böceklerin girmişti. çocuklarla olunca sıkıntı bir durum, önceden fark ederek sorun çıkmadan konakladık. yol üstü akyaka'ya uğrayacaklar için tercih edilebilir bir otel. biz 1 gece tercih ettik."
Akyaka Azmak Apart,tayfun kesgin,en,"if you are looking to cool off on a hot summer day (arpund 40 degrees c in august), this is the place to be. the boat tour on this exotic river that flows into the sea is a must-do. the river has a tempurature of some very cool 12 degrees. mind the stream though and the boats that are very freuquent."
Akyaka Azmak Apart,İsmail Şiriner,en,perfect place to swim and leave your self to the river and enjoy cold sweet water
Akyaka Azmak Apart,Mehmet Gencer,en,"the place is awesome, by the river. but they need a new cook. the only good things on olur table were omelette and orange juice."
Akyaka Azmak Apart,Nadir Kaplan,en,very nice palace and it's relaxeting is human...
Akyaka Azmak Apart,Serhat Yüngül,en,it isn't the best place to be in but it isn't the worst either.
Egehan Otel,Ecem Karatasoglu,tr,"kaldığım en iyi fiyat-performans otellerinden birisiydi. çalışanlar, otelin sahibi güler yüzlü, yemekler gayet güzel türk yemekleri, yemekteki meze çeşitleri fazla, karnımızı güzel doyurduk.. en önemlisi otel ve odalar oldukça temiz, oda içi mobilyalar-klima-televizyon vb. yeni, çok rahat ettik. sadece asansör konusunun geliştirilebileceğini düşünüyorum çünkü tek bir asansör var, sadece 3 kişi alıyor ve yavaş. çalışanlara ve otel sahiplerine işlerini severek yaptıkları için çok teşekkürler"
Egehan Otel,Esra Şamlıoğlu,tr,"otel konumu itibariyle çok güzel bi yerde. odaları çok tatlı güzel dizayn edilmiş. çok rahat ettik. otel sahibi birhan hanım, i̇lkem bey ve annesi( adını hatırlayamadım ) çok tatlı güleryüzlü insanlar burdanda onlara tekrar teşekkür etmiş olayım , kahvaltısına bayıldık kendimizi evde bahçemizde kahvaltı yapıyormuş gibi hissettirdi bize. kesinlikle gözünüz kapalı tercih edebilirsiniz"
Egehan Otel,Ethan O'Connell,tr,"kaldığım en fiyat performans oteldi. konumu iyi önünden dolmuşlar geçiyordu. online bir siteden rezervasyon yaptım ve çok uyguna geldi. havuzu yok bahçesi var. otoban manzaralı, gün boyu biraz ses olabiliyor. odalar temiz ancak bakımsızdı oradan bir puan kırdım. çocuklu ailelere uygun."
Egehan Otel,Esen Kurt,tr,"antalya yolculuğumuzun en kaliteli en güzel durağı oldu. teşekkür ederiz. odalar temiz,çalışanlar güler yüzlü, fiyat makul tam bir hayvanseverler en çok bu hoşumuza gitti. 11 aylık bebeğimizle konakladık memnun kaldık"
Egehan Otel,İsimsiz Soyisimsiz,tr,"annemle gittiğim turun seçtiği ilk oteldi, orada bir gece kaldık. otelin asansörü çok yavaştı, akşam yemekleri yumurta salatası ve pembe turşu haricinde hepsi iğrençti fakat lobisi ve koridorları şahaneydi. odalar güzeldi fakat duşkabini çok küçüktü. otelin dışı ve manzarası mükemmeldi. :)"
Egehan Otel,ariw,en,"dirty. noisy. smells, and nasty surprises"
Egehan Otel,Patrick Jolibert,en,good location just before mugla center
Egehan Otel,Muhammed Huseyin,en,not bad
Egehan Otel,Greennature Travel,en,nice hotel
Egehan Otel,Özgür Aydemir diyarbakır,en,super
Tuncer Otel,Doğan Parlak,tr,daha öncede gelmiştim yenilenmiş daha güzel olmuş ekonomik olacakta çevreye göre gayet iyi.
Tuncer Otel,Esin Sakar,tr,yeni kaldım fiyat performansı ve içi iyidi
Tuncer Otel,Tuna Teker,tr,fiyatı çok uygun. fakat çok eski bir otel. etrafında kıraathane çok var. kurşunlu cami meydanına yakın
Tuncer Otel,Serkan Donmez,tr,merkezi ekonomik ihtiyaçları karşılıyor. sahib-i ali abiye saygılar aynı zamanda guvenli
Tuncer Otel,asuman köse,tr,çaresizlikten kaldığımız yer...bir daha kalır mıyım kesinlikle hayır?
Tuncer Otel,Doğan Parlak,en,"i've been there before, it's been renovated, it's nicer, it's economical, and it's good for the environment."
Tuncer Otel,Esin Sakar,en,"i stayed new, price performance and interior were good"
Tuncer Otel,Tuna Teker,en,the price is very affordable. but it is a very old hotel. there are many coffee houses around. close to kurşunlu mosque square
Tuncer Otel,Serkan Donmez,en,"it meets central economic needs. respect to mr. sahib-i ali, also safe"
Tuncer Otel,asuman köse,en,the place we stayed out of desperation...would i stay again? absolutely not?
Gokturk Otel,Kübra Kalkandelen,tr,"harika bir 3 gece / 4 gün geçirdik. açıkçası otelden hiçbir yere kımıldamaya ihtiyaç yok. bir gün öncesi de sadece şezlong servisini kullanmıştık, oteli keşfedince hemen akyaka merkezdeki konaklamayı bu muhteşem otele çektim. harika bir koyda ve denizi tertemiz. hem kafa dinleyebiliyorsunuz hem de çok iyi hizmet sunuluyor. kahvaltısı çok bonkör ve ana yemekleri çok lezzetliydi. akşam iskeleye kurulan masalar için sabahtan istediğiniz balığı söylerseniz tazecik geliyor önünüze - mezeleri ve diğer ana yemekleri de lezzetli. özellikle kızartmaları çok hafif (genelde tercih etmem dışarıda kızartma yemeyi- hatta evde bile - ama çok hafif ve lezzetliydi) çalışanları da saygılı ve güler yüzlü. oda tertemiz ve rahat bir konaklama imkanı sunulmuş. teşekkürler."
Gokturk Otel,Melis Hacic,tr,kahvaltı yetersiz ve eksikti. zeytin kasesinin içinden kullanılmış zeytin çekirdeği çıktı. reçellerin yarısı yoktu ve kıl vardı. kahvaltı karşılamadaki elemanın iletişimi kötüydü. otelin konumu ve manzarası 10 numara ama içeride eksik var. duş havlusu ve baş havlusunun dışında el yüz silmek için havlu yoktu saç kremi makyaj pedi falanda yoktu. ertesi gün gelen oda servisi dünden kalan havluları da değişmemişti. söyledik değiştiler ama ekstra havlu olmalı.
Gokturk Otel,Unique,tr,"sadece otelin plajını kullandık, kişi başı harcama limiti olarak anlaşarak içeri girdik. hayatımda bu kadar kötü mutfağı olan bir işletme görmedim. dalga geçer gibi önümüze dondurulmuş pizzayı ısıtıp getirdiler. 500 lira aldıkları pizza bimden alınmış pizzaydı resmen. 1 saat durup kaçtık daha fazla psikolojimiz bozulmasın diye. hayatım boyunca bir tatil beldesinde bu kadar rezillik görmemiştim. aklı olan gitmesin yanından bile geçmesin."
Gokturk Otel,Melek Özer,tr,mükemmel akyaka sevdiğimiz bi yer marmarise gitmeden 2 gün burda geçirelim dedik aslında yan tarafı olan ve yorumları ve görseli ile iyi olan iskelem oteldi düşüncemiz başka yer arayışınada girmedik sonra baktık ki iskelemde yer yokmuş arayışa geçince göktürk oteli keşfettik ve dedik işte burası iskelemle yanyanalarmış iyi ki iyi ki dedik göktürk öncellikle konum olarak mükemmel yerdi denizin güzelliği biz sabah 9 gibi gittiğimizde bize deniz tarafı çok güzel bi oda verdiler tertemizdi kahvaltısı gayet yeterli ve lezizdi resmen buram buram huzur kokuyordu o kadar keyif aldık ki keşke mesafe olarak yakın olsak da kaçıp kaçıp gelsek hatta dedim arkadaşıma bi gün böyle yanlız kalmak istesem kesinlikle buraya gelirim çok güzeldi ya etrafta bol bol gülen yüzler işini layıkıyla yapan personeller hepinize tekrar tekrar teşekkürler akyakayı seven biri olarak yerim bundan sonra belli umarım hep görüşürüz o atmosferi hep yaşarım🫶
Gokturk Otel,Akin Durmus,tr,günebirlik denize girmek için gittik. şezlong ayrı üçret alınyor. ne kadar harcasanız bile. zaten yan yana olan oteller anlaşmış aralarında belli. yemekler güzel değildi. pişmemiş pizza geldi. karpuzun tadı bile kötüydü. şikayetimizde ciddi alınmadı. tavsiye etmem.
Gokturk Otel,Tumer Gundem,en,"a friendly hotel at a the most beautiful spot in akyaka. staff is polite. view and sea is gorgeous. rooms are clean and nicely decorated. wood and stone mostly. ideal for swimming, sun bathing relaxing in a peaceful place. romantic. fair price. enjoy."
Gokturk Otel,YOUSEF ALREFAEI,en,location very good sea front stuff very respectable and helpful room wide and very clean internet very good breakfast turkey more than enough with sea view car parking available hotel good for relaxing and family
Gokturk Otel,Gokce Uraz,en,"very nice view, so quiet and near the sea, a closed harbour with beautiful view. it is a brand new boutique hotel with very friendly staff. i had the pleasure to eat from their lovely breakfast and at night to have a dinner near the seaside on the patio. in the morning i went to swim which the sea was lovely, clean and able to see the bottom. the hotel bed and the room is very nice. i would recommend to everyone who is passing by."
Gokturk Otel,Tugba Yilmaz,en,"it is a little heaven in akyaka! details in the rooms are amazing. i have stayed in hundreds of hotels; some being 5 stars, chain hotels but this one is uniquely beautiful!"
Gokturk Otel,Sarah,en,beautiful hotel with lovely staff. peaceful and quiet spot overlooking the bay. would definitely recommend!
Yenice Vadi,Gamze Öyünç,tr,"ozellikle ayurvedik masaj yapan pelin hanjmjn masajlarini oneririm. calisan ozge hanim ve volkan bey cok yardimci ve sicaklardi. dogasi hakkina soylenecek birsey yok, mukemmel halinde. sadece retreat kamplarina gelen misafirler dahil olmak uzere, yer tanitma oryantasyonu yapilmali diye dusunuyorum. hayvan sever biri olarak hayvanlara muhtesem bakildigini gordum. bari uygun fiyatli. herseyi cok lezzetli. guzel havuzu dogal kuyu suyu. rahat, free ortami muhtesem. akyakaya gelince villa veli'de de kalmak istiyorum"
Yenice Vadi,Erdener Gönenç,tr,"yolu oldukça kötü, yenice köyünün içinden tek araç genişliğindeki labirent gibi yollardan geçmeniz gerekiyor, tabelalar yetersiz, apple maps konumuna güvenmeyin, google maps bir derece. yorumları okuyunca pazar günü gezmek ve restoranı denemek için gitmiştik. yönetimin yakın zamanda el değiştirdiğini, artık dışarıdan müşterileri kabul etmediklerini, sadece inziva için konaklayan müşterilere hizmet verdiklerini söylediler. bu bilginin internet de olduğunu da belirttiler ancak dönünce web sitelerinde ya da instagram sayfalarında böyle bir bilgi bulamadım. kapıdan döndüğümüz için hizmet kalitesi vb. konularda yorum yapamayacağım. konaklama için iti olabilir fakat günü birlik gitmeyi düşünüyorsanız boşuna gitmeyin ya da önce arayın."
Yenice Vadi,Hülya Batman,tr,"""önceden birkaç kez gidip bir şeyler içmiştik. yollar çok dar olmasına rağmen, yer çok güzel olduğu için misafirlerimizle fethiye'den geldik. ancak girişte artık dışarıdan müşteri kabul etmediklerini söylediler. her gün bizim gibi gelip dönen birçok insan oluyormuş, öyle söylediler. lütfen bunu internetten güncelleyip insanları mağdur etmeyin."""
Yenice Vadi,Meltem Ahmet,tr,"yollar git git bitmedi ancak vardığımızda böyle güzel bir yerle karşılaşmak bizi çok şaşırttı. tepeden tırnağa şaheser gibi! her ince ayrıntıda bir özen, yemekler harika, hizmet kusursuz. sanki doğal bir müze gibi. vadinin yerleşim alanlarına uzak olmadı hem sessizlik hem de gece gökyüzündeki manzara için avantajlı."
Yenice Vadi,Ahmet Akçadağ,tr,"özel gruplar için uygun bir ortam. sessiz, sakın, doğal"
Yenice Vadi,Fiona Pannell,en,"my husband and i held our wedding here in august 2023 and the whole experience was perfect. all of the staff bent over backwards to make the event special and i, my husband and our friends and family all had the best time. everyone remarked on what an incredible find we had made for our wedding. i can't recommend it enough for a holiday or a special event"
Yenice Vadi,Tony Raven,en,"eco hotel. we went for breakfast, which was very yummy . lovely atmosphere. it's more than worth a try."
Yenice Vadi,Gracy Matta,en,"the place is a natural organic heaven. food is unbelievably amazing. staff is very friendly with great service. the owner is a down to earth soul who is ready to tailor your needs and activities all the way to extreme ends. the pool is very nicely built into a natural pond. we stayed in the tree house which has an amazing outdoor area with a jacuzzi, seating area and a fire pit. one night they organized to light the fire pit for us and actually had our own personalized bbq in the out door premises of the room. privacy is a bliss at the property."
Yenice Vadi,Tuncer A. Oguz,en,"i stayed 2 times for a yoga practice days. place is pretty cool. i enjoyed the view, nature and environment. the rooms are the pretty clean in the nature. there is a big yoga space which can handle around 30 people so easily. the service and the foods are awesome. i like the way the team catch the names and recognize people. i will definitely revisit the village again."
Yenice Vadi,Casper Da Silva Lima,en,"i rate everything here 5 stars because everything here is amazingly good. there is an amazingly beautiful pond that you can now swim in. there is very cute mallard ducks swimming in the pond too, love them. very nice waiters that serve you delicious food. the food is also the best too. they have good sigara borek. they give you chocolate spread as well. thanks yenice vadi restaurant team for making this such a luxury restaurant and the staff."
Yakabük Otel & Restaurant,Ebru Evcimen,tr,"7 aile geldiğimiz bu harika oteli herkese tavsiye ediyorum. doğa nın kalbinde tüm odaları deniz manzaralı , oldukça geniş ve konforlu. 5dk yürüme mesafesinde gizli koydan denize girebilirsiniz harika bir yer. ayrica yakinında turnali koyu, akbük koyu, akvaryum koyu var oralaradan da denize girebilirsiniz. restoranda yemek isterseniz yemekler oldukça lezzetli ve çeşitli. güleryüzlü ve misafirperver işletme sahiplerine çok teşekkür ederiz.tam bir fiyat performans oteli. seneye mutlaka tekrar geleceğiz. tüm arkadaşlarım çok memnun kaldılar."
Yakabük Otel & Restaurant,Ezel Uysal,tr,çok güzel bir aile oteli. çok tatlı insanlar işletiyor. hemen aşağısında saklıkoy var belki egenin en temiz ve sıcak denizi. mutlaka ziyaret etmeniz gereken bir tesis. memnun kalıcağınızdan emin olabilirsiniz. really nice family hotel. really cool people are owner. you feel like at home. there is very close public beack its called saklıkoy. really hot and clean sea. i would highly reccommend.
Yakabük Otel & Restaurant,Nefize Boylu,tr,"çok şirin bir otel. çok güzel bir aile işletiyor. i̇şletme sahipleri çok güler yüzlü, cana yakın, içten insanlar. restauranttaki yemekler çok lezzetli. bu otele daha önce gelmiş ve biliyor olsaydım 10 günlük tatilimin hepsini bu otelde geçirmek isterdim :)"
Yakabük Otel & Restaurant,goksel ilgin,tr,i̇nanılmaz makul bir fiyata muhteşem bir kahvaltı yaptık. i̇şletmeci aile o kadar ilgili ve güleryüzlü ki… ören-akyaka yolunda kahvaltı yapılacak tek yer.
Yakabük Otel & Restaurant,Burakhan Çetinkaya,tr,biz kahvaltı için uğradık deniz manzarası eşliğinde güzel bi kahvaltı yaptık tam bir fiyat performansı kahvaltı gayet yeterli ve aile işletmesi ayrıca çok güler yüzlü ve samimi davranışları için teşekkür ederiz
Yakabük Otel & Restaurant,Hasan Oz,en,we had to push so much to change the room. because air-conditioning was not working. breakfast was very poor. beach chairs was charged and was expensive.
Yakabük Otel & Restaurant,tayfun kesgin,en,"for those who are looking for budget accommodation, this is the place to be. very basic rooms that need refurbishing , yet with a spacious terrace and great view, you will find a great wild beach just a few minutes from there. the breakfast and food on offer is bothing to write home about, but the family who runs it are very hospitable and warm-hearted. it is better to try the nearest gözleme restaueant just 100 m from this place for lunch or dinner."
Yakabük Otel & Restaurant,Ebru Evcimen,en,"we are a family of 7 and i recommend this wonderful hotel to everyone. in the heart of nature, all rooms have sea views, are very spacious and comfortable. it's a great place where you can swim in the hidden bay within 5 minutes walking distance. there are also turnali bay, akbük bay and akvaryum bay nearby and you can swim there. if you want to eat at the restaurant, the food is quite delicious and diverse. we would like to thank the friendly and hospitable business owners. it is a perfect price-performance hotel. we will definitely come again next year. all my friends were very pleased."
Yakabük Otel & Restaurant,Ezel Uysal,en,"a very nice family hotel. very sweet people run it. just below is saklikoy, perhaps the cleanest and warmest sea in the aegean. a facility you should definitely visit. you can be sure that you will be satisfied. really nice family hotel. really cool people are owners. you feel like at home. there is very close public beach its called saklıkoy. really hot and clean sea. i would highly recommend."
Yakabük Otel & Restaurant,Nefize Boylu,en,"a very cute hotel. it's run by a very nice family. the owners of the business are very friendly, sincere people. the food in the restaurant is very delicious. if i had come to this hotel before and known, i would have wanted to spend my entire 10-day holiday in this hotel :)"
Ersöz Butik Otel,mehmet sutcu,tr,totelya otel kesi̇nli̇kle tavsi̇ye ederi̇m akyakaya gelecek olanların tercihi olsun isterim butik otel olup kahvaltı dahil çalışıyorlar 5 gün konaklamak için gelmiştik gelmeden önce arayıp küçük bir köpeğimiz olduğunu belirttik hayır demeyip bizi misafir ettiler 5 gün ücretini ödeyip denize indik ama yanımızda köpeğimiz olduğu için plaja bizi almadılar akyaka küçük bir yer plajı çok kalabalık çarşısı çok küçük biz alışmışız her sene bodrumun kalabalığına eşimle tekrar bodruma gitmeye karar verdik yetkili beye söyleyince tabii dedi ve ücretimizi geri iade etti keşke akyakayı sevebilseydikte orada kalsaydık bize hitap etmiyor ama totelya otel kesi̇nli̇kle tavsi̇ye ederi̇m temiz ve hesaplı bir yer hele kahvaltısı efsane çok güzel her şey organik
Ersöz Butik Otel,Emre Akar (zurrani),tr,"adi gibi butik bi otel, bizim kaldigimiz oda biraz kucuktu ama tek gecelik konakladigimizdan problem olmadi. eminim her ihtiyaca gore odasi vardir. sahile yakin, tum yerlesimler sahile yakin bu arada. guzeldi, sevdik. kahvalti standart..."
Ersöz Butik Otel,Engin Tutlu,tr,"mekan akyaka daki bütün mekanlar gibi mimari açıdan çok güzel ve özel. mekanı yeni devraldığını söyleyen bahadır bey, gayet ilgili ve nezaketli ancak çalışanların ve odanın bazı özelliklerinin iyileştirilmesi gerekir."
Ersöz Butik Otel,Yusuf Avseren,tr,"beklentiye göre değişir. burası butik pansiyon. her şey dahil oteller ile karıştırmayın. sahibi ve çalışanları gayet güler yüzlü ve cana yakın. gece uyuyayım, duşumu alayım, kahvaltımı yapıp gezmeye giderim diyirsan tam sana göre."
Ersöz Butik Otel,Nazlı Cengiz,tr,"temiz odaları var, çalışanları güleryüzlü, güzel bir aile işletmesi. beklentiniz yüksek değilse ideal bir yer. her yere yakın, özellikle de arabanız varsa dilediğiniz koya gidebilirsiniz."
Ersöz Butik Otel,Ricardo Martinez Reques,en,"great owner, now is called atatalya and everything was perfect. will come back for sure there if we stay in akyaka"
Ersöz Butik Otel,mehmet sutcu,en,"i definitely recommend totelya otel i would like it to be the choice of those who will come to akyaka. it is a boutique hotel and they work with breakfast included. we came to stay for 5 days, we called before we came and stated that we had a small dog, they did not say no, they hosted us for 5 days, we paid the fee and went to the sea, but they did not let us to the beach because we had our dog with us. akyaka is a small place, the beach is very the crowded bazaar is very small, we are used to the crowds of bodrum every year. my wife and i decided to go to bodrum again. when i told the officer, he said of course and refunded our fee. i wish we liked akyaka but we had stayed there. it does not appeal to us, but i definitely recommend totelya hotel. it is a clean and affordable place. especially the breakfast is legendary and very good. everything is organic"
Ersöz Butik Otel,Emre Akar (zurrani),en,"as its name suggests, it is a boutique hotel, the room we stayed in was a little small, but since we stayed for one night, it was not a problem. i'm sure it has room for every need. it is close to the beach, all settlements are close to the beach. it was beautiful, we loved it. breakfast is standard..."
Ersöz Butik Otel,Engin Tutlu,en,"the place, like all places in akyaka, is very beautiful and special in terms of architecture. mr. bahadır, who says that he has just taken over the place, is very attentive and polite, but some features of the staff and the room need to be improved."
Ersöz Butik Otel,Yusuf Avseren,en,"it varies depending on expectation. this is a boutique hostel. do not confuse it with all-inclusive hotels. the owner and staff are very friendly and friendly. if you want to sleep at night, take a shower, have breakfast and go for a walk, this is for you."
Petek Hotel,ijlal aydeniz,tr,"eski bir otel,merkezi konumu güzel , her yere yakın.fiyat uygun .rahat ettiğimiz için kalmayı tercih ettiğimiz otelde son kaldığımızda resepsiyon görevlisinin kaba davranışı yüzünden çok rahatsız olduk. yanımızda bir konuğumuzla eşyaları yerleştirip çıkacaktık. açıklama yapmış olmamıza rağmen iki-üç dakika arayla kapıyı iki kez hızlıca çalarak misafirimizin odayı terketmesi istendi.böyle bir davranışla hiçbir yerde karşılaşmamıştım.köklü bir otele hiç yakışmadı."
Petek Hotel,Nazokat Nazokat89,tr,sadece kilima biraz eski.ama normal yani.idare edilir.oda temiz.bayo falan özelikle yapılmış. hijyen. iyi aile içinde çok uygun.biz kaldık odada 2kisilik ve 1kisilik ayrı yatak vardı.kahvaltide normal .çeşitleri biza az sıcak lar falan.ama önemli olan tereyağı ve reçel vardı.))
Petek Hotel,Gezgin Gezen,tr,"merkeze yürüyerek 5 dakika. çevrede her türlü ihtiyacınız için mağazalar mevcut. otopark bulunuyor, sıkıntı değil. odalar eskimiş. kahvaltı vasatın da vasatı. omlet ve göz yumurta yapmıyorlar. kaşar peynir bile yok. merkezi konum sebebiyle tercih edilebilir. çevresi sessiz. tekrar gelsem tercihim olmaz."
Petek Hotel,Mustafa Keskin,tr,geç saatte acil bir durum için yer ihtiyacımız oldu. personel tüm ihtiyaçlarımızı karşıladı. konum olarak ulaşımı kolay ancak park yeri sıkıntılı. özel park yeri olup olmadığını bilemiyorum. acil durumum olduğu için caddeye parketmem gerekti.
Petek Hotel,aydın özyıldız,tr,"i̇lgi alaka, hizmet çok iyi. kahvaltı da emsallere göre başarılı bence. tam bir fiyat/performans oteli."
Petek Hotel,Zeynepgül Atsız,en,"very very rude staff. i tried to make a reservation for the night and the staff told me in a very condescending way that ""i should have made a reservation during the day"". well, if i could, i would. i told them that there was an emergency and didn't plan on staying in mugla but in the end, i had to so i couldn't do a reservation beforehand. but they insisted that i should have booked a room during the day. so i just got lectured by a hotel staff. thank you very much!"
Petek Hotel,David Beiner,en,the lady at the reception was unfriendly and a bit rude. i had to wait for 30 minutes for her help and she almost scolded me for asking her help again. i lost an hour and will not recommend this hotel ever to all my regularly coming international friends.
Petek Hotel,Asad Ullah,en,"it is one of best hotel i'd stayed. rooms are cozy and clean, service is good most of all the staff and people there are nice."
Petek Hotel,Jules and Rob Frape (Walking Terra Firma),en,warm. roomy. fantastic breakfast spread.
Petek Hotel,Arıkan Sırakaya,en,average clean hotel. no more no less
Göktürk Butik Otel,Zuzu Baramundi,tr,2 gündür otelde konaklıyoruz eşimle 4 günümüz daha var senelerdir alışık olduğumuz tatil köyü konseptinden sıkılıp butik otel deneyimlemek istedik ancak endişeleremiz vardı otele girdiğimiz andan itibaren bütün endişelerimiz son buldu otelin mimarisi denizi plajı muhteşem herkese tavsiye ederim . meryem hanım yunus ve dilaraya ‘da ilgilerinden dolayı sonsuz teşekkürler
Göktürk Butik Otel,hüseyin civelek,tr,"yıllardır değişmeyen kalite ve müşteri memnuniyeti, her yaz bizi buraya çekiyorbirlikte daha nice sezonlara göktürk otel"
Göktürk Butik Otel,Zuzu Baramundi,en,"we have been staying at the hotel for 2 days. my wife and i have 4 more days. we got bored of the holiday village concept we were used to for years and wanted to experience a boutique hotel, but we were worried. from the moment we entered the hotel, all our worries ended. the hotel's architecture, sea and beach are magnificent. i recommend it to everyone. endless thanks to meryem hanım yunus and dilara for their interest"
Göktürk Butik Otel,hüseyin civelek,en,"unchanged quality and customer satisfaction for years attracts us here every summerto many more seasons together, göktürk hotel"
Mira Apart,Hasan arslan,tr,sevinç hanım ve mehmet bey mükemmel insanlar. burada geçirdiğimiz altı günü kendi evimizde gibi hissettik. evin çok temizdi. mutfak gereçleri yeterliydi. denize 3 dakika yürüme mesafesinde deniz temiz ve berrak. akyaka’ya 15 km mesafede. yol virajlı ve dar dikkat etmek gerek. kesinlikle herkese tavsiye edebilirim sevinç hanım ve mehmet bey’e her şey için teşekkür ediyoruz.
Mira Apart,Zübeyde KOCAER,tr,"mehmet bey ve sevinç hanımın ev sahipliğinde çok güzel bir tatil yaptık. i̇kisi de çok misafirperver insanlar. evin temizliği, güzelliği mükemmel. konum olarak da çok güzel bir yerde. i̇çinizin çok rahat edeceği bir apart. tavsiye ederim."
Mira Apart,Süleyman Doğruyusever,tr,kesinlikle çok temiz ve kusursuz bir tatil oldu.. seneye de kesinlikle gideceğimiz bir yazlığımız oldu. sevinç hanım a çok teşekkür ederiz..
Mira Apart,yiğitcan Erova,tr,"ailemle 5 gece olarak konakladığımız mira apartta çok güzel karşılandık. mehmet bey ve sevinç hanım oldukça kültürlü, hoş sohbet ve nezih insanlar. konaklamamız esnasında gerek ikramları gerek güler yüzleriyle bizi evimizde gibi hissettirdiler. ufak tefek mutfak eksiklerimizi de gayet cömert bir biçimde bizlere temin ettiler. bahçelerinden de biber, patlıcan vb. ikramlarda bulundular. bizi konaklamamız boyunca bir müşteri gibi değil misafir gibi ağırladılar. uzun lafın kısası huzurlu bir şekilde istirahat edeceğiniz bâkir ve nezih bir yer arıyorsanız burayı muhakkak tercih etmenizi öneririm."
Mira Apart,Kayhan Şahlanan,tr,kendi halinde temiz bir apart. sahipleri çok düzgün insanlar. ailecek rahat edebilirsiniz.
Mira Apart,Anton Lapushkin,en,"nice place, warm sea, delicious food, hospitable people. not far from kitespot. i recommend for families."
Mira Apart,Hasan arslan,en,"ms. sevinç and mr. mehmet are excellent people. we felt like we were at home in the six days we spent here. your house was very clean. kitchen utensils were sufficient. 3 minutes walk to the sea, the sea is clean and clear. 15 km away from akyaka. the road is winding and narrow so you have to be careful. i can definitely recommend it to everyone. we thank ms. sevinç and mr. mehmet for everything."
Mira Apart,Zübeyde KOCAER,en,we had a very nice holiday hosted by mr. mehmet and ms. sevinç. they are both very hospitable people. the cleanliness and beauty of the house is perfect. it is also in a very beautiful location. an apartment where you will feel very comfortable. i advise.
Mira Apart,Süleyman Doğruyusever,en,it was definitely a very clean and perfect holiday. we have a summer house that we will definitely go to next year. thank you very much ms. sevinç..
Mira Apart,yiğitcan Erova,en,"we were welcomed very well at mira apart, where we stayed with my family for 5 nights. mr. mehmet and ms. sevinç are very cultured, pleasant and decent people. during our stay, they made us feel at home with their treats and smiling faces. they also provided us with our small kitchen needs in a very generous manner. peppers, eggplants, etc. from their gardens. they offered refreshments. they hosted us like guests, not customers, throughout our stay. long story short, if you are looking for a pristine and decent place where you can rest peacefully, i definitely recommend you to choose this place."
Muğla Hotel,Mükerrem Paydaş,tr,otel tertemiz ve hizmet süperdi. kahvaltısına bayıldık kahvaltıdan sonra havuzunda yüzdük sonra gezimize devam ettik arabamız ile seyahat ederken tesadüfen bulduğumuz ve iyi ki konaklamışız dediğimiz bir otel
Muğla Hotel,muammer çetin,tr,"berbat bir deneyimdi! dün gece ailem ile bu otelde tek gecelik konakladık en iyi oteli olduğunu duyarak gittik ve tam bir hayal kırıklığı.otel odalarının temizliği hiç iyi değildi ortak alanlar çok kirliydi ama bizim asıl sorunumuz klimaydı . muğla’nın sıcağında gece hamam gibi olan odamızda saatler önce klimayı açıp resepsiyonda oturduk odaya geldiğimizde klima hiç bir işe yaramamıştı bir kaç saat daha bekledikten sonra gece yarısı resepsiyona haber verdik odaya geldiklerinde”sizin odanız yine diğerlerine göre iyi şikayet eden yok, çoğu odanın kliması çalışmıyor” diye bir yanıt aldık. zar zor uyuduktan sonra otelden çıkış yapmak için lobide 15 dakika bekledik maalesef hiç kimse gelmeyince kartlarımızı resepsiyona bırakıp çıktık otelin bazı çalışanları çok güler yüzlüydü onun dışındaki her şey rezaleti gi̇tmeyi̇nn!!"
Muğla Hotel,Hüseyin Çalışkan,tr,"bundan sonra bu otelle anlaşan turlara katılmayacağım. rezalet ötesi. odalarda küçük böcekler geziyor, çarşaflar kirli, bir sürü kıl vardı yastıktta. yemekler idare ederdi ama çalışanlardan yüzü gülen neredeyse yok, ilk sabah kahve ikramımızdır demelerine rağmen bu sabah ücretlidir dediler, durumu anlatınca bizi haksız çıkardılar."
Muğla Hotel,Nermin DOĞRU,tr,"otelde tur halinde 5 gün kaldık, gayet rahat iyi bir otel. en sevdiğim kısım ise hergün odayı, yatakları temizliyolar. ama kedilere dışarıya götürerek yemek veriyordum çalışan kapıyı kilitledi hiç hoş değildi bide akşamüstü serin dinlenelim derken konumdan dolayı yarasalar oluyo onun dışında otel 4 yıldızı hak ediyor"
Muğla Hotel,ijlal aydeniz,tr,"muğla sıtkı koçman eğitim araştırma hastanesinde hastamız olduğu için yakın bir yerde otel aradığımızda bir geceliğine burayı bulduk. olumsuz olarak oda için klimanın fazla serinletmediğini ve pencerenin alttan açıldığı için güvensiz olduğunu söyleyebilirim.bunun yanında otel gayet güzel,ulaşımı rahat,kahvaltısı tek kelimeyle muhteşem,çeşitler bol,zengin,çayın yanında taze sıkılmış meyve suyu,türk kahvesi herşey çok güzel. kahvaltı salonu çok ferah .kalınabilecek bir otel"
Muğla Hotel,yusuf peter januszka,en,"clean, tidy and the staff are really helpful. the breakfast is plentifull and tasty. on top of all that, if you are a toyota customer you will get a very welcome discount."
Muğla Hotel,Yousef nasif,en,"clean, quiet hotel, helpful staff, good service, good breakfast"
Muğla Hotel,ali asger Ezzy,en,decent hotel... clean and friendly staff
Muğla Hotel,Warda Gaaz,en,very convertible
Lena Apart,Serkan Gökay,tr,"sahile uzak olmayı dert etmiyorsaniz rahatlikla kalabileceğiniz bir apart. sahipleri alper bey ve annesi gayet ilgili ve guleryuzlu insanlar. 1,75 metre yetişkin havuzunun yanına bu sene çocuk havuzu açmışlar, 3 yaşındaki oğlum havuzda güzel vakit geçirdi. odalarda temiz havlu ve nevresim takımları mevcut. ön tarafa bakan odaların balkonundan deniz görülüyor. yatak ve cekyatlar rahattı. eksi gördüğüm yanlar: klimalar eskimiş biraz zaman zaman performans düşüp yetersiz kalıyor. buzdolabı küçük kalıyor ( bazı odalara büyük buzdolabı koymuşlar, rezervasyon yaparken sormanizda fayda var). titizseniz kendi mutfak eşyanızı getirmelisiniz."
Lena Apart,Ahmet Türkoğlu,tr,"i̇şletme sahibi i̇smihan hanım ve alper bey inanılmaz güleryüzlü ve misafirperver. eşyalar yeni ve kaliteli, oda temizliği çok iyi. havuzu her sabah temizleniyordu. havuz temizliği de başarılı. sessiz ve rahat bir tatil için çok ideal. marketlere 3 dk yürüme mesafesinde."
Lena Apart,zeyneb Türkday,tr,"akyaka tatilimize 1 gün kala ancak müsaitlik bulabilip geldiğimiz apart.. girişte alper bey karışladı bizi çok samimi çok ilgili alakalı bir bey ve çok güzel bi işletme.. havuzu normalde kullanmayı düşünmüyorduk ama o kadar güzeldi ki havuzu da kullandık odamız da çok temiz düzenliydi. her eşya vardı cezveye kadar :) 3 gün kalacaktık uzatıp 4 gün kaldık ,çamaşırlarımızı yıkamaya verdik sağolsun katlayıp oda kapımıza bırakmışlar.. gerçekten çok memnun ayrılıyoruz sadece konumu çok az yukarda ( bu bizi rahatsız etmedi ) araba ile 3 dk sürüyor aşağı inmeniz. bir daha gitsek bi daha konaklarız"
Lena Apart,Burcu Tezel,tr,akyaka'nın hemen girişinde bir aile işletmesi. anne oğul güler yüzlü ve samimiydiker. odalar tertemizdi ve mutfak eşyaları yeterliydi havuzu biz kullanmadık ama hijyenik ve yeterli ölçülerde gözüküyordu. uygun ve temiz bir konsklsma için tercih edebilirsiniz
Lena Apart,Gökhan Celep,tr,"ağustos 24 te 4 kişi olarak 2 gece konakladık, konum olarak merkezden biraz yukarıda olduğu için o keşmekeşten uzak ferah bir ortamda kalıyor, konum olarak on numara yani, odalardan demiz manzarası ve ferah bir görüntü içinizi rahatlatıyor. plaja gitmek istemezsemiz gayet güzel havuzu var buda artı olarak lena'ya yazıyor. alper ve annesi hanım efendi herşey ile ilgileniyor ve herseye hakimler. odalarda gayet temiz ve içeride temel ihtiyaçları karşılayacak hertürlü ekipman var, tam aile pansiyonu tavsiye ederim."
Lena Apart,Serkan Gökay,en,"it's an apartment where you can stay comfortably if you don't mind being far from the beach. the owners, mr. alper and his mother, are very caring and friendly people. this year, they opened a children's pool next to the 1.75 meter adult pool, and my 3-year-old son had a great time in the pool. there are clean towels and bed linens in the rooms. the sea is visible from the balcony of the rooms facing the front. the bed and mattresses were comfortable. the downsides i see are: the air conditioners are a bit outdated and their performance drops from time to time and is insufficient. the refrigerator is small (some rooms have large refrigerators, you should ask when making a reservation). if you are meticulous, you should bring your own kitchenware."
Lena Apart,Ahmet Türkoğlu,en,"owner ms. i̇smihan and mr. alper are incredibly friendly and hospitable. the furniture is new and high quality, the room cleaning is very good. the pool was cleaned every morning. pool cleaning is also successful. it is ideal for a quiet and comfortable holiday. 3 minutes walking distance to markets."
Lena Apart,zeyneb Türkday,en,"we came to the apartment only 1 day before our akyaka holiday when we could only find availability. mr. alper met us at the entrance. he is a very friendly and caring gentleman and it is a very nice property. we did not normally think of using the pool, but it was so nice that we used the pool as well. our room was very clean and tidy. we had every item, even the coffee pot :) we were going to stay for 3 days and stayed for 4 days. we gave our laundry to be washed, thank you, they folded it and left it at our room door. we left really satisfied. the only thing is that the location is very little above (this did not bother us) and it takes 3 minutes to get down by car. if we go again, we will stay again"
Lena Apart,Burcu Tezel,en,"a family business right at the entrance of akyaka. mother and son were smiling and sincere. the rooms were clean and the kitchenware was sufficient. we did not use the pool, but it seemed hygienic and of sufficient size. for a convenient and clean consultation, you can choose"
Lena Apart,Gökhan Celep,en,"we stayed for 2 nights on august 24 as a group of 4 people. since it is located a little above the center, it stays in a spacious environment away from the hustle and bustle. the location is top notch, the sea view and spacious view from the rooms puts you at ease. if we don't want to go to the beach, it has a very nice pool, which is a plus, lena writes. alper and his mother take care of everything and are in control of everything. the rooms are very clean and there are all kinds of equipment to meet basic needs. i recommend it as a full family pension."
Feron Otel,Selin Sur,tr,"akyaka merkezde, temiz, rahat odaları olan bir otel. kahvaltı, klasik standart kahvaltı tabağı şeklinde sahilde veriliyor. ne iyi ne kötü diyebilirim. hemen karşıdaki barda gece 12'ye kadar canlı müzik var, sessizlik isteyenler için olumsuz olabilir. ben genel olarak memnun kaldım."
Feron Otel,Selin Beşirli,tr,2023 eylül ayında eşimle birlikte konaklamıştık. oda gayet temiz ve yeterliydi. kahvaltısı bizim için yeterli ve güzeldi ayrıca kahvaltı sahildeki beachte veriliyor olması daha güzeldi.konum olarak heryere yakındı. biz memnun kaldık. ayşe hanımın ilgisi için teşekkür ederiz
Feron Otel,songül tuncer,tr,"odalar temiz konum merkezi ( çok fazla gürültülü olsa da denize ve restorantlara yürüme mesafesi olması tercihimizdi. ama bu otel kesinlikle sadece konaklama olarak hizmet vermeli , aradaki fiyat farkı kahvaltı için oldukça gereksiz. yetersiz bir kahvaltı tabağı üstelik hijyen sıfır , kabuklu yumurtalar peynirlerle temas halinde aynı tabakta , paketli reçeller de öyle . sadece konaklama olarak ücret ödemiş olsaydık emsal fiyatlı oteller gibi aradaki fark ile çok daha keyifli kahvaltı yapılabilirdi.."
Feron Otel,DİLMEN,tr,"geçen hafta 3 kişi ailecek standart oda ayırtıp gittik.otel çok temiz,çok merkezi yerde, görevliler seviyeli düzgün insanlar.bizim kaldığımız oda 3 kişi için idare eder genişlikte idi.televizyon, buzdolabı küçük.dolap da su yok, isterseniz ücretli diyorlar.otopark sorunu var, günlüğü 300 tl ye otopark var.sahile 30 metre ancak sabah çok erkenden kalkıp yer kiralamınız lazım.tıklım tıklım.deniz çocuklar için güzel 300 m gidiyosun su dizlerinde.büyüklerin yüzmesi imkansız ve suyu kirli.sahilin az ötesi azmak deresi ama bir cazibesi yok.son olarak yerlilerinin söylediği buraya gelecekseniz nisan-mayıs yada eylül _ekim.i̇nşallah yorumlar sizin için faydalı olur"
Feron Otel,okan güven,tr,eşimle 1 günlük akyaka bölgesine gittiğimizde başka bir otel düşünmüştük. orası dolu olduğu için bize feron oteli önerdi. i̇şletmecisi çok nezih bir bayan. odalar çok temiz. akyaka nin tam merkezinde. yine tercih edeceğim.
Feron Otel,Onur Uzun,en,"clean, cheap and central."
Feron Otel,Selin Sur,en,"a hotel with clean, comfortable rooms in the center of akyaka. breakfast is served on the beach in the form of a classic standard breakfast plate. i can say neither good nor bad. there is live music until 12 at night in the bar right across the street, which may be negative for those who want silence. i was generally satisfied."
Feron Otel,Selin Beşirli,en,"we stayed with my wife in september 2023. the room was very clean and adequate. the breakfast was sufficient and good for us, and it was even better that the breakfast was served at the beach. the location was close to everywhere. we were satisfied. thank you for ms. ayşe's interest"
Feron Otel,songül tuncer,en,"the rooms are clean, the location is central (even though it is very noisy, it was our preference to be within walking distance to the sea and restaurants. but this hotel should definitely serve only as accommodation, the price difference is quite unnecessary for breakfast. an inadequate breakfast plate, moreover, zero hygiene, shelled eggs are the same when in contact with cheeses so are the packaged and plated jams. if we had only paid for accommodation, we could have had a much more enjoyable breakfast with the difference as in similarly priced hotels."
Feron Otel,DİLMEN,en,"last week, we booked a standard room for 3 people and went as a family. the hotel is very clean, it is in a very central location, the staff are decent people. the room we stayed in was large enough for 3 people. the television and refrigerator are small. there is no water in the cupboard, they say it is paid if you want. parking is a problem. there is a parking lot for 300 tl per day. it is 30 meters from the beach, but you have to get up very early in the morning and rent a place. it is crowded. the sea is nice for children, you go for 300 meters, the water is up to your knees. it is impossible for adults to swim and the water is dirty. just beyond the beach is the azmak stream, but it has no charm. .lastly, the locals say that if you come here, april-may or september-october. i hope the comments will be useful for you."
Marina Port Otel Akyaka,müge öztürk,tr,"26-27 temmuz gecesi bir gece konakladık, odalar genel itibariyle temizdi, yorumlarda odalara kadar eşlik edilmediği yazıyordu bizde bu şekilde deneyimledik, resepsiyon ile odalar arasında marina var ve yaklaşık 50 metrelik bir yol var, eşyalarımızı kendimiz götürdük ve odayı kendimiz bulduk. birinin eşlik etmesi daha iyi olabilirdi ancak bu durumun çalışan eksikliğinden kaynaklandığını düşünüyorum. resepsiyonda tek bir kişi vardı, ilgili ve güleryüzlüydü. sabah kahvaltı için restoran kısmına gittik orası da herkese açık bir kafe konsepti ve gerçekten şık bir mekan ancak kahvaltı ve hizmet ne yazık ki çok kötü. dışardanda insanları kabul ediyorlar kahvaltı için ve arka masamızdaki aile dışardan gelmişti hiç memnun olmadan kalktı. bizde oturduktan sonra yaklaşık 15 dk sonra tabaklarımız geldi ancak çay ve ekmek çok geç geldi 2 3 kere söylemek durumunda kaldık, gelen ekmek nemliydi. fotoğraftada göreceğiniz üzere kahvaltı gerçekten çok başarısız kesinlikle iyileştirilmesi gerekiyor."
Marina Port Otel Akyaka,Melike Mutlu,tr,giriş saatinde odaya giriş yaptık ve hala eski misafirlerden kalan bardaklar duruyordu tekstil ürünleri değişmemişti. odanın lambası çalışmıyordu.bu bile kontrol edilmemiş lamba her gün yeniden bozuldu ve biz oynatarak yapmaya çalıştık. otel hakkında olumlu olarak söyleyebileceğim durum konumu. konumu gerçekten harika. arabasız gelecekseniz özellikle.çünkü her yere yürüyerek ulaşabiliyorsunuz. özetle civarda çok daha ucuza tatlı pansiyonlar varken önermeyeceğim bi otel oldu.
Marina Port Otel Akyaka,Batuhan Bahadır,tr,"çalışanlar genel olarak güleryüzlü olmasına rağmen berbat bir deneyimdi. gecelik fiyat gözönüne alınınca iyice berbat. belki sayıları yetersiz olduğundandır. biz yine de insanlarla tartışıp zehir etmeden tatilimizi geçirmeye çalıştık ama geldiğimize pişman olduk. - otopark yok, araba koyulabilecek alan da yok, yakındaki otoparklar 400tl/gün. yarı fiyata anlaştıkları otopark da varmış, sormadan bilgi veren yok. - odaya girdiğimizde yerler temizlenmemişti, tekrar temizlenmesini istedik fakat 2.-3. söyleyişimizde saatler sonra temizlendi. - 2. gün de oda temizliği yapılmadı çöpler alınmadı. artık kendi çöpümüzü poşetlerin ağzını bağlayıp oda kapısı önüne koyduk onu bile ertesi sabah aldılar sanırım. - odada resepsiyona ulaşılabilecek bir telefon yok. - kahvaltı otel içerisinde değil anlaşmalı bir cafede veriliyor. o restorantta normalde kahvaltı satın aldığınızda kızartma vs çok geniş bir serpme kahvaltı verilirken, otel müşterilerine haşlanmış yumurta, domates, peynir, zeytin, reçelden oluşan, büyük şehirlerdeki simit cafe’lerde “hızlı kahvaltı”, “basit kahvaltı” gibi isimlerle satılan kahvaltılardan geliyor. rezalet bir durum. - deluxe odaların hemen altında cafe/bar bulunduğu için gün boyu oralarda çalan müzik odanın içinde çalıyor gibi. gece 12ye kadar odanın içinde rahatça uzanmanın dinlenmenin imkanı yok. - wifi bulunmasına ve şifresini vermelerine rağmen biz hiçbir cihazla giriş yapamadık. en son “marinaport ofis” isimli wifi ile giriş yapabildik. sanırım kendi kullandıkları wifi şifresini biliyor müşteri için olanı bilmiyor ve bize yanlış şifreyi söylüyorlardı baştan beri. dediğim gibi çalışanlar güleryüzlü sayılır fakat otel tamamen dezorganize. odaların bi kısmı bi tarafta, bi kısmı diğer tarafta deniz kenarından geçiliyor. kahvaltı edilen yer yine dışarda alakasız."
Marina Port Otel Akyaka,Gamze Gül Akınsoy,tr,"akyaka tatilimizde tavsiye üzerine kaldığımız bu otelde her şeyden çok memnun kaldık. öncelikle güler yüzlü, nazik tavırları ve misafirperverlikleri için başta meltem hanıma, tevfik beye, buse hanıma ve diğer tüm personele çok teşekkür ederiz. bize kendimizi evimizde hissettirdiler. otele gelince konumu ve muhteşem manzarası çok iyiydi. odamız tertemizdi. denize açılan balkonunda sabah kahvelerimizi keyifle içtik. otelin havuzuda temiz ve güzeldi. güvenlik konusunda da en ufak bir endişemiz olmadı. gezilecek yerler konusunda da çok yardımcı oldular. her isteğimiz güler yüzle ve samimiyetle karşılandı. bizim için çok keyifli bir tatildi tekrardan çok teşekkür ederiz. en kısa zamanda tekrar görüşmek dileğiyle…"
Marina Port Otel Akyaka,vikipedy,tr,"bir gün öncesinde telefonda 4 bin tl ye kapıda ödemeli rezervasyon yaptırmamıza ve hiç bir şekilde kapora istememelerine rağmen, otele geldiğimizde kapora yatırmadığımız için yer olmadığını söylediler. 400 km yol geldik oda yok. sebebi ise odayı daha pahalı satmak istemeleri. size yardımcı olalım dedikleri otelin geceliği ise 8 bin tl idi. allah razı olsun şaka gibi geçin klimalı yerde oturup otel arayın isterseniz dediler. akşam üzeri oteli başka biriymiş gibi aradığımızda yer olduğunu ve gecelik fiyatının 5500 olduğunu belirttiler. otelin konumu görünümü çok iyi olsa da bizim için rezalet bir deneyim oldu."
Marina Port Otel Akyaka,sam akhan,en,"i had a wonderful stay at this beautiful seaside hotel in akyaka. the location is perfect, right by the sea, offering stunning views and a peaceful atmosphere. the staff were friendly and attentive, always ready to assist. the rooms were clean and comfortable, making it a truly relaxing experience. i highly recommend this hotel for anyone looking for a serene getaway by the sea."
Marina Port Otel Akyaka,Aybigem Sert,en,"my stay at marina port was nothing short of perfect! the sincere attention from the friendly staff, the sparkling cleanliness throughout, and the comfort of the well-appointed rooms made for unforgettable moments amidst akyaka's enchanting landscapes. its location is so convenient for easy access to everything. marina port truly values guest satisfaction, and you can see this attention to detail everywhere. i wholeheartedly recommend this special place to anyone looking to discover it!"
Marina Port Otel Akyaka,Joshua Gitli,en,"very nice experience. the hotel is new, has a big room which is great and the same goes for the breakfast. sevil and ozan are very friendly, thanks to them for everything."
Marina Port Otel Akyaka,müge öztürk,en,"we stayed for one night on the night of 26-27 july, the rooms were generally clean, it was written in the comments that there was no escort to the rooms, so we experienced it that way. there is a marina between the reception and the rooms and there is a road of about 50 meters, we took our belongings and found the room ourselves. it would have been better if someone accompanied him, but i think this is due to the lack of employees. there was only one person at the reception, he was attentive and friendly. we went to the restaurant section for breakfast in the morning. it is a cafe concept open to everyone and it is a really stylish place, but unfortunately the breakfast and service are very bad. they accept people from outside for breakfast and the family at our back table had come from outside and got up very dissatisfied. after we sat down, our plates arrived about 15 minutes later, but the tea and bread arrived very late, we had to tell them 2 or 3 times, the bread was moist. as you can see in the photo, the breakfast is really unsuccessful and definitely needs to be improved."
Marina Port Otel Akyaka,Melike Mutlu,en,"we entered the room at check-in time, and there were still glasses left over from previous guests, and the textile products had not been changed. the lamp in the room was not working. even this was not checked, the lamp broke down again every day and we tried to fix it by moving it. what i can say positively about the hotel is its location. the location is really great. especially if you come without a car, because you can reach everywhere on foot. in summary, this is a hotel that i would not recommend when there are much cheaper hostels nearby."
Acar Pansiyon,Pınar Dedeoglu,tr,"fethiye’ye tatile giderken akyaka mevkiinde aracımız bozuldu ve 2 küçük çocuğumuzla yolda kaldık.aracımız sanayiye çekildiğinde parça beklememiz gerektiği ve en erken ertesi güne aracımızın teslim edilebileceğini öğrendik.akabinde google haritaya pansiyon yazdığımda acar pansiyonu gördüm yorumlarına baktım ve güzel yorumları görünce aradım. fatih bey açtı telefonu. kendisine durumumuzu anlattım ve pansiyona nasıl ulaşım sağlayabileceğimizi sordum. fatih bey önce çok geçmiş olsun dedi ve küçük çocuklarımızın da olduğunu öğrenince otobüs ve taksiyle uğraşmayın özel bir durum yaşamışsınız mağduriyetinizi görebiliyorum diyerek tüm iyi niyetiyle bizi bulunduğumuz yerden pansiyona getirebileceğini söyledi.eşimi sanayiden bizi de yol kenarından alarak acar pansiyon’a getirdi sağolsun.odalar o kadar temizdi ki.zaten güleryüzlü ve yardımsever karşılamanın peşi sıra odaların temizliğini de görünce çok mutlu oldum.her odada klima vardı.ertesi sabah otel sahibi i̇smail bey’in çay ikramı ve ulaşım konusunda sağladığı kolaylıklar sayesinde kabusa dönüşmesi muhtemel bir günümüz tatlı bir anıya dönüştü.aracımızın bozulması fatih bey ve otel sahibi i̇smail bey’in empatik ve yardımsever tavırları sayesinde 1 günlük bile olsa macera dolu bir akyaka tatiline dönüştü.ailecek pansiyon tatili düşünürsek sizi tercih edeceğimizden hiç şüphem yok.dünyada hala iyi insanlar varmış dedirten, insanlığa dair umudumu yeşerten bu tatlı tecrübeyi yaşamamıza vesile olduğunuz için çok teşekkür ederiz.sağolun,iyi ki varsınız ayrıca fatih bey’in işini hakkını vererek,severek ve titizlikle çalışması takdire şayandı."
Acar Pansiyon,Özlem Kayar,tr,"başta emine hanım olmak üzere çalışanlar ilgili ve güler yüzlü ve misafirperver. evimizde hissettirecek kadar güzel, temiz ve herşey düşünülmüş misafirleri rahat ettirmek icin. güzel manzara karşısında güler yüzlü ve hoş sohbet eşliğinde kahve ikramınızın hatırı sonsuz teşekkürler açar pansiyon . kayar ailesinden sevgiler"
Acar Pansiyon,Özge Akyel,tr,emine ablammm nerden baslasam bilmiyorum gerçekten telefonla aradığımda emine ablanin sesini duymam yetti o enerjiyi yakalamak icin.sanki ailemden evinin birine geldim bu kadar içtenlik samimiyet hiç bir işletme yerinde görmedim.isini çok güzel yapan mükemmel bir çift emine abla i̇smail abi.iyi ki tanidik sizi.apartin konumuna temizliğine manzarasına fiyatina diyecek laf yok zaten. çok huzurla ayrildik hatta hiç gitmek istemedik.en kısa zamanda gelmek istiyorum tekrar.yolunuz akyaka ya düşerse hiç dusunmeden tercih edeceğiniz bir yer. bir aparttan daha fazlasi. i̇yi ki yollarımız kesişmiş.cok keyif aldım çok.
Acar Pansiyon,Gamze Ünal KARA,tr,geçtiğimiz hafta 2 gün eşim ve arkadaşlarımızla konakladığımız bu harika yeri çok sevdik .gerek emine abla ve fatih beyin ilgileri gerekse odaların temizliğinden tutun otantik güzel tasarımına ve rahatlığına bayıldık .kendinize ait bir yer gibi hissedeceğiniz acar apart pansiyonu kesinlikle öneriyorum
Acar Pansiyon,Nurşen Dikmen,tr,"akyakaya yaz kış hep gideriz. emine abla ile hamile iken geldiğimde tanıştık. apart çok temiz , temizlik bizim için çok önemli, müşteri ile ilişkileri çok iyi. odaları büyük ve yukarda olduğu için havası basık değil. akyakaya geldiğimizde başka yerde kalamıyoruz. şimdi çocuğumla geliyorum . kendi evim gibi rahat ediyorum ."
Acar Pansiyon,Pınar Dedeoglu,en,"while we were going on holiday to fethiye, our car broke down in akyaka and we were stranded with our 2 small children. when our car was towed to the industrial park, we learned that we had to wait for parts and that our car could be delivered the next day at the earliest. then, when i typed hostel on google map, i saw acar pension, looked at its comments and called when i saw the good comments. fatih bey answered the phone. i explained our situation to him and asked how we could get to the hostel. first of all, mr. fatih wished me a speedy recovery and when he learned that we had small children, he said, ""don't bother with buses and taxis, you have experienced a special situation, i can see your grievance."" he said that he could bring us to the hostel from where we were, with all his good intentions. my wife picked us up from the roadside from the industry and brought us to acar pansiyon. thank you for the rooms. it was so clean. in addition to the friendly and helpful welcome, i was very happy to see the cleanliness of the rooms. each room had air conditioning. the next morning, thanks to the tea service and transportation facilities provided by the hotel owner ismail bey, a day that was likely to turn into a nightmare turned into a sweet memory. the breakdown of our car turned into an adventurous akyaka holiday, even for a day, thanks to the empathetic and helpful attitudes of mr. fatih and mr. ismail, the hotel owner. considering a family hostel holiday, i have no doubt that we will choose you. this is what makes me say that there are still good people in the world and gives me hope for humanity. thank you very much for allowing us to have a sweet experience. thank you, we are glad to have you also, it was admirable that mr. fatih worked diligently, lovingly and devotedly to his job."
Acar Pansiyon,Özlem Kayar,en,"the staff, especially ms. emine, are caring, friendly and hospitable. it is beautiful, clean and everything has been thought of to make our guests feel at home. your service of coffee with a smile and pleasant conversation in front of the beautiful view will be appreciated forever thank you açar pension. love from the kayar family"
Acar Pansiyon,Özge Akyel,en,"my sister emine i really don't know where to start. it was enough to hear emine sister's voice when i called her on the phone to catch that energy. it was like i came to one of my family's homes, i have never seen such sincerity and sincerity in any business. they are a perfect couple, emine sister ismail brother, who does their job very well. i'm glad we met. there is nothing to say about the location, cleanliness, view and price of your apartment. we left with great peace, even we didn't want to go at all. i want to come again as soon as possible. if you happen to be in akyaka, it is a place you will choose without hesitation. more than an apartment. i'm glad our paths crossed. i enjoyed it very much."
Acar Pansiyon,Gamze Ünal KARA,en,"we loved this wonderful place, where we stayed with my wife and friends for 2 days last week. we loved the attention of emine sister and fatih bey, as well as the cleanliness of the rooms, as well as the authentic, beautiful design and comfort. i definitely recommend acar apart pension, where you will feel like your own place."
Acar Pansiyon,Nurşen Dikmen,en,"we always go to akyakaya in summer and winter. we met with sister emine when i came while pregnant. the apartment is very clean, cleanliness is very important to us, customer relations are very good. since the rooms are large and upstairs, the atmosphere is not stuffy. when we come to akyaka, we cannot stay anywhere else. now i am coming with my child. i feel comfortable like my own home."
Cumba Apart,Zeynep Umutlu,tr,misss gibi temizlik kokusuyla ayşen hanımın gülen yüzüyle herşey çok güzeldi.kendi evimiz gibiydi çok rahat ettik.çokkkk teşekkür ederiz
Cumba Apart,Osman Nuri Kundakçı,tr,akyaka’ya gelince sadece lokasyon için kalabileceğiniz bir yer. kahvaltı vs bir beklentiniz olmasın. bizim toz hassasiyetimiz var oda tozlu. yalnız bulunduğu konum çok güzel her yere ulaşım kolay bunun dışında övülecek bir yanı yok
Cumba Apart,Yasemin aydın,tr,"eşim ve 7 yaşındaki kızımla çok rahat, konforlu ve sorusuz bir konaklama yaptık. i̇şletme sahibi ayşen hanım'ın güler yüzü ve ilgisi bizleri çok memnun etti. odaların genişliği, hijyeni ve işletmenin konumu keyifli bir tatil arayışında olanlar için kaçırmayacak bir fırsat. ayrıca odada unuttuğum takılarımı adresime kadar eksiksiz ve sorunsuz ulaşmasını sağladıkları için de çok teşekkür ederim. dürüsüt ve yardım sever yaklaşımları bizi çok memnun etti. hiç düşünmeden tercih edebilirsiniz."
Cumba Apart,Murat Çokpınar,tr,"odalar iki kişilik konaklama için gayet rahat, ferah ve konforlu. sahibi gayet ilgili, kibar ve sorunlara karşı yardımcı oldu. apart’ın konumu gayet merkezi akyaka’daki ilgi noktalarına ulaşımı kolay. bir daha gelinecek olursa mutlaka kalacağım bir yer olacak."
Cumba Apart,Ecem ÖZATAY,tr,ayşen hanıma çok teşekkür ederiz bayram tatili boyunca çatı katında kaldık. misler gibiydi her yeri otelin. kaldığımız oda da arka tarafa bakıyordu bayramda aşırı kalabalık olan akyaka’nın gürültüsünden hiç etkilenmedik. çok teşekkürler.
Cumba Apart,T.I.Y.,en,"great hotel. very good location. walking distance to the beach. they hotel is cosy and quiet even if it is not far from the restaurants and pubs in the neighborhood. the rooms at the back have mountain view, the front ones have big balcony and face the street. they are not very big but moderate size. very friendly owner, makes you feel at home. i would recommend this place to everyone that would like to enjoy the beach and the night life in akkaya and also try kite surfing since it takes 10 minutes to drive to the beautiful kite beach!"
Cumba Apart,Ozge Canli Neumann,en,we were here at the end of september. the hotel is run by very kind women. it is a really cozy place located very centrally. the rooms facing back are very silent.
Cumba Apart,Zeynep Umutlu,en,"everything was very nice with the smell of cleanliness like missy and the smiling face of ms. ayşen. it was like our own home, we felt very comfortable. thank you very much."
Cumba Apart,Osman Nuri Kundakçı,en,"when it comes to akyaka, it is a place you can stay just for the location. don't expect anything like breakfast. we are sensitive to dust and the room is dusty. however, its location is very nice, it is easy to reach everywhere, other than that, there is nothing to praise about it."
Cumba Apart,Yasemin aydın,en,"we had a very comfortable, comfortable and question-free stay with my wife and 7-year-old daughter. we were very pleased with the smiling face and interest of the owner of the business, ms. ayşen. the size of the rooms, their hygiene and the location of the establishment are an opportunity not to be missed for those looking for a pleasant holiday. i would also like to thank them very much for ensuring that the jewelry i forgot in the room was delivered to my address completely and smoothly. we were very pleased with their honest and helpful approach. you can choose it without thinking."
Limon Otel,görkem yılmaz,tr,odayı sadece yatmadan yatmaya kullandığımız için ihtiyacımızı gördü. beklentiniz daha yüksekse memnun kalmazsınız. çünkü daha fazlasını vadetmiyor. konum olarak denize yakın ve merkezi sokağında yer alıyor. merkezde olduğu için gece müzik seslerinden uyuyamayabilirsiniz. kahvaltı için yan taraflarında yer alan cafeyle anlaşmışlar. kahvaltı için 2 kişiye 750 fark ödemiştik keşke kahvaltısız oda alsaymışım. o paraya daha iyi yerlerde kahvaltı yapabilirdik. kahvaltısı vasattı o paraya değmedi açıkcası.
Limon Otel,Abdurrahman Özel,tr,"öncelikle genel manada memnun olduğumuz için yaşadığımız ufak eksiklikleri göz ardı ederek bu puanı verdim. plaja yakın olması, yeterli temizliğinin yapılması ve özellikle kahvaltısının doyurucu olması bu noktada etkili oldu. bunun dışında eksik olarak fön makinesinin çalışmaması (çıkışta kendilerine belirttik muhtemelen ilgilenilecektir) ve aksam saatlerinde sıcak suyun yeterli gelmemesini ifade edebilirim. genel anlamda ise memnun kaldik ve tavsiye ederim."
Limon Otel,Burak Yıldız,tr,"4 gece konakladığımız bu şirin otelden çok memnun kaldık.deluxe odayı tercih ettik, oda ve balkon caddeye değil arkaya bakıyordu ki bu akşam ve geceleri sessiz olmasını sağladığı için çok iyi.otel tam merkezde,konum olarak harika.civardaki gezilecek her yere yakın, otelden 3 dkda yürüyerek azmak kenarına ulaşabiliyorsunuz.otelin bulunduğu sokakta barlar, yemek ve kahve yerleri,dondurmacılar,market,ihtiyacınız olan her şey mevcut.gelmeden önce bu kadar merkezi olduğunu bilmiyorduk ancak akyaka’yı otelin çevresine kurmuşlar resmen :)odalarda havlu, havlu terlik,şampuan-duş jeli sabun, saç kurutma makinesi,ihtiyacınız olan her şey mevcut. biz tercih etmedik ancak günlük kat hizmetleri de ücretsiz olarak var.balkonunda bank ve masa da mevcut. tatillerde balkonda vakit geçirilmiyor pek ama geçirmek isterseniz de alan yeterli.yolumuz bir daha akyaka’ya düşerse ki düşecek gibi çünkü çok beğendik, kesinlikle ilk tercihimiz burası olacak :)"
Limon Otel,Serhat Duman,tr,"tam bir fiyat performans otel. merkezin hareketliliğin tam ortasında. heryere yürüme mesafesi. azmak veya plajda yüzmek için 6-7 dakika yürümeniz yeterli. yemek ve eğlence mekanları için merdivenlerden inmeniz yeterli. hatta balkondan baksanız bile olur. ben ufak tefek detaylara takılmam, temiz olsun kliması olsun yatayım derseniz daha fazla düşünmeyin."
Limon Otel,Kübra ERKARA,tr,"akyaka'da konum olarak çok merkezi. azmak nehrine, plaja, kordona yürüyerek ulaşım sağlayabiliyorsunuz. otel eglence mekanlarının olduğu cadde üzerinde yer alıyor. biz arka cepheye bakan odada kaldık. hiç cadde gürültüsü duymadık. araç park problemi bulunmakta. aracınızı cadde üzerinde biyere parketmelisiniz. eşyalarınızı indirmek için otel önünde kısa süreli duraklama yapabilirsiniz. personel guleryuzlu ve yardımsever. genel olarak otelden memnun kaldığımızı söyleyebiliriz."
Limon Otel,kaan duruk,en,"we can say for sure that this place was literally inside the most touristic street ypu can visit in akyaka. fun never ends. although the noise can be a little too much for those who wanted peace during their visit, if you came here for the bars and pubs and wonderfull dining places nearby, you will enjoy your visit. overall i can recommend limon otel."
Limon Otel,Marco Vadacca,en,"the hotel is in one of the main street of akyaka, plenty of bars, pubs and restaurants nearby. then very well located. i spent just one night. the room was quite small."
Limon Otel,Cem A.,en,limon otel is located in the most charming street street in akyaka. you will find comfy beds and clean rooms. and also hotel keepers are kind and always eager to help in any problem. limon hotel will definitely be my 1st option in akyaka.
Limon Otel,serkan aksehirli,en,"very conveniant location. all restaurants, bars, beaches are nearby. very clean rooms air.condition, tv, fridge, balcony. all new decoration, new equipment. value for money"
Limon Otel,görkem yılmaz,en,"since we only used the room for bedtime, it met our needs. if your expectations are higher, you will not be satisfied. because it doesn't promise more. it is located close to the sea and in the central street. since it is in the center, you may not be able to sleep because of the music at night. they made an agreement with the cafe next door for breakfast. we paid 750 extra for breakfast for 2 people, i wish i had taken a room without breakfast. we could have had breakfast at better places for that money. the breakfast was mediocre, frankly not worth the money."
KÖRFEZ OTEL & RESTAURANT,Ahmet Çevik,tr,"otel mi? ne oteli, böyle otel mi olur!... buraya ruhsat verende denetlemeyende sorunludur... özet; yorucu bir yolculuktan sonra ailecek geldik, hatamız ilk girdiğimiz yere yorgunlukta ""yatak"" görünce hemen tutmamız oldu. oda(!)lara girdik. kapıları kapattık korku filmi başladı... 1 - odaya oropark tarafına bir kapı koridiordan bir kapı var, meğer herkesin geçtiği koridormuş aynı zamanda... elleri poşetli alışveriş yapmış kişiler daldı... dak. 1 (gerçekten 1) gol 1... 2- priz yok yatakların yanında uzatma 3lü priz istedik, emekli öğretmen olan adile isimli olgun yaşlı hanımdan... verdi sağolsun... prize takamadık, taktık patladı... zaten prizi tutunda elleri yıkamak zorunda kaldık, çamur pislik, belli ki yağmurda kalmış... 3- priz kablosunu diğer yatağa doğru geçirmek için yatak başlığını hafif öne çektim, aman allahım böcekler koşmaya başladı!... 4- odalar çok pis, her taraf toz... yere basamıyorsun... 5- odalarda çok pi̇s, berbat bir koku... 20 dk durabildik... 6- çok yorgun geldiğim için bir duş alayım dedim, havada sıcak... ne otel terliği var, ne sabun... şampuan mı.. oda ne ki... 7- neyse ki allah'ın suyu iyi geldi... biraz rahatladım... ancak havluyu alıp silinince kokudan hemen atmak zorunda kaldım... 8- duştan çıktığ yan odada(!) olan çoklar arıyorlar, kokudan duramıyoruz, pencerenin dışında kadın sürekli birileriyle kavga ediyor, ses içerde diye... (bahçeye-otopark olan yere bir masa bir tv atmış öğretmen teyzemiz.... aslında öğretmen diye ısınmıştım, güvenmiştim) 9- dedim ya otel bakalım, ya da gidelim i̇stanbul'a... dediler ki ödeme yaptın ama dedim önemli değil... durulamaz çünkü... 10- yaşlı kurt ödemeyi de odaya girmeden aldı... belli ki olacaklar hakkında deneyimli... ödedik, farklı birisinin iban nına attırdı... dekontu gösterdik tmm dedi. 11-valzileri topladık çıktık bahçe/otopark/giriş her neyse... dedim biz gidiyoruz çocuklar mutlu olmadı dedim, kibarca kırmamak için... neden diye ısrar etti, dedim hocam (öğretmen di...) sizi kırmak istemiyorum... ama dedi o da temizliği 500 tl (içimden dedim teyze keşke bizden önce yaptırsaydın temizliği...) 12- topladık henüz yani açtığımız valizleri, keyfimiz kaçtığı için akyaka'yı s...tr et... gidelim dedik. güzel yerden mahrup olduk aslında...doğru i̇stanbul'a... gece yolculuk yapmam normalde o can sıkıntısı ile gece 02.00 de geldik. 13- dedim ki; tmm kes 500 tl duş da aldım kes... gerisini iade et hellalleşelim, ses çıkarmadı... bende çıktım hemen kaçarcasına... 14- sinir ve stresle çıkarken oğlumum sözlüğü kaybolmuş, bulmadık, aradım telden gözlük var mı odlara bakabilir misiniz diye baktı sağolsun... 15- 3 dk sonra geri aradı, yarın bir tel vereceğim onu ara iade için dedi... ertesi gün (bugün) aradım has.... isminde ki iban verdiği kişiymiş, onun hesabını kullanıyormuş, doğu şiveli bir kardeşimiz... dedi ki %50 sini iade et dedi bana siz adile hn ile konuşun.... 16- aradım adile hocamı, hocam helalleşecektik... çirkinleşmeye başladı, kapattım teli, geri aramaya başladı, engelledim neyse ki 17- maliye, turizm, cimer vb bildireceğimi de söyledim kendisine... özet: o güzel beldeye yakışmıyor, bu güzel ülkeye yakışmıyor... yazık. böyle otel mi olur ey turizm bakanlığı!... çocukların çektiği bazı fotolar ekte!!!"
KÖRFEZ OTEL & RESTAURANT,AYKUT İMANCI,tr,otel fiyat performans olarak tercih edilebilir. kahvaltısı doyurucu. çalışanlar da gerçekten işini güzel yapıyorlar. hatta şuana kadar gittiğimiz oteller içindeki en temiz butik otellerden. otele girdiğiniz de o temiz kokuyu alıyorsunuz. konum olarak marmaris yoluna yakın ama akyakaya araçla gidebiliyorsunuz. çünkü yakının da balık veya alternatif yeme içme yerleri az.
KÖRFEZ OTEL & RESTAURANT,Kezban KAYA,tr,bir otel ve işletmesi bu kadar iğrenç olabilir. zorunda olmasak asla kalmayacağımız bir yerdi. verdiğimiz paraya acıdık. kaldığımız oda aşırı bakımsızdı ve rahatsız edici bir koku vardı gece aşırı sesli bir ortamı var bir gece mecburiyetten geldik fakat işlemleri hemen yapmamış olsaydık asla kalmazdım gece boyu uyumadık ve sabah erken saatlerde terk ettik duş ve tuvalet olan yerde cam açılmıyor çöpün üzeri açık fiskiyeden su gelmiyor dedik yan odada duş alın dendi ve ertesi güne hiç bir ilgi yok duş alamadan çıktık asla tercih etmeyin güleryüzlü olmak içeride sizi mutlu etmeyecektir yazıktır günahtır gece 1 de otele geldik sabah erkenden de çıktık sizce bu helal mi ?????
KÖRFEZ OTEL & RESTAURANT,Cansu Dolapçı,tr,bir otel ve işletmesi bu kadar iğrenç olabilir. zorunda olmasak asla kalmayacağımız bir yerdi. verdiğimiz paraya acıdık. kaldığımız oda aşırı bakımsızdı duş ve tuvalet olan yerde cam açılmıyor çöpün üzeri açık çöpleri almaya gelen bile yok. odada balkon yok havlular mayolar asla kurumuyor. tam dibimizde bar var ve müzik sesi aşırı rahatsız ediyor. müzik bitse çalışanların sesleri bitmiyor. kısaca kafa dinleyecek ve rahat edilebilecek bir yer deği̇l!!
KÖRFEZ OTEL & RESTAURANT,Seda Oral,tr,normalde bir gün kalmak üzere akyaka’ya gelmiştik ancak ne kadar güzel olduğunu görünce 2 gün kalmaya karar verdik. otele gelecek olursak onca pahalı seçenek arasında çok güzel bir alternatif ve nispeten daha hesaplı diyebiliriz. adile hanım çok güler yüzlü ve cana yakın. personel de öyle. kahvaltı ve akşam yemeği olmadığından zaten otelde çok zaman geçirmiyorsunuz. otelin yanında canlı müzik yapan mekanlar olduğundan sesten rahatsız olabilirsiniz. biz manzaralı odada şarabımızı içerken canlı müziği dinlemeyi tercih ettik yani tercih edilebilir. denize 15 adım. nehirde 5 dakika yürüme mesafesi. çarşının içinde tatlı bir otel. ayrıca temiz be hijyenik. klimalar ve tv çalışıyor.
KÖRFEZ OTEL & RESTAURANT,Ahmet Çevik,en,"hotel? what kind of a hotel, can there be a hotel like this!... those who license this place and those who do not inspect it are problematic... summary; we came as a family after a tiring journey, our mistake was that we were tired when we first entered the place and saw a ""bed"" and immediately grabbed it. we entered the room(!). we closed the doors and the horror movie started... 1 - there is a door to the park side of the room and a door to the corridor, it turns out that it is also the corridor that everyone passes through... people with shopping bags in their hands burst in... min. 1 (really 1) goal 1... 2- there are no sockets, we asked for a three-way extension socket next to the beds, a mature old lady named adile, who is a retired teacher... she gave it to us, thank you... we couldn't plug it into the socket, it exploded when we plugged it in... we had to wash our hands while holding the socket anyway, it was mud and dirt, obviously it was left in the rain. ... 3- i pulled the headboard slightly forward to pass the plug cord towards the other bed, oh my god, the insects started running!... 4- the rooms are very dirty, there is dust everywhere... you cannot step on the floor... 5- there was a very dirty, terrible smell in the rooms... we could only stay for 20 minutes... 6- since i came very tired, i decided to take a shower, the air is hot... there are no hotel slippers, no soap... shampoo... what is the room... 7- fortunately, god's water was good... i felt a little relieved... but when i took the towel and wiped it off, i had to throw it away immediately because of the smell... 8- many people call us in the next room(!) where we came out of the shower, we can't stop because of the smell, the woman outside the window is constantly fighting with someone, thinking the sound is inside... (our teacher aunt has thrown a table and a tv in the garden-parking area.... actually she is a teacher). i was warm, i was confident) 9- i said either look for a hotel or let's go to istanbul... they said you paid but i said it doesn't matter... it can't be stopped because... 10- the old wolf took the payment before entering the room... he obviously had experience in what would happen... we paid, he had it transferred to someone else's iban... we showed him the receipt and said okay. 11-we packed the suitcases and went out to the garden/parking lot/entrance whatever... i said, we're going, the kids were not happy, i said politely so as not to offend... he insisted why, i said to my teacher (he is a teacher...) i don't want to offend you... but he said, and the cleaning cost is 500 tl (i said to myself, auntie, i wish you had had the cleaning done before us...). 12- we had just packed our suitcases, we were feeling out of sorts, so we decided to leave akyaka. actually, we were devastated by the beautiful place... straight to istanbul... i don't normally travel at night, so we arrived at 02:00 at night out of boredom. 13- i said; ok, i took a shower for 500 tl, cut it... return the rest, let's say hello, he didn't make a sound... so i went out immediately, as if i was running away... 14- while i was leaving with anger and stress, my son's dictionary was lost, we couldn't find it, i called and looked to see if there were wire glasses so i could look at the books, thank you... 15- he called back after 3 minutes, he said i will give him a call tomorrow, call him for a refund... i called him the next day (today) and the person named has... was the person to whom iban was given, he was using his account, a brother of ours with an eastern accent... he said. he told me to return 50%, you should talk to adile han.... 16- i called my teacher adile, teacher, we were going to say goodbye... he started to get ugly, i turned off the phone, he started calling back, luckily i blocked him. 17- i also told him that i would inform him about finance, tourism, finance, etc... summary: it does not suit that beautiful town, it does not suit this beautiful country... what a shame. can there be such a hotel, ministry of tourism!... attached are some photos taken by the children!!!"
KÖRFEZ OTEL & RESTAURANT,AYKUT İMANCI,en,"the hotel can be preferred in terms of price performance. the breakfast is satisfying. the employees do their job really well. in fact, it is one of the cleanest boutique hotels we have ever visited. when you enter the hotel you smell that clean smell. the location is close to marmaris road, but you can go to akyaka by car. because there are few fish or alternative eating and drinking places nearby."
KÖRFEZ OTEL & RESTAURANT,Kezban KAYA,en,"a hotel and its business can be this disgusting. it was a place we would never stay if we didn't have to. we felt sorry for the money we paid. the room we stayed in was extremely neglected and had a disturbing odor. it had an extremely noisy environment at night. we came one night out of necessity, but if we had not done the procedures immediately, i would never have stayed. we did not sleep all night and left it in the early hours of the morning. we said that the window in the shower and toilet area does not open, the garbage is open, and there is no water from the fountain. we were told to take a shower in the next room and there was no interest in the next day. we left without taking a shower. never choose to do so. being friendly will not make you happy inside. it's a pity. it's a sin. we arrived at the hotel at 1 in the morning and left early in the morning. do you think this is halal?????"
KÖRFEZ OTEL & RESTAURANT,Cansu Dolapçı,en,"a hotel and its business can be this disgusting. it was a place we would never stay if we didn't have to. we felt sorry for the money we paid. the room we stayed in was extremely neglected. the windows where there is a shower and toilet cannot be opened, the garbage is uncovered and no one even comes to pick up the garbage. there is no balcony in the room, towels and swimsuits never dry. there is a bar right next to us and the sound of the music is extremely disturbing. even if the music ends, the voices of the employees do not end. in short, it is not a place to rest your mind and be comfortable!!"
KÖRFEZ OTEL & RESTAURANT,Seda Oral,en,"normally we came to akyaka to stay for one day, but when we saw how beautiful it was, we decided to stay for 2 days. as for the hotel, we can say that it is a very nice alternative and relatively more affordable among all the expensive options. ms. adile is very cheerful and friendly. so is the staff. since there is no breakfast or dinner, you do not spend much time at the hotel anyway. since there are venues with live music next to the hotel, you may be disturbed by the sound. we preferred to listen to live music while drinking our wine in the room with a view so it may be preferred. 15 steps to the sea. 5 minutes walking distance to the river. a sweet hotel in the bazaar. also clean and hygienic. air conditioners and tv are working."
Akyaka Azmak Apart,Duygu Kesici Bostan,tr,"normalde 2 gün rezervasyon yapıp 3. günecde uzatmayı planladığımız muğla tatilimize önce akyaka'da bu apart da başladık. biz eşim ve ben 2 kişi olduğumuzu söyleyince otel tipi odanın uygun olacağını söyleyip oma göre rez.yapmışlardı. ancak gittiğimizde tatilin ilk günü kocaman bir hayal kırıklığı yaşadık. biz giriş katta 'sözde' balkonu olduğu için 500₺ daha fazla ödediğimiz depodan bozma bir odaya girdik. oda tıklım tıkış ve girdiğiniz anda rutubet kokusu yüzünüze vuruyor. alerjik astımım olduğu için oda değiştirmek de istedim sağolsun beyefendi yardımcı olmaya çalıştı ama 1+1 gibi daha büyük odalarda yer olduğunu belirtti,ancak böyle bir yer için aradaki fiyat farkını vermeye değer bulmadım.ki bunfiyata çok daha iyi yerler bulduk somra.bırakın 3 güne uzatmayı daha odaya girer girmez yeni yer aramaya başladık. o gün de kalmazdım da ödemesini önceden yapmıştık.maalesef temizlik konusunda da iyi değildi,yastık kılıfları sarı sarı lekeliydi,temiz de kokmuyordu hatta değiştirmediklerini düşünüp gece yeni yastık kılıfı istedik. banyodaki sabunluktan elimi yıkamaya tiksindim,öyle pis ve eskiydi. tek iyi olan yanı konumu,tam azmak kenarımda çarşıya çok yakındı.resepsiyondaki beyefendi ilgiliydi ancak bu aksilikler olunca hiç birinin önemi kalmıyor.tatilimizin ilk günü tadımızın kaçması ve yeni yer bulma stresi de cabası. kısacası vasatın altındaydı. ertesi gün çıkış yaptık.üst katları bilmyorum ama giriş katı için durumlar bunlardı."
Akyaka Azmak Apart,ferah ongun,tr,"temizlik hastası biri olarak söylüyorum odalar tertemiz havlular kar beyaz duvarlar mis banyo şahane bana göre 10 numara her şey. alanyadan üç kişi geldik aparta girmeden çok korkmuştum açıkçası misafirlerime mahcup olmaktan, odayı görünce içimde kelebekler uçuştu misafirler çok mutlu ben çok mutlu. personel çok ilgili sabah kahvaltısı nehir kenarı kahvaltı tavsiye ederim"
Akyaka Azmak Apart,Genç İnşaat,tr,"i̇ki aile olarak gidiyorsaniz 26 nolu odayi isteyin :) parasi neyse gidin , gercekten deger.. bolge yerli turiste hizmet ettiginden fiyatlarda gayet uygun .. otel icin verdiginiz paraya gercekten degiyor. otelden bugun ciktik ki sifir sorunla . odayi temizlemisler sanki yeni oda gibi olmus , personel guler yuzlu ilgili.. odanjn manzarasi , pansiyonun konumu vs mukemmel , tesekkurler hersey icin"
Akyaka Azmak Apart,MakeUp Buse,tr,azmak nehrinin dininde aile oteli. bizim kaldıgımız oda çok küçüktü ama sezonda son dakika bulduk. daha büyük odaları da varmış. fiyat performans oteli. akyaka da vakit geçirmek istiosanız herşeyin dibinde.
Akyaka Azmak Apart,Recep Demiral,tr,"otel konumu azmak nehri yakın ve merkeze yürüme mesafesindedir. standart bir yer, biraz daha özen gösterilmeliydi. oda havalandırılırken sineklikleri açık bırakmışlar bu durumda içeriye zararlı böceklerin girmişti. çocuklarla olunca sıkıntı bir durum, önceden fark ederek sorun çıkmadan konakladık. yol üstü akyaka'ya uğrayacaklar için tercih edilebilir bir otel. biz 1 gece tercih ettik."
Akyaka Azmak Apart,tayfun kesgin,en,"if you are looking to cool off on a hot summer day (arpund 40 degrees c in august), this is the place to be. the boat tour on this exotic river that flows into the sea is a must-do. the river has a tempurature of some very cool 12 degrees. mind the stream though and the boats that are very freuquent."
Akyaka Azmak Apart,İsmail Şiriner,en,perfect place to swim and leave your self to the river and enjoy cold sweet water
Akyaka Azmak Apart,Mehmet Gencer,en,"the place is awesome, by the river. but they need a new cook. the only good things on olur table were omelette and orange juice."
Akyaka Azmak Apart,Nadir Kaplan,en,very nice palace and it's relaxeting is human...
Akyaka Azmak Apart,Serhat Yüngül,en,it isn't the best place to be in but it isn't the worst either.
Gaye Apart Hotel,ZÜBEYDE ACABEY,tr,"tamamen yorumlardan yola cikarak gittiğim ve çok memnunum kaldım, tertemiz ütülü carsaflar pikeler mutfak araç gereçleri az ama tüm araç gereçleri işinizi görecek kadar var konum olarak sessiz doğayı sevenle için mükemmel azmak nehrine 150 metre kadar denize yürüme mesafesi 15 dk var bim yakininda yeşillikler ve çiçekler içinde bir apart"
Gaye Apart Hotel,Aykut Eren Öztürk,tr,"apartın dış görünüşü çok güzel bahçesi gayet bakımlı, ancak evin içine girince işler değişiyor. rutubet var duvarlarda ve dolap içlerinde fark edilir derecede görünüyor. evin içi bakımsız, temizlik yüzeysel yapılıyor. aspiratör yağ içinde buzdolabının üstü pis duruyor. banyoda duş başlıkları berbat durumda su çıkması gereken yer dışında her yerden çıkıyor. yıpranan şeylerin değiştirilmesi gerekiyor. apartın konumu güzel ancak dış görüşünüşe gösterilen özen kesinlikle evlerin içine gösterilmiyor. bu yönlerden yazılan yorumları apart sahiplerinin dikkate alması gerekiyor. güzel bir tesis ilettiğim konularda önlem alırlarsa ve gerekli tamir ve tadilat sağlanır ise çok iyi olur. böyle bir apart otele bu şekilde bakımsız odalar yakışmıyor."
Gaye Apart Hotel,berru erdoğdu,tr,rezalet burada iki gecelik yer ayırtmıştık arabamız bozulduğu için arabayla dağda kaldık ve buraya gidemedik ücret iadesi istediğimizde yapamayacaklarını söylediler fakat eylüle kadar gelebileceğimizi söylediler iki gün sonra gelmek istediğimizi söylediğimizde yer yok gibi bahaneler uydurdular parayı verin o zaman dediğimizde tekrar parayı vermediler ve şu an da gitmek istediğimizde yer yok diyorlar berbat bir işletme berbat bir işletmeci asla gitmenizi önermem
Gaye Apart Hotel,Atilla Genez,tr,"tatil dediniz mi ilk akla gelen yerlerden biri mutlaka akyaka olmalıdır.. çünkü doğasıyla,havasıyla insanı adeta kendine büyülemektedir. tabii bunun yanında konaklayacağınız yer de çok önemli, konum olarakta merkezî bir konumda olması sizin için daha güzel olacaktır. biz sürekli akyaka da gaye aparta gitmekteyiz çünkü gaye aparta gittiğimizde kendimizi evimizdeymişiz gibi hissediyoruz gerekse çalışanlar, gerekse işletme sahibinin sıcakkanlılıkları ve içten samimiyetleriyle bizleri mutlu eden gaye aparta teşekkürler ederiz. akyaka gelecekseniz mutlaka gaye aparta kalmanızı tavsiye ederim , konum harika, daireler güzel, apartın dış kısmı çok güzel mutlaka gelmelisiniz, ayrıca ailecek çalışıyorlar ailenizle beraber gelmeyi düşünüyorsanız gaye aparta gelin bi sonraki tatilimizde görüşmek üzere"
Gaye Apart Hotel,Cansu KARAMAN,tr,"i̇lk gittimiz zaman bir anlaşmazlık yaşadık fakat telafi için ellerinden geleni yaptılar. odalar temiz ama oradaki aşırı nemden mutfak dolapların içi rutubet kokuyor. denize ve çarşıya 10 dk yürüme mesafesinde. bahçe katı odasında konakladık. eğer küçük çocuğunuz varsa bahçe katı odalar çocuklu aile için güzel. fakat bebek arabası için veya engelli birey için rampası yok, arabayla zorlandık. gece çocuğum ateşlendiği için ilaca ihtiyacımız oldu ve pansiyon sahipleri ilaç bulmamıza yardımcı oldu."
Gaye Apart Hotel,Mateiu Catalin,en,"we arrived last night here, and we are very disapointed . no hot water. no heat. no pillows and blankets just some dirty, dusty covers and beds. not even clean, we arrived and all the place stinks like some animals lived here. the dors are not closing well. dont look at the photos, as we did because is not even close with what is here."
Gaye Apart Hotel,Shahab Ud Din,en,"an amazing place to live both in summers and winters. house is well furnished. in addition to, the owner is very friendly. price is quite normal for a beautiful place like this. i suggest renting apartment at 2nd floor so you can enjoy your tea outside. the view every morning is magnificent. a place where one can live forever. one can go to beach by walking for 7 to 10 minutes. markets too are accessible. its great for both a short and long stay. you may sometimes face hot water issue or wifi issue. but it is solved time to time."
Gaye Apart Hotel,Zahid Ali,en,"been living here from the past 3 months the owner is cooperative, the rooms are well furnished and hot water is available 24/7 in winter but it has a terrible wi-fi connection."
Gaye Apart Hotel,Vilém Fabiánek,en,nice place to crush - just do not expect internet or warm water on tap.
Gaye Apart Hotel,Erkan Demirbaş,en,quite location at akyaka. rooms a bit tired with ok price
Dedeoğlu Apart,Ferhat Sanli,tr,"(detaylı inceleme, yorumun devamı için dokunun) 8 daireli yeni dedeoğlu apartmanı: yeniköy'de bulunabilecek en sakin apartmanlardan biri. bir sene 2 ev arkadaşımla beraber 2+1'de kaldım evimize kim geldiyse genişliğinden bahsetti. ev sahibimiz nurcan ve şermin abla kusurlarımız olduğunda bile hep güler yüzlü sevecen tavırlarla bizimle ilgilendi. kimler için: kendinizi muğla'daki öğrencilerle aynı kefeye koymadan objektif bir görüşle sessiz bir kiracı olduğunuzu düşünüyorsanız(duvarlar çok ses geçiriyor), gerçekten sakin bi ortamda yaşamak istiyorsanız ve kötekli'nin çilesinden sıyrılmak isteyenler için mükemmel bir yer. i̇nternet: i̇nternet fiber altyapılı, biz 24 mbps kullandık 24'den aşağı hiç inmedi, muhtemelen 35'e kadar destekliyor. port yetersizliğinden dolayı sene başında biraz problem olmuştu 3-4 hafta. sonunda o konuya bile nurcan abla sağolsun el atıp aynı hafta internetimiz bağlanmıştı. yine de internet bağlama işini kesin karar aldığınız anda araştırmaya başlayın. isıtma: isıtma işiyle dışarıdan gelen birisinin gelip ilgilendiği söylendi. her zaman olması gereken zamanda açık değildi. ancak soğuk zamanların %80-90'ında açıktı. sağolsunlar ev içinde soğuktan bahsedip de hiç gidip uyarmadan sesimizi duyup hemen açtıkları da olmuştu. ulaşım: gideceğim yerlere her zaman geç kalan biri olduğum için yolda harcadığım süreleri genelde ölçen biriyim. ev->meydan durak::: -hızlı adımlarla veya deparla: 5 dk -normal hızda: 5-7 dk ev->son durak (göbek)::: -hızlı adımlarla veya deparla: 4-5 dk -normal hızda:6-7 dk geç kaldığınız zamanlarda cedit market tarafından meydandaki durağa gidin otobüsün son duraktan kalkıp meydana ulaşması 0,5-1,5 dakika arası sürüyor. ör.: son duraktan kalkış 8:00 ise meydan durağına 8:01'de ulaşıyor. elektrik-su su faturası ne hikmetse 8 ayda sadece 1-2 defa 10 tl üstünde gelebildi. elektrik malesef çok pahalı 3 kişi (1'i sporcu, 1'i bilgisayar oyuncusu) şofpen, fırın, su ısıtıcı, 2 laptop, 1 masaüstü oyuncu bilgisayarı (genellikle tam gün açık), a+ buzdolabı ve çamaşır makinesi ile hep 150-210 tl elektrik faturası geldi. elektrik belki normaldir ama benim alışık olmadığım ücretti. bonus: fen lisesinin yolundan gelirken apartmana varmadan hemen öncesinde bir köy evi var. i̇nek, keçi, tavuk besleyen bir aile. onlardan siparişle keçi veya inek sütü alabilirsiniz. özel tavsiyem: ben deneyeyim sonra çıkarım diyip rahat davranmayın. sözleşme imzalıyorsunuz, durduk yere problem olmayın. kararlı ve saygılı biriyseniz burada hayat size güzel."
Dedeoğlu Apart,Kemalettin Surucuoglu,tr,"güleryüzlü hizmet, aile ortamı.. müthiş."
Dedeoğlu Apart,Şener Beryüz,tr,muhtesem bir apart sevgive güleryüzlü hizmet herkese tavsiye ederim....
Dedeoğlu Apart,Merter Sağlar,tr,güler yüzlü temiz ve güvenilir insanlar..
Dedeoğlu Apart,The Anarcshit,tr,yarım yıldız seçeneği olmadığı için 1 vermek zorunda kaldık
Dedeoğlu Apart,Ferhat Sanli,en,"(tap for detailed review, rest of the comment) new dedeoğlu apartment with 8 flats: one of the quietest apartments to be found in yeniköy. one year, i stayed in 2+1 with my 2 roommates. everyone who came to our house talked about its spaciousness. our hosts nurcan and şermin always took care of us with a smiling and caring attitude, even when we had our flaws. for whom: if you think that you are a quiet tenant with an objective view, without putting yourself in the same category as the students in muğla (the walls transmit a lot of sound), it is a perfect place for those who want to live in a really quiet environment and want to get away from the hustle and bustle of kötekli. internet: the internet has a fiber infrastructure, we used 24 mbps, it never went below 24, it probably supports up to 35. there was a bit of a problem at the beginning of the year due to port insufficiency for 3-4 weeks. finally, thanks to sister nurcan, she even took care of that issue and our internet was connected the same week. however, start researching internet connection as soon as you make a final decision. heating: it was said that someone from outside came and took care of the heating work. it wasn't always open when it was supposed to be. but it was on 80-90% of the cold time. thanks to them, there were times when we talked about the cold at home and they heard our voice and answered it immediately, without warning. transport: since i'm always late for my destinations, i'm usually someone who measures the time i spend on the road. home->square stop::: -brisk steps or sprint: 5 min -normal speed: 5-7 min home->last stop (middle)::: -brisk steps or sprint: 4-5 min -normal speed: 6-7 min when you are late, go to the stop in the square by cedit market. it takes between 0.5-1.5 minutes for the bus to depart from the last stop and reach the square. for example: if the departure from the last stop is 8:00, it reaches the square stop at 8:01. electricity-water for some reason, the water bill was over 10 tl only 1-2 times in 8 months. unfortunately, electricity is very expensive for 3 people (1 athlete, 1 computer gamer) with water heater, oven, kettle, 2 laptops, 1 desktop gaming computer (usually on all day), a+ refrigerator and washing machine, always 150-210 tl. the electricity bill arrived. electricity may be normal, but it was a fee i was not used to. bonus: as you come from the road of science high school, there is a village house just before you reach the apartment building. a family raising cows, goats and chickens. you can order goat or cow milk from them. my specific advice: don't act casually by saying ""i'll try it and then i'll take it out."" you are signing a contract, don't be a problem for no reason. if you are a determined and respectful person, life is good for you here."
Dedeoğlu Apart,Kemalettin Surucuoglu,en,"friendly service, family atmosphere... awesome."
Dedeoğlu Apart,Şener Beryüz,en,"a wonderful apartment, love and friendly service, i recommend it to everyone...."
Dedeoğlu Apart,Merter Sağlar,en,"friendly, clean and reliable people.."
Dedeoğlu Apart,The Anarcshit,en,"since there was no half star option, we had to give it 1"
Mira Apart,Hasan arslan,tr,sevinç hanım ve mehmet bey mükemmel insanlar. burada geçirdiğimiz altı günü kendi evimizde gibi hissettik. evin çok temizdi. mutfak gereçleri yeterliydi. denize 3 dakika yürüme mesafesinde deniz temiz ve berrak. akyaka’ya 15 km mesafede. yol virajlı ve dar dikkat etmek gerek. kesinlikle herkese tavsiye edebilirim sevinç hanım ve mehmet bey’e her şey için teşekkür ediyoruz.
Mira Apart,Zübeyde KOCAER,tr,"mehmet bey ve sevinç hanımın ev sahipliğinde çok güzel bir tatil yaptık. i̇kisi de çok misafirperver insanlar. evin temizliği, güzelliği mükemmel. konum olarak da çok güzel bir yerde. i̇çinizin çok rahat edeceği bir apart. tavsiye ederim."
Mira Apart,Süleyman Doğruyusever,tr,kesinlikle çok temiz ve kusursuz bir tatil oldu.. seneye de kesinlikle gideceğimiz bir yazlığımız oldu. sevinç hanım a çok teşekkür ederiz..
Mira Apart,yiğitcan Erova,tr,"ailemle 5 gece olarak konakladığımız mira apartta çok güzel karşılandık. mehmet bey ve sevinç hanım oldukça kültürlü, hoş sohbet ve nezih insanlar. konaklamamız esnasında gerek ikramları gerek güler yüzleriyle bizi evimizde gibi hissettirdiler. ufak tefek mutfak eksiklerimizi de gayet cömert bir biçimde bizlere temin ettiler. bahçelerinden de biber, patlıcan vb. ikramlarda bulundular. bizi konaklamamız boyunca bir müşteri gibi değil misafir gibi ağırladılar. uzun lafın kısası huzurlu bir şekilde istirahat edeceğiniz bâkir ve nezih bir yer arıyorsanız burayı muhakkak tercih etmenizi öneririm."
Mira Apart,Kayhan Şahlanan,tr,kendi halinde temiz bir apart. sahipleri çok düzgün insanlar. ailecek rahat edebilirsiniz.
Mira Apart,Anton Lapushkin,en,"nice place, warm sea, delicious food, hospitable people. not far from kitespot. i recommend for families."
Mira Apart,Hasan arslan,en,"ms. sevinç and mr. mehmet are excellent people. we felt like we were at home in the six days we spent here. your house was very clean. kitchen utensils were sufficient. 3 minutes walk to the sea, the sea is clean and clear. 15 km away from akyaka. the road is winding and narrow so you have to be careful. i can definitely recommend it to everyone. we thank ms. sevinç and mr. mehmet for everything."
Mira Apart,Zübeyde KOCAER,en,we had a very nice holiday hosted by mr. mehmet and ms. sevinç. they are both very hospitable people. the cleanliness and beauty of the house is perfect. it is also in a very beautiful location. an apartment where you will feel very comfortable. i advise.
Mira Apart,Süleyman Doğruyusever,en,it was definitely a very clean and perfect holiday. we have a summer house that we will definitely go to next year. thank you very much ms. sevinç..
Mira Apart,yiğitcan Erova,en,"we were welcomed very well at mira apart, where we stayed with my family for 5 nights. mr. mehmet and ms. sevinç are very cultured, pleasant and decent people. during our stay, they made us feel at home with their treats and smiling faces. they also provided us with our small kitchen needs in a very generous manner. peppers, eggplants, etc. from their gardens. they offered refreshments. they hosted us like guests, not customers, throughout our stay. long story short, if you are looking for a pristine and decent place where you can rest peacefully, i definitely recommend you to choose this place."
MERKEZ APART PANSİYON,HavliAliko 321,tr,"çok güzel bir yer yalnız biraz pisti ve yatak kötüydü ve havlu, sabun vb. yoktu. yinede güzel davranıyorlar. tabiikide ters davranırsan sana ters davranırlar."
MERKEZ APART PANSİYON,Melisa Patron,tr,"muğlada gördüğüm en kötü pansiyon kimseye tavsiye etmiyorum. sakın ha parkta yatın burada kalmayın. oda diye verdikleri yerde köpek yatmaz. ters ters konuşmalar müşteri olarak gelmişiz ters konuşuyorlar. patronun oğlu bize burnunu karıştırarak atar yapıyor sanki el mahkumuz. paramızla rezil olduk kötü bir deneyimdi, yolunuz düşerse içeri dahi girmeyin kaçın derim. merkez apart pansiyona sakın gitmeyin...!"
MERKEZ APART PANSİYON,Sefik Aydogan,tr,gördüğüm en kötü pansiyon kimseye tavsiye etmiyorum. oda diye verdikleri yerde çatal bıçak yok pişirmek için gaz ya da doğalgaz yok. yemek yiyemedik. i̇lgi alaka sıfır. ters konuşmalar müşteri olarak gelmişiz ters konuşuyorlar.
MERKEZ APART PANSİYON,Mehmet Demir,tr,"çok kötü bir deneyimdi. aracımız bozulduğu için muğla'da bir gece konaklamak zorundaydık buraya geldik. odası aşırı pisti yatakta uyumak için kendi getirdigimiz havluları serdik , ne sabun ne çöp kovası hiçbir şey yoktu birde 700 tl para verdik gerekirse arabada kalın dışarda kalın ama buraya asla gelmeyin"
MERKEZ APART PANSİYON,Yusuf Seymen,tr,7 ay önce yerleştim buraya muğla da yapılaşma sorunu var ne biçim yerse olan yerlerde fırsatçı ev sahipleriyle dolu çöp gibi daire ve apartlar uçuk fiyatlarda burası ekonomik olarak uygun ve tarihi bir yapısı var sakin doğa ortamı sunuyor kalınabilecek uygun bir yer en azından dışarıdan gelen vatandaşlara hizmet sunuyor yoksa millet sokakta kalacak ben memnunum temizlik konusunda yapılan yorumlarda hiç hoş değil kirada duran kişilerde biraz kendilerine baksınlar para veriyoruz diye durdukları yeri satın aldıklarını zannetmesinler temiz bıraksınlar
MERKEZ APART PANSİYON,Yakup Bulum,en,#NAME?
MERKEZ APART PANSİYON,HavliAliko 321,en,"it's a very nice place but it was a bit dirty and the bed was bad and there were no towels, soap etc. there wasn't. they still behave nicely. of course, if you act wrong, they will treat you wrong."
MERKEZ APART PANSİYON,Melisa Patron,en,"the worst hostel i have ever seen in muğla. i do not recommend it to anyone. don't sleep in the park or stay here. dogs do not sleep in the place they give as a room. backwardly, backhanded conversations, we came as customers, they are talking backwards. the boss's son is picking his nose at us, making us feel like we are prisoners. we were embarrassed with our money, it was a bad experience, if you ever come across it, i suggest you don't even go in, run away. do not go to merkez apart pension...!"
MERKEZ APART PANSİYON,Sefik Aydogan,en,"the worst hostel i've ever seen. i don't recommend it to anyone. there is no cutlery, no gas or natural gas for cooking in the place they call the room. we couldn't eat. there is zero interest. they talk backhandedly, we came as customers."
MERKEZ APART PANSİYON,Mehmet Demir,en,"it was a very bad experience. we had to stay one night in muğla because our car broke down, so we came here. the room was extremely dirty, we used the towels we brought on the bed to sleep on, there was no soap, no trash can, nothing, and we paid 700 tl. if necessary, stay in the car and stay outside, but never come here."
Berlin Apart pansiyo,Mehmet Ali ÇAKIR,tr,fiyat anlamında gerçekten çok uygun gecelik 600 gibi bir rakama kaldım tek kişi gittim duş tuvalet ortak kullanım odalar ayrı yol üstü dinlenmek için gayet yeterli ayrıca minibüs güzergahı anayolun yanında 1 yıldız nereden düştü derseniz çarşaf vardı onun yerine pike olsa daha iyi ola bilirdi onun dışında güzel herşey
Berlin Apart pansiyo,Serkan Uzar,tr,bayram dolayısıyla mecbur kaldım gece geç olduğu ve uykum geldiği için daha fazla yol gidemedim başka da yer bulamadım perişan olduk lavabolar da wc kağıdını geçtim el sabunu bile yok yataklar toz revan içinde . yabancı uyrukluların toplama kampı gibiydi
Berlin Apart pansiyo,NAJIB Garad,tr,arkadaşlar hiç tavsiye etmiyorum türkiye de öyle bir otel bulmadım tuvalet ortak insan rahat almaz hemde odaların içinde öyle kötü böcek varkı bütün gece uyuyamadım çok kötü ısırıyordu vücudum yanıyor gerçekten elemana söyledim böcek var diye müşteri getiriyor dedi siz ilaç yapın dedim öyle yaparız bilmem ne diyor
Berlin Apart pansiyo,Veli Tolay,tr,rezalet oda vs kokuyor bir ev her odasinda ayrı kişiler adam gecelik değil güne bakarak para alıyor burda kalanın kendine saygısı yoktur 4 günlük para verip ilk gün çıktım (herkes gorsun diye tam puan verdim )
Berlin Apart pansiyo,Mr Anonim,tr,otel çok kötü günlük kaldik 100 tl verdik banyo tovalet ortak öyle saçmalık mı olur ortak alanda banyo felan yapilmaz ve pislik içindeysi heryer tavsiye etmem parasina göre çok
Berlin Apart pansiyo,Ahmed ali,en,"1- absolutely disgusting place the hygiene and the smell is disgusting 2- every apartment have 10 persons or more , the apartment has only 1 shower and 1 washing machine and 1 kitchen !!!! if you want to live there you have to : - take shower 4 am the only time ( shower is free ) . - washing you clothes with schedule with inmates if you miss your time you will wash your clothes 4 or 5 days after . - kitchen always disgusting and not clean , so you will lose a lot of money on the food from restaurants . 3- very very racist people especially to ( arabs & africans ) ((( if you are not türk don't live there ))) 4- it's cheaper to take a private apartment with 2 or 3 friends in other places in the same city , and ever one of you will have his own room ."
Berlin Apart pansiyo,sayed mohammad safwan,en,one the worstmanagement in mugla city
Berlin Apart pansiyo,Aziz Rehman,en,i live for 4 months in this apartment
Berlin Apart pansiyo,Sahra Moqim,en,amazing
Berlin Apart pansiyo,Rahman Karizwal,en,great hotel
Akyaka Apart Konaklama,İbrahim Çelik,tr,2023 yılı temmuz ayında kayınbiraderimin tavsiyesi üzerine gittik ve bizde çok memnun kaldık. melek hanım çok güler yüzlü ve yardımsever. pansiyon temizdi. konum olarak iyi bir noktada. tekrar gideceğiz nasipse
Akyaka Apart Konaklama,Serkan YEŞİLTEPE,tr,"ailece çocuk dahil 5 kişi 4 gece keyifle ve huzurla konakladık burada. gezilecek yerler konusundaki tavsiyeleri için hüseyin beye ve özellikle ismi melek kendisi de melek gibi olan eşine çok teşekkür ediyoruz. neden mi son kısımda bahsedeceğim özellikle. kısaca aparttan bahsedeyim kalmayı düşünen misafirler için: odalar tertemiz, bizim gibi çocuklu olan aileler için özellikle çarşaf, yastık, pike boşuna getirmeyin yanınızda, hepsi kuru temizlemeden tertemiz gelmiş serilmişlerdi. her odada ve salonda kliması var ve çalışıyor merak etmeyin. yeterince bardak, fincan, tabak, tenceresi de var. mini buzdolabı, ocağı, çaydanlığı, çamaşır makinesi de var. bizim için en önemlisi çocuğumuz için park yatak ve mama sandalyesi dahi hazırlamıştı melek hanım. apartta kalıp otel ortamına göre yorum yapanları da lütfen dikkate almayın. azmak deresi 5 dakika, plaj ise en fazla 10 dakika yürüme mesafesinde. biz eşyalarımı fazla olduğundan aracımızla indik plaja, paralı otoparklar hemen plaj arkasında ama bir kaç sokak arkasında da arabayı rahatça park yapabilirsiniz. küçük bir tavsiye benden size; kesinlikle tekne turuna çıkmalısınız, özellikle incekum ve sedir adası yani kleopatra plajı harika. şimdi neden melek gibi dediğimi de yazayım. apartta 15 km kalmışken aracımız bozuldu yolda çekiciyi beklerken yol kenarında melek hanım kendi aracıyla hızır gibi yetişti imdadımıza, eşim, çocuğum ve anne babamı alıp götürdü önce kendi evine ağırladı güzelce. aklım onlarda kalmadan bende aracın çekilmesi ve diğer işlemlerini rahatça hallettim. dediğim gibi kocaman yüreği olan adı gibi melek bir insan. akyakayı ve de sizleri çok sevdik, bizleri çok güzel misafir ettiniz apartınızda, ilgilendiniz her sorduğumuzda.. yine görüşmek dileğiyle hoşçakalın.."
Akyaka Apart Konaklama,Aleyna Aleyna,tr,"5 yildir gidiyoruz her gittiğimizde güler yüz tatlı dille karşılaşıyoruz, kendi evimiz gibi güvenle gidiyoruz denize yakınlığı markete yakınlığı vs bizi çok rahat ettiriyor.akyaka civarı tüm deniz ve koylara kolaylıkla erisebiliyoruz herkese tavsiye ediyoruz melek hanım iyi ki sizi tanımışız iyi ki varsınız"
Akyaka Apart Konaklama,Tugce Dayıoglu,tr,"biz iki arkadaş 3.kattaki dairede kaldık ve herseyiyle aşırı memnun ayrıldık evden. konum olarak azmak’a, plajlara, marketlere ve restaurantlara yürüme mesafesi çok yakın. ev içerisinde her odada klima var. fazlasıyla her ihtiyacınızı karşılayan bir ev. melek hanım çok sıcakkanlı ve her konuda bize çok yardımcı oldu. hiç düşünmeden seneye tekrar buradayız:)"
Akyaka Apart Konaklama,Yağmur Özer,tr,"akyaka apart konaklama koy , plajlar ve marketlere yakınlığıyla tatilimizi daha keyifli bir hale getirdi. apartta gerekli tüm eşyalar kolayca temin edildi. temiz oluşu, kolay konumu ile çok memnun kaldık. bu güzel tatilimize ev sahipliği yaptığı için melek hanıma çok teşekkür ediyorum."
Akyaka Apart Konaklama,İbrahim Çelik,en,we went in july 2023 upon the recommendation of my brother-in-law and we were very pleased. ms. melek is very friendly and helpful. the hostel was clean. it's in a good location. we will go again if possible
Akyaka Apart Konaklama,Serkan YEŞİLTEPE,en,"as a family of 5 people, including children, we stayed here happily and peacefully for 4 nights. we would like to thank mr. hüseyin and especially his wife, whose name is melek, for their advice on places to visit. i will talk specifically about why in the last part. let me briefly talk about the apartment for the guests who are planning to stay: the rooms are spotless, especially for families with children like us, do not bring sheets, pillows and blankets with you for nothing they were all dry cleaned and laid out. don't worry, there is air conditioning in every room and living room and it works. there are enough glasses, cups, plates and pots. there is also a mini fridge, stove, kettle and washing machine. most importantly for us, ms. melek even prepared a playpen and a high chair for our child. please ignore those who stay in apartments and comment on the hotel environment. azmak stream is 5 minutes away and the beach is at most 10 minutes walking distance. since we had a lot of belongings, we went down to the beach with our car. the paid parking lots are right behind the beach, but you can park your car easily a few streets back. a little advice from me to you; you should definitely go on a boat tour, especially incekum and sedir island, that is, cleopatra beach, are wonderful. now let me write why i say like an angel. while we were 15 km away from the apartment, our car broke down. while we were waiting for the tow truck, ms. melek came to our rescue with her own vehicle like hızır. she took my wife, my child and my parents away, and first hosted them in her own home. without losing my mind on them, i easily completed the towing of the vehicle and other operations. as i said, she is an angelic person with a big heart. we loved akyaka and you very much, you hosted us very well in your apartment, you took care of us every time we asked.. goodbye, hope to see you again.."
Akyaka Apart Konaklama,Aleyna Aleyna,en,"we have been going for 5 years and every time we go, we are greeted with smiling faces and sweet words. we go safely as if it were our own home. its proximity to the sea, its proximity to the market, etc. makes us very comfortable. we can easily access all the seas and bays around akyaka. we recommend it to everyone. ms. melek, we are glad to have met you, we are glad to have you"
Akyaka Apart Konaklama,Tugce Dayıoglu,en,"we, two friends, stayed in the apartment on the 3rd floor and left extremely satisfied with everything. the location is very close to azmak, beaches, markets and restaurants. there is air conditioning in every room in the house. a house that meets all your needs. ms. melek is very friendly and helped us a lot in every matter. we will be here again next year without hesitation :)"
Akyaka Apart Konaklama,Yağmur Özer,en,"akyaka apart accommodation made our holiday more enjoyable with its proximity to the bay, beaches and markets. all necessary items in the apartment were easily obtained. we were very pleased with its cleanliness and easy location. i would like to thank ms. melek for hosting this beautiful holiday."
Limon Apart,Sibel Filiz,tr,"akyaka'ya ilk kez geliyoruz. tesadüfen bulduğumuz limon apartta tekrar konaklamayi çok isteriz . yatakları yuvarlak, oda ve çarşaflar tertemiz, sade, zevkli ve büyüleyici bir dekorasyonu var. teras odada kaldık denizi avucunuzun içinde hissedebileceginiz romantik bir ortamı var. özlem hanıma güler yüzü ve misafirperverliği için teşekkür ediyoruz.gönülden tavsiye ederiz."
Limon Apart,Seda Gökçe,tr,"akyakaya ilk kez geldim ve ikinci günümüzde şanslıydık ki limon apartı bulduk. tekrar gelirsem hiç arayışa girmeden direkt geleceğim yer oldu. temizliği, odaların özenli ve güzel dizaynı, konumu hepsi çok ideal. özlem hanıma güler yüzü ve tatlı dili için teşekkür ederiz."
Limon Apart,Aykut Büyükaydin,tr,son derece güzel ve nezih ortam. tüm oda içeriği tertemiz ve yeniydi. terasta manolya isimli odada kaldık manzarası harikaydı. araç için park alanları bulunuyor. güleryüzlü hizmet için teşekkürler.
Limon Apart,ÖZLEM HAKLI,tr,giriş katta sandal isimli odada 2 yetişkin ve 2 çocuk (10y ve 4y) kaldık. oda temizdi.yuvarlak yatak büyüktü. 1 koltuk vardı ve genişti. en güzeli odanın dışında kullanabileceğimiz bir masa ve yemek alanı vardı. azmak nehrine ve markete araba ile indik yürüyerek biraz uzak. fiyatına göre memnun ayrıldık.
Limon Apart,Sibel Deniz,tr,akyaka’nın en güzel apart oteli diyebilirim eşimle 1 gece kaldık görüştüğümüz hanımefendi çok naif ve çok kibardı odamız internetteki fotoğraflarla birebirdi ve yatağı otel konforunda rahattı oda okadar güzel temiz ve rahat kullanımlı bi odaydıki müsaitliği olsaydı 1 gece daha kalmak istediğimiz bi yer oldu bizim için çok çok memnun kaldık kesinlikle tavsiye ediyorum ve işletmesine ayrıca çok teşekkür ederim böyle güzel kullanım alanı sağladıkları için harikasınız
Limon Apart,Bas Osman,en,"the room is splendid, extremely clean, with a nice sea view, the price is realy correct. there is no breakfast. just two points to share, one is that the appartment is high in the city thus you have to walk quite a bit to the sea , second is that i asked to the owner if it was possible to leave the appartment around 6pm (because of my flight tickect) he said that i can check out at max 1.30pm, even if we were off season working days and half of the hotel was totally empty.."
Limon Apart,Valerija Buric,en,"great apartment, nice and really helpful owner and very pleasant stay. we had few cats peeking through our windows but its not that hard to get used to it and its a plus for cat lovers. the proximity of center is nice. definitely would recommend. :)"
Limon Apart,Kralina Jewellers,en,very friendly land lady. clean and stylish rooms quite spacious.. recommended
Limon Apart,Vinzenz P,en,very flexible and helpful. looking forward to book again!
Limon Apart,Sibel Filiz,en,"we are coming to akyaka for the first time. we would love to stay again at limon apart, which we found by chance. the beds are round, the room and linens are clean, and the decoration is simple, tasteful and charming. we stayed in the terrace room. it has a romantic atmosphere where you can feel the sea in the palm of your hand. we would like to thank ms. özlem for her smiling face and hospitality. we recommend her wholeheartedly."
Yener Apart,Cihan Gokce,tr,"yorumlar ve konumu itibariyle tercih ettik. fevkalade güzel ve nostaljik... i̇şletme sahibi gönül hocam çok nazik ve ilgi kendimi çok mutlu ve huzurlu hissettim... sonsuz teşekkürler ve şükranlarımı sunuyorum park sorunu yok fiyatlar makul, temiz denize yürüme mesafesinde direk halk plajına çıkıyorsunuz. odalar geniş ve ferah çok güzel balkonları var... tabii ki şiddetle tavsiye ediyorum"
Yener Apart,Aslıhan Acarer,tr,"20-21 temmuz tarihlerinde eşim ve oğlumla konakladık ve çok memnun kaldık.oncelikle konumu çok iyi,denize yürüyerek 2 dk. gibi kisa bir mesafede.kum plaj ve deniz çok sığ,yüzme bilmeyen ve küçük çocuğu olanlar için daha da ideal.market,cafe,restoran gibi ihtiyaç duyulacak tüm mekanlara çok yakın.ayrica azmak nehrine de yine yürüyerek 5 dk gibi kısa bir mesafede,nehirde tekne turu da çok keyif verici.odalara gelirsek temiz ve düzenli, araç gereç olarak da bizim için gayet yeterliydi. sahibi gönül hanım da çok nazik ve ilgiliydi. bizim beklentilerimizi karşılayan bir tatil oldu,tekrar yolumuz düşerse yine tercih ederiz."
Yener Apart,Omer Can Capar,tr,"tertemiz, mukemmel bir konaklamaydi. apart sahibi teyzemizi cok sevdik. akyaka’da bir evimiz var diyebiliriz artik :)"
Yener Apart,Kaan Bardakci,tr,"fiyatı konumuna göre aşırı uygun.ailecek gelmeyi düşünüyorsanız çok tatlı butik bir apart.rahatlıkla tercih edebilirsiniz.sahibi çok tatlı bir teyze,tekrardan gitmeyi düşünüyoruz."
Yener Apart,Beliz Yegencik,tr,"odalarda temizlik probleminden ziyade, içinin ve eşyaların çok eski olması daha büyük problem. i̇lk gece hele yastıklar taş gibiydi. bir de sahibi teyze verdiği her sözü unutuyor. bu sebeple rezervasyonda çok sıkıntı yaşadık. bir tek fiyatı uygun."
Yener Apart,Cihan Gokce,en,"we chose it because of the comments and its location. extraordinarily beautiful and nostalgic... the owner of the business, gönül hodja, is very kind and caring. i felt very happy and peaceful... i express my endless thanks and gratitude no parking problems prices are reasonable, clean within walking distance of the sea, you go directly to the public beach. the rooms are large and spacious they have beautiful balconies... of course i highly recommend it"
Yener Apart,Aslıhan Acarer,en,"we stayed with my wife and son on 20-21 july and we were very pleased. first of all, the location is very good, 2 minutes by walking to the sea. the sandy beach and the sea are very shallow, it is even more ideal for those who cannot swim and have small children. it is very close to all the places you will need such as markets, cafes and restaurants. it is also a short 5-minute walk away from the azmak river. the boat tour is also very enjoyable. as for the rooms, they were clean and tidy, and the equipment was sufficient for us. the owner, ms. gönül, was also very kind and caring. it was a holiday that met our expectations. if we come back again, we would choose it again."
Yener Apart,Omer Can Capar,en,"it was a clean, perfect stay. we loved our apartment owner aunt very much. we can now say that we have a house in akyaka :)"
Yener Apart,Kaan Bardakci,en,"the price is extremely affordable considering its location. if you are thinking of coming with your family, it is a very sweet boutique apartment. you can easily choose it. the owner is a very sweet aunt, we are thinking of going again."
Yener Apart,Beliz Yegencik,en,"rather than the cleanliness problem in the rooms, the bigger problem is that the interior and furniture are very old. especially on the first night, the pillows were hard as stone. also, the owner aunt forgets every promise she made. for this reason, we had a lot of trouble making the reservation. only the price is affordable."
Akyaka Yeşil Apart,Bülent,tr,başka bir apartta çocuklarımız havuza sokulmayıp kaba davranılınca bu harika işletmeye geldim resepsiyonda ki genç arkadaşa iki tane çocuğumuz olduğunu 1 gün kaldığımız apartı çocuklarıma kötü davranıldığı için terk ettiğimi söyleyince o genç arkadaş burası çocuk dostu bir işletme minik arkadaşlar gönüllerince eğlensin dediler ve çok haklı çıktılar evlatlarımız hiç unutamayacakları bir tatil yaşadılar sayelerinde havuzdan hiç çıkmadılar doyasıya eğlendiler lokasyon olarak çok iyi konumda azmak nehrinin dibinde bim ve deniz hemen yanında her yere yürüme mesafesinde odaları tertemiz geniş ve ferah müşteri memnuniyeti en üst seviyede biz çok memnun kaldık yeni arkadaşlarda edindik akyaka'ya geldiğimde tekrar gönül rahatlığıyla tercih edeceğim bir işletme herkese tavsiye ederim tereddüt etmeden tercih edebilirsiniz
Akyaka Yeşil Apart,Gizem Özen,tr,"son dakika planı ile gidip boş oda müsaitliği ile 2 gece konakladık. biraz fiyat performans şeklindeydi. aile işletmesi şeklinde. konum olarak iyiydi azmak nehri yakını. denize restaurantlara vs yürüme mesafesi. odanın büyüklüğü rahat hareket edecek şekilde iyiydi. oda temizdi, balkonu ve plaj ürünlerimizi kurutacağımız kurutma aparatı mevcut. klima eski fakat çalışır durumdaydı. otel sessiz sakindi. kahvaltısı klasik ama yeterliydi israf olacak gereksiz şeyler yoktu. tuzlu tatlı sıcak soğuk meyve çay kahve vs düşünülmüş. bence herkesin beklentisi farklı ama bize göre yeterliydi. yalnızca koridorda rutubet kokusu var gibiydi fakat odada rahatsız olacak kadar bir koku yoktu."
Akyaka Yeşil Apart,Yasemin,tr,çocuklarımız eşim ve ben mükemmel bir 3 gün geçirdik tam bir çocuk dostu sevecen mükemmel bir hizmet anlayışı olan dört dörtlük bir işletme 3 gün kaldık çok memnun kaldık çocuklarımız gönüllerince eğlendiler hiç düşünmeden tercih edebilirsiniz konumu çok iyi her yere yürüme mesafesinde odalar çok geniş ve tertemiz fiyatları çok uygun biz çok memnun kaldık herkese tavsiye ederiz
Akyaka Yeşil Apart,Ozan Mert GÖKTÜRK,tr,"gayet güzel bir otel ve iyi işletiliyor. personel ilgili. kahvaltı karın doyurucu olmasına rağmen israf veya abartı yok. konum mükemmel. temizlik ve bakım da kabul edilebilir düzeyde iyi, fakat birkaç ayrıntıyı hoş bulmadığımı söylemem gerekir. örneğin bazı çekmecelerin ve dolapların içi belli ki epeydir temizlenmemişti, banyoda da paslı yüzeyler mevcuttu. yoğun bir dönemde konaklamış olmamız bu kusurlara göz yumdurur mu emin değilim. biraz daha özenli olunabilir."
Akyaka Yeşil Apart,Serpil Çorlu,tr,"eşim ve 5 yaşında kızımla 3 gece kaldık ve inanılmaz memnun kaldık. konumu ve kahvaltısı mükemmeldi. kahvaltıda menemen yapmalarına çok şaşırdım, çok lezzetli ve yeterli bir kahvaltısı var. bizim oda biraz küçüktü ama yine de bize yetti. daha büyük odaları da var. tam bir fiyat performans oteli tekrar gelirsem tercih sebebim olacak."
Akyaka Yeşil Apart,Laura Ciobanu,en,"i recommend this hotel, our room was clean, comfortable and big, with balcony in front of the pool. it was a little noise in the morning because the room was near the breakfast area, but for the price and the rest of the things i can recommend this location being very good. the breakfast was ok, everyday the same,with turkish delights, watermelon, ness caffe and black tea.the hotel was near the city center so you can arrive very easy everywhere you need in akyaka. thanks to the staff they recommend us where to go and what it was good to do in the city. thank you!"
Akyaka Yeşil Apart,Marisa Matis,en,"very clean place, friendly stuff, enough breakfast. location is just perfect! it's quite, but near river and all restaurants, markets, boat trips. 10 minutes walking from sea beach."
Akyaka Yeşil Apart,Sina Ebrahimi,en,good akyaka type hotel
Akyaka Yeşil Apart,Thomas Hardiman,en,very nice place
Akyaka Yeşil Apart,Bülent,en,"when i told the young friend at the reception that we had two children and that i left the apartment where we stayed for one day because my children were treated badly in another apartment, that young friend said that this is a child-friendly business, let the little friends have fun as much as they want, and they were right, our children have never been there. they had an unforgettable holiday, thanks to them, they never left the pool, they had fun, the location is very good, at the bottom of the azmak river, right next to the bim and the sea, within walking distance to everywhere, the rooms are spotlessly clean, large and spacious, customer satisfaction is at the highest level, we were very pleased, we made new friends, and when i come to akyaka, i will be in love again. it is a business that i would prefer with its comfort. i recommend it to everyone. you can choose it without hesitation."
Teras Tepe Apart,ümit Samimi,tr,"otelin manzarası çok güzel fakat işletmesi gerçekten kötü eğer bir haftadan az kalıyorsanız, aradaki günler size temiz havlu verilmiyor ve odanız temizlenmiyor. telefonla arayarak öğrenebilirsiniz yazın musluklardan deniz suyu akıyor, dişinizi fırçalayamazsınız. duş aldığınızda da yıkanmamış olacaksanız. bunu da telefonla arayarak teyit edebilirsiniz eğer çocukla gidiyorsanız, tehlikeli. çünkü bir yere bağlı olmayan, ağızlıksız, yasaklı ırkta köpekler var işletme bahçesinde bu ve benzeri sorunları işletmeciye iletip, geri bildirmek isterseniz de mahalle ağzıyla karşılık alırsınız, özellikle işletmeci olan kısa boylu kadın tarafından -- i̇şletmeye cevap; fark ettiyseniz ""hayır iki gece konaklıyorsanız, odanızı ikinci gün için temizleriz ve size temiz havlu veriririz"" dememiş yanıtında ""hayır musluktan tuzlu su akmıyor"" da dememiş. dişinizi fırçalamak için işletmeden fahiş fiyata su almanız gerekiyor. i̇sterseniz arayın, sorun. burada buna cevap vermeyecekler, bu çok belli. eski yorumlarda başkaları da dile getirmiş zaten ""köpek"" yok ya da ""köpek işletme mevzuatına uygun şekilde bağlı ve kimseye saldırmadı"" da dememiş.bunun yerine yalan söylemeyi tercih etmiş. doğrusu ne köpek 2 aylık ne de orada sadece 1 köpek var. hiçbir otel işletmecisi köpeklerinin yaşından bağımsız olarak, otel bahçesinde başı boş köpek bırakamaz. arkadaşlar, bize yaşattıkları için özür dileyeceklerine size karşı manipülasyon yapıyorlar. sonra gelip burada yorum yazarak, cevap vermekle uğraşırsınız"
Teras Tepe Apart,Zeynep Akdağ,tr,eşimle kısa bir konaklama yaptığımız halde çok memnun kaldık. çok tatlı bir aile işletmesi. doğayla iç içe harika bir deniz manzarasıyla ruhunuzu dinlendiriyorsunuz. çalışanları çok güleryüzlü ve çok tatlılar. tek kötü yanı otele yaklaştığınızda stabilize bir yol var ve çıkarken zorlanıyorsunuz ama otel sahipleri yol yapılacağını söyledi. sakin ve dinlendirici bir tatil istiyorsanız düşünmeden gelebilirsiniz
Teras Tepe Apart,Hüseyin Ercan,tr,kurban bayramında akyaka merkeze alternatif olarak tercih ettiğimiz bu apart şirin bir aile işletmesi olup lokasyon olarak akyaka merkeze araçla yaklaşık 20-25 dklık kıvrımlı tek gidiş bir yola sahip otele yaklaştığınızda anayoldan orman yoluna taşlık yaklaşık 300 metrelik bir yola giriyorsunuz eğer aracınız araziye uygun değilse canınız sıkılabilir fakat bu durumun işletme ile bir alakası olmadığını öğrendik. otelin özelliklerine gelecek olursak; -samimi bir aile işletmesi olup her konuda yardımcı olmaya hazırlar -odaların büyüklüğü ve mutfak içeriği nispeten yeterli -balkon manzarası güzel -çeşme suyu tuzlu aktığı için yanınıza içme suyu almanızı öneririm -wi-fi yok -kahvaltı köy kahvaltısı şeklinde olup yeterince lezzetli ve doyurucuydu. tavsiye edilir
Teras Tepe Apart,merve öner,tr,"balayı için geldik huzurlu ormanla iç içe bi yer. deniz manzarasıyla birlikte kahvaltı çok keyifli. gelince nilüfer ablanın köfte ekmeği yemeden dönmeyin aşırı lezzetli. i̇şletmeciler dürüst, samimi, misafirperverliklerine bayıldık. konumu yüksekte toprak yol var o biraz zorlayıcı. temizlik ve hijyen olarak ortalamada ."
Teras Tepe Apart,Osman Erdem Ekinci,tr,"i̇şletmenin yönetimi son derece kötü. temizlik konusunda büyük eksikler var; odalar yeterince temizlenmiyor ve musluklardan tuzlu su akıyor. denizden çıktıktan sonra tuzlu suyla duş almak zorunda kalıyorsunuz. arazi aracı olmayanların bu otele ulaşması neredeyse imkânsız çünkü yol dik ve toprak. ayrıca, otel içerisinde serbestçe dolaşan köpekler mevcut. i̇şletmecilere şikayet ettiğinizde ise saygısızca cevaplarla karşılaşıyorsunuz, örneğin 'köpeği bağlamaları gerektiğini’ söyledim. bana'köpeği keseyim mi?' diye yanıt verdiler."
Teras Tepe Apart,Önder Eryüz,en,"road to the place is unpaved and poor, if you want to visit car service after your stay, this is your place to stay. dining table in the terrace was full of dirt and uncleaned. there was also a handful of dust on top of the refrigerator. you may see the photos of the view from the main patio but when you see they are hanging their washed clothes (socks, underwear, pants, etc.) there for drying you will understand the level of professionalism of the “so called” hotel."
Teras Tepe Apart,ümit Samimi,en,"the view of the hotel is very nice but the management is really bad if you stay for less than a week, you are not given clean towels and your room is not cleaned on the days in between. you can find out by calling in summer, sea water flows from the taps, you cannot brush your teeth. if you will not be washed when you take a shower. you can also confirm this by calling us. if you are going with children, it is dangerous. because there are dogs of banned breeds that are not tied to any place, without muzzles, in the business yard. if you want to report these and similar problems to the manager and give feedback, you will receive a response from the neighborhood, especially from the short woman who is the manager. -- response to business; if you noticed, he did not say ""no, if you are staying for two nights, we will clean your room for the second day and give you clean towels"" in his response. he did not say, ""no, salt water does not flow from the tap."" to brush your teeth, you have to buy water from the business at an exorbitant price. call and ask if you want. they won't answer that here, that's obvious. others have already mentioned it in old comments. he did not say ""there is no dog"" or ""the dog was kept in accordance with business regulations and did not attack anyone."" instead, he chose to lie. to be honest, the dog is not 2 months old and there is only 1 dog there. no hotel operator can leave stray dogs in the hotel garden, regardless of the age of the dog. friends, instead of apologizing for what they put us through, they are manipulating you. then you come and comment here and try to respond."
Teras Tepe Apart,Zeynep Akdağ,en,"even though we had a short stay with my wife, we were very pleased. a very sweet family business. you can rest your soul with a wonderful sea view, surrounded by nature. the staff are very friendly and very sweet. the only bad thing is that there is a stabilized road when you approach the hotel and you have difficulty getting out, but the hotel owners said that the road will be built. if you want a quiet and relaxing holiday, you can come without thinking."
Teras Tepe Apart,Hüseyin Ercan,en,"this apartment, which we chose as an alternative to the center of akyaka during the eid al-adha, is a cute family business. the location is about a 20-25 minute drive from the center of akyaka. it has a winding one-way road. when you approach the hotel, you enter a stony road of about 300 meters from the main road to the forest road. if your vehicle is not suitable for the terrain, you may get bored. but we learned that this situation has nothing to do with the business. as for the features of the hotel; -it is a friendly family business and they are ready to help in every way. -the size of the rooms and the kitchen content are relatively sufficient -balcony view is nice -since the tap water is salty, i recommend you take drinking water with you. -no wi-fi -the breakfast was a village breakfast and was delicious and satisfying enough. it is recommended"
Teras Tepe Apart,merve öner,en,"we came for our honeymoon, it's a peaceful place surrounded by the forest. breakfast is very enjoyable with the sea view. don't leave without eating nilüfer sister's meatball bread, it is extremely delicious. the operators are honest and sincere, we loved their hospitality. the location is at a high altitude and there is a dirt road, which is a bit challenging. it is average in terms of cleanliness and hygiene."
Dinlen Apart Otel,mehmet mercan,tr,"buzdolabı, petekler, mutfak dolabı, internet hepsi sorunlu ve fiyatı diğer yerlere oranla amlamsızca fazla"
Dinlen Apart Otel,mehmet mercan,en,"the refrigerator, radiators, kitchen cabinet, internet are all problematic and the price is ridiculously high compared to other places."
Akyaka Tatil Apart,Besim Vişne,tr,"geçtiğimiz hafta tatil apart otelindeydik konumu ,temizligi ,calışanların ilgisinden çok memnun kaldık.tam bir aile ortamı i̇şletme sahipleride çok ilgililerdi güler yüzlu insanlardı.ilgilerinden dolayi çok tesekkur ediyorum.ben eşimle 2018 bu yana senede 2 defa nisan ve ekim sonları gibi akyaka ya tatile gideriz ve bu sefer tatil apartta ilk defa kaldık ve çok memnun kaldik.tekrar görüsmek dileklerimle iyi çalişmalar diliyorum."
Akyaka Tatil Apart,Başak Doğan,tr,"1+0 odada kaldık.odaya 2500 tl verdik ve çarşaflarda lekeler olduğu için arabadan kendi çarşaflarımızı aldık.ertesi gün çıkış yaparken görevlilerden biri “çarşaflarınızla gelmişsiniz”diye tuhaf bir tepki verdi ve ben de çarşafların lekeli olduğunu söyledim.yaptığı açıklama; “çarşafların temiz olduğu ve önceki müşterilerin çarşafa salça,sinek ilacı gibi şeylerle kirletttiğini ve her seferinde 400 tl verip yeni çarşaf mı alacağız”oldu. bir önceki müşterinin ne yaptığı diğer müşterinin sorunu değildir bir işletmeci olarak fevri tavırlar yerine daha yapıcı bir dil kullanılmalı odaların hijyenine dikkat edilmeli onun haricinde evet işletmenin konumu güzel ve fiyatı ortalamanın biraz daha altında"
Akyaka Tatil Apart,Gültekin Akçakavak,tr,akyakada azmak kenarında mükemmel manzarası olan bir işletme. aile işletmesi olması bizi kendi evimizde hissettirdi. güler yüzlü ve yardımsever bir işletmecileri var. odaları temizdi ve yeni tadilat yapıldığı belliydi. yolunuz düşerse mutlaka uğramanızı tavsiye ederim. bahçedeki çiçeklere ve bitkilere ayrı bir parantez açmak istiyorum. bahçede oturup zaman geçirmesi de çok keyifli tavsiye ederim.
Akyaka Tatil Apart,Elif Guvenc,tr,azmak kenarında tatlı bir aile işletmesi. biz 2 kız küçük otel odasında kaldık. küçük ama kullanışlı bir odaydı. bu fiyata azmak kenarında küçük de olsa ada bulması zor. sadece yatıp güvende hissetmek için birebir. otoparkları olması büyük avantaj. gönül rahatlığıyla tavsiye ederim.
Akyaka Tatil Apart,Berkay,tr,"azmağın en iyi konumunda olmasına rağmen kendini gram geliştirememiş bir aile yeri. güleryüzden yoksun , sıfır hizmet . 1+0 olarak kiraladıkları oda muhtemelen daha önce mutfaktı, ve bu odaya günlük 2.500 tl gibi bir rakam istiyorlar. böyle güzel bir konumda böylesine bir işletmeyi nasıl bu hale getirdiniz. paranızı çöpe atmamanızı tavsiye ederim."
Akyaka Tatil Apart,Krzysztof Korona,en,i had a wonderful stay at your hotel. the staff was very friendly and the room was clean and well-appointed. the overall atmosphere of the hotel was very relaxing. thank you!
Akyaka Tatil Apart,Ozzy the Wizard,en,"i enjoyed my stay the most when i was on the top floor, with a window facing the river. the first thing i saw every morning was the river and the beautiful eucalyptus trees. the location was perfect, the owner was friendly, and the apartment had everything i needed."
Akyaka Tatil Apart,Alina Jendrzejek,en,"great place with perfect location in heart of akyaka next to azmak river. walkable distance to the beach, a lot of shops and restaurant available around. room is well equipped and newly renovated. apartament had lovely balcony with beautiful view on the river, perfect to rest in the evening. very nice and helpful service. highly recommend."
Akyaka Tatil Apart,Ken James,en,great place to stay staff and owners can’t do enough for you . the tatil is conveniently situated for all restaurants/bars/beach and for all the surrounding town
Akyaka Tatil Apart,Murat alagöz,en,best holiday. clean and quiet. for a peaceful holiday here is a must.
Menteşede Oteller | Karya Apart Otel,Bahadır Arda Durukan,tr,odanın temiz olmaması dışında hiçbir problem yok çalışanlar gayet güleryüzlüydü otelin konumu çok güzel bir yerde menteşede fiyat performans
Menteşede Oteller | Karya Apart Otel,Selim Acar,tr,odaları temiz mekanı güzel çalışan memnuniyeti ön planda 4 gece konaklama yaptık güler yüzlü personel istediğimiz her yere yakın muğla merkez gayet konum olarak güzel sonsuz teşekkürler bol kazançlar dilerim
Menteşede Oteller | Karya Apart Otel,Emin Acar,tr,odalar gayet temiz ve güzel.merkezi bir yer. 4 gün konaklama yaptık güzel bulduk. personel arkadaşlardan çok memnun kaldık.
Menteşede Oteller | Karya Apart Otel,Mcan Abak,tr,"7 aralık tarihinde, saat geç ve araç kalmadığı için 1 gece konaklamak istedik. yorumlara güvenerek temizdir dedik ve gittik, sadece havlular temizdi. battaniye, çarşaflar, yastık felaket kokuyordu. biz ödeme yaparken, resepsiyon görevlisi bir beyefendiye odayı temiz mi kontorl etmesi için gönderdi, yani bizden önce kalanların dağınıklılığını toplamışlar o kadar. bir de marmaris veya akyaka da 1000 liraya suit oda da konaklayacakken, bu pislik yer e 1200 lira istemeleri de cabasıydı. neyse marmaris, akyaka bodrum vs çevresinde apartlarda sık konaklayan birisi olarak hayatımın en kötü deneyimini yaşadım. teşekkürler kayra apart. kesinlikle tavsiye etmiyorum ne fiyat ne performans!!! eğer elimden gelirse turizm bakanlığına da aynı şekilde şikayette bulunacağım. bir de gelip son 1 ay içerisinde misafir listemizde isminizi göremedik falan dersiniz iyi bakın ""mehmet can abak"" yukarıda tarih de verdim, ama tavsiyem hatalı olduğunuzu kabul edip özür dilerseniz belki biraz gelişirsiniz..."
Menteşede Oteller | Karya Apart Otel,Mervan Aykut,tr,eski arastada tarihi tek katlı bir yer. 4 gün kaldık her gün çarşaf degişimi istedik çalışan arkadaşlar sagolsunlar odayı tertemiz yaptılar her gün. etraftaki pansiyonlara nazaran havlu tuvalet kağıdı şampuan hepsini günlük tamamlıyorlar. tek kat oldugu için yoldan bazen ses geliyor ama bizi çok rahatsız etmedi.
Menteşede Oteller | Karya Apart Otel,ASHRAF EZZI,en,it's too sample inside too dirty and too old if someone talking outside that you will listening everything was bad choice
Menteşede Oteller | Karya Apart Otel,Amasyali Tayfun,en,good room and service.
Menteşede Oteller | Karya Apart Otel,StaBiL “ZaFeRr” LiFe,en,pörfec
Menteşede Oteller | Karya Apart Otel,Bahadır Arda Durukan,en,"there was no problem other than the room not being clean, the staff were very friendly, the location of the hotel is very nice, the price and performance are in a good place."
Menteşede Oteller | Karya Apart Otel,Selim Acar,en,"the rooms are clean, the place is nice, employee satisfaction is at the forefront, we stayed for 4 nights, friendly staff, close to everywhere we wanted, muğla center is very good location, thank you very much, i wish you good luck."
Akyaka Apart Pansiyon,Ayael İldan,tr,telefonla görüşme yaptım çok kaba be sorunlu bir işletme yanlış anlamışlar 1100 tl kaporamı alıp iade etmediler. dekont da yanlış tarih atmışım diye ama ben yeri ayırırken sözlü belirtmiştim geldiğim tarihi kesinlikle bulaşmayın helal etmiyorum
Akyaka Apart Pansiyon,ali çınar,tr,harita üzerindeki yeri yanlış işaretlenmiş. telefonla arayınca merkeze uzakta bir yerin konumuna yönlendirildik. geldiğimizde bize verilen oda bodrum katta penceresiz zindan gibi bir odaydı. geç saatte geldiğimiz için o gece konaklayıp sabah çıkış yaptık.
Akyaka Apart Pansiyon,Nihal Kılıçaslan,tr,kesinlikle tavsiye etmiyorum çok kirli bir apart yorumda temiz yazan insanlarla farklı yerlerden mi bahsediyoruz diye düşünüyorum hatta ücretini ödediğim halde kirliliğinden dolayı geceyi geçirmedik başka bir aparta geçtik
Akyaka Apart Pansiyon,Enes Koseoglu,tr,"personel hiç ilgili değil. mekan güzel, konum iyi fakat çalışanlar çok ilgisiz ve kaba. böyle olunca da haliyle memnun kalamıyorsunuz. tek gecelik konaklama kabul etmiyorlar. en az iki gece. temizlik sıfır. odalar güzel olsa bile temizlik kötü olunca içiniz rahat bir şekilde konaklayamıyorsunuz. tavsiye etmem."
Akyaka Apart Pansiyon,Göknur Dursun,tr,çok güzel.heryere yakın..işletme sahibi guleryuzlu ilgileniyorlar.odalari harika biz çok beğendik.tavsiye ederiz.
Akyaka Apart Pansiyon,Ayael İldan,en,"i made a phone call, it is a very rude and problematic business, they misunderstood and took my deposit of 1100 tl and did not refund it. i thought i had put the wrong date on the receipt, but i had verbally stated the date of my arrival when booking the place, so don't get involved, i don't condone it."
Akyaka Apart Pansiyon,ali çınar,en,"its location on the map is marked incorrectly. when we called, we were directed to a location far from the center. the room we were given when we arrived was a windowless dungeon-like room on the basement floor. since we arrived late, we stayed that night and checked out in the morning."
Akyaka Apart Pansiyon,Nihal Kılıçaslan,en,"i definitely do not recommend it. it is a very dirty apartment. i wonder if we are talking about different places with the people who wrote clean in the comments. even though i paid the fee, we did not stay the night because of the pollution, we moved to another apartment."
Akyaka Apart Pansiyon,Enes Koseoglu,en,"the staff is not at all concerned. the place is nice, the location is good, but the employees are very indifferent and rude. when this happens, you cannot be satisfied. they do not accept one night stay. at least two nights. cleanliness is zero. even if the rooms are nice, you cannot stay comfortably when the cleaning is bad. i do not recommend."
Akyaka Apart Pansiyon,Göknur Dursun,en,very nice. close to everywhere. the owners are friendly and take care of you. the rooms are great. we liked it very much. we recommend it.
Yeni sıtar apart,Elif Sarı,tr,i̇ğrençti en son gidilecek yer hatta hiç gelmeyin kapılar kapanmıyor. çok gürültülü. ayrıca havuzu çok kirli. hiç hijyenik değil. gelmenizi onermem. kapılardan sesler geliyor. çoçuklar ile gelinebilecek bir yer değil. hatta hiç bir şekilde gelinicek bir yer değil. ve gereksiz yere pahalı. biz hiç memnun olmadık gelmenizi onermeyiz.
Yeni sıtar apart,Yavuzhan Krbr,tr,fotoğraflarını attıkları odadan başka bir odaya yerleştirildik küçücüktü bavul açmaya bile yer yoktu neredeyse duş perdesi kopmuş ve tamir edilmek ya da oradan alınmak yerine öylece banyoda bırakılmış bir haldeydi ve örümcekler vardı temiz değildi
Yeni sıtar apart,Oğuzhan YANAR,tr,sadece kalacak yer için bir gece kaldık. sakin merkez gürültüsünden uzak hoş bir yer. balkonu cok keyifli. i̇dare edecek havuzuda mevcut.odada ki eşyalar biraz daha bakımlı olabilir. temizlikte sorun yoktu. tekrar tercih ederim.
Yeni sıtar apart,yeolirswq0,tr,çok kötüydü.gelmenizi onermeyiz.havuzu çok pisti.eşyalar kırık.havalandırmadan garip ve rahatsız edici sesler geliyor.duvarların belirli yerleri çatlak.kapılar kapanmıyor dış kapıyı zor kapattık.mutfağın musluğu arızalı.gereksiz yere pahalı.hiç beğenmedik gelmenizi önermem
Yeni sıtar apart,Mustafa Demirci,tr,hersey guzeldi odalar temiz degildi yuzme havuz vardi
Yeni sıtar apart,Elif Sarı,en,"it's disgusting, the last place to go, don't even come here, the doors don't close. it's too loud. also the pool is very dirty. it's not hygienic at all. i do not recommend you to come. there are sounds coming from the doors. it's not a place to come with children. in fact, it is not a place to come to in any way. and it's unnecessarily expensive. we are not happy at all and do not recommend you to come."
Yeni sıtar apart,Yavuzhan Krbr,en,we were placed in a different room than the one they posted the photos of. it was tiny. there was almost no room to unpack. the shower curtain was broken and left in the bathroom instead of being repaired or taken from there. and there were spiders. it wasn't clean.
Yeni sıtar apart,Oğuzhan YANAR,en,we stayed one night just for accommodation. a nice place away from the noise of the quiet center. the balcony is very pleasant. it also has a swimming pool. the furnishings in the room could be a little more well-maintained. there was no problem with cleaning. i would choose it again.
Yeni sıtar apart,yeolirswq0,en,it was very bad. we do not recommend you to come. the pool is very dirty. furniture is broken. strange and disturbing sounds come from the ventilation. certain parts of the walls are cracked. the doors do not close. we had difficulty closing the outer door. the kitchen tap is faulty. it is unnecessarily expensive. we did not like it at all. i do not recommend you to come.
Yeni sıtar apart,Mustafa Demirci,en,"everything was fine, the rooms were not clean, there was a swimming pool"
Renklice Apart Evler,Ersan Özmen,tr,"öncelikle nurgül hanıma, nezaketi, güler yüzü ve yardımları için çok teşekkür ederiz. çok temiz ve ailece kalınabilecek bir yer. biz 3 gün kaldık ve döneceğimiz güne kadar, çarşaflardan, havlulardan ve odalardan temizlik kokusu gitmemişti."
Renklice Apart Evler,Durmusali öz,tr,"2 eylül de 3 gece konakladık. dairede ihtiyaç olacak herşey var, (ocak, çamaşır makinesi, kahve makinası, tost makinası vs) akyaka ortam olarak çok güzel zaten ama buranın konumu hem plaja yürüme mesafesinde hem bi o kadar sessiz. sahilin o kalabalık gürültüsü yok, kuş sesleriyle huzur içinde dinlenebilirsiniz."
Renklice Apart Evler,Berfin İpek,tr,renklice apart uzun konaklama için çok uygun. biz 1 hafta kaldık ve tadına doyamadık. denize yürüme mesafesinde ve ev sahibiyle hızlı iletişim kurabiliyorsunuz akyakaya geldiğinizde burada konaklamanızı tavsiye ederim
Renklice Apart Evler,murat dibek,tr,"tertemiz aile ortamı. denize 200 metre yürüme mesafesinde. gülnihal hocam samimi, güler yüzlü. i̇lgi ve alakasından dolayı teşekkür ederiz."
Renklice Apart Evler,Serdar Bengi,tr,ormanın içinde koyu gölge denize yürüme mesafesinde 300 metre sessiz sakin sincap ve akyaka ya özel bülbül sesleri ile huzurlu bir ortamda mangal keyfi de yapabilirsiniz
Renklice Apart Evler,Ersan Özmen,en,"first of all, we would like to thank ms. nurgül for her kindness, smiling face and help. a very clean and family friendly place to stay. we stayed for 3 days and until the day we returned, the smell of cleaning did not disappear from the sheets, towels and rooms."
Renklice Apart Evler,Durmusali öz,en,"we stayed for 3 nights on september 2. the apartment has everything you need, (stove, washing machine, coffee machine, toaster, etc.) akyaka is already very beautiful in terms of environment, but the location of this place is within walking distance to the beach and so quiet. there is no crowded noise on the beach, you can rest peacefully with the sounds of birds."
Renklice Apart Evler,Berfin İpek,en,renklice apartment is very suitable for long stays. we stayed for 1 week and couldn't get enough of it. it is within walking distance to the sea and you can communicate quickly with the owner i recommend you to stay here when you come to akyaka
Renklice Apart Evler,murat dibek,en,a clean family environment. 200 meters walking distance to the sea. teacher gülnihal is sincere and smiling. thank you for your interest and interest.
Renklice Apart Evler,Serdar Bengi,en,"you can also enjoy a barbecue in a peaceful environment with the sounds of squirrels and nightingales special to akyaka, 300 meters away from the dark shade of the forest, walking distance to the sea."
Akyaka apart mera,Ebru KIROĞLU,tr,"bayram tatili için arkadaşımızın ayırttığı bir yerdi. gittiğimizde orayla ilgilenen kişinin bize başka bir daire verme çabaları ve gördüğümüz dairedeki eşyaların facia görünümleriyle dumura uğradık. sonrasında bize fotoğrafları gösterilen daire boşaltılıp yalap şalap bir temizlik yapılarak bize verildi. eşyalar çok eski, çarşaf ve pikelerin rengi siyaha yakın griydi, çift kişilik yatağın sürekli gıcırtısından ve çöküklüğünden 3 gece boyunca uyku uyumadık. diğer tek kişilik yataklar idare ederdi sanırım arkadaş ve çocukları uyudular bir şekilde. mutfak eşyalarına gelirsek temiz ve hijyenik değil. kağıt tabak, bardak vs alıp idare ettik. duşa girip yıkanmak istediğinizde ise taktıkları elektrikli alet 4 gün boyunca tüm binanın şalterlerini attırıp elektriksiz bıraktı hepimizi. 5 lik pet şişelere musluktan güneş enerjisi ile ısınan suyu doldurup o şekilde duş almak zorunda kaldık. dönem itibari ile bir tek park yeri bulmakta sıkıntı çekmedik. konuma gelince daha denize yakın yerler mevcut. ne temizlik, ne eşyalar, ne de hizmet bakımından tavsiye edebileceğim veya tekrar gidip kalabileceğim bir yer değil."
Akyaka apart mera,Kubra Turkeli,tr,"apart konum olarak iyi bir yerde. otopark problemi yok. temiz ve düzenliydi. merdivenleri biraz dik. biz 4. katta olduğumuzdan çocuklarla ve eşyalarla inip çıkmakta biraz zorlandık. balkonu yok. evdeki elektrik düğmelerinin hepsi salonda bulunuyor, tek bir yerde toplanmış, odalar dahil. i̇şletmeciler ilgiliydi, yardımcı oldular."
Akyaka apart mera,Mehmet Deniz,tr,teras katında kaldık. çok sıcaktı. birisi çok eski i̇ki tane klimayla zar zor serinletebildik evi. klima olmayan oda yine de sıcak kaldı. ara katlarda bu sorun olmayabilir. eşyalar çok eski. fiyatına göre daha iyi bir ev beklerdik. temizlikte sorun yoktu. i̇şletmeciler de düzgün insanlar. odalardan biri çok büyük ve manzarası çok iyi. arabanız varsa konumu da gayet iyi.
Akyaka apart mera,İrfan TANRIVER,tr,"odasının birinde pencere yoktu. o odaya da vantilatör koymuşlar. genel itibariyle güzel. eşyalar temiz ev hijyenik. banyo tuvalet kullanışlı. bahçesi var. personel ilgili. migros 2 dk yürüme mesafesinde. çamaşır makinesi, bulaşık makinesi var. i̇ki oda ve salonda kilima var. ütü masası var. kerem bey ve dursun bey'e teşekkür ederim. seneye yine buraya gelmeyi düşünüyorum."
Akyaka apart mera,bilal çağrı orhan,tr,mükemmel hizmet. kiralık villada konakladık. gökhan bey ve babası durmuş bey çok ilgiliydi. kendi evimizdeymiş gibi rahat ettik. villa tertemizdi ve ihtiyacımız olan herşey vardı. herşey için teşekkür ederiz. seneye görüşmek üzere
Akyaka apart mera,Mert Akça,en,"big room and nice scenery. really nice location, two air conditioners. the only downside is whenever i move on the bed, it makes a loud noises."
Akyaka apart mera,Ebru KIROĞLU,en,"it was a place booked by our friend for the holiday. when we went there, we were stunned by the efforts of the person taking care of the place to give us another flat and the disastrous appearance of the furniture in the flat. afterwards, the flat whose photos were shown to us was vacated, thoroughly cleaned and given to us. the furniture was very old, the color of the sheets and quilts was gray almost black, we did not sleep for 3 nights due to the constant squeaking and collapsing of the double bed. other single beds were okay, i think my friends and their children slept somehow. as for the kitchen utensils, they are not clean and hygienic. we bought paper plates, cups, etc. and made do. when you wanted to take a shower and wash, the electrical device they installed tripped the switches of the entire building and left us all without electricity for 4 days. we had to fill 5-liter plastic bottles with water heated by solar energy from the tap and take a shower that way. as of that period, we did not have any trouble finding a single parking space. as for the location, there are places closer to the sea. it is not a place i would recommend or stay in again, neither in terms of cleanliness, furnishings or service."
Akyaka apart mera,Kubra Turkeli,en,"the apartment is in a good location. there is no parking problem. it was clean and tidy. the stairs are a little steep. since we were on the 4th floor, we had a little difficulty getting up and down with our children and belongings. it has no balcony. all the electrical switches in the house are located in the living room, collected in one place, including the rooms. the operators were interested and helpful."
Akyaka apart mera,Mehmet Deniz,en,"we stayed on the terrace floor. it was very hot. we could barely cool the house with two air conditioners, one of which was very old. the room without air conditioning still remained hot. this may not be a problem on intermediate floors. the items are very old. we expected a better house for its price. there was no problem with cleaning. the operators are also decent people. one of the rooms is very large and has a very good view. if you have a car, the location is also very good."
Akyaka apart mera,İrfan TANRIVER,en,"there was no window in one of the rooms. they also put a fan in that room. generally beautiful. the furniture is clean, the house is hygienic. the bathroom toilet is useful. it has a garden. the staff is caring. migros is 2 minutes walking distance. there is a washing machine and dishwasher. there is air conditioning in two rooms and the living room. there is an ironing board. i would like to thank mr. kerem and mr. dursun. i'm thinking of coming here again next year."
Sezgin Apart,Sefer Yeşil,tr,önceden gelmiştik çok beğenmiştik ama telefon numarası nı bulamıyoruz
Sezgin Apart,Sefer Yeşil,en,"we came before and liked it very much, but we can't find the phone number."
Ceylan Apart,Meric Riza,tr,gayet güzel her odada klima var mutfak ayrı bu güzel 5 kişilik aile rahat kalır hatta çok zorlar iseniz 6 bile alır denize yakın iki tane balkon var balkonda 5 kişilik masa var
Ceylan Apart,Ahmet Icelli,tr,bayram nedeniyle zemin katta kaldık. üst katlar nasıl bilmiyorum ama bizim eşyalar 1980 lerden kalma sanırım. dolaplar haşat. müşteri ilgi alakaları iyi. plaja yakın. merkezî
Ceylan Apart,Sümeyra Kaynar,tr,güleryüzlü insanlar tüm ihtiyaçlarınızı karşılama çabası içindeler zeyyat bey ve tuncay hanım içindeki eşyalar kullanım açısından yeterli sinek vs yok ben sitelerde fotoğraf da göremedim ama gittiğimde tatmin edici bir ortamla karşılaştm denize de oldukça yakın plajın dibinde
Ceylan Apart,Necat Sertkük,tr,fiyat iyi ve sahipleri sempatik insanlar. temiz ve kullanışlı 1+1 oda balkonda kahvaltı klimalı yapı eski mutfak temiz ve kullanışlı mangal yapabiliyorsunuz. tavsiye ederim.
Ceylan Apart,serdar akçay,tr,#NAME?
Ceylan Apart,Meric Riza,en,"it is very nice, there is air conditioning in every room, there is a separate kitchen, this is nice, a family of 5 can stay comfortably, even if you push it hard, it can even take 6, there are two balconies near the sea, there is a table for 5 people on the balcony."
Ceylan Apart,Ahmet Icelli,en,"we stayed on the ground floor because of the holiday. i don't know what the upper floors are like, but i think our furniture is from the 1980s. the cupboards were destroyed. customer care is good. close to the beach. central"
Ceylan Apart,Sümeyra Kaynar,en,"friendly people are trying to meet all your needs, mr. zeyyat and ms. tuncay, the items inside are sufficient for use, there are no flies etc. i could not see any photos on the sites, but when i went, i found a satisfactory environment, it is at the bottom of the beach, very close to the sea."
Ceylan Apart,Necat Sertkük,en,"the price is good and the owners are friendly people. clean and useful 1+1 room, breakfast on the balcony, air-conditioned building, old kitchen, clean and useful, you can barbecue. i recommend."
Ceylan Apart,serdar akçay,en,"+ affordable price compared to akyaka, close to the beach people are trustworthy, helpful, great for large families -the furnishings are old, the beds were misused by those who came, and there was even a smell of urine. we did not receive the same attention when we left. since it is a family unit, the prices are determined according to the number of visitors (usually, but affordable). the photos are a bit misleading, it is next to the waste unit of the other hotel, i don't know if it will cause any problems, parking is a general problem in the area. i hope this will be information for those who want to stay."
APART 48,esra evdan (Faydalı yorumcu),tr,"3 gece konakladık. mutfak eşyaları tava vs. aşırı eski ve yağ katmanları oluşmuş artık, çöpe atarsınız o derece. oda da tahta kurdu vs.vardı sanırım heryerimiz şişti kaşıntı oldu. oradan ayrıldık geçti kaşıntılar. hijyen 0, oda 0, konumda araba ile kurtarıyo. biraz özen gösterilmeli."
APART 48,Hatice Kılıç,tr,"2 gece konakladık ihtiyacımız olan her şey vardı, temizdi. sadece eşyaları eski biraz, banyosuna bakım gerekli ve halı yoktu. konum, denize uzaklık açısından biraz geride kalıyor ama arabayla sorun olmuyor. gayet güzeldi tavsiye ederim."
APART 48,Hüsamettin Yardım,tr,çok kibar ve misafirperver karşılandık yeri merkeze biraz ters bir noktada ama ulaşım arabanız varsa zor değil odanın manzarası güzel ama odalar biraz yorulmuş bakıma ihtiyaç duyuyorlar çarşaf ve kılıflar temiz odalar daha iyi olabilirdi fiyat performans 5/4
APART 48,Musa ANBAR,tr,akyakayı tepeden gören gürültü ve sinek şikayeti yaşatmayan ev konforunda temiz ferah bir apart.
APART 48,BİR İSİ,tr,manzara ve apart sahibi dışında diğer şeyler kötüydü mutfakta sadece 1 tava 1 tencere vardı temizlik çok kötü ve heryer dökülüyor du
APART 48,h.kudret ekmekçi,en,super
APART 48,esra evdan (Faydalı yorumcu),en,"we stayed for 3 nights. kitchen utensils, pans etc. it's too old and has layers of oil on it, so you can throw it away. i think there were woodworms etc. in the room and we were all swollen and itchy. we left there and the itching went away. hygiene 0, room 0, rescue by car. some care must be taken."
APART 48,Hatice Kılıç,en,"we stayed for 2 nights, it had everything we needed, it was clean. only the furnishings were a bit old, the bathroom needed maintenance and there was no carpet. the location is a little behind in terms of distance to the sea, but there is no problem with a car. it was very nice, i recommend it."
APART 48,Hüsamettin Yardım,en,"we were greeted very politely and hospitably. the place is a little opposite the center, but if you have a car, transportation is not difficult. the view from the room is nice, but the rooms are a bit tired and need maintenance. the sheets and covers are clean. the rooms could be better. price performance 5/4"
APART 48,Musa ANBAR,en,"a clean and spacious apartment with the comfort of home, overlooking akyaka, without any noise or fly complaints."
Akyaka Özgem Apart Otel,fatih yılmaz,tr,"akyaka da konaklama planimiz yoktu aslında fakat yorulduk ve 1 gece kalmak istedik. farkli bir apart bakmıştik fakat begenmedik ve özgem apartin onunden geciyorduk o anda..velhasil cok begenerek gecirdigimiz muhtesem bir gece yasadik...şöyle ki: temizlik muazzam, ortam muthis limon ve mandalin agaclari bahceli, havuzu muthis odalar konforlu ve hersey en ince detayina kadar dusunulmus...mutfaktaki tum arac gereclerden tutun da banyoya konulmus olan fön makinesine kadar...ki heryer genelde dandik sacma sapan minik bir kurutma mak. koyar... biz cok memnun kaldik konumuda super azmak 3 dk idi... hersey icin tesekkurler özge hanim ve kiymetli anne, babasi..."
Akyaka Özgem Apart Otel,Ezgi Şimşek,tr,"özgem apart akyaka’da kaldığımız süre boyunca kendimizi evimizde gibi hissettik. apartın temizliği, düzeni ve konforu beklentilerimizin çok ötesindeydi. odalar geniş, ferah ve her ihtiyacımızı karşılayacak şekilde donatılmıştı. sessiz, sakin bir ortamda hem doğanın içinde huzurlu vakit geçirdik hem de akyaka’nın tüm güzelliklerine kolayca ulaşabildik. apartın sahipleri de son derece ilgili ve misafirperverdi; kendilerine buradan bir kez daha teşekkür ederiz. kesinlikle güvenebileceğiniz aile apartı. akyaka’da konaklayacaklar için kesinlikle tavsiye ediyorum."
Akyaka Özgem Apart Otel,BİLAL SOĞANCI,tr,3 çocuğumuzla 5 kişi 7 günlük bir marmaris akyaka tatili yaptik bu yıl. 15 temmuz 22 temmuz arası *ozgem apart tam bir aile işletmesi. çok sıcak ve yaklaşımları çok iyi gelen misafirlere. kendimizi evimizde hissettik. bir ihtiyaç olduğunda hemen yardımcı olmaya çalıştılar. *odalar çok temizdi. klima sorunsuz çalışıyordu. bizim için kalabalık olduğumuz için buzdolabı önemliydi. oda gayet güzeldi. *biz iki aile gittik ve çok güzel bir tatil geçirdik bu sene ozgem apart ailesine teşekkür ederiz. herkesi tavsiye ediyorum. * aytica akyaka çok güzel bir yer. tüm gezdiğimiz yerlerin merkezinde bir konumdaydi. marmaris merkeze 30 dk. akbuk ve oren koylarina 45 dk 60 dk civarında biz bölgedeki birçok koyu gezme şansımız oldu. * son olarak akyaka giderseniz tekne turu yapmanızı da öneririm. bu konuda çok iyiler...
Akyaka Özgem Apart Otel,Ömer YILMAZLAR,tr,öncelikle işletme sahibi özgem hnm ve eşi emrah bey e ilgi ve alakaları için çok teşekkür ederiz çok ilgililer ilk girişte size o samimiyeti ve sıcaklığı hissettiriyorlar. odalar çok temiz bahçesi tek kelime ile çok şirin... otantik ve hoş akyaka da kalmak için gönül rahatlığı ile tercih edebilirsiniz on numara beş yıldız bir aile işletmesi
Akyaka Özgem Apart Otel,Hatice Yanıkoğlu,tr,biz 1 yaşındaki oğlumuzla beraber gittik bebekle gidilebilecek bi apart tam bir aile apartı. arkada bahçesi ve havuzu var çocuklar için ufak bir oyun alanı var güvenilir ve temiz. odalar temiz ve ferahtı her açıdan çok memnun kaldık. sürekli akyaka’ya gideriz ama bu apartta ilk defa kaldık bundan sonra akyakadaki evimiz özgem apart biz çok sevdik. sahipleri çok tatlı insanlar ilgileri alakaları çok iyiydi biz çok memnun kaldık herkese öneririm.
Akyaka Özgem Apart Otel,Zeynep Ceren Kiziltunc,en,"the rooms are cozy, silent and economic. service is available and done attentively."
Akyaka Özgem Apart Otel,Zahid Ali,en,one of best apartment in akyaka.
Akyaka Özgem Apart Otel,fatih yılmaz,en,"we actually didn't plan to stay in akyaka, but we were tired and wanted to stay for 1 night. we looked at a different apartment, but we didn't like it and we were passing by özgem apartment at that moment. in short, we had a wonderful night that we enjoyed very much... it is as follows: the cleanliness is magnificent, the environment is wonderful, there are gardens of lemon and tangerine trees, the pool is wonderful, the rooms are comfortable and everything is down to the smallest detail. thought... from all the appliances in the kitchen to the blow dryer in the bathroom... everywhere is a cheesy, ridiculous little dryer. puts... we were very pleased with the location, it was super azmak was 3 minutes... thank you for everything, ms. özge and her precious parents..."
Akyaka Özgem Apart Otel,Ezgi Şimşek,en,"we felt at home during our stay at özgem apart akyaka. the cleanliness, order and comfort of the apartment were far beyond our expectations. the rooms were large, spacious and equipped to meet our every need. we had a peaceful time in nature in a quiet, calm environment and were able to easily reach all the beauties of akyaka. the owners of the apartment were also extremely caring and hospitable; we would like to thank them once again. a family apartment you can definitely trust. i definitely recommend it to those who will stay in akyaka."
Akyaka Özgem Apart Otel,BİLAL SOĞANCI,en,"this year, we had a 7-day marmaris akyaka holiday as a group of 5 people with our 3 children. between 15 july and 22 july *ozgem apart is a complete family business. the guests are very warm and their approach is very good. we felt at home. whenever there was a need, they immediately tried to help. *rooms were very clean. the air conditioner was working smoothly. the refrigerator was important to us because we were crowded. the room was very nice. *we went as two families and had a very nice holiday this year. thank you to the ozgem apart family. i recommend everyone. * aytica akyaka is a very beautiful place. it was in a central location of all the places we visited. 30 minutes to marmaris center. we had the chance to visit many bays in the region, around 45 minutes and 60 minutes from akbuk and oren bays. * finally, if you go to akyaka, i recommend you to take a boat tour. they are very good at this..."
Koparan Apart,Akif Keles,tr,"akyaka’da ki tatilimizin bu kadar güzel geçeceğini bilsek tatilimizi daha uzun ayarlardık. otele ilk girdiğimiz anda bizi güleryüzle karşıladılar. farklı oda tipleri var hepsini teker teker gösterdiler , odaları göstermeden 1 tl para bile istemediler ki çoğu otelde ücretler girişte alınıyor. bi 1+1 bahçe katındaki odayı tuttuk. odanın baştan aşağı tertemizdi artık akyaka’ da bir evimiz oldu. her sene geleceğiz inşallah , bahçesi begonvil ağacı deniz manzarası ferahlığı her şeyiyle tam bir aile apartı herkese tavsiye ederim. akyaka’ya yolunuz düşerse mutlaka uğrayın"
Koparan Apart,Seda Gökçe,tr,"google yorumları ve otel fotoğraflarına bakarak aynı gün içinde rezervasyon yaptık. karşılamaları ve yaklaşımları güzel yardımcı olmaya çalışıyorlar ancak odalarına daha özen göstermeleri gerekiyor. bize verdikleri odada klozetin üzeri yani tavan belli ki tadilat nedeniyle açıktı ve görüntü hoş değildi. böyle bir durumda başka boş oda varsa orayı göstermeyebilirler. odayı tuttuktan sonra fark edip değiştirmek istedik ve farklı bir odayı verdiler ancak o odada da hijyen eksikti. pimapen kapıyı silebilirler ama silmemişler üzerinde kıl tüy vardı, buzdolabının üstünde de lekeler mevcuttu. odada kurutma makinası yoktu ve banyo çok küçüktü. 1.90 boyunda bir insan o klozette rahat edemez mesela. bir daha kalacağım bir deneyim yaşamadım maalesef."
Koparan Apart,Mehmet Ertunc,tr,"eylül 2024 yılının ikinci haftasında annem kardeşim eşim ve ben muğla akyaka'da tatil yapmak için koparan apart otel'i tercih ettik. i̇yi de tercih etmişiz. koparan apart'ın işletmecileri ali bey ve oğlu umut tarafından misapirverliğin çok üzerinde bir ilgiyle karşılandık. bir taraf dağ manzaralı, bir tarafı deniz manzarası olan bir odaya yerleştik. bizimle o kadar güzel ilgilendiler ki, tarif edilemez. i̇nanın reklamlarını yapmıyorum. gelin, görün ve yaşayın. hele son körfezde deniz kenarına gittik. yaşlı annem ve eşin için hemen katlanır sandalye temin ettiler. i̇yi ki hala günümüzde böylece güzel insanlar var. teşekkürler koparan apart otel'i̇n i̇şletmeci̇leri̇ ali̇ bey ve oğlu umut. i̇yi ki varsiniz. hep böyle kalin. bi̇zde güzel i̇nsanlar hala aramizda di̇yebi̇leli̇m"
Koparan Apart,mustafa akterlık,tr,konumu merkeze uzak. odalarda havlu çarşaf tuvalet kağıdı eksikti. bize verdikleri odalardan birinde pencere yoktu ışık almıyordu. telefonla rez yaptıracaksanız mutlaka oda fotoğrafı isteyip öyle rezervasyon yaptırın. geçerken uğrayıp sadece 1 gece konaklayacagız diye seçmiştik ama odaları görünce pişman olduk. sonrasında da kalırsanız kalın gibi bir üslupla karşılaştık. nakit ödeme için anlaştık. vergi veriyorlar mı nakit aldıkları paradan diye düşünmedik değil...
Koparan Apart,Eda Nur SAYGI,tr,eylül ayında 2 gün konaklama yaptık. kaldığımız en kötü yer diyebilirim. kaldığımız oda da nevresimler temiz değil ve cok pis kokuyordu. akşam vakti çocuğuma duş aldırmak istediğim de sıcak su yoktu. hamam böcekleri banyo da ve oda da geziyordu. olması gereken yerler de priz yoktu. fotoğraflardakiyle alakası yok. gideceklere asla tavsiye etmiyorum.
Koparan Apart,Andaç Görgülü,en,"we reserved 2 days for vacation, the owner of hotel is rude, 2 adults and 7-12 age boys. they gave us a mattress style bed and asked for a fee for the normal bed. the business owner's efforts to talk from above and rudeness. a hotel owner who says we are doing you a favor so that it is cheap. i burned a 500 tl deposit and ran away in a hurry."
Koparan Apart,Onur Kapucu,en,"on our turkey trip we visited akyaka and then we decided to stay over the night, we found this apart, the young man he replies fast and he gave us nice room which is in upstairs, when we woke up morning there was such a amazing view. hotel is clean and bad is very comfortable. recommend to visitors just book enjoy your holiday"
Koparan Apart,Adrian Stere,en,"i had a wonderful stay at koparan apart hotel in akyaka. the staff was friendly and helpful, the room was spacious and clean, and the location was perfect for exploring the town and the beach. the breakfast was delicious and varied, and the terrace had a lovely view of the garden. i would highly recommend this place to anyone looking for a relaxing and comfortable accommodation in akyaka!"
Koparan Apart,User,en,"we were so happy to find this lovely place. even though it was very late and last minute, uhmet, the house manager, welcomed us and even waited for us until we arrived so we would not get lost. the service and care are excellent. the room was a large suite, with a full balcony and kitchen. like others have said, there is a beautiful view and it is quiet and peaceful. we were only going to stay one day but stayed three. it was the people that made us stay, uhmet and his father, ali, truly connect with their guests and made our stay very special. i would travel very far just to come visit them again. stay here!"
Koparan Apart,Альбина Сидорович,en,"it was amazing experience for me and my friend! our room was small but so cozy. there was enough place for two person. the view was magical. you wake up every morning and give the gratitude for this opportunity just to see it. umut (owner of the hotel) is the buckets person in the whole akyaka. believe me,we didn’t find anyone! if we needed something,umut was always beside and solved any problem. thank you so much for your hospitality and kindness heart! :)"
Nova Aparts Otel,Irfan Kermiş,tr,"eylül ayında 4 gece konakladık. tertemiz pırıl pırıl bir apart. merkezde fakat gürültü yok uzaktan müzik sesi güzel. dilan hanım ve beyefendi çok kibar güler yüzlü. biz çok memnun kaldık ve kesinlikle tekrar gideceğimiz bir yer. aparttan ayrılırken otobüse yetişmek zorunda olduğumuz için dilan hanımları görememiştik. herşey için teşekkür ederiz, tekrar görüşmek dileğiyle selamlar."
Nova Aparts Otel,Tasha Ozkul,tr,"odalar sade, ama hoş ve temiz. giriş kattaki odamızın kocaman bir balkonu vardı. dilan hanım ilgili, güler yüzlü ve yardımcı. konum çok merkezi ve denize yakın. hafta sonu akşam saatlerinde müzik sesi gelebilir, hoşumuza bile gitti :). çok keyifli tatil geçirdik."
Nova Aparts Otel,Silverjazz,tr,apartın konumu harika. köpeğimizle rahatça kaldık. 1+1 odada kaldık oda büyüklüğü yeterli fakat çift kişilik yatak çok ama çok küçük sığamadık yataklar değişilmeli. otelin sahibi hanımefendi çok tatlı kibar birisi. kahvaltı verilmiyor fiyata göre düşününce verilse iyi olabilir.
Nova Aparts Otel,İrem Aksoy,tr,"bence akyaka'da kalinabilecek en güzel konuma sahip. hem merkeze yakinsiniz, hem gürültü yok, hem azmak yakın hem iskeleye yakın. harika konum. odalar da gayet güzel. hizmetten de çok memnun kaldık, dilan hanım da i̇brahim bey de çok ilgililer. kesinlikle fiyat performans."
Nova Aparts Otel,Mehmet Arslan,tr,"nova apart otel 1.1 odada eşimle birlikte kaldık gayet kullanışlı hersey tertemiz ilgi alaka güler yüz daha ne isteriz bizi evimizde gibi hissetirdiler,konum olarak heryere yürüme mesafesinde plaja uzaklığı 5dk azmak çayına 8dk akyaka huzurun kesiştiği bir yer 5 günlük tatilin doyasıya keyfini çıkardık 2 gün daha uzatmayı düşünüyoruz hiç gidesimiz yok açıkçası, emeği geçen herkese çok teşekkürler özellikle güler yüzlü kibar hanımefendiye ayrıca teşekkür ediyorum..sadece tek sorun otopark ara caddelerde yer bulamazsanız bir günlük olarak 300tl veriyorsunuz otoparka yazık yani..."
Nova Aparts Otel,Alicia Brenon,en,"the staff went above and beyond for us! the appartements are clean and comfortable, the internet is also around 18mpbs so it was perfect for us to work. they also gave us some extra tables so we could set up desks. perfect location. overall we had a great stay and we will be back again!"
Nova Aparts Otel,Ashley Perryman,en,"good sized, clean, reasonably priced self catering in the heart of akyaka."
Nova Aparts Otel,Ahmet Baykal,en,good location. very clean.
Nova Aparts Otel,Ecem Onaran,en,niceeee
Nova Aparts Otel,Tolga Yucel,en,"not bad, pretty standard."
Lena Apart,Serkan Gökay,tr,"sahile uzak olmayı dert etmiyorsaniz rahatlikla kalabileceğiniz bir apart. sahipleri alper bey ve annesi gayet ilgili ve guleryuzlu insanlar. 1,75 metre yetişkin havuzunun yanına bu sene çocuk havuzu açmışlar, 3 yaşındaki oğlum havuzda güzel vakit geçirdi. odalarda temiz havlu ve nevresim takımları mevcut. ön tarafa bakan odaların balkonundan deniz görülüyor. yatak ve cekyatlar rahattı. eksi gördüğüm yanlar: klimalar eskimiş biraz zaman zaman performans düşüp yetersiz kalıyor. buzdolabı küçük kalıyor ( bazı odalara büyük buzdolabı koymuşlar, rezervasyon yaparken sormanizda fayda var). titizseniz kendi mutfak eşyanızı getirmelisiniz."
Lena Apart,Ahmet Türkoğlu,tr,"i̇şletme sahibi i̇smihan hanım ve alper bey inanılmaz güleryüzlü ve misafirperver. eşyalar yeni ve kaliteli, oda temizliği çok iyi. havuzu her sabah temizleniyordu. havuz temizliği de başarılı. sessiz ve rahat bir tatil için çok ideal. marketlere 3 dk yürüme mesafesinde."
Lena Apart,zeyneb Türkday,tr,"akyaka tatilimize 1 gün kala ancak müsaitlik bulabilip geldiğimiz apart.. girişte alper bey karışladı bizi çok samimi çok ilgili alakalı bir bey ve çok güzel bi işletme.. havuzu normalde kullanmayı düşünmüyorduk ama o kadar güzeldi ki havuzu da kullandık odamız da çok temiz düzenliydi. her eşya vardı cezveye kadar :) 3 gün kalacaktık uzatıp 4 gün kaldık ,çamaşırlarımızı yıkamaya verdik sağolsun katlayıp oda kapımıza bırakmışlar.. gerçekten çok memnun ayrılıyoruz sadece konumu çok az yukarda ( bu bizi rahatsız etmedi ) araba ile 3 dk sürüyor aşağı inmeniz. bir daha gitsek bi daha konaklarız"
Lena Apart,Burcu Tezel,tr,akyaka'nın hemen girişinde bir aile işletmesi. anne oğul güler yüzlü ve samimiydiker. odalar tertemizdi ve mutfak eşyaları yeterliydi havuzu biz kullanmadık ama hijyenik ve yeterli ölçülerde gözüküyordu. uygun ve temiz bir konsklsma için tercih edebilirsiniz
Lena Apart,Gökhan Celep,tr,"ağustos 24 te 4 kişi olarak 2 gece konakladık, konum olarak merkezden biraz yukarıda olduğu için o keşmekeşten uzak ferah bir ortamda kalıyor, konum olarak on numara yani, odalardan demiz manzarası ve ferah bir görüntü içinizi rahatlatıyor. plaja gitmek istemezsemiz gayet güzel havuzu var buda artı olarak lena'ya yazıyor. alper ve annesi hanım efendi herşey ile ilgileniyor ve herseye hakimler. odalarda gayet temiz ve içeride temel ihtiyaçları karşılayacak hertürlü ekipman var, tam aile pansiyonu tavsiye ederim."
Lena Apart,Serkan Gökay,en,"it's an apartment where you can stay comfortably if you don't mind being far from the beach. the owners, mr. alper and his mother, are very caring and friendly people. this year, they opened a children's pool next to the 1.75 meter adult pool, and my 3-year-old son had a great time in the pool. there are clean towels and bed linens in the rooms. the sea is visible from the balcony of the rooms facing the front. the bed and mattresses were comfortable. the downsides i see are: the air conditioners are a bit outdated and their performance drops from time to time and is insufficient. the refrigerator is small (some rooms have large refrigerators, you should ask when making a reservation). if you are meticulous, you should bring your own kitchenware."
Lena Apart,Ahmet Türkoğlu,en,"owner ms. i̇smihan and mr. alper are incredibly friendly and hospitable. the furniture is new and high quality, the room cleaning is very good. the pool was cleaned every morning. pool cleaning is also successful. it is ideal for a quiet and comfortable holiday. 3 minutes walking distance to markets."
Lena Apart,zeyneb Türkday,en,"we came to the apartment only 1 day before our akyaka holiday when we could only find availability. mr. alper met us at the entrance. he is a very friendly and caring gentleman and it is a very nice property. we did not normally think of using the pool, but it was so nice that we used the pool as well. our room was very clean and tidy. we had every item, even the coffee pot :) we were going to stay for 3 days and stayed for 4 days. we gave our laundry to be washed, thank you, they folded it and left it at our room door. we left really satisfied. the only thing is that the location is very little above (this did not bother us) and it takes 3 minutes to get down by car. if we go again, we will stay again"
Lena Apart,Burcu Tezel,en,"a family business right at the entrance of akyaka. mother and son were smiling and sincere. the rooms were clean and the kitchenware was sufficient. we did not use the pool, but it seemed hygienic and of sufficient size. for a convenient and clean consultation, you can choose"
Lena Apart,Gökhan Celep,en,"we stayed for 2 nights on august 24 as a group of 4 people. since it is located a little above the center, it stays in a spacious environment away from the hustle and bustle. the location is top notch, the sea view and spacious view from the rooms puts you at ease. if we don't want to go to the beach, it has a very nice pool, which is a plus, lena writes. alper and his mother take care of everything and are in control of everything. the rooms are very clean and there are all kinds of equipment to meet basic needs. i recommend it as a full family pension."
Esen Apart,firat altunyurt,tr,"akyaka esen otel, 2+1 apartta 5 gece kaldım. kalabalık aileler için ideal. 2 adet 2 kişilik, 1 adet 1 kişilik yatak yanında, 3 adet sedir var. bu sedirlerde de yatma imkanı var. apart tripleks gibi, ancak odalar önlü arkalı olduğu için basamak sayısı az. en üstte teras balkon var, iki oda büyüklüğünde. mutfak burada, 2 sedir de burada. masa ve sandalyeler, çok geniş bir alan. olası yağmur ya da soğuğa karşı tekne tenteleri ile donatılmış, kapattığınızda kış bahçesi gibi oluyor. kahvaltı ve yemek için eşsiz bir deneyim. bunun yanında kalabalık misafirlerin birlikte vakit geçirmeleri için ideal. apartta dolap ayna vs bol miktarda var. sıvı sabun, bulaşık deterjanı, sünger, aygaz ocağı, tava, tencere, çatal kaşık, bardak, bıçak her şey var. üstteki yatak odasının tavanı ahşap. tavanlar yüksek. klima açmadan rahat rahat uyuduk. ve inanılmaz temiz. her yer pırıl pırıl. tuvaletler 5 yıldızlı otel tuvaleti gibi. yağmur yağarken teras mutfakta deniz ve çamlık manzarasında kahve içmenin verdiği mutluluk, 10 günlük dinlenmeye değer. açıkçası, içimiz buruk ayrıldık."
Esen Apart,Cansu Sarıkavaklı,tr,i̇lk geldiğimiz andan itibaren birgül abla aşırı ilgiliydi. çok yardımcı oldu ve bizimle ilgilendi. gayet temiz bir yer. gönül rahatlığıyla gelebilirsiniz. öncelikle birgül ablaya sonrasında da fırat bey’e her şey için teşekkür ederiz.
Esen Apart,Açelya Atakişi,tr,"her şeyi ile dört dörtlük hizmet sunulan muhteşem bir yer. bizleri evimizde gibi hissettiren fırat bey ve hatice hanım’a, ayrıca tatilimiz süresince bizimle ilgilenen birgül hanım’a da ayrıca teşekkürlerimi sunuyorum."
Esen Apart,Orkun Sayıcı,tr,gönül rahatlığıyla kalabileceğiniz tertemiz bir apart. her sene gideriz. bu sene odaları da yenilemişler bayıldık. fırat bey ve hatice hanım çok ilgililer. fırat bey’in ayrıca rehberlik hizmetinden de çok memnun kaldık çok yardımcı oldu bize
Esen Apart,sema meydan,tr,"akyaka'daki bu apartta ailemle birlikte harika bir konaklama deneyimi yaşadık! doğayla iç içe, huzurlu bir ortamda dinlenmek için ideal bir yer. odalar temiz ve konforluydu, her şey ihtiyaçlarımızı karşılayacak şekilde düşünülmüştü. konumu da oldukça merkezi, sahile ve restoranlara yürüme mesafesinde. kesinlikle tekrar geleceğiz ve herkese tavsiye ederiz."
Esen Apart,Dominika Nowak,en,thank you for a wonderful stay. we spent 11 days in esen apartment. the owner fırat and mrs. birgül were very helpful. there was no problem with delivering what we needed. the apartment is spacious and clean and has view on the sea. we hope to come back again :)
Esen Apart,firat altunyurt,en,"i stayed in akyaka esen hotel, 2+1 apartment for 5 nights. ideal for crowded families. there are 2 double beds and 1 single bed, as well as 3 sofa beds. it is also possible to sleep on these sofas. apart is like a triplex, but since the rooms are front and back, there are fewer steps. there is a terrace balcony at the top, it is the size of two rooms. the kitchen is here and the 2 sofas are here. table and chairs, very large space. it is equipped with boat awnings against possible rain or cold, and when you close it, it becomes like a winter garden. a unique experience for breakfast and dining. in addition, it is ideal for crowded guests to spend time together. there are plenty of wardrobes, mirrors etc. in the apartment. liquid soap, dishwashing detergent, sponge, aygas stove, pans, pots, cutlery, glasses, knives, everything is there. the upper bedroom has a wooden ceiling. ceilings are high. we slept comfortably without turning on the air conditioner. and it's incredibly clean. everywhere is sparkling. toilets are like 5 star hotel toilets. the happiness of drinking coffee in the terrace kitchen with a view of the sea and pine trees while it is raining is worth a 10-day rest. frankly, we left with a heavy heart."
Esen Apart,Cansu Sarıkavaklı,en,"birgül was very attentive from the moment we first arrived. he was very helpful and took care of us. it's a very clean place. you can come with peace of mind. first of all, we would like to thank sister birgül and then mr. fırat for everything."
Esen Apart,Açelya Atakişi,en,"it is a wonderful place with excellent service in every aspect. i would also like to thank mr. fırat and ms. hatice, who made us feel at home, and ms. birgül, who took care of us during our holiday."
Esen Apart,Orkun Sayıcı,en,"a spotlessly clean apartment where you can stay with peace of mind. we go every year. they also renovated the rooms this year, we loved it. mr. fırat and ms. hatice are very caring. we were also very pleased with mr. fırat's guidance service, he helped us a lot."
Can Apart ( Akyaka ),Onur BEKTAŞ,tr,akyaka da yok üzeri saat geç olduğu için konaklamak istedik ve tesadüfen içeride baktığımız diğer yerleri begenmeyip çıkarken fark ederek girdik. 3 kişi kaldık onda çoğumuzun evinden temizdi. banyo mutfak yatak çarşaflar hersey efsane iyi ve temizdi. mutfak araç gereçlerinde hersey var. türk kahveniz varsa cezve ve fincanları dahi var. odamız havuza bakıyordu çok güzel görünüyordu. havuza girmek kısmet olmadı ama muhtemelen çok keyifli olurdu. bir daha gelirsem kalacağım oteldir. yıldızı kim hangi şartlarla veriyor beni ilgilendirmez. benim için 4-5 yıldızdır. reception a da ayrıca teşekkürler.
Can Apart ( Akyaka ),Ayşe Devret,tr,"öncelikle aile için çok ideal bir mekan. temizlik konusunda çok iyiler. yemeğinizi kendiniz yapmak isterseniz de mutfak araç gereçleri, içinize sinerek kullanabileceğiniz kadar temiz ve yeni. ayrıca konum olarak da tüm marketlere kolayca ulaşılabilmesi de bir konfor. bu yaz ailecek gittik. daha önce 3 kardeş, ailelerimiz ile gitmiştik. çok güzel bir tatil oldu. çocuklar çok eğlendi ve havuzun keyfini çıkarttılar. gitmek isteyenlere tavsiye ederim."
Can Apart ( Akyaka ),Leman Şıhca,tr,10 puan üzerinden 1000 veriyorum..5 yıldızlı otel gibiydi.. i̇şim gereği çok fazla otellerde kaldım.. ben bu kadar muhteşem temizlik görmedim.. çarsafların miss kokusu banyo dusakabının benim banyodan daha temız oluşu.. havuzun klor oranının harıka oluşu... bır gece kalıp marmaris'e gidecektik 3 gece kaldık ve hıc dönmek istemedik.. kendı evımızın rahatlığı... temizlik yapan ablanın resepsiyonun aile gibi hissettirip her konudaki maksimum yardımcı olmaları... cıdden güzel bır aile kazandık dıye düşünüyorum... herşey muhteşemdi teşekkürler
Can Apart ( Akyaka ),Murat Önder,tr,sakın temiz güzel ve ferah bir ortam. apart havuzu temiz ozellikle çocuklu aileler için gayet ideal. akyaka genel olarak çevre yerlere göre daha bakîr ve ekonomik. aracınız varsa marmaris vs gibi yerlere de yarım saat mesafede. canapartin hemen altında ve karşısında a101 şok marketler var. lazım olan herşey elinin altında. tavsiye edersiniz? tabiki de ederiz. biz iki aile iki çocukla gittik gayet keyifliydi. her odada klima ve tv olması wifi olması da ayrı bir konfordu. teşekkürler canapart.
Can Apart ( Akyaka ),Sinem Arslan,tr,abim ve ablam ile geldiğim akyaka tatilinde mükemmel bir tatil yaşadım tabi bunun sebebi de konakladığım can apartın çok büyük bir etkisi var. i̇lgi ve alakaları için başta neşe hanım olmak üzere tüm çalışan personele teşekkür ederim. her zaman geldiğim de önceliğim her zaman can apart olacaktır. kesinlikle herkese tavsiye ederim.
Can Apart ( Akyaka ),Onur BEKTAŞ,en,"since it was late in akyaka, we wanted to stay and by chance, we didn't like the other places we looked at and noticed them on the way out. we stayed there with 3 people, it was cleaner than most of our houses. the bathroom, kitchen, bed, linens, everything was legendary, good and clean. there is everything in the kitchen utensils. if you need turkish coffee, they even have coffee pots and cups. our room was overlooking the pool and it looked very nice. i didn't have the chance to swim in the pool, but it would probably be very enjoyable. if i come again, this is the hotel i will stay at. i don't care who gives the star and under what conditions. for me it is 4-5 stars. also thanks to reception."
Can Apart ( Akyaka ),Ayşe Devret,en,"first of all, it is an ideal place for families. they are very good at cleaning. even if you want to cook your own meals, the kitchen equipment is so clean and new that you can use it with peace of mind. in addition, being easily accessible from all markets is also a comfort. we went as a family this summer. we went before with our 3 siblings and our families. it was a very nice holiday. the kids had a lot of fun and enjoyed the pool. i recommend it to those who want to go."
Can Apart ( Akyaka ),Leman Şıhca,en,"i give it 1000 out of 10 points. it was like a 5-star hotel. i have stayed in hotels a lot due to my job. i have never seen such magnificent cleanliness. the smell of the sheets and the bathroom shower cabin are cleaner than my bathroom. the chlorine content of the pool is great... a we were going to stay the night and go to marmaris. we stayed for 3 nights and did not want to return.. the comfort of our own home... the cleaning sister and the reception made us feel like family and helped us in every way... i really think we have gained a beautiful family... everything was wonderful, thank you"
Can Apart ( Akyaka ),Murat Önder,en,"a clean, beautiful and spacious environment. the apartment pool is clean and ideal for families with children. akyaka is generally more untouched and economical than the surrounding places. if you have a car, it is half an hour away from places like marmaris etc. there is a101 şok market just below and opposite canapartin. everything you need is at your fingertips. would you recommend? of course we do. we went as two families with two children and it was very enjoyable. having air conditioning, tv and wifi in every room was another added comfort. thank you monster."
Can Apart ( Akyaka ),Sinem Arslan,en,"i had a perfect holiday in akyaka with my brother and sister, of course, the reason for this is that can apart, where i stayed, had a great impact. i would like to thank all the staff, especially ms. neşe, for their interest and concern. my priority will always be can apart every time i come here. i definitely recommend it to everyone."
İnci Apart,Selin Gülşen,tr,"lokasyon çok iyi (gece mekanlardan gelen sesi dert etmiyorsanız) fiyatı uygun (telefonda verilen fiyat nakitmis, kart geçmek isteyince fiyat farkı istendi) odalar yıllardır yenilenmemis, bakımsızdi oda temizliği ne zaman yapılmış bilmiyorum ama eşyalardaki tozdan dolayı silmeden elleyemedik bir yeri banyoda klasik otel banyosu kokusu vardı özet olarak memnun kalmadık"
İnci Apart,Tolgahan Emir,tr,odalarda şampuan ve içme suyunun olmaması daha önce yaşadığım bir deneyim değildi. nakit fiyatta anlaşılmıştır denilip nakit talep edilmesi gerçekten mantıksız. odalar çok küçük ve tuvaletin daha temiz olmasını beklerdim. konumu merkezidir.
İnci Apart,ENBİYA KAHVECİ,tr,"i̇nci apart'ta geçirdiğimiz konaklama deneyimi oldukça olumsuzdu. 2+1 odada kaldık, ancak odalardan birinde sadece bir yatak vardı ve herhangi bir düzenleme yapılmamıştı. tv'nin üstü tozla kaplıydı ve yatakların yanlarında toz topakları birikmişti. duşa kabinin kapısının yarısı eksikti ve bu durum hem rahatsızlık verici hem de güvensizdi. havlular temizlenmemişti, dolabın içi ise bakımsız ve kirliydi. genel olarak temizlik standartları çok yetersizdi. bu yüzden, konaklama yapmayı düşünenlere dikkatli olmalarını tavsiye ederim."
İnci Apart,Bahri Kara,tr,15 9 2024 te kaldık gayet güzeldi çarşaflar yastıklar havlular temizdi tüp bitti hemen taktılar telviyon kumandası yoktu hemen temin ettiler daha önceleri 5 yıldızlı otellerde kaldım parasına göre gayet iyiydı en hoşuma giden tarafı sabaha kadar çıt sesi yoktu çok güzel 8 saat uyku uyudum dört gün boyunca işletmelerin saat 12 kapatmaları çok hoşuma gitti sessiz sakin teşekkürlet incı apart
İnci Apart,TAHİR KÜÇÜK,tr,apartın konumu çok iyi. ağustos ayında arka tarafa bakan 3 numaralı odada kaldık. odada geçmeyen bir rutubet kokusu var. duşakabin pisti camların alt kısmı çok lekeliydi. yatak çok kötüydü o sebepten hep çekyatta yattık. apartta çamaşır makinesi yoktu ve çamaşır yıkama hizmeti de bulunmuyordu. çamaşır bizim için büyük sorun oldu yakın bir yirde bulamadığımız için acil şeyleri elde yıkamak zorunda kaldık. aynı paraya çok daha güzel apart bulabilirsiniz tavsiye etmiyorum.
İnci Apart,Ayyüce Kaytazcı,en,"nice apart, nice service. there is only one problem, ceiling was low and it feels like a coffin if you if your group is more than 2 people, the room may be narrow but unfortunately, this is not something that the apartment staff can solve."
İnci Apart,Nedzhmie Yusufova,en,"we had an amazing stay at inci apart thanks to mr. mustafa and his lovely wife! they were so sincere, recommended amazing local attractions and showed us around. he even booked a table at a local restaurant for us as we arrived late at night. the rooms at the hotel were furnished with modest traditional furniture and some of the vintage pieces gave it a cosy authentic feel. the balcony was such a great spot for the 8 of us to have morning coffee and chill. the hotel is located at the centre of akyaka and easily accessible by car, just need to park at the large car park behind the hotel (it is located on a pedestrian street so you can't get in directly with your vehicle). if you are looking for real turkish hospitality experience look no further!"
İnci Apart,M1000,en,bad hotel
İnci Apart,Selin Gülşen,en,"the location is very good (if you don't mind the noise from the venues at night) the price is affordable (the price given on the phone was cash, when i wanted to use a card, the price difference was asked) the rooms had not been renovated for years and were poorly maintained. i don't know when the room cleaning was done, but we couldn't touch a place without wiping it due to the dust on the furniture. the bathroom had a classic hotel bathroom smell. in summary, we were not satisfied"
İnci Apart,Tolgahan Emir,en,"the lack of shampoo and drinking water in the rooms was not an experience i have had before. it is really unreasonable to demand cash, saying that the cash price has been agreed upon. the rooms are very small and i expected the toilet to be cleaner. the location is central."
Gökova Şemkin Apart,Fatih Tuğran,tr,şemkin apart da 6 gün geçirdim çok güzeldi herşey evimde gibi rahat ettim. konfor ve ev dizaynı hoşuma gitti. ev girişi araba girişi için biraz daha alçak yapılabilirdi. altı yere değebilir altı yere yakın olan arabalar için. misafirperverlik çok iyi ve samimiydi. bir de elektrikli süpürge koyarsan eve 10 numara eksik olarak bunları söyleyebilirim. onun dışında herşey çok güzeldi. bir de son olarak ekleyebileceğim cumartesi günleri halk pazarı kuruluyormuş buraya çok hoşuma gitti mutlaka gezin. hemde çok yakında aparta herkese i̇yi ve mutlu tatiller..
Gökova Şemkin Apart,irfan Yakisir,tr,"ağustos ayı başında 6 gece konakladım. i̇nsan kendi evinden daha rahat edebileceği bir yer 2 adet klima internet ve bütün mutfak gereçleri fazlasıyla mevcut bulaşık makinesi dahil. ev yeni yapılmış konum olarak sakin ve heryere rahat ulaşım, mert beye misavirperverliğinden dolayı çok teşekkür ederim inşallah tekrar görüşmek dileğiyle"
Gökova Şemkin Apart,Kenan Bulut,tr,"şemkin apartta 7 gece 8 gün konaklama gerçekleştirdim. bu süre zarfında evimden daha çok rahat ettim desem yeridir. bir kere odalar, mutfak resimdekilerden daha büyük ve içeride kolaylık sağlayacak bütün teknolojik aletler var. mert beye buradan bir kez daha teşekkürlerimi iletmek istiyorum.yeniden görüşmek dileğiyle.."
Gökova Şemkin Apart,coşkun arslan,tr,doğa ile iç içe keyifli ve huzurlu bir tatil yapabileceğiniz bir yer. gezilebilecek her yer için aracınız ile kolayca ulaşabilirsiniz.
Gökova Şemkin Apart,ZEKİ KAYA,tr,"burada kalmaktan tereddüt etmeyin!!! belkide bu bölge için yapacağınız en iyi seçim olabilir.benim için öyle oldu. 5 gece kaldık,bu bölgeye 4-5 defa geldim ilk defa bu kadar rahat ettim. kendi evim kadar...doğa içinde, huzurlu,bahçeli,estetik döşenmiş bir ev. i̇şletmeci mert bilgili,kültürlü, anlayışlı birisi çok yardımcı oldu kendisine teşekkür ederim.kaldigimiz evden sabah koşusu düzenli bir şekilde yaptım yakınında pazar yeri,fırın,marketler var. ayrıca akyaka merkeze 3.5km civarında"
Gökova Şemkin Apart,Fatih Tuğran,en,"i spent 6 days at şemkin apart. it was very nice. everything was as comfortable as at home. comfort and home design i liked it. the house entrance could be made a little lower for the car entrance. six can touch the ground for cars that are close to the ground. hospitality was very good and friendly. if you also put a vacuum cleaner in the house, i can say these are number 10 missing. other than that, everything was great. lastly, i can add that there is a public market held here on saturdays. i really liked it. you should definitely visit it. and very soon aparta. have a nice and happy holiday to everyone.."
Gökova Şemkin Apart,irfan Yakisir,en,"i stayed for 6 nights at the beginning of august. it is a place where one can feel more comfortable than at home. it has 2 air conditioners, internet and all the kitchen utensils, including a dishwasher. the house is newly built, the location is quiet and easy to reach everywhere. i would like to thank mr. mert for his hospitality. i hope to see you again."
Gökova Şemkin Apart,Kenan Bulut,en,"i stayed at şemkin apart for 7 nights and 8 days. i must say that i felt more comfortable than at home during this time. first of all, the rooms and the kitchen are larger than those in the pictures and there are all the technological devices inside that will provide convenience. i would like to thank mr. mert once again. hope to see you again."
Gökova Şemkin Apart,coşkun arslan,en,it is a place where you can have a pleasant and peaceful holiday surrounded by nature. you can easily reach every place to visit with your car.
Gökova Şemkin Apart,ZEKİ KAYA,en,"don't hesitate to stay here!!! maybe it might be the best choice you can make for this region. it was like that for me. we stayed for 5 nights, i have been to this area 4-5 times and this is the first time i felt so comfortable. just like my own home... a peaceful, aesthetically furnished house in nature. the manager, mert, is a knowledgeable, cultured and understanding person. he was very helpful. i thank him. i regularly ran in the morning from the house where we stayed. there is a market place, bakery and markets nearby. it is also around 3.5km from akyaka centre."
Palmiye Apart Otel,Elif Gargili,tr,"balayı olarak 2.duragimiz olan akyakada, konaklamis oldugumuz palmiye apart otelde; hijyen,temizlik düzen ve eksiksiz araç gerecler olması cok güzeldi.tatilimizi eksiksiz bir şekilde tamamlamamizi sağladı.kaldigimiz apart otel tam azmak nehrinin bakış açısında olup eşsiz bir manzara keyfi sürdük.havasi doğası ve konumu inanılmaz bı yer.ilgili ve alakalı olmaları ekstra hoşumuza gitti.bizlerle en başından beri sıcak kanliligi ve güler yüzüyle kıraç bey ilgilendi.eger yolunuz duşerse yada kararsiz kaldiysaniz mükemmel bir yer şiddetle tavsiye ederim biz iş yuzunden dönmek zorunda kaldık ama hemen arkamızdan ailemize de aynı yerde oda ayarladık.sizlere de tavsiye ederim kıraç beye de çok teşekkür ederiz."
Palmiye Apart Otel,osman onur mercan,tr,"aile işletmesi nezih guzel bir ortam, şeniz ve eşi mine hanım tarafindan isletilmekte ve maskotlari leke adinda şirin bir köpekleri var, hayvan sevmesenizde leke yi kesin seveceksiniz, odalar temiz iceri girince hijyeni zaten hissediyorsunuz. havuz kucuk ama iş goruyor, şeniz bey tarafından sürekli temizlenmekte bakimlari yapilmakta, ellerinden gelen tum yardimi yapmakta , gidilecek yerler hakkinda yonlendiriyorlar. bahcede mangal var istediginiz zaman size atesi yakip hazir halde birakiyorlar. giriste sizi guler yuzu ve dovmeleriyle karsilayan kıraç var :) , temizligi ihmal etmeyen bir ablamiz var. apart konum olarak carsinin icinde hereyere yurume mesafesinde olan bir yer. buradaki tek guleryuzlu insanlar burada diyebilirim. ailecek guzel bir 12 gun gecirdik , tesekkurler. tekrar gorusmek uzere."
Palmiye Apart Otel,ibrahim Ethem Pirçek,tr,temizlik ve hijyenden çok memnun kaldık apartın balkonundan azmak manzarası harika işletmeci şeniz beye çok teşekkür ederim her konuda bize yardımcı oldu
Palmiye Apart Otel,Esra Kartal,tr,hijyen konusunda eksik bir yer apart olarak kiralıyorsun fakat otel odasından bir farkı yok çamaşır bulaşık makinası yok fiyat performans olarak yetersiz tavsiye etmem
Palmiye Apart Otel,cadi cadi,tr,kendini evinde hissetmek isteyenlerin ilk değil tek tercihi olmalı bence daha adamımız atmadan araçtan iner inmez ilgilenmeleri bagaja yardımları daha bircak artıları almak a ve pilaja yakın olması da bir avantaj tabiki kısacası konumuyla odalarıyla isletmesiyle temizligiyle mükemmel di nasip olursa 2025 yazı görüşmek dilegiyle
Palmiye Apart Otel,Fırat Can Öncü,en,a very clean and peaceful place. the service of the owner and employees is very good. it will be the best choice for those who want to go on vacation.
Palmiye Apart Otel,Elif Gargili,en,"our second honeymoon stop was akyaka, where we stayed at the palmiye apart hotel; it was very nice to have hygiene, cleanliness, order and complete equipment. it enabled us to complete our holiday completely. the apart hotel we stayed in was right at the viewpoint of the azmak river and we enjoyed a unique view. the nature and location of havasi is an incredible place. we liked their being attentive and attentive. mr. kıraç took care of us from the very beginning with his warm bloodedness and smiling face. if you happen to be on the road or are undecided, it is a perfect place, i highly recommend it. we had to return because of work, but we immediately arranged a room for our family in the same place. i recommend it to you too. thank you very much to mr. kıraç."
Palmiye Apart Otel,osman onur mercan,en,"the family business has a decent and nice environment, it is run by ms. şeniz and her wife mine, and their mascot is a cute dog named leke. even if you don't like animals, you will definitely love leke, the rooms are clean, you already feel the hygiene when you enter. the pool is small but it works, it is constantly cleaned and maintained by mr. şeniz, they do all the help they can and give directions about places to visit. there is a barbecue in the garden. whenever you want, they light the fire and leave it ready. there is kıraç at the entrance who welcomes you with his smiling face and tattoos :), we have a sister who does not neglect cleanliness. apart from its location, it is located in the bazaar and within walking distance to everywhere. i can say that the only smiling people here are here. we had a nice 12 days as a family, thank you. see you again."
Palmiye Apart Otel,ibrahim Ethem Pirçek,en,"we were very pleased with the cleanliness and hygiene. the view of the river from the balcony of the apartment is wonderful. thank you very much to the manager mr. şeniz, he helped us in everything."
Palmiye Apart Otel,Esra Kartal,en,"a place lacking in hygiene you rent it as an apartment, but it is no different from a hotel room. no washing machine price is insufficient in terms of performance i do not recommend"
Acar Pansiyon,Pınar Dedeoglu,tr,"fethiye’ye tatile giderken akyaka mevkiinde aracımız bozuldu ve 2 küçük çocuğumuzla yolda kaldık.aracımız sanayiye çekildiğinde parça beklememiz gerektiği ve en erken ertesi güne aracımızın teslim edilebileceğini öğrendik.akabinde google haritaya pansiyon yazdığımda acar pansiyonu gördüm yorumlarına baktım ve güzel yorumları görünce aradım. fatih bey açtı telefonu. kendisine durumumuzu anlattım ve pansiyona nasıl ulaşım sağlayabileceğimizi sordum. fatih bey önce çok geçmiş olsun dedi ve küçük çocuklarımızın da olduğunu öğrenince otobüs ve taksiyle uğraşmayın özel bir durum yaşamışsınız mağduriyetinizi görebiliyorum diyerek tüm iyi niyetiyle bizi bulunduğumuz yerden pansiyona getirebileceğini söyledi.eşimi sanayiden bizi de yol kenarından alarak acar pansiyon’a getirdi sağolsun.odalar o kadar temizdi ki.zaten güleryüzlü ve yardımsever karşılamanın peşi sıra odaların temizliğini de görünce çok mutlu oldum.her odada klima vardı.ertesi sabah otel sahibi i̇smail bey’in çay ikramı ve ulaşım konusunda sağladığı kolaylıklar sayesinde kabusa dönüşmesi muhtemel bir günümüz tatlı bir anıya dönüştü.aracımızın bozulması fatih bey ve otel sahibi i̇smail bey’in empatik ve yardımsever tavırları sayesinde 1 günlük bile olsa macera dolu bir akyaka tatiline dönüştü.ailecek pansiyon tatili düşünürsek sizi tercih edeceğimizden hiç şüphem yok.dünyada hala iyi insanlar varmış dedirten, insanlığa dair umudumu yeşerten bu tatlı tecrübeyi yaşamamıza vesile olduğunuz için çok teşekkür ederiz.sağolun,iyi ki varsınız ayrıca fatih bey’in işini hakkını vererek,severek ve titizlikle çalışması takdire şayandı."
Acar Pansiyon,Özlem Kayar,tr,"başta emine hanım olmak üzere çalışanlar ilgili ve güler yüzlü ve misafirperver. evimizde hissettirecek kadar güzel, temiz ve herşey düşünülmüş misafirleri rahat ettirmek icin. güzel manzara karşısında güler yüzlü ve hoş sohbet eşliğinde kahve ikramınızın hatırı sonsuz teşekkürler açar pansiyon . kayar ailesinden sevgiler"
Acar Pansiyon,Özge Akyel,tr,emine ablammm nerden baslasam bilmiyorum gerçekten telefonla aradığımda emine ablanin sesini duymam yetti o enerjiyi yakalamak icin.sanki ailemden evinin birine geldim bu kadar içtenlik samimiyet hiç bir işletme yerinde görmedim.isini çok güzel yapan mükemmel bir çift emine abla i̇smail abi.iyi ki tanidik sizi.apartin konumuna temizliğine manzarasına fiyatina diyecek laf yok zaten. çok huzurla ayrildik hatta hiç gitmek istemedik.en kısa zamanda gelmek istiyorum tekrar.yolunuz akyaka ya düşerse hiç dusunmeden tercih edeceğiniz bir yer. bir aparttan daha fazlasi. i̇yi ki yollarımız kesişmiş.cok keyif aldım çok.
Acar Pansiyon,Gamze Ünal KARA,tr,geçtiğimiz hafta 2 gün eşim ve arkadaşlarımızla konakladığımız bu harika yeri çok sevdik .gerek emine abla ve fatih beyin ilgileri gerekse odaların temizliğinden tutun otantik güzel tasarımına ve rahatlığına bayıldık .kendinize ait bir yer gibi hissedeceğiniz acar apart pansiyonu kesinlikle öneriyorum
Acar Pansiyon,Nurşen Dikmen,tr,"akyakaya yaz kış hep gideriz. emine abla ile hamile iken geldiğimde tanıştık. apart çok temiz , temizlik bizim için çok önemli, müşteri ile ilişkileri çok iyi. odaları büyük ve yukarda olduğu için havası basık değil. akyakaya geldiğimizde başka yerde kalamıyoruz. şimdi çocuğumla geliyorum . kendi evim gibi rahat ediyorum ."
Acar Pansiyon,Pınar Dedeoglu,en,"while we were going on holiday to fethiye, our car broke down in akyaka and we were stranded with our 2 small children. when our car was towed to the industrial park, we learned that we had to wait for parts and that our car could be delivered the next day at the earliest. then, when i typed hostel on google map, i saw acar pension, looked at its comments and called when i saw the good comments. fatih bey answered the phone. i explained our situation to him and asked how we could get to the hostel. first of all, mr. fatih wished me a speedy recovery and when he learned that we had small children, he said, ""don't bother with buses and taxis, you have experienced a special situation, i can see your grievance."" he said that he could bring us to the hostel from where we were, with all his good intentions. my wife picked us up from the roadside from the industry and brought us to acar pansiyon. thank you for the rooms. it was so clean. in addition to the friendly and helpful welcome, i was very happy to see the cleanliness of the rooms. each room had air conditioning. the next morning, thanks to the tea service and transportation facilities provided by the hotel owner ismail bey, a day that was likely to turn into a nightmare turned into a sweet memory. the breakdown of our car turned into an adventurous akyaka holiday, even for a day, thanks to the empathetic and helpful attitudes of mr. fatih and mr. ismail, the hotel owner. considering a family hostel holiday, i have no doubt that we will choose you. this is what makes me say that there are still good people in the world and gives me hope for humanity. thank you very much for allowing us to have a sweet experience. thank you, we are glad to have you also, it was admirable that mr. fatih worked diligently, lovingly and devotedly to his job."
Acar Pansiyon,Özlem Kayar,en,"the staff, especially ms. emine, are caring, friendly and hospitable. it is beautiful, clean and everything has been thought of to make our guests feel at home. your service of coffee with a smile and pleasant conversation in front of the beautiful view will be appreciated forever thank you açar pension. love from the kayar family"
Acar Pansiyon,Özge Akyel,en,"my sister emine i really don't know where to start. it was enough to hear emine sister's voice when i called her on the phone to catch that energy. it was like i came to one of my family's homes, i have never seen such sincerity and sincerity in any business. they are a perfect couple, emine sister ismail brother, who does their job very well. i'm glad we met. there is nothing to say about the location, cleanliness, view and price of your apartment. we left with great peace, even we didn't want to go at all. i want to come again as soon as possible. if you happen to be in akyaka, it is a place you will choose without hesitation. more than an apartment. i'm glad our paths crossed. i enjoyed it very much."
Acar Pansiyon,Gamze Ünal KARA,en,"we loved this wonderful place, where we stayed with my wife and friends for 2 days last week. we loved the attention of emine sister and fatih bey, as well as the cleanliness of the rooms, as well as the authentic, beautiful design and comfort. i definitely recommend acar apart pension, where you will feel like your own place."
Acar Pansiyon,Nurşen Dikmen,en,"we always go to akyakaya in summer and winter. we met with sister emine when i came while pregnant. the apartment is very clean, cleanliness is very important to us, customer relations are very good. since the rooms are large and upstairs, the atmosphere is not stuffy. when we come to akyaka, we cannot stay anywhere else. now i am coming with my child. i feel comfortable like my own home."
Uğurevler Apart,Nezahat Kizilbag,tr,"i̇şletmeciler çok ilgili,sıcak insanlar. temiz, nezih huzurlu bir yer. aynı evinizdeki gibi çamaşır, bulaşık makinesi her çeşit mutfak eşyası her şey mevcut. bahçesi çok büyük ayrı ayrı oturma ve barbekü yapma imkanı var. çok memnun kaldık kesinlikle tavsiye ederim"
Uğurevler Apart,Ceren Sandıklı,tr,5 gün ailecek kaldık. aileler için çok uygun bir yer. türkan hanım ve eşi her şeyimizle ilgilendi. klima yok diye korkmuştuk ama geceleri üşüyorsunuz bile evin içi her zaman serin. ve içerisinde size lazım olacak her şey mevcut. her şey için teşekkürler
Uğurevler Apart,Mehmet Güralp,tr,"türkan öğretmenimiz ve uğur abimiz tanıdığımız ender güzel insanlar, hoş sohbetleri, ilgileri, güler yüzlü, candan, bahçesindeki organik meyvelerden ikramları, güzel demli çay ikramı vs say say bitmez, herşey için teşekkür ederiz, konaklama için tercih edilecek temiz, evinizde gibi hissedeceğiniz tek yer uğur evler apart"
Uğurevler Apart,salih şahin,tr,temiz ve nezih bir yer hatice hanım ve ailesi sıcak kanlı evde her şey var çamaşır makinası buzdolabı tv mutfak malzemeleri kılıf kıyafetinizi alın evinizde gibi davranın seneye görüşmek üzere
Uğurevler Apart,ersen tetik,tr,kalmadım ama gittim gördüm full eşyalı 3+1 ev yer ula da denize yaklaşık 20 km fiyat 3500 tl değer mi değmez mi siz karar verin
Uğurevler Apart,Nezahat Kizilbag,en,"the operators are very caring and warm people. a clean, decent and peaceful place. just like at home, there is laundry, dishwasher, all kinds of kitchen utensils and everything. the garden is very large, with separate seating and barbecue opportunities. we were very pleased. i would definitely recommend it."
Uğurevler Apart,Ceren Sandıklı,en,"we stayed as a family for 5 days. a very suitable place for families. ms. türkan and her husband took care of everything. we were afraid that there was no air conditioning, but even if you get cold at night, it is always cool inside the house. and it has everything you need inside. thanks for everything"
Uğurevler Apart,Mehmet Güralp,en,"our teacher türkan and our brother uğur the rare and beautiful people we have met, their pleasant conversations, their interest, their smiling faces, their cordiality, their treats from organic fruits from their garden, their nice brewed tea, etc. are countless. thank you for everything, uğur evler apart is the only clean place to choose for accommodation and where you will feel like at home."
Uğurevler Apart,salih şahin,en,"it's a clean and decent place. ms. hatice and her family are friendly. there is everything at home, washing machine, refrigerator, tv, kitchen supplies, cover, take your clothes and treat yourself like at home. see you next year"
Uğurevler Apart,ersen tetik,en,"i didn't stay, but i went and saw it. it's a fully furnished 3+1 house. the location is about 20 km from the sea. the price is 3500 tl. you decide whether it's worth it or not."
Su Apart Otel Akyaka,d0r1 S4ku,tr,"birdaha asla gitmeyeceğim bir yer oldu. birkaç yıl önce ailecek gitmiştik ve güzeldi o yüzden yine gittik ama keşke gitmeseydik, otelin eski halinden eseri yok. fotoğraflara kanmayın, prizlerin çoğu çıkık bir tanesinin başı bile yok, döşemelerin üstüne koydukları örtüler açıldığında kahverengi kurumuş lekeler vardı. üstünü açmadan nevresimleri serelim dedik, bir tane daha gerekti adam “temiz” adı altında bir tane getirdi serdik bide ne görelim onda da leke, ayrıca yastık ve yataklardaki kılları unutmayalım, yatacağım yere kolonya sıkıp yastıksız yattım. ayrıca apartmanın içinde mahremiyet falan beklemeyin, içerideki kapılar kırık ve kilitlenmiyor ancak çok güçlü bir şekilde kapıya baskı uygularsanız bazıları kapanıyor. duvarlarda birkaç çatlak vardı ve pisti. birkaç tane tava ve tencere vardı ama çok kötü durumdaydı çizilmişti ve artık ne kadar eskiyse çizikler bile turunculaşmış, sararmamış turunculaşmış. tüp çalışmıyordu, açmayı denedik ama çok az ateş verdi. denize hafif uzak. tek iyi şey adamım güler yüzlü olmasıydı diyebilirim. gitmenizi önermem."
Su Apart Otel Akyaka,Berk GÖKOZAN,tr,geçtiğimiz yıllarda 2 defa daha gelmiş olduğum apartın inanılmaz derecede kalitede düşüş yaşadığıyla başlamak istiyorum. daha önceki ziyaretlerimde çok daha samimi ve içten bir işletme olarak gördüğüm su apart bu ziyaretimde hem hizmet olarak hem de kaldığım oda bakımından beni ciddi anlamda yüzüstü bıraktı odaların girişinde yazan bilgilendirme yazısında d smart ve oda servisi bulunduğu yazıyordu ancak oda servisine dair birşey göremediğim gibi( normalde bu hizmet veriliyor olabilir) d smart adınada birşey yoktu. i̇lk önce kanallarda kendimiz teker teker baktık ancak d smart adına birşeye rastalayamadım. bunun üzerine resepsiyonda duran beyefendiye d smartı bulamadığımı ve acaba iptal edilmiş olunup olunamayacağını sordum beyefendi bu soruya kesin bir tavırla dsmart hizmetimiz var diye yanıt verdi odama girip biraz daha taradım ancak bulamadım. beyefendiden birdaha yardım isteyip odaya çağırdım biraz televizyonun arkasına bakındı var işte dsmart dedi biz kanallarda bulamadığımızı söyleyip yardım istediğimizde ise kurcalayın biraz diyip gitti. odalara gelecek olursakta 2 tane el kadar tava 3 4 tane bardak biraz bıçak ve gıcırdıyan mobilyalar ve bozuk bir saç kurutma makinesi bizi karşıladı.
Su Apart Otel Akyaka,Alptuğ Canbaz,tr,"odalar temiz fakat işletmenin konumu çarşıdan (denizin, tüm restoran ve barların olduğu kısımdan) gelirken biraz yokuş yukarı çıkmayı gerektiriyor. havuzun büyüklüğü yeterli fakat temizliği daha iyi olabilir. i̇şletmeciler gayet güler yüzlü ve yardımcı olmak için ellerinden geleni yapıyorlar."
Su Apart Otel Akyaka,Dilan Anılır,tr,"ailecek 5 gün konakladığımız bu otel hem denize yürüme mesafesinde idi hemde yakınında bim, migros vb bir sürü market bulunuyordu konum olarak çok iyi bir yerde. i̇şletme sahiplerine ilgilerinden ötürü çok teşekkürler çok samimi ve içten davrandılar her eksiğimizi tamamladılar odalardaki her şey tam olarak çalışıyor ve fiyat performansı açısından gayet iyiydi begonvil çiçeklerinin süslediği havuzu gayet ideal olan temiz ve butik otel tarzında çok tatlı bir aile oteli herkese canı gönülden tavsiye ederim."
Su Apart Otel Akyaka,Turkan Kahraman,tr,"su apart otel'de konaklama deneyimimiz harikaydı! temizlik ve hijyen konusunda çok titizler, odalar her gün düzenli olarak temizleniyor. personel son derece nazik ve yardımsever. özellikle fahrican bey, her konuda bize çok yardımcı oldu ve çevredeki turistik yerler hakkında faydalı bilgiler verdi. otelin konumu da çok iyi, plaja yürüme mesafesinde ve yakınında birçok restoran ve kafe bulunuyor. otelin sunduğu kahvaltı da oldukça çeşitli ve lezzetliydi. havuz alanı temiz ve bakımlı, güneşlenmek ve rahatlamak için ideal. fiyat-kalite dengesi açısından da oldukça başarılı bir otel. hem aileler hem de çiftler için kesinlikle tavsiye ederim. su apart otel'e tekrar gelmeyi dört gözle bekliyoruz!"
Su Apart Otel Akyaka,Kostas Voulgaris,en,very good stay. big rooms. good prices
Su Apart Otel Akyaka,Errie G,en,we eating here. it was the worst dinner in my life. i can’t feeling the tasteless. i was so sad
Su Apart Otel Akyaka,Eray Ercan,en,"pool was rather a small one but, cold beer and nice, cheap cocktails was great"
Su Apart Otel Akyaka,Naseem Khan,en,was a comfortable stay. thank you for the hospitality.
Su Apart Otel Akyaka,d0r1 S4ku,en,"it's a place i will never go again. we went there with our family a few years ago and it was nice so we went again, but i wish we hadn't, the hotel has no trace of its old self. don't be fooled by the photos, most of the sockets are protruding, one of them doesn't even have a head, and when the covers they put on the floors were opened, there were brown dried stains. we decided to lay out the bed linens without uncovering them, we needed another one, the man brought one under the name of ""clean"", we spread it out and we saw that there were stains on it too, and let's not forget the hairs on the pillows and beds. i sprayed cologne on the place where i was going to sleep and slept without a pillow. also, do not expect privacy inside the apartment, the doors inside are broken and do not lock, but if you apply very strong pressure to the door, some of them close. the walls had a few cracks and were dirty. there were a few pans and pots, but they were in a very bad condition, they were scratched, and even the scratches were orange, not yellow, but orange as they got older. the tube was not working, we tried to open it but it gave very little fire. slightly far from the sea. i can say that the only good thing was that he was friendly. i don't recommend you go."
Mevsim Apart - Akyaka Apart,Kadir Darı,tr,"artıları : sahile yürüme mesafesi,apartın ara sokakta oluşu gece sessizlik sağlıyor.migros ve şok 3 dk mesafede.dairede çift klima.sıcak soğuk su ayarı yeterli.balkonu geniş ferah.4 kisi konaklamada yeterince rahat.sinek problemi yok.camlar sineklikle kapanmış durumda. eksileri : kahvaltı dahil alıyorsanız pek bir beklenti içine girmeyin.kahvaltıda ekmek çıkana kadar soğuk ekmek var.pogaca 9 da çıkıyor 10 da bitiyor görevli arkadaş 10 mt den seslenip oda numaranızı soruyor.ben bu sayede herkesin nerede kaldığını öğrendim.corba ,su kahvaltı ya dahil değil.kahvaltıdan çok bir beklentiniz olmasın. apartlarda mutfakta bulaşık sabunu , banyoda el sabunu ve şampuan yok.talep ettiğiniz de ' biz aparta zaten vermiyoruz ' denip çözüm sunulmuyor.apart içinde bir çalışan ile karşılaşsanız hemen kafalarını çevirip islerine devam ediyorlar.bir günaydın,hosgeldiniz,iyi akşamlar duymak zor. internet var ama çekim kuvveti üst katlar için zayıf. apart sahibi murat beyin bu işi severek yaptığı belli.fakat diğer çalışanlar için bunu belirtmek zor..."
Mevsim Apart - Akyaka Apart,Cem ÖZTÜRK,tr,"son iki yıldır gidiyoruz. 5 kişi, 9, 15, 19 ve 22 yaşında bir kız bir oğlum ve iki büyük erkek kuzenleri ile çok çok eğleniyorlar. apart dairelerin konumu çok güzel. beklentilerimizi tam anlamıyla karşılıyor. tavsiye ederim."
Mevsim Apart - Akyaka Apart,Emre Köroğlu,tr,"huzurlu sakin bir apart. odalarda tüm imkanlar mevcut. plaja çok yakın, yürüyüş mesafesinde. her türlü ihtiyacınızı elinizin altındaymış gibi temin edebileceğiniz mükemmel bir lokasyonda..."
Mevsim Apart - Akyaka Apart,Ceyhan Çalışır,tr,kendi eviniz gibi rahat edebileceğiniz bir ortam
Mevsim Apart - Akyaka Apart,kaplan mustafa kaplanoglu,tr,guzel bir konuma sahip hos bir konaklama yeri
Mevsim Apart - Akyaka Apart,Kadir Darı,en,"pros: walking distance to the beach, the fact that the apartment is on a side street provides silence at night. migos and shok are 3 minutes away. the apartment has double air conditioning. hot and cold water settings are sufficient. the balcony is large and spacious. it is comfortable enough for 4 people to stay. there is no fly problem. the windows are closed with fly screens. cons: if you're getting breakfast included, don't expect much. breakfast includes cold bread until the bread comes out. pogaca leaves at 9 and ends at 10. the staff calls from 10 meters away and asks for your room number. this way, i learned where everyone was staying. soup and water are included in breakfast. not. don't expect too much from the breakfast. in the apartments, there is no dish soap in the kitchen, hand soap or shampoo in the bathroom. when you request it, they say 'we don't provide it to the apartments anyway' and no solution is offered. if you encounter an employee in the apartment, they immediately turn their heads and continue their work. it is difficult to hear a good morning, welcome, good evening. there is internet but the gravitational force is weak for the upper floors. it is obvious that the owner of the apartment, mr. murat, enjoys this job. but it is difficult to express this for other employees..."
Mevsim Apart - Akyaka Apart,Cem ÖZTÜRK,en,"we've been going for the last two years. 5 people, a girl and a son aged 9, 15, 19 and 22, and their two older male cousins ​​are having a lot of fun. the location of the apartments is very nice. it fully meets our expectations. i advise."
Mevsim Apart - Akyaka Apart,Emre Köroğlu,en,"a peaceful and quiet apartment. all facilities are available in the rooms. very close to the beach, within walking distance. in a perfect location where you can have all your needs at your fingertips..."
Mevsim Apart - Akyaka Apart,Ceyhan Çalışır,en,an environment where you can feel comfortable like your own home
Mevsim Apart - Akyaka Apart,kaplan mustafa kaplanoglu,en,a nice place to stay with a beautiful location
Akyaka Zeytin Apart,Merve Demirağ,tr,apart çok temiz ve sessiz. balkonu mevcut. azmak nehrine yakın olması en sevdiğim yanı oldu diyebilirim. eylem hanım'a nezaketi ve misafirperverliği için ayrıca teşekkür ederim. tekrar gelince tercih edeceğim bir apart.
Akyaka Zeytin Apart,Ferda Akgül,tr,"eylem hanım çok şeker, zarif bir insan kendisini çok sevdik, ilgili ve kibar..apartın konumu enfes akyaka’nın göbeğidenize, restaurantlara, azmak’a her yere birkaç dk yürümeniz yeterli. biz 2 arkadaş kaldık çok keyif aldık, odaları daha büyük olabilirdi ancak o konumda bu çok takılacak bir durum değil, herşey için teşekkürler"
Akyaka Zeytin Apart,Alâattin Zafer,tr,"çarşının göbeğinde ama her nasılsa gürültüden uzak. yakınlarda butik, gümüş takıcıdan tutunda yeme içme yerlerine kadar her şey mevcut. en önemli özelliği çok temiz ve bakımlı olması. i̇lgilileri tebrik ediyorum. tek dezavantajı biraz küçük ama sıkıntı yaratacak derecede değil. tavsiye ederim rahat edeceksiniz. i̇yi tatiller."
Akyaka Zeytin Apart,sibel serçe,tr,"sahipleri ve odaları inanılmaz temiz hoş insanlar, akyaka’ya gelirseniz kalabileceğiniz en nezih ve uygun fiyatlı apart"
Akyaka Zeytin Apart,Muammer Mert Atalar,tr,tertemiz mis gibi bir işletme gönül rahatlığıyla gidip kalın
Akyaka Zeytin Apart,Derviş kayımbaşıoğlu,en,the host was very kind and welcoming. we had a great time at zeytin apart. i strongly recommend to everyone who wants to feel like home.
Akyaka Zeytin Apart,Merve Demirağ,en,the apartment is very clean and quiet. it has a balcony. i can say that being close to the azmak river was my favorite part. i would also like to thank ms eylem for her kindness and hospitality. this is an apartment i will choose when i come again.
Akyaka Zeytin Apart,Ferda Akgül,en,"ms. eylem is a very sweet, elegant person. we loved her very much, she is caring and polite. the location of the apartment is wonderful, in the heart of akyaka. just a few minutes walk to the sea, restaurants, azmak and everywhere. we stayed as 2 friends and enjoyed it very much, the rooms could have been bigger, but in that location it is not a big deal, thank you for everything"
Akyaka Zeytin Apart,Alâattin Zafer,en,"in the heart of the bazaar but somehow away from the noise. there is everything from boutiques, silver jewelers to eating and drinking places nearby. its most important feature is that it is very clean and well-maintained. i congratulate those involved. the only downside is that it's a little small, but not enough to cause a problem. i recommend it, you will be comfortable. have a nice holiday."
Akyaka Zeytin Apart,sibel serçe,en,"the owners and their rooms are incredibly clean and nice people, the most decent and affordable apartment you can stay in if you come to akyaka"
Santo Akyaka Home,Hilal Leventoğlu,tr,"yorumları okuyunca gerçekten şaşırdım. i̇ki hafta boyunca üç farklı butik otelde konakladım. hepsi ekonomik odaydı. i̇çlerinden en beğendiğim santo oldu. çalışanları gayet samimi ve güler yüzlüydü. kendimi rahat hissettiğim içinde düşündüğüm süreden daha fazla kaldım. terlik, şampuan, saç kurutma makinesi vb olmadığı zaten tarafıma iletilmiştim bu yüzden tedbirli gitmiştim. tv de sorun yaşadım ama söyleyince çözüldü. duşta sıcak su beklentimi fazlasıyla da karşıladı. mutfaklı bahçe katı (yanlış hatırlamıyorsam menekşe1 odaydı) çok memnundum. gece nefes alacağım güzel bir bahçe ve özellikle bol kedili bir butik otel. hayvanlara sahip çıkan işletme, insana yüz çevirmesini beklemeyin ekonomik odadan beklentiniz 5 yıldızlı otelse ne diyebilirim ki sürekli akyaka giden biri olarak söylüyorum bunu, tercihim yine santo'dan yana olacak. teşekkür ediyorum 🫶"
Santo Akyaka Home,Edahan Yeşilırmak,tr,"konum olarak azmak nehrine ve plaja 1 km den kısa mesafede. yürüyerek rahatça gidilebiliyor. biz bahçe katındaki odada kaldık, odada çok yoğun bir nem kokusu vardı. özellikle banyo ve tuvalet gerçekten çok kötü kokuyordu. havalandırsak da koku sıksak da asla geçmedi. i̇ki tek yatağı birleştirip çift kişilik yatak yapmışlar, tek kişilik bir tane örtü koymuşlar, el havlusu banyoda klozetin üzerindeydi, tv nin ortasından beyaz bir çizgi geçiyordu, tuvaletteki dışında çöp kutusu yoktu, odada saç kurutma makinesi bile yoktu. sabah 9.30 da elektrikli süpürge sesine uyandık. daha önce de bu tarz yerlerde kaldık, odada en azından saç kurutma makinesi, banyo terliği gibi şeyler oluyordu. bunlara ek olarak sahipleri ve çalışanlar hiç güleryüzlü değil. etrafta benzer pek çok yer var. fiyatları da aşağı yukarı aynı. tercih edecekseniz başka yerleri tercih edin."
Santo Akyaka Home,Asena Yazıcı,tr,"pahali bircok konaklama icinde uygun fiyata temiz gayet rahat bir oteldi bizim icin. tek eksigi odalarda terlik ve sampuan olmamasi. akyakaya tekrar gittigimde tercih edebilecegim bir yer,tesekkurler."
Santo Akyaka Home,Mageador,tr,2 gün bu apartta kaldım. bize verdikleri oda havuzun altında derme çatma bir odaydı. mahremiyet sıfır. perdeler camları tam olarak kapatmıyor. i̇çerisi bildiğiniz gözüküyordu. o yüzden içeride ışık kapalı bir şekilde giyindik. duşlarda plastik kalitesiz bir mini şofben var. ben sıcak duş seven bir insanım kesinlikle yetersiz su ısınmıyor. duşta fön makinesi yok. 2 günün bitmesi için sabrettim. önermiyorum.
Santo Akyaka Home,Feyza Özsoy,tr,"dağ manzaralı family apartta 4 kişi konakladık, fiyatına göre gerçekten konum olarak da rahatlık olarak da çok güzeldi çok memnun kaldık.. çalışanlar da çok güler yüzlü, eksik durumlarımızda hemen bize yardımcı oldular, havuzu da gayet yeterliydi.. bir dahakine gelişimde de tercih ederim gerçekten.. klima vs de sorunsuz çalışıyordu, yataklarda rahattı sadece çekyatın birisi çok sertti o kadar. son günümüzde de havalimanına gitmeden kahvaltı için çıkacaktık bavulları tesiste bırakmamıza izin verdiler. genel olarak güzeldi, teşekkür ederiz :)"
Santo Akyaka Home,Anton van A,en,"nice place but the rooms were uncomfortably small! not the best room really but affordable. good location and staff was okay, although they do not speak much english"
Santo Akyaka Home,Baris Kahraman,en,it was ok would not recommend if you are picky
Santo Akyaka Home,Erkan Demirbaş,en,a bit low quality holiday concept
Santo Akyaka Home,Eren Erdogdu,en,i̇
Santo Akyaka Home,İl Tug,en,super
Elçin Kız Öğrenci Apartı,İhsaniye Tekeci,tr,çok temiz ve güvenli aileler için çok özel bir kız apartı derslikleri 5dk.yürüme mesafesi üniversite bitişiğinde herkese tavsiye ederiz
Elçin Kız Öğrenci Apartı,Emir ege Balandı,tr,"üniversitenin bitişiğinde fakültelere 5 dakika yürüme mesafesinde lokasyonu çok güzel, temiz, güvenli kız öğrenci aileleri için bulunmaz bir kız öğrenci apartı sahipleri mehmet bey & hale hanıma 4 yıldır bize verdikleri hizmetten dolayı kendilerine teşekkür eder kız öğrenci ailelerine tavsiye ederim."
Elçin Kız Öğrenci Apartı,Nurcan Dedeoğlu,tr,güvenli ve temiz bir kız öğrenci apartı kız öğrenciler için bulunmaz bir yer lokasyonu süper tavsiye ederiz
Elçin Kız Öğrenci Apartı,Beyza Nur Gzkçk,tr,"güvenliği ,temizliği ve fakültele yakınlığı süper kız ailelerinin gözü kapalı güvenebileceği bir apart elçin ,3 yıldır sorunsuz kalıyoruz son senemizdede elinle devam"
Elçin Kız Öğrenci Apartı,Neşet Kütük,tr,"güvenlik ve huzurlu bir yer arıyorsanız doğru yerdesiniz,gözünüz arkada kalmadan huzur içinde uyuyabilirsiniz"
Elçin Kız Öğrenci Apartı,Erkan Çiftçi,en,super
Elçin Kız Öğrenci Apartı,İhsaniye Tekeci,en,"very clean and safe, a very special girls' apartment for families, 5 minutes' walking distance from classrooms, next to the university, we recommend it to everyone."
Elçin Kız Öğrenci Apartı,Emir ege Balandı,en,"adjacent to the university, 5 minutes walking distance from the faculties, the location is very nice, clean and safe. it is a unique female student apartment for families of female students. i would like to thank the owners of the female student apartment, mr. mehmet & ms. hale, for the service they have provided us for 4 years and recommend it to the families of female students."
Elçin Kız Öğrenci Apartı,Nurcan Dedeoğlu,en,"it is a safe and clean female student apartment, a unique location for female students, we highly recommend it."
Elçin Kız Öğrenci Apartı,Beyza Nur Gzkçk,en,"you are an apartment ambassador whose security, cleanliness and closeness to the faculty can be trusted blindly by the girls' families, we have been staying without any problems for 3 years and continue with your help in our last year."
İNCİLİ PANSİYON-OTEL-APART,Yağız Özdemir,tr,"eşimin google üzerinden bulup iletişime geçmesiyle bulduk. çok ilgili, güleryüzlüler. oda tamamiyle tertemizdi. kapıyı açar açmaz hijyenik atmosfer yüzünüze çarpıyor. fiyat olarak bölge apartlarına göre çok uygun. aracınızı park etmek bu bölgede oldukça kolay, sahile yürüyerek gidilebiliyor. çarşının merkezinde olması büyük avantaj diyebilirim. eşimle çok memnun kaldık, bir sonraki tatilimizde tercihimiz yine muhakkak incili apart olacak :) kendilerine teşekkür ediyoruz."
İNCİLİ PANSİYON-OTEL-APART,Aziz Öztürk,tr,"i̇şletme sahipleri gerçek esnaf, kibar ve temizler hala öncelik müşteri diyebilen bir yer. ben bir gece konakladım akkaya ya tekrar gidersem kesinlikle başka yer aramam. i̇lginiz için teşekkürler"
İNCİLİ PANSİYON-OTEL-APART,D Ö,tr,"birkaç tane pansiyon gezip, tatilimizin bir gecesinde de burada misafir olduk. i̇clerinde en temizi burasıydı diyebilirim. mis gibi bir kokuyla karşıladılar bizi. i̇şletmecisi de cana yakın bir hanımefendi. yine gelsek tercih edeceğimiz bir yer olur. teşekkür ederiz."
İNCİLİ PANSİYON-OTEL-APART,Kübra Demir,tr,herşey güzeldi. gelirken bu kadar hijyenik olabileceğini düşünmemiştik. i̇şletme sahibi duygu hanım ve fırat bey çok ilgililerdi. her şey için teşekkürler.
İNCİLİ PANSİYON-OTEL-APART,Ayşe Kart,tr,genç bir çiftimizin işlettiği pansiyon çok temizdi güleryüzlü ve canayakın çiftimiz her konuda yardımcı olmaya çalıştılar ilgileri için teşekkür ederim yine gidersek yine kalacağımız bir mekan konum olarak akyaka girişinde kalıyor. azmağa yakın yerler daha pahalı park sorunu var sokaklar dar ücretli otoparklar var burası daha sakindi
İNCİLİ PANSİYON-OTEL-APART,Yağız Özdemir,en,"we found it after my wife found it on google and contacted us. they are very caring and friendly. the room was completely clean. as soon as you open the door, the hygienic atmosphere hits you in the face. the price is very affordable compared to the apartments in the region. parking your car is very easy in this area, and you can walk to the beach. i can say that it is a great advantage that it is in the center of the bazaar. my wife and i were very pleased, our next holiday will definitely be i̇ncili apartment :) we thank them."
İNCİLİ PANSİYON-OTEL-APART,Aziz Öztürk,en,"the owners are real tradesmen, they are polite and clean, it is still a place that puts customers first. i stayed for one night. if i go to akkaya again, i will definitely not look for another place. thanks for your attention"
İNCİLİ PANSİYON-OTEL-APART,D Ö,en,"we visited a few hostels and stayed here one night during our holiday. i can say that this was the cleanest place. they welcomed us with a sweet smell. the manager is also a friendly lady. if we come again, it would be a place we would choose. we thank you."
İNCİLİ PANSİYON-OTEL-APART,Kübra Demir,en,"everything was beautiful. when we came, we didn't think it would be this hygienic. the owners of the business, ms. duygu and mr. fırat were very attentive. thanks for everything."
İNCİLİ PANSİYON-OTEL-APART,Ayşe Kart,en,"the hostel run by a young couple was very clean. our smiling and friendly couple tried to help in everything. thank you for their interest. if we go again, it is a place where we will stay again. it is located at the entrance of akyaka. places close to the river are more expensive, parking is a problem, the streets are narrow, there are paid parking lots, this place was quieter."
Yatu Apart Otel,whete wolf,tr,kahvaltısı harika
Yatu Apart Otel,Dante Alighieri,tr,denenmeli
Yatu Apart Otel,H.Tarık ALTUNTAŞ,tr,temiz
Yatu Apart Otel,Guney Ozbek,tr,mugladakievimiz
Yatu Apart Otel,whete wolf,en,breakfast is great
Yatu Apart Otel,Dante Alighieri,en,must try
Yatu Apart Otel,H.Tarık ALTUNTAŞ,en,clean
Yatu Apart Otel,Guney Ozbek,en,our house in mugla
belgin pansiyon,Betül Engin akyaz,tr,"uzun yoldan akyaka’ya gitmek isterken, maalesef geç saatlere kaldık ve kalacak yer olarak yorumlara bakarak gittiğimiz belgin apart, ahmet bey çok ilgiliydi,geç saatte olsa bizi yolda bırakmadı. klimalı odada kaldık, odalar ve wc çok temiz… yolunuz düşerse mutlaka gidin. fiyat olarak çok uygun. teşekkürler belgin apart,"
belgin pansiyon,Yıldız Alfıstık İşcan,tr,"bir gece konaklama için gittim. odalar kullanışlı, çok temiz, çarşaflar pırıl pırıl. elbette eksikleri var ama zaten tatilciler için değil öğrenciler için düşünülmüş. evet yeri biraz sapa fakat her durumda ulaşım sağlanabiliyor. i̇şletme sahibi ahmet bey oldukça ilgili ve yardımsever. sonraki ziyaretimde yine tercihim olacaktır."
belgin pansiyon,Kürşat Duran,tr,"muğla'da bu fiyata kalabileceğiniz mükemmel bir yer (1+1 banyo ve tuvalet içinde) özellikle işletme sahibi ahmet bey çok iyi biri yardımcı oluyor , bundan sonraki tatillerimde de konaklayacağım tek yer diye bilirim."
belgin pansiyon,Merve Mercan,tr,konum benim için 5 sınava gireceğim okulla mesafesi 10 dk sadace ama bildiğiniz tarlanın ortasında apart yapmışlar etrafında hastane emniyet olmasına rağmen gelişmemiş. yemek söylem gelmedi bile düşünün başka bir yerden söyledim. odalar normal temiz çok çok kötü olmaması benim için yeterliydi. fiyatı gayet uygun gidip kalınabilir mi kesinlikle evet
belgin pansiyon,MSTERSND,tr,gerçekten çok temiz.. odaların içi ve otelin dışı da ayrı bi güzel. 1 gün kaldık çok yardımcı oldular diğer pansiyonlara gitmek yerine buraya gidin zaten diğer pansiyonların yorumlarına ve puanlarına baktığınızda diğerlerinin kötü olduğu anlışılıyor
belgin pansiyon,Warda Gaaz,en,far away from bus station
belgin pansiyon,Betül Engin akyaz,en,"while we wanted to go to akyaka by a long way, unfortunately we stayed late and we went to belgin apartment based on the reviews as a place to stay. mr. ahmet was very attentive and did not leave us stranded even if it was late. we stayed in an air-conditioned room, the rooms and the wc are very clean… if you ever come across it, be sure to go. the price is very affordable. thank you belgin apart,"
belgin pansiyon,Yıldız Alfıstık İşcan,en,"i went for a one night stay. the rooms are convenient, very clean, the sheets are sparkling. of course, it has its shortcomings, but it is designed for students, not holidaymakers. yes, the location is a little out of the way, but transportation is possible in any case. the owner of the business, mr. ahmet, is very interested and helpful. it will be my choice again on my next visit."
belgin pansiyon,Kürşat Duran,en,"it is an excellent place to stay in muğla for this price (1+1 bathroom and toilet included). especially the owner, mr. ahmet, is a very good person and helps me. i can say that it is the only place i will stay in my next holidays."
belgin pansiyon,Merve Mercan,en,"the location is only 10 minutes away from the school where i will take 5 exams, but as you know, they built an apartment in the middle of the field and it is not developed even though there is a hospital and security around it. imagine if i didn't even mention the food i said it from another place. the rooms were normal, clean and the fact that it wasn't too bad was enough for me. the price is very affordable. can you go and stay? definitely yes."
Cumba Apart,Zeynep Umutlu,tr,misss gibi temizlik kokusuyla ayşen hanımın gülen yüzüyle herşey çok güzeldi.kendi evimiz gibiydi çok rahat ettik.çokkkk teşekkür ederiz
Cumba Apart,Osman Nuri Kundakçı,tr,akyaka’ya gelince sadece lokasyon için kalabileceğiniz bir yer. kahvaltı vs bir beklentiniz olmasın. bizim toz hassasiyetimiz var oda tozlu. yalnız bulunduğu konum çok güzel her yere ulaşım kolay bunun dışında övülecek bir yanı yok
Cumba Apart,Yasemin aydın,tr,"eşim ve 7 yaşındaki kızımla çok rahat, konforlu ve sorusuz bir konaklama yaptık. i̇şletme sahibi ayşen hanım'ın güler yüzü ve ilgisi bizleri çok memnun etti. odaların genişliği, hijyeni ve işletmenin konumu keyifli bir tatil arayışında olanlar için kaçırmayacak bir fırsat. ayrıca odada unuttuğum takılarımı adresime kadar eksiksiz ve sorunsuz ulaşmasını sağladıkları için de çok teşekkür ederim. dürüsüt ve yardım sever yaklaşımları bizi çok memnun etti. hiç düşünmeden tercih edebilirsiniz."
Cumba Apart,Murat Çokpınar,tr,"odalar iki kişilik konaklama için gayet rahat, ferah ve konforlu. sahibi gayet ilgili, kibar ve sorunlara karşı yardımcı oldu. apart’ın konumu gayet merkezi akyaka’daki ilgi noktalarına ulaşımı kolay. bir daha gelinecek olursa mutlaka kalacağım bir yer olacak."
Cumba Apart,Ecem ÖZATAY,tr,ayşen hanıma çok teşekkür ederiz bayram tatili boyunca çatı katında kaldık. misler gibiydi her yeri otelin. kaldığımız oda da arka tarafa bakıyordu bayramda aşırı kalabalık olan akyaka’nın gürültüsünden hiç etkilenmedik. çok teşekkürler.
Cumba Apart,T.I.Y.,en,"great hotel. very good location. walking distance to the beach. they hotel is cosy and quiet even if it is not far from the restaurants and pubs in the neighborhood. the rooms at the back have mountain view, the front ones have big balcony and face the street. they are not very big but moderate size. very friendly owner, makes you feel at home. i would recommend this place to everyone that would like to enjoy the beach and the night life in akkaya and also try kite surfing since it takes 10 minutes to drive to the beautiful kite beach!"
Cumba Apart,Ozge Canli Neumann,en,we were here at the end of september. the hotel is run by very kind women. it is a really cozy place located very centrally. the rooms facing back are very silent.
Cumba Apart,Zeynep Umutlu,en,"everything was very nice with the smell of cleanliness like missy and the smiling face of ms. ayşen. it was like our own home, we felt very comfortable. thank you very much."
Cumba Apart,Osman Nuri Kundakçı,en,"when it comes to akyaka, it is a place you can stay just for the location. don't expect anything like breakfast. we are sensitive to dust and the room is dusty. however, its location is very nice, it is easy to reach everywhere, other than that, there is nothing to praise about it."
Cumba Apart,Yasemin aydın,en,"we had a very comfortable, comfortable and question-free stay with my wife and 7-year-old daughter. we were very pleased with the smiling face and interest of the owner of the business, ms. ayşen. the size of the rooms, their hygiene and the location of the establishment are an opportunity not to be missed for those looking for a pleasant holiday. i would also like to thank them very much for ensuring that the jewelry i forgot in the room was delivered to my address completely and smoothly. we were very pleased with their honest and helpful approach. you can choose it without thinking."
Günışığı Apart,Sema Kapusızoğlu,tr,"ağustos 2019 sonu için iki günlük yer ayirtmistik geldiğimiz gün akyaka'yı ve evi görür görmez tatilimizi uzatma kararı aldık. nurcan hanım ve eşi işletiyor çok sıcakkanlı yardımsever insanlar. sahile biraz uzak araçla geleceksiniz daha rahat edersiniz. biz sahile uzak olmasını sevdik çünkü kıyı şeridindeki kalabalık ve gürültülü ortamdan uzak, dağ esintileri ve muhteşem akyaka denizini seyrederek konakladık. kahvaltıda kitesurf yapanları görmek çok huzur verici. her şey tertemiz, yeni ve güzel. nevresim ve çarşafınızı dahi getirmenize gerek yok bembeyaz ve pırıl pırıldı. mutfak araç gereçleri de vardı. tek sorunumuz çatı katı dairesinde çamaşır makinesi olmamasıydı. diğer dairelerde varmış ama. apart bim, a101, şok gibi uygun fiyatlı marketlere çok yakın hemen dibinde bir fırın var. akyaka'da restoranlar da çok pahalı değil zaten, turistik yerlerdeki fahiş fiyat uygulaması buralara yansımamış henüz. gelmeyi düşünenlere tavsiye ederim, biz çok memnun kaldık şimdiden tekrar gelmeyi düşünüyoruz."
Günışığı Apart,Kadir Bulut,tr,"akyaka'ya muğla'dan girince hemen ilk sağdaki sokakta, bulması çok kolay. aynı tarzda inşa edilmiş 2 katlı yapılar arasında ilk sırada. hemen yakınında bir fırın-kafe var (gözlemesi iyi, tatlı olan marmaris kurabiyesini deneyin), 4 büyük süpermarket de yürüme mesafesinde. sahile biraz uzak, dolasıyla araçla gelecek olanlara tavsiye olunur, ama böylece aşağıdaki sezon kalabalığından da uzak. bina yeni, dıştan yöre mimarisine uygun; ahşap aksamlı, özellikle balkonu. havuzu yok. apart için inşa edilmiş, yönetici de profesyonel ve sakin bir hanımefendi zaten. mesela akşam 10 buçukta tüp bitince hemen yenisini çıkardı. daire küçük tabii, kutu gibi kompakt. yatak odası, mutfaklı oda, banyo ve balkon. bir çift kişilik yatak, bir çekyat, bir de katlanmış vaziyette yedek yatak var. sıcak su, mini buzdolabı, klima, mutfak gereçleri, 2'li set üstü ve aspiratör, dört sandalye ve masa, balkonda bir portatif masa ve çamaşır askılığı, duşakabin, klozet vs. var, ütü yok. her apartın ayrı interneti var. konforu çok da etkilemeyen ufak tefek arızalar da var illa ki. girişi ayrı, resepsiyonu görüyor sadece. 2018 ağustos için günlüğüne 250 tl verdik, girerken ve nakit. eylül ayı girince de 200'e indi. sakin şehir olunca 3 no'lu odaya mahsus güvenlik açığını biz bile çok ciddiye almadık. balkona hırsız gelir mi derken kedi geldi :) ha bu arada evcil hayvan istenmiyor. son olarak, yanınızda çakmak bulunsun :)"
Günışığı Apart,Mustafa Ulu,tr,"akyaka için tercih edilebilir bi yer ben 2019 yılı kurban bayramında yer bulamadığım için kalmıştım tercih edilme nedenleri sahipleri güleryüzlü fiyatları gayet uygun akyaka ölçeğinde odaları temizdi sadece kaldığımız odanın bahçe kati olması ve yaz ay i olması nedeni bi kaç böcek muhtemelen bahçeden odaya girmişti, konum olarak akyaka nin girişinde sahile yaklaşık 15-20 dakika yürüme mesafesinde konum olarak bu sıkıntı olabilir ama tabiki bu fiyatın da düşük olmasına bi etken bu kapsamda tercih edilebilir bi yer pişman olmazsınız"
Günışığı Apart,Serkan Günal,tr,"akyaka girişinde, marketlere ve merkeze yakın, yürüyüş mesafesinde. otopark sorunu yok. apart tertemiz ve kullanışlı. balkonları mükemmel. tavsiye edilir."
Günışığı Apart,Kerem C. K.,tr,tek sıkıntısı denize erişimin zorluğu ama uzak olmasının getirdiği haftanın her günü rahat park fırsatı iyiydi eşyaları baştan aşağı yenilemis olan bu apart kaldıklarimiz arasında en iyilerinden güler yüzlü işletmecisiyle de gönülleri kazanıyor akyaka ya gelirseniz ve tabi arabanız varsa iyi bir tercih ama arabasiz deniz çook zor 1.6 km ye yakın bir yokuş sonrası ulaşılıyor.
Günışığı Apart,Sema Kapusızoğlu,en,"we booked a two-day stay for the end of august 2019, and as soon as we saw akyaka and the house on the day we arrived, we decided to extend our holiday. ms. nurcan and her husband run it, they are very friendly, helpful people. you will be more comfortable if you drive a little further to the beach. we liked that it was far from the beach because we stayed away from the crowded and noisy environment on the coastline, watching the mountain breezes and the magnificent akyaka sea. it is very peaceful to see people kitesurfing at breakfast. everything is clean, new and beautiful. you don't even need to bring your duvet cover and sheets, they were pure white and sparkling. there were also kitchen utensils. our only problem was that there was no washing machine in the penthouse. but there were other flats. apartment is very close to affordable markets such as bim, a101, şok, and there is a bakery right next to it. restaurants in akyaka are not very expensive anyway, and the exorbitant price practices in touristic places have not yet been reflected here. i recommend it to those who are thinking of coming, we were very pleased and are already thinking of coming again."
Günışığı Apart,Kadir Bulut,en,"when you enter akyaka from muğla, it is on the first street on the right, very easy to find. it ranks first among the 2-storey buildings built in the same style. there is a bakery-café right nearby (try the marmaris cookies, which are good and sweet), and 4 large supermarkets are within walking distance. it is a little far from the beach, so it is recommended for those who come by car, but thus it is away from the season crowds below. the building is new, externally compatible with the local architecture; wooden parts, especially the balcony. it doesn't have a pool. it was built for an apartment and the manager is a professional and calm lady. for example, when the tube ran out at half past 10 in the evening, he immediately took out a new one. the apartment is small, of course, compact like a box. bedroom, room with kitchen, bathroom and balcony. there is a double bed, a sofa bed and a folded spare bed. hot water, mini refrigerator, air conditioning, kitchen utensils, 2-piece stove top and aspirator, four chairs and table, a portable table and clothes rack on the balcony, shower cabin, toilet etc. yes, no ironing. each apartment has separate internet. there are also minor malfunctions that do not affect comfort much. it has a separate entrance and only sees the reception. we paid 250 tl per day for august 2018, cash and check-in. as september entered, it dropped to 200. being a quiet city, even we did not take the security vulnerability specific to room 3 very seriously. just when i was wondering if a thief would come to the balcony, the cat came :) oh, by the way, pets are not wanted. finally, have a lighter with you :)"
Günışığı Apart,Mustafa Ulu,en,"it is a preferable place for akyaka. i stayed there during the eid al-adha of 2019 because i could not find a place. the reason for choosing it is that the owners are friendly, the prices are very affordable, the rooms were clean on the akyaka scale, the only reason was that the room we stayed in was on the garden floor and it was summer, a few insects probably entered the room from the garden, akyaka is the location. this may be a problem in terms of location, approximately 15-20 minutes walking distance from the beach at the entrance of the city, but of course, the low price is also a factor, it is a preferable place in this context, you will not regret it."
Günışığı Apart,Serkan Günal,en,"at the entrance of akyaka, close to markets and the center, within walking distance. there is no parking problem. the apartment is clean and convenient. balconies are perfect. it is recommended."
Günışığı Apart,Kerem C. K.,en,"the only problem is that it is difficult to access the sea, but due to its distance, it was easy to park every day of the week. this apartment, which has been completely renovated from top to bottom, is one of the best we have stayed in. it also wins hearts with its friendly manager. if you come to akyaka and of course you have a car, it is a good choice, but without a car, the sea is very difficult, 1.6 km. it is reached after a steep hill."
AnkAkyaka Apart Hotel,Nurten Ö.,tr,biz en ucuz ve en dar odada kaldik. bunu biliyorduk ve ihtiyacimiz sadece gece gecirebilecegimiz odaydi. bu sebeple eger oyle bi otel ariyorsaniz en ucuz oda yeterli. oda gercekten kucuk yatak ve mini buzdolabi disinda buyuk valiz acmak isteseniz acamazsiniz. banyo tuvalet yeterli. dedigim gibi gecesine 900 tl verdiginiz oda size kalmak icin temel sartlari sagliyor. yatak yastiklar vs rahat. tuvalet banyo temizdi. biz tek gece kaldik ve ikinci gece de kalmak istesek oda gozumuze batabilirdi. ama tek gece tolere edildi. odada internet cekmiyor ama wifi sifresi talep edilebilir. konum acisindan da her yere yurume mesafesi.
AnkAkyaka Apart Hotel,Semih Ceyhan,tr,"konumu güzel, odalari geniş, ama eski ve tuvaletler kokuyordu. fakat personelin tavrı bir değişik. telefonda konuşup anlaştığımız fiyatın üstünde bir fiyat söylediler. sonra da bize yalancı muamelesi yapıp atar yaptı arkadaş. ben yalan söylüyorum o zaman diye atarlandi. fiyatı düşükten aldı sonuçta ama üslup çok rahatsız ediciydi. üzücü ve moral bozucu bir deneyimdi. bu sebeple iki yıldız verdim yoksa daha fazla hak eder. akyakada pek çok apart var başkasını tercih edebilirsiniz..."
AnkAkyaka Apart Hotel,Şemsi Aksel,tr,her bütçeye göre uygun. 1000 liralık odada kalmakla 2000 tl aynı değil. biz 1+1 de kaldık. her şey ferah çift balkon vardı. tertemizdi. valizde açamadık diyenler ona göre tutacak yada apartın tüm odaları dar gibi ambiyans yaratmayacak. 2 yaş oğlumla çok rahat ettik. güven içinde gelebilirsiniz. teşekkürler ankakyaka apart hotel
AnkAkyaka Apart Hotel,ilayda ülker,tr,"biz eylül 29 da aile olarak konaklama yaptık çok memnun kaldık. apart tertemizdi, çalışanlar ilgiliydi . apartın malzemeleri temizdi ve her şey düşünülmüştü. çok memnun kaldık teşekkür ederiz fethiye’den selamlar"
AnkAkyaka Apart Hotel,Viktor Thiessen,tr,"ank akyaka otel’de konaklamam harikaydı. fiyatı oldukça uygun olmasına rağmen, sunduğu temizlik ve kalite gerçekten beş yıldızı hak ediyor. odalar modern ve özenle temizlenmişti. personelin güler yüzlülüğü ve ilgisi, tatil deneyimimi daha da güzelleştirdi. akyaka’nın doğal güzelliğiyle birleşen huzurlu atmosferi, burada geçirilen zamanı unutulmaz kılıyor. uygun fiyatlı, temiz ve konforlu bir konaklama arayan herkese gönül rahatlığıyla tavsiye ederim"
AnkAkyaka Apart Hotel,Faysal Motovlogs,en,"good experience with the room, centre is 5 minutes walking where you can everything like restaurant, shops, banks, departmental stores. view from outside the building is amazing due to it's amazing nature if you want to see the room tour of this hotel which will be released soon please check on my youtube and subscribe. i am a motovlogger and travel inside turkey at different locations @moodylens best regards"
AnkAkyaka Apart Hotel,Fritschi Freeride,en,"staying in ankakyaka was to me: a nice and clean place to sleep a series of option to choose from, from double bedded rooms with kitchen and balcony & big rooms to small rooms with double bed in minimalistic-style stuff which to got along with very nicely even though we where not speaking the same language a nice & warm morning smile ,when you pass someone after getting up a chance to use a kitchen and therefore make use of the local fish-market a very nice and respectful and friendly owner with son which where very kind and helpful i'm a simple person it , doesn't need much for me but even if your not in ankakyaka you get great value for the money you invest. i'd like to stay here again - some day - the minimalistic rooms they also have where perfect for me and my needs. i'm already looking forward for another visit in ankakyaka. greetings and all the best form ceto & ... me : ) the room 212 could use some better scent, but that really a minor problem not major."
AnkAkyaka Apart Hotel,Zarrina Çebi,en,"very nice place to stay! love balcony , apartments have everything you need, close to the river and beach shopping stores are nearby."
AnkAkyaka Apart Hotel,Anton van A,en,"we had a small room, which was really small lol. friendly staff and convinient stay! recommended"
AnkAkyaka Apart Hotel,Akin Turan,en,wow decent showers höt hot water if needed. very hard to find..others are decent..
Server Apart Hotel,Ertan Şentürk,tr,"ekim ayının 20-23 arasında konakladım. bölgedeki en temiz ve düzenli apart. apart işletmecisi mehmet bey çok yardımcı oldu. apart binalarının bölgenin özelliklerine uygun güzel bir yapısı var, havuz olanağı bulunuyor. konum olarak migros marketinin hem yanı hem karşısı, araç parkı için uygun yerler var, plaja yaklaşık 15dk lık bir yürüme mesafesinde. 7/24 sıcak su, temiz mutfak imkanı var, odaların kendisine ait balkonu var. ana caddede yer almasına rağmen gürültü ve kalabalık yoktu. hem çift hem tek yatak gibi çeşitli konaklama odaları mevcut. akyaka bölgesinde konaklama için ilk ve tek tercih olabilir. fiyatı daha uygun ama daha uzak yerler var fakat çok bakımsız ve temiz değil, burada konaklama yapmıyorsanız çadırda konaklama yapın, farklı apartlara gitmeyin."
Server Apart Hotel,Pınar Altunkaynak,tr,şuan otelimizin 1. gününde hala konaklarken yazıyorum bir gün daha uzattık ve yine burada kalacağız. otelin konumu çok merkezi bir yerde bütün ihtiyaçlarınızi karşılayabileceğiniz market pastane atm cafe restoran yürüme mesafesinde. havuzu temiz kullanışlı yeterli büyüklukye. oda temiz mutfağında her türlü malzeme mevcut. sahipleri ilgili. azmak nehri ve plaja 10 dk yürüme mesafesi 1 dk araç medajdesi park sıkıntısı yok. yatak rahat .klima dolap ocak duş sorunsuz calisiyor. merkeze bakan 14 numaralı odada kaldık. havuz tarafinda çocuk sesi çok olur diye burayı tercih ettik sizde tercihlerinizi ona gire sekillendirebilirsiniz. fiyat olarakta akyakanin en uygunlarindan diyebilirim. teşekkürler
Server Apart Hotel,Elif,tr,"server apart temiz,odaların içinde ihtiyaç duyulan şeyler var.(havlular,cayci, elektrikli ocak,çöp poşetleri , sabun, bulaşık deterjani vs mevcut odada) benim için konakladigim yerdeki en önemli yer; banyo, gittiğim yerlerde ilk oraya bakarim. ve banyosu gayet temizdi. uygun fiyatli, konumu merkezde, yemek , market vs gibi ihtiyaçlar için çok akıllıca bir seçim oluyor. havuzu temiz. kendim gece havuz bakımı yapılırken bizzat şahit oldum. sahibi olan beyefendi gözü gönlü tok bir beyefendi, bunu ilk konusurken anlamıştım. her konuda yardımcı oldu sağolsun. güler yüzlü, karakterli işletme sahipleri hep kazansın ! memnun kaldım, çevreme tavsiye ettim. burda da yer araştıran varsa kesinlikle öneririm."
Server Apart Hotel,hakan,tr,şu an tatilimizin son günündeyiz 5 gundur burdayız ve çok memnun ayrılacağız öncelikle otel sahibi mehmet beye çok tesekkür ederiz güler yüzü ve yardımseverliği için otel konumu cadde üzeri çok iyi balkondan deniz görünüyor zaten denize 700 m araç park yeri sorun olnadı otelin önü müsait havuz gayet yeterli ve çok temiz evin içi de gayet temizdi mutfak ta bardaklar sanki yeni gibiydi pırıl pırıl sıcak su var sorunsuz klimalar aktif çalışıyor buzdolabı gayet iyi soğutuyo dolaplarda da keşke askı olaymış :) tekrar gelmeyi çok isterim tabi yine bu oteli tercih ederim
Server Apart Hotel,Historya,tr,konumu güzel migros hemen yanında işletme sahipleri çok alakadar ve yardımsever odalar temiz sadece şansımıza çocuk çok fazla idi havuzda durmadan zıpladıkları için rahatsız edici çünkü şezlongda otururken devamlı sıçrayan sulara maruz kalıyorsunuz gelecek olan kişiler bence okul açıkken düşünmeli belki de bizim şansımıza bu kadar çocuk bir arada idi bilinmez? sonuçta işletmeci ne kadar ikaz edebilir ki? ailelerin de burada vurdumduymazlığı etken a ve b blok olarak konumu var a blok havuz tarafına b blok yol tarafına bakıyor havuz isteyenler giriş katı düşünürse çocuk seslerini baz alın yok ben manzara seviyorum diyorsanız 1 ve 2 katlarını tercih edin sonuç olarak güzel temiz bir aile işletmesi herşeye rağmen güzel mekan...
Server Apart Hotel,Çağlar Ünal,en,"rooms are exceptionally clean. we stayed at the main building. there was a swimming pool behind the building. there is barbecue option available to guests by the pool. it's open for common use. we stayed at the facility for 4 nights and during our visit, we had a change to have our dirties washed up at the facility. they all are nice and polite people there. when we go to akyaka again, we will be definitely meeting those people running the facilty."
Server Apart Hotel,Elif Atila,en,"recommendable because we use to stay at server apart every time we visit akyaka. they have very clean and comfortable rooms. it is perfectly located (next to supermarkets, restaurants, parking zones and you can achieve the sea by feet). because of all the nice and friendly staff members we enjoyed our stay in server apart. always leaving satisfied and peaceful, special thanks to mehmet bey who is very kind and a great human being by the way. thanks for everything and see you hopefully soon ! :-)"
Server Apart Hotel,GD,en,"nice pool, flexible pricing"
Server Apart Hotel,Milad Quraishi,en,poor room service and rude staff
Server Apart Hotel,Ertan Şentürk,en,"i stayed between 20-23 october. the cleanest and most organized apartment in the area. apartment manager mr. mehmet was very helpful. the apartment buildings have a beautiful structure that suits the characteristics of the region and have pool facilities. in terms of location, it is both next to and opposite the migros market, there are suitable places for car parking, and it is approximately a 15-minute walk from the beach. there is hot water 24/7, a clean kitchen, and the rooms have their own balconies. even though it was located on the main street, there was no noise or crowd. a variety of accommodation rooms are available, including both double and single beds. it may be the first and only choice for accommodation in the akyaka region. there are more affordable but more remote places, but they are very neglected and not clean. if you are not staying here, stay in a tent, do not go to different apartments."
Orkide Apart Hotel,fatih şen,tr,"i̇brahim abi sağolsun gayet ilgili beyefendi bir insan, akyakada tatil için en güzel oteldir. fiyat performans otelidir çok tatlıdır. akyakanın doğasına uygun atmosfere sahiptir. diğer otellere boş yere fazla para vermeye gerek yok. gene geleceğiz"
Orkide Apart Hotel,fizik fizik fizik,tr,sahile biraz uzak olsa bile işletmeci i̇brahim bey çok ilgili ve yardım odaklı. odalarda klima mevcut ve özellikle mutfak işe tüp olması yemek masraflarını azaltıyor malum ülke şartlarında. marketlere yakın konumda bir mekan
Orkide Apart Hotel,nazif akman,tr,akyakanın giriş tarafından temiz ve güzel bir yer. ibrahim beyin ilgi ve alakası için teşekkür ederiz. odalar temiz ve rahattı gönül rahatlığıyla tercih edilebilir
Orkide Apart Hotel,Meltem Apaydın,tr,ağustos 2024 de ailece (2yetişkin 2 çocuk olarak)bir gece konakladık.odada çift kişilik yatak dışında banyo mini buzdolabı mutfak açılır kanape bulunuyor.odaların dekorasyonu eski ama temiz .konumu güzel merkezde.biz çok memnun kaldık.özellikle işletme sahibi i̇brahim abinin samimiyeti sohbeti yardımseverliği takdire şayan çok teşekkür ederiz
Orkide Apart Hotel,askurtcan,tr,eski bir konak tarzı apart. bir çok şey eskiyi hatırlatıyor. i̇brahim bey cana yakın ve samimi karşılaşmasıyla bizi mutlu etti. teşekkürler.
Orkide Apart Hotel,avigail lew,en,"very recommended, we stayed for a few nights and them came back for another week. the apartments are really comfortable, with everything we needed, and the atmosphere is really cozy.. the people of the hotel are the most kind and peaceful! we felt really comfortable!"
Orkide Apart Hotel,Jacob Kogan,en,"totally solid, clean and comfortable hotel, and very affordable compared to others in the area. air conditioning worked very well, as did the water heater in the shower, and the refrigerator kept my water bottles super cold. comfy bed, nice little balcony, very clean accommodation all around"
Orkide Apart Hotel,Mert Akça,en,"i gave two stars for the working air conditioner. the room is overall too small, furnitures are super old and shower is inside the toilet."
Orkide Apart Hotel,levi Rocks,en,"hello ibrahim, you are a funny and nice guy. we had a good stay in your hotel. thank you for your hospitality! ~ola and levi"
Orkide Apart Hotel,Chris Monck,en,stayed for 1night everything you need is within 250 metres.for the price its fantastic value for money will be booking again next time i visit akyaka.
Akasya Apart Otel (Akyaka),Fatma Yumuk,tr,"bayram tatilinde 2 gün konaklama için tercih ettik. 6 kişilik odada kaldık ve gayet yeterliydi. her şey tertemizdi, annem biraz titiz birisidir o beğendiyse herkes beğenir. savaş bey’in ilgi ve alakası için de çok teşekkür ederiz. bir dahaki tatil yerimiz için ilk tercihimiz olacaktır.."
Akasya Apart Otel (Akyaka),nagihan,tr,"muğlanın güzel ilçesi akyaka’daki akasya apart otel benim tatil olarak vazgeçilmez bir mekanım oldu diyebilirim.akasya apart otelde ile kaldığımda otelin işletmecisi savaş bey, ailesi ve çalışanlarının göstermiş oldukları güler yüz anlayış ve ilgi alakaları beni aşırı derecede mutlu etti.bu yüzden her zamanki mekanım olan akasya apart otelde ,içiniz rahat bir şekilde, kendi evinizdeymişsiniz gibi güzel bir konfor ve tatil geçirebilirsiniz.temizlik açısından 10 üzerinden 10 puan veriyorum ve ayrıca ilgi ,alaka ,anlayış, güler yüz bunlar çok önemli şeyler benim için bunların hepsini ben bu otelde yaşadım.denize yürüme mesafesinde olan bir otel ayrıca marketler çok yakın (şok ,a101 ,bim)2 dakikalık yürüme mesafesinde ,akyakanın meşhur odun ateşindeki sıcacık ekmeklerin pişirildiği ve kahvaltılıkların olduğu ayrıca semaverden çay içebileceğiniz fırın ise 1 dakikalık yürüme mesafesinde akasya apart oteli tercih edenler buradan mutlu bir şekilde ayrılacağına tüm kalbimle inanıyorum ve bir dahaki tatilde burayı benim gibi tekrar tercih edeceğinizden kesinlikle eminim.ben bir sağlık çalışanı olarak şehrin gürültüsünden nefes almak istediğimde ,huzuru yaşadığım çam ağaçlarının yemyeşil güzelliği ve eşsiz kokusunun denizin masmavi görselliği tertemiz sahili olan tek mekan olarak gördüğüm en güzel yer akasya apart otel diyorum. tüm akasya apart ailesine vermiş oldukları hizmetlerden ve güler yüzden dolayı çok çok çok teşekkür ediyorum."
Akasya Apart Otel (Akyaka),AYŞEGÜL BİLİR,tr,oncelikle samimi ve guleryuzlu bir isletme oldugunu soylemeliyim. tavsiye uzerine gittik ve cok memnun kaldik sadece konaklama icin gittik ama cok guzel dostlar edindik ve kendimizi evimizde gibi hissettik. odalar mutfak banyo heryer tertemiz ve duzenliydi. i̇lgi alaka cok iyiydi. selahattin abi ve esi harika insanlar. artik muglaya her gittigimizde tercihimiz akasya apart olacak ve herkese tavsiye ediyoruz.
Akasya Apart Otel (Akyaka),MURAT ÇETİNKAYA,tr,akyaka da gözü kapalı kalabileceğiniz bir apart. temizliği ve konforu evinizi aratmayacaktır. odaya girdiğinizde temizliği ve günlük yaşam için gerekli olan her türlü eşyanın düşünülüp hazır bulunması çok güzel. akyaykaya girişte yer alan aparttan yürüyerek rqhatlıkla her yere ulaşabilirsiniz. i̇ki gece kaldığım apart akyakaya gittiğimde yine ilk tercihim olacaktır. gönül rahatlığıyla tavsiye edebilirim.
Akasya Apart Otel (Akyaka),Endam Azik,tr,"sakin bir konumda güzel bir aparttı. çok temiz odaların temizliği ve personelin ilgisi çok iyiydi, sağolsunlar. i̇şletmeci savaş beye de ayrıca teşekkür ediyoruz, ilgi alakası çok iyiydi."
Akasya Apart Otel (Akyaka),Berkay Tekin,en,"extremly clean,friendly staff peaceful environment you will feel like your own home :)"
Akasya Apart Otel (Akyaka),Fatma Yumuk,en,"we chose it for a 2-day stay during the holiday. we stayed in a room for 6 people and it was quite sufficient. everything was spotless, my mother is a bit meticulous and if she likes it, everyone will like it. we would like to thank mr. savaş for his interest and concern. it will be our first choice for our next holiday destination.."
Akasya Apart Otel (Akyaka),nagihan,tr,"muğlanın güzel ilçesi akyaka’daki akasya apart otel benim tatil olarak vazgeçilmez bir mekanım oldu diyebilirim.akasya apart otelde ile kaldığımda otelin işletmecisi savaş bey, ailesi ve çalışanlarının göstermiş oldukları güler yüz anlayış ve ilgi alakaları beni aşırı derecede mutlu etti.bu yüzden her zamanki mekanım olan akasya apart otelde ,içiniz rahat bir şekilde, kendi evinizdeymişsiniz gibi güzel bir konfor ve tatil geçirebilirsiniz.temizlik açısından 10 üzerinden 10 puan veriyorum ve ayrıca ilgi ,alaka ,anlayış, güler yüz bunlar çok önemli şeyler benim için bunların hepsini ben bu otelde yaşadım.denize yürüme mesafesinde olan bir otel ayrıca marketler çok yakın (şok ,a101 ,bim)2 dakikalık yürüme mesafesinde ,akyakanın meşhur odun ateşindeki sıcacık ekmeklerin pişirildiği ve kahvaltılıkların olduğu ayrıca semaverden çay içebileceğiniz fırın ise 1 dakikalık yürüme mesafesinde akasya apart oteli tercih edenler buradan mutlu bir şekilde ayrılacağına tüm kalbimle inanıyorum ve bir dahaki tatilde burayı benim gibi tekrar tercih edeceğinizden kesinlikle eminim.ben bir sağlık çalışanı olarak şehrin gürültüsünden nefes almak istediğimde ,huzuru yaşadığım çam ağaçlarının yemyeşil güzelliği ve eşsiz kokusunun denizin masmavi görselliği tertemiz sahili olan tek mekan olarak gördüğüm en güzel yer akasya apart otel diyorum. tüm akasya apart ailesine vermiş oldukları hizmetlerden ve güler yüzden dolayı çok çok çok teşekkür ediyorum."
Akasya Apart Otel (Akyaka),AYŞEGÜL BİLİR,en,"first of all, i must say that it is a sincere and friendly business. we went based on the recommendation and were very pleased. we only went for accommodation, but we made great friends and felt at home. the rooms, kitchen, bathroom, everywhere were clean and tidy. the interest was very good. brother selahattin and his wife are wonderful people. from now on, every time we go to mugla, our choice will be akasya apart and we recommend it to everyone."
Akasya Apart Otel (Akyaka),MURAT ÇETİNKAYA,en,"an apartment in akyaka where you can stay blindfolded. its cleanliness and comfort will be as good as your home. when you enter the room, it is very nice that it is clean and that all the items necessary for daily life are thought of and ready. you can easily reach anywhere by walking from the apartment located at the entrance of akyaykaya. the apartment where i stayed for two nights will be my first choice again when i go to akyaka. i can recommend it with peace of mind."
Keramos Pansiyon Akyaka,Ekim Ayçiçek,tr,"2 günlük konaklama deneyimimiz oldu. nehirin yanında plaja 5 dk yürüme mesafesinde harika bir yer.. havuzu yeterli derinlikte çok güzeldi. odalar çiçek gibi tertemiz, tek bir kusur bulamazsınız. i̇şletme sahiplerinin tavırlarından dolayı sanki otele değil de akrabamın evinde konaklamış gibi hissettim. kesinlikle tavsiye ederim."
Keramos Pansiyon Akyaka,Eda Nur ARSLAN,tr,"burayı tercih etmemizin ilk sebebi temizliği ile ön plana çıkmasıydı. geldiğimizde gördük ki gerçekten çok temiz bir işletmeydi. çok rahat ettik. havuzu yeterliydi. azmak nehrine 5dk, halk plajina 10dk yürüme mesafesinde. etrafında birçok büfe ve market var. i̇htiyaçlarınızı giderme noktasında zorluk çekmiyorsunuz. güvenlik açısından da içimiz çok rahattı. i̇şletme sahipleri fatma teyzeye, i̇lhan amcaya ve kaan beye gösterdikleri nezaketten, samimiyetten ve anlayışlarından ötürü çok teşekkür ederiz."
Keramos Pansiyon Akyaka,Sati Demirtas,tr,"odalar temiz ve düzenliydi. mutfak kısmında ihtiyacınız olan her şey mevcut. denize çok yakın, yürüme mesafesinde. sıklıkla tercih ettiğimiz bir apart. apart sahipleri sıcakkanlı, ilgili insanlar. özellikle kaan bey'e ilgi ve alakasından dolayı teşekkür ederiz."
Keramos Pansiyon Akyaka,Engin Aşam,tr,gezerken şans eseri bulduğumuz bir yerden çok memnun kalarak ayrılacağımı hiç düşünmezdim.odalar çok temiz kendi eviniz gibi hissetmeniz için her şey düşünülmüş tam bir aile yeri.balkonları geniş bir odasında çift kişilik yatak diğer odasında 2 tane açılır çekyat mevcut.nevresimler yastık kılıfları tertemizdi.konumu iyi azmak nehrine 2 dk yürüme mesafesinde ve yakınında market de var.önünde otoparkı da var.sahibi i̇lhan bey ve resepsiyon görevlisi kaan bey çok güler yüzlüler müşteri gibi değil misafir gibi davrandılar.kesinlikle fırsatçılık yapmayan hakkı neyse onu alan bir işletme bu tutumlarından dolayı ayrıca teşekkür ediyorum.
Keramos Pansiyon Akyaka,Ezgi Shaw,tr,"eylül başında 6 gün keramos apart'ta kaldık, odalar çok temizdi. aile yeri olduğu için herkes çok güler yüzlü ve yardımseverdi. havuz da gayet temizdi, merkezi baya iyi, lokasyon süperdi. yine gideceğiz. kaan bey'e teşekkürler."
Keramos Pansiyon Akyaka,Ekim Ayçiçek,en,"we had a 2-day accommodation experience. a great place, 5 minutes walk from the beach next to the river. the pool was very nice with sufficient depth. the rooms are as clean as a flower, you cannot find a single flaw. due to the attitude of the business owners, i felt as if i was staying at my relative's house rather than a hotel. i definitely recommend it."
Keramos Pansiyon Akyaka,Eda Nur ARSLAN,en,"the first reason we chose this place was that it stood out with its cleanliness. when we arrived, we saw that it was a really clean business. we felt very comfortable. the pool was sufficient. 5 minutes walking distance to azmak river and 10 minutes walking distance to the public beach. there are many kiosks and markets around. you will not have any difficulty in meeting your needs. we were also very comfortable in terms of security. we would like to thank the owners of the business, aunt fatma, uncle i̇lhan and mr. kaan, for their kindness, sincerity and understanding."
Keramos Pansiyon Akyaka,Sati Demirtas,en,"the rooms were clean and tidy. there is everything you need in the kitchen. very close to the sea, within walking distance. an apartment we often choose. the apartment owners are friendly, caring people. we would especially like to thank mr. kaan for his interest and interest."
Keramos Pansiyon Akyaka,Engin Aşam,en,"i never thought that i would leave a place that we found by chance while traveling. the rooms are very clean and everything has been thought of to make you feel like your own home. it is a perfect family place. there is a double bed in one room with a large balcony and 2 sofa beds in the other room. the bed linens and pillowcases were immaculate. the location it is a 2-minute walk from the good azmak river and there is a market nearby. there is also a parking lot in front of it. the owner mr. i̇lhan and the receptionist mr. kaan were very friendly and treated us like guests, not customers. it is a business that does not engage in opportunism and gets what it deserves. i would also like to thank them for their attitude. i do."
Keramos Pansiyon Akyaka,Ezgi Shaw,en,"we stayed at keramos apart for 6 days at the beginning of september, the rooms were very clean. since it was a family place, everyone was very friendly and helpful. the pool was also very clean, the center was quite good, the location was great. we will go again. thanks to kaan bey."
Gülemce Apart & Villas,Döndü Bilgili,tr,"akyakada nerede kalabiliriz diye araştırma içine girdiğimizde gülemce apart önerileri dikkatimizi çekti. bir aile işletmesi olan yerde ilk karşılamaları çok sıcak, çok samimiydii̇smail bey bize gezi rotası çıkardı. zaten gezmeyi seven bir aileyiz sayesinde dolu dolu geçen bir tatilimiz oldu. odalara dışardan ayakkabı ile girilmemesi en sevdiğim yönüçok temiz, ihtiyaç olan mutfak eşyası dahil herşey yeterliydi. gülemce ailesine gönüllü rehberliği için, sıcacık samimiyetleri için çok teşekkür ederiz. akyaka'da tatil yapmak isteyenlere hiç düşünmeden gidin görün derim."
Gülemce Apart & Villas,Reyhan Kaya,tr,kesinlikle tavsiye edebilecegim tertemiz bir mekan. i̇şletme sahibi emekli ögretmen i̇smail hoca ve eşi gülşen hanım çok samimiler. üstelik i̇smail hocam gönüllü olarak rehberlik yapiyor nereye nasil gitmeliyim diye soru işaretiniz kalmiyor. keyifli bir tatil geçirmek isteyenler gönül rahatlığıyla tercih edebilirler.
Gülemce Apart & Villas,Asli oz,tr,"akyakaya yıllardır gelen biri olarak kaldığım en temiz ve en güzel işletmeydi..akyakada birçok otelde konaklamis birisi olarak sonunda keşfettiğim temiz,huzurlu ve konforlu bir yer..kendimi ilk defa evimde gibi hissettigim bir yerdi..eminim sizde konakladiginizda fazlasını hak ettiğini göreceksiniz.."
Gülemce Apart & Villas,Elif Şahin,tr,tertemiz nezih bi yer i̇smail bey müşterilerine aile ortamı sunuyor biz çok memnun kaldık seneyede inş aynı yeri düşünüyoruz .tercih edenlerin asla pişman olmayacağı tüm ihtiyaçlarınızı karşılayabileceğiniz çarşıya yakın bi apart teşekkür ederiz her şey için .
Gülemce Apart & Villas,Şennur Cömert,tr,"öncelikle apart villas sahiplerinin sıcak kanlılıgına bayıdık ev rahatlıgında miss gibi sessiz sakin lüks bir apart gönül rahatlıgıyla hiç düşünülmeden tercih edecegeniz en dogru adres , herşey için çok teşekkürlerr"
Gülemce Apart & Villas,Sebnem USLUER ARSAL,en,"i stayed in this lovely apart for a week with my husband and we enjoyed every minute of it. the location is definitely convenient, we were able to go to oludeniz, iztuzu and incekum beaches within 30-90 min.s (by car). it is also located at the centre of akyaka. this allows you to hang out at night, you can easily walk to the bars and restaurants from the apart, or drive just for 2 min.s. the owner family of the apart is such a lovely family, they made us feel welcome. we would like to thank ismail, gulsen and omer for their great hospitality. our room was clean and we had everything we needed in the room. it felt like home. i highly recommend this lovely place if you prefer a home-like place which is located at the heart of beautiful beaches."
Gülemce Apart & Villas,Melis Çuhadaroğlu,en,"we stayed here for three days during our vacation. it was lovely and wonderful. the rooms were comfortable and clean. the kitchen has every equipment for visitors who would like to cook. the environment was warm and friendly. i̇smail abi is running the place with his family and they welcomed us in a very kind and considerate manner. i cannot reiterate enough how wonderful they are. he suggested some stops including beaches, restaurants and activities for our trip since he is local in akyaka for years. i can attest for any place that he recommended. tourists will not have any difficulty communicating since i̇smail abi is a english teacher. he is fluent like he is native. i am very happy that we had the chance to spend our vacay here."
Gülemce Apart & Villas,Meral Guvercintasi,en,"the hotel is very clean, very comfortable and such a peaceful place. the owners of the hotel are so welcoming, friendly and kind, we had a wonderful holiday. this hotel was one of my favourite hotels i’ve stayed in!"
Gülemce Apart & Villas,Kemal Kumcu,en,apart & villas
Gülemce Apart & Villas,Döndü Bilgili,en,"when we started researching where we could stay in akyaka, gülemce apart suggestions caught our attention. the first welcome at the place, which is a family business, was very warm and friendly mr. i̇smail prepared a travel route for us. we are a family that loves to travel, so we had a full holiday. my favorite aspect is that you cannot enter the rooms with shoes from outside. it was very clean, everything was sufficient, including the kitchen utensils needed. we would like to thank the gülemce family for their voluntary guidance and warm sincerity. for those who want to have a holiday in akyaka, i advise you to go and see it without thinking."
Mercan Apart Akyaka,AU,tr,"oda mobilyaları fiyata göre biraz eskiydi. sahile yakın diyorlar ama çok uzak, o sıcakta gidip gelmek işkence ve yol tenha, korku yaratıyor. ayrıca barı akşam hiç açık değil."
Mercan Apart Akyaka,Sercan Türkmenel,tr,"mercan apartta menekşe odalarından birisini verdiler. gerçekten çok güzel bir odaydı. hatta oda denmez 1+0 daire şeklindeydi. oda gayet temiz verildi. bahçesinde pembe pembe cicekler vardı. oda içerisinde koltuk, büyük buz dolabı, mutfak vardı. yani çok rahat edilebilecek bir yer diye düşünüyorum. tek sıkıntı gece klima sularının damlama sesi geliyordu. unutmadan ikinci sıkıntı da kaldığımız apartta internet çok az çekiyordu. ama genel olarak telefon hatlarınında interneti az çekiyor. kahvaltı veya yemek yok. siz kendiniz gitmeden istediğiniz gibi alışveriş yapabilirsiniz. yan apartta kalan kişiler mangal yaktılar o kadar rahatlar yani. sonuç olarak gönül rahatlığı ile gidilip kalınacak bir yer. çalışan kişilerde gayet iyi güzel davranan insanlardı."
Mercan Apart Akyaka,Burcu Aybike Gürbüz,tr,"ben astım hastası bir eczacıyım. her yıl muğla’da gidiş ve dönüşlerde akyaka’da mutlaka konaklarız. bu yıl dönüşte konaklamak için agoda’dan bir otel seçmiştim - mercan apart akyaka. otelin “papatya” adlı odasına girdiğimde ağır bir koku karşıladı. öncelikle sigara olduğunu düşündüm ancak daha sonra banyo ve odada tavanlarda küf olduğunu farkettim. bu koşullarda bırakın bir astım hastasının, sağlıklı bir insanın bile kalmasına imkan yok. otelden çıkış yaparken iptal etmelerini rica ettim; ancak otel sahibi seher hanım odanın durumunu “sağlıksız/ odada kalınamaz” bulmadığını belirtti. fotoğrafları ekliyorum, siz de bakarsınız. otelin oda fiyatı 2600 try, haliyle yüksek bir beklentiyle gelmedik; ancak sağlığımı tehdit eden bir odada konaklamam mümkün değil ve bu otelin kusuru - faturası bana kesilmemeli diye düşünüyorum. malesef müsait başka odaları da yokmuş. otel sahibi otelinin odasının kusurlu olmadığını, benim sağlığımı tehdit etmesine rağmen o odada kalmıyor oluşumu ve iptalini istememizi “adaletsiz” buldu. en azından başkalarının sağlığını tehlikeye atmamaları adına denetim rica ettik, sonucunu bekliyoruz. çünkü malesef otel sahibi otelde “iç hastalıkları uzmanı” reklamı yapmasına rağmen küf nedir, aspergillus nedir, astım nedir henüz onlardan bile habersiz. *agoda’da tüm sorumluluğu otele bırakıyor, oradan da rezervasyon yaptırmamanızı öneririz."
Mercan Apart Akyaka,Sinem Şen,tr,odaların temizliği yeterli değildi. dolap rafları toz içindeydi mecburen silip öyle eşyalarımızı yerleştirmek zorunda kaldık. sildiğimiz mendil siyah olmuştu… oda ışıklandırması çok yetersizdi. konumu bizce güzeldi sessiz ve sakindi. arabayı park etme konusunda sıkıntı yaşamadık. i̇lave askı ve havlu talebimizi hızlıca karşıladılar.
Mercan Apart Akyaka,Sueda Bingöl,tr,"2 gecelik bir tatil için konakladık. odalar temizdi. memnun kalmadığımız hiçbir şey olmadı. konumu da gayet güzel, çarşının biraz dışında ama her yere yürüme mesafesinde. tekrar akyaka'ya gelirsek konaklama için başka yer aramam. çok teşekkür ederiz."
Mercan Apart Akyaka,Kiarash Ghasemlou,en,"very kind host, very clean with very good price."
Mercan Apart Akyaka,Vivien Godlington,en,such a fantastic host and a lovely home
Mercan Apart Akyaka,Doğan Dilek,en,gut
Mercan Apart Akyaka,AU,en,"room furniture was a little old compared to the price. they say it's close to the beach, but it's far away, going back and forth in that heat is torture and the road is lonely, creating fear. also, the bar is not open at all in the evening."
Mercan Apart Akyaka,Sercan Türkmenel,en,"they gave me one of the menekşe rooms at mercan apart. it was a really nice room. in fact, it was not even called a room, it was in the form of a 1+0 flat. the room was given very clean. there were pink flowers in his garden. there was an armchair, a large refrigerator and a kitchen in the room. so, i think it is a very comfortable place. the only problem was the dripping sound of air conditioning water at night. before i forget, the second problem was that the internet connection in the apartment we stayed in was very low. but in general, the internet connection on phone lines is low. no breakfast or meal. you can shop as you wish without going there yourself. the people staying in the apartment next door had a barbecue, so they were so comfortable. as a result, it is a place to go and stay with peace of mind. the employees were very well behaved people."
portofino apart,Elif Bozdağ,tr,"havuz katında bir odada kaldık. kaldığımız odanın duvarlarında simsiyah küf vardı. rutubet sebebiyle odadaki koku çok yoğundu. cam ve kapıyı tamamen açarak uyumaya çalıştık. odada bıraktığımız bütün eşyalar nemden ıslandı. i̇nsanları bu koşullarda ağırlamak hoş değil. üstelik fiyatı da uygun sayılmaz. bu fiyatlara gidilebilecek başka yerler var. bunun dışında konumu güzel, işletmeci hanımefendi nazik."
portofino apart,Ümit Özdüzgün,tr,"odalar yenilenmesi, temizliğe önem verilmesi gerekiyor. perdeler odayı güvenli hissedeceğiniz biçimde kapatmıyor. oda ve çarşaf temizliği yok gibi neredeyse."
portofino apart,SEVGI EREN,tr,"akyaka merkeze yakın konumda uygun fiyatlı bir apart. otopark sorunu yok, apartman önüne aracınızı koyabilirsiniz. çalışan bayan nazik, yardımsever, sorun çözücü. odada klima, ocak, buzdolabı, tv mevcut ve yeterli. i̇nternet wifi mevcut ve mükemmel çekiyor. banyoda sıcak soğuk su mevcut, banyo gideri iyi. akyakaya gelirseniz çekinmeden kalabilirsiniz."
portofino apart,Serhat KAR,tr,"hizmet bağımlısı değilim ama yattığım odadaki deterjan kokusu geçtikten sonra rutubet ve küf kokmamasını, banyo tavanında boya olmasını bekliyorum. ayrıca odanın ışıklarının beyaz olması da güzel bir şaka oldu. burayı öven insanların nerelerde konakladığını merak ediyorum. son olarak işletmeyle alakasız olarak gece 1:30’a kadar balkonda ilginç şarkıları telefonundan bize dinletip sonra hoparlörde uzunca bir telefon görüşmesi yapan kitleye de selamlar."
portofino apart,Gözde Gökçayır,tr,bahçe katındaki odada kalmayın. odayı geniş diye seçtim fakat sonradan fark ettim oda nemli ve küflüydü. banyonun tavanında ya hiç sıva yoktu ya da nemden küften öyle görünüyordu. odamız bahçe katında temizlik odasının hemen yanındaydı. temizlik odasını da görünce çarşaflarda yatamadım. ayrıca odamızda elektrikli diş fırçamı unutmuşum. i̇şletmeyle iletişime geçtiğimde odada bulmadıklarını söylediler fakat orada unuttuğuma eminim.
portofino apart,Mary -,en,"one of the worst experiences ever. the room at pool level was dirty and mouldy. hair and dirt everywhere (especially in the bathroom), the duvet apparently unwashed. the balcony door could barely be opened and closed, there was a pipe from the air conditioning system in the bathroom that dripped litres of water every day, the fridge didn't work (only the freezer compartment), and to top it all off there was a dying cockroach in the kitchen in the morning once. absolutely not worth the money! the only two positive things: the managers were friendly and air condition worked - but that doesn't make up for the experience."
portofino apart,Mustafa A,en,"excellent place to stay and great value! receptionist was very polite and helpful. location is in a great position tucked away from the hustle and bustle of the town centre. rooms are decent size and very clean. the pool is perfect size, kid friendly and positioned well. pleasant place to stay with family, highly recommended!"
portofino apart,Tyler W,en,"nice place. really enjoyed my conversation with the owner, nail who was nice enough to take me for a ride in the sidecar of his motorcycle. super cool guy. staff was friendly and checked on us during a thunderstorm. great price and comfy beds. the pool looked nice but we didnt use it as there was a really beautiful beach nearby. (rahat beach) thank you for all your recommendations nail. all top notch places. memorable trip and stay here. we will be back soon!"
portofino apart,Stepanka Blazejova,en,"great place to stay in akyaka...beautiful sea view over the bay, nice swimming pool, friendly atmosphere, spacious rooms, hospitable and helpful staff. we will definitely come back!!"
portofino apart,Ersin Genel,en,"they tried to help me to deal with the problem they caused, but i had to cancel my reservation and found another place to stay with my family. rooms were smaller than i saw on the web."
XOX Apart Hotel,Can Kavanoz,tr,"1+1 dairesinde kaldık. hayatımda kaldığım en temiz yerlerden. her şey mis gibi. i̇çi çok bakımlı, eşyalar yeni. mutfağı ve balkonu da var, ister hafta sonu keyfi için ister daha uzun tatilleriniz için tavsiye ederim. balkondan güzel bir deniz ve orman manzarası var, işletmecileri ile iletişim çok kolay ve kibarlar. her türlü ihtiyacınızda yardımcı oluyorlar. kışın gelirseniz şöminesi de var 🫶"
XOX Apart Hotel,MELTEM ÖZER,tr,"mart ayında yaptığımız konaklamadan oldukça memnun kaldık. 9 ylık bebeğimizle çıktığımız bir tatildi. dolayısı ile mutfağı olması bizim için büyük bir avantajdı bebekten ötürü. mutfakta tüm ekipman mevcut. bulaşık makinesi için tablet bile vardı. biz en üst katta kaldık şöminesi vardı, gittiğimiz dönem çok yağmurlu bir döneme denk geldi. şömineyi kullandık hava da serin olduğu için. sadece 3 gün konaklama için konulan odun bence yetersizdi, 1 günlük odun gibiydi. balkon manzarası çok güzel oldukça havadar. odalar temizdi, bebek olduğu için temizlik oldukça önemliydi bizim için. tek dezavantaj eğer bebekli iseniz en üst katı tercih etmeyin, çünkü eşyalarla ve çocukla üst kata çıkmak zor oluyor. her şey için teşekkürler."
XOX Apart Hotel,Tahsin boztuğ,tr,akyaka’yı yaşamak için harika bir hotel. konaklama ve dinlenme meselesini eviniz gibi çözebileceğiniz rahatlıkta. i̇lgi ve alakaları için i̇brahim bey ve ceren hanım’a teşekkür ederiz. dairelerde her şey düşünülmüş dolayısıyla resepsiyon ile sadece girer çıkarken selamlaşıyorsunuz. konumu süper. xox hotelden sonra akyakayı kurmuşlar gibi. her şey 1 dk uzaklıkta. çok beğendik. tekrarında düşünmeden yine tercihimiz olacaktır. net tavsiyemdir. sağlıcakla…
XOX Apart Hotel,Dila Yurdatapan,tr,"biz bir gün için kaldık ama uzun süre konaklamak isteyenlere kesinlikle tavsiye ederim. her şey en inceaytıntısına dek düşünülmüş, evinizin konforunu aratmayacak şekilde tasarlanmış ve en önemlisi çok temizdi"
XOX Apart Hotel,NİHAL DOĞANER,tr,"2024 mayıs ve haziran aylarında, 1 ay süresince xox apart hotel’in misafiri olduk. yaklaşık 30 yıldır akyaka’ya gelir ve çeşitli otellerde konaklarız. otelin sahipleri, i̇brahim bey ve ceren hanımın her konudaki yardımları ve nezaketleri, personelin temizlik ve hijyen konusundaki titizlikleri, güleryüzleri, eşyaların ve odaların konforu bize kendimizi evimizde hissettirdi. akyaka’ya gelmek isteyen herkese kesinlikle öneririz."
XOX Apart Hotel,Susan Munns,en,"large, clean apartments with mountain and sea view. good communication with the owners and a really friendly check in. mid stay clean and fresh towels were unexpected but very welcome. quality appliances and well equipped. nicely situated with a supermarket, excellent coffee shop and free car park opposite. plenty of local restaurants and an artisan deli/bakery /greengrocery nearby. we've fallen in love with akyaka and will definitely return. we would definitely recommend xox apartments!"
XOX Apart Hotel,Serj Prikhodko,en,awesome! the apartments are just wonderful! it’s a rare find. apartments are spacious. everything works and is in good shape. convenient location and the view is good. cleaning is superb and we had an extra midway cleaning that was just amazing! host are just great welcoming people! it’s so good to see places like this where an owner holds to higher standards. ps in winter it was very comfortable and warm.
XOX Apart Hotel,Laska Nenova,en,"we had a fantastic two bedroom apartment, 2 bathrooms, and 3 wc. the kitchen is fully equipped. the common area is large, light amd comfortable. we were happy with our choice."
XOX Apart Hotel,Sabri Gokmen,en,"we stayed for 4 nights as a group of 6 in a 2 bedroom apartment. the rooms are decent, beds are comfy. the hotel is located in a central spot, supermarket and banks are nearby. rooms have ac and a decent size kitchen is available for cooking as well. good accommodation!"
XOX Apart Hotel,Jose Manuel Ramirez,en,very friendly and helpful staff. the apartment had all the equipment needed in a house. on top of that the cleaning was perfect. our stay was really pleasant.
Huzur Apart Otel,Zabit Dogan,tr,"adı gibi insana huzur veriyor.girişte halil beyle kisa bir sohbetimiz oldu,sanki uzun yillarin dostlugu varmis gibi karsilandik.odalari olsun cevresi olsun cok cok temiz ev ortamini aratmayan temiz tertipli, park yeri sıkıntısı olmayan bir işletmeniz, sizlere gönül rahatligiyla tasfiye edebilirim. yolunuz düşerse ugramanizi öneririm."
Huzur Apart Otel,Ykslkrglkynl,tr,huzur apart mevki olarak sakın sessiz güzel bir konumda. aile olarak gidip güzel bir tatil yapmak isteyenler burayı tercih edebilirler. çalışanlarda güler yüzlü teşekkürler
Huzur Apart Otel,necdet kokucu,tr,halil kanatoglu işletmecisi hergittigimizde bize elinden gelen yardımı yapıyor akyaka da kalacağım tek adres cam kokusu ve havuzu ailecek huzurlu ve güvenli bir ortam
Huzur Apart Otel,Asım Altuntaş,tr,"akyaka da güzel bir apart. aile için ideal bir yer, temiz, güvenli personel guleryuzlu ve hiç yabancılık çekilmeyecek bir otel, apart, eviniz nasıl degerlendirirseniz.denize yakın çocuklar için havuzu ideal hersey için teşekkürler."
Huzur Apart Otel,merve,tr,çok güzel bir aile işletmesi. ailecek kalınabilecek güzel bir mekan.
Huzur Apart Otel,Nur Pinar,en,very bad experience with the staff and hotel. they are very unfriendly and the facilities are old. he has promised a 50% cheaper room but when i came to switch room the woman said she has no employee and she can only change next day. she will charge 50% more. this is such a ripp off i checked out immediately and never see them again the pool is not clean and the bacteria level is high
Huzur Apart Otel,Aykut Cirali,en,"very close to the center and beach but quiet and peaceful at the same time...family managed,very clean rooms...."
Huzur Apart Otel,조하연,en,price is reasonable. little bit far from beach but nice.
Huzur Apart Otel,Ersin Genel,en,"a peaceful place to stay, recommended."
Huzur Apart Otel,Zabit Dogan,en,"just like its name, it gives you peace of mind. we had a short chat with mr. halil at the entrance, and we were greeted as if we had been friends for many years. the rooms and the surroundings are very clean, it is a clean and tidy business, just like a home environment, and there is no parking problem, i can liquidate it for you with peace of mind. if you happen to be there, i recommend you stop by."
villa vali Akyaka Apart,Nihal Güngör,tr,bir gece kalacağımız için bungalow kıraladık. temiz ve sakindi. yataklat rahat. araba için park imkanı var. ertesi gün gemi turu yaptık ve akşam a kadar arabamızı bırakabildik. teşekkürler. eğer ine gelirsek havuz kenarında oda tutarız.
villa vali Akyaka Apart,ali deveci,tr,merhabalar. akyaka tatil planı yaptığımızda googleden bulup güzel yorumlardan etkilenip burayı tercih ettik 5 kişilik ailemizle. aile için akyaka’da çok ideal bir ortam. temizlik çok iyi. çarşısı yürüme mesafesinde. yüzmek için azmak nehrine yakın. tekrar gelirsem kesinlikle burada kalırım. güzel anılarla ayrılıyoruz akyaka’dan
villa vali Akyaka Apart,L uyar,tr,"villa vali benim hayatımda unutamayacağım zamanlar geçirmemi sağladı. sessizliğin ve huzurun adresi diyebilirim. hijyenik ve otantik odaları, havuzu, tertemiz bahçesi ve konumu itibariyle heryerden ulaşımı yakın olan bir yer. güvenlik ve hizmet kalitesi açısından yüksek bir apart villa diyebilirim. tavsiye ederim teşekkürlerimi sunuyorum saygılarımla."
villa vali Akyaka Apart,Cumali Çelik,tr,bungalow kiraladıktan sonra duşa girdiğimizde giderin tıkalı olduğunu farkettik. gideri açmak için gelip ilgilendiler. anahtar sorduğumuzda ise anahtarın olmadığını söylediler. bu nedenle biz iademizi alıp çıkış yaptık. daha sonra aynı fiyata daha iyi bir yer bulup orada konakladık.
villa vali Akyaka Apart,Melike Müftüoğlu,tr,"bağimsiz mutfaksiz bungolowlarda iki gece konakladik. bungolowlar müstakil girisi, verandasinda oturma alani ile konforlu bir konaklama sağliyor. odalar temiz ve bakimli, merkeze yurume mesafesinde. kadriye hanim'a tesekkur ediyoruz."
villa vali Akyaka Apart,Ayse Kucukyilmaz,en,"the hotel is quite nice and well looked after. the family who runs it is lovely. the location is one of the most farthest away from the beach, but the distances are small and the walk by the river is cool. generally very satisfied."
villa vali Akyaka Apart,Louise Luther,en,"although staff were welcoming & helpful, the rooms are nothing like the pictures portrayed. they are small, shabby, worn & with hook & railing holes sealed haphazardly. the living room had unpainted patches & was nothing like what we expected. although the outside gardens & pool are luscious, lovely & relaxing, i felt severely ripped off at £130 a night in turkey. unfortunately my son got an electric shock from loose wiring in the bedroom sidelights, which is a health hazard & needs to be addressed. we left after 4 nights as found a place much nicer & much cheaper."
villa vali Akyaka Apart,newyork longislanders,en,"tek kelime ile harikaydı! it was perfect! it was totally private two bedroom, bath, kitchen (with everything you need for you to cook), and living room, has to balcony and has a table outside on the balcony so you can have breakfast lunch, dinner. place has two pool and has several patio so everyone can have gathering. there is bunch off places on the property so you can chose anyone of them for your own comfort. if we ever go back to muğla again we know where to go."
villa vali Akyaka Apart,Krzysztof,en,"i stayed there for 2 nights, very nice room, very welcoming people. only thing that was concerning is slightly laud ac hence 4 stars"
villa vali Akyaka Apart,Tarkan Yildiz,en,oasis
PORTOFİNO APART ŞUBE,Suzan TURK,tr,harika bir hafta geçirdim
PORTOFİNO APART ŞUBE,Suzan TURK,en,i had a great week
Ugur Apart Hotel,Gulsen Kurtoglu,tr,çok seçici biri olarak sõyleyebilirim.her kişinin istediği özellikler farklıdır.ben uzun bir tatil için yorum yapayım.hem ben hemde çocuklarım gerçekten rahatïz.bir sorunda yaşamadık çok şükür. ve kendi yemeğimi kendim yaptım.herşeyde gayet düzgün.ben tavsiye ederim.havuzda gayet iyi. denize yakın.marketler yakïn.mangalda yakabiliyorsunuz.gerisi size kalmïş
Ugur Apart Hotel,Devrim Büyükaşık,tr,"2 gün üzerinden fiyat alıp anlaşıp rezervasyon yaptım. oraya gittiğimde bana verdikleri fiyatın bir gün için geçerli olduğunu söylediler. tabi ki odayı tutmadım ve çıktım. çıkarken oradaki kişi bana tutmak istemezseniz sorun değil ben başkasına veririm odayı gibi tok satıcı tavrında bulundu. cumartesi kalabalığında başka yer bulamadım haliyle ve mağdur edildim. çünkü oraya giderken bütçemi ona göre ayarlamıştım. bu yapılan yani fiyat verirken ki kelime oyunu tabi ki insanı mecbur bırakmak, nasıl olsa kapıdan dönmez her türlü parayı alırız mantığı. gidip kalacaksanız verilen fiyattan emin olun derim."
Ugur Apart Hotel,Ercan Aydar,tr,ak yakada denize çok yakın bir apart. kendine özel havuzu olması da artı bir değer. sahipleri çok kibar ve yardımcı. sıkıntısı bir de sabah kahvaltısı olsa tadından yenmez.
Ugur Apart Hotel,Seyda Birgöl,tr,geçen sene de kaldığımızda odalar temizlenmemiş yerlerde ölü böcekler vardı. bugün de tekrar tatil planimizi oraya yapmıştık rezervasyon yaptırıp ama odaya girdiğimiz gibi çıktık. her sorana önceden öneriyoduk ama şimdi asla önermiyorum.
Ugur Apart Hotel,Kadir Cebeci,tr,"uğur apart işletmecisi sn ferhat bey, bizi çok iyi karşıladı, güler yüzü ve samimi duruşu tüm yol yorgunluğumuzu aldı, ayrıca temiz, güvenli ve ilgili oluşları başka bir yer aramıza fırsat vermedi, kendilerine ve ailesine çok teşekkür ediyorum, tekrar geldiğimizde ilk tercihimiz dir, apartın manzarası, sessizliği, ve sahile, alışveriş yerlerine yakın oluşu ayrı bir güzellik, kendilerine ve personeline ayrıca teşekkür ediyorum, saygılar, kesinlikle tavsiye ederim"
Ugur Apart Hotel,Gulsen Kurtoglu,en,"i can say that i am a very picky person. the features that each person wants are different. let me comment for a long holiday. both me and my children are really comfortable. thank god, we did not experience any problems. and i made my own food. everything is very good. i recommend it. it is very good at the pool. close to the sea. close to markets. you can barbecue. the rest is up to you."
Ugur Apart Hotel,Devrim Büyükaşık,en,"i agreed on a price for 2 days and made a reservation. when i went there, they told me that the price they gave me was valid for one day. of course, i didn't take the room and left. when i was leaving, the person there gave me the attitude of a full salesman, like if you don't want to keep it, it's okay, i'll give the room to someone else. naturally, i couldn't find another place in the saturday crowd and i was victimized. because when i went there, i adjusted my budget accordingly. this is a play on words when giving a price, of course, to force people to do it, anyway, the logic is that we will get all the money they can get from the door. if you are going to go and stay, i suggest you be sure of the price given."
Ugur Apart Hotel,Ercan Aydar,en,an apartment very close to the sea on the white bank. having its own private pool is also a plus. the owners are very polite and helpful. the boredom wouldn't be better if it were just breakfast.
Ugur Apart Hotel,Seyda Birgöl,en,"when we stayed last year, the rooms were not cleaned and there were dead insects everywhere. we had planned our holiday there again today, we made a reservation, but we left the room as soon as we entered it. we used to recommend it to everyone who asked, but now i never recommend it."
Ugur Apart Hotel,Kadir Cebeci,en,"mr. ferhat, the manager of uğur apartment, welcomed us very well, his smiling face and sincere attitude took away all our tiredness from the journey, also their clean, safe and caring nature did not give us the opportunity to look for another place, i would like to thank them and their family very much, it will be our first choice when we come again, the apartment's the view, the silence, the proximity to the beach and shopping areas are a special beauty. i would also like to thank them and their staff, best regards, i would definitely recommend them."
Deger Apart Akyaka,Aylin Keskin,tr,"çok keyifli ve temiz bir apartta konaklayarak tatil yapmak isterseniz tam adresi diyebilirim. denize yürüme mesafesinde, havuzu temiz, mutfak eşyaları yeterli ve odalar ferahtı. çalışanlar çok güler yüzlüydü. sadık abi ve eşine de ayrıca teşekkür ederiz. yeniden görüşmek üzere."
Deger Apart Akyaka,kenan aydoğan,tr,ailenizle ya da sevgilinizle gelip hoşça vakit geçirip kaliteli ve güvenli bir tatil yapmanız için tam adresi. sadık abi sağ olsun hiçbir şeyi eksik etmiyor. orayı iş yeri değil evi olarak; gelenleri de müşteri değil misafi olarak görüyor. her şey için teşekkürler.
Deger Apart Akyaka,Dilek Aydın,tr,5 günlük tatilimizde çok memnun kaldık. odalar ve otelin ortak kullanım alanları çok temiz. personel ilgili ve güleryüzlü. otelin konumu akyaka merkeze 5 dk yürüme mesafesinde. muğlaya gelecekler için akyaka da kalıp diğer yerlere kolaylıkla gitmelerini tavsiye ediyorum. sadık beye hayırlı işler hayırlı müşteriler diliyorum.
Deger Apart Akyaka,SEMRA YAVUZ,tr,"münferit gelip, dolaşırken bulduk iyi kide sizi tertemiz bakımlı odalar karşılıyor, 1+1 odalarında mevcut, deniz manzarası var daha ne olsun, merkezde araç park etmekle uğraşmaktansa 10 dk yokuş aşağı sallandınız mı sahilde siniz, dönerken yorabilir ama imkansız zorluda değil"
Deger Apart Akyaka,SEVİM YALIN MOROVA,tr,son 2 yılda yaptığım muğla gezilerim de listeme ekleyeceğim çok güzel bir mola yerim olacak iç ve dış mimarisine hayran kaldım. değerli çalışanları sadık abi ve fatma abla nın ilgisi güler yüzleri için çok teşekkür ediyorum ailemizden bizden oldular iyi ki sizi tercih ettik iyi ki yollarımız kesişti. her şey için teşekkürler.
Deger Apart Akyaka,Chris Read,en,"apartment was very clean, decent size, ideal for a short stay. pool was well maintained. location was great, supermarket nearby and 10 minute walk to main town and beach. host was very welcoming and even helped us get to our next destination in turkey. would definately consider staying again."
Deger Apart Akyaka,OZ Ozkurt,en,the hotel owner and staff showed great hospitality. the rooms had all the amenities. it has a great walking distance to the town center. the surrounding of the hotel gives a sense of privacy. the hotel also has a beautiful design and architecture. it is a great family vacation spot.
Deger Apart Akyaka,Taraneh Niayesh,en,"the apartment is 30 minutes from marmaris but where it’s located is way more beautiful than marmaris! super clean, beautiful room, good bed. the wifi was slow and the curtains were white and short so the room would get too bright in the morning and it was hard to sleep."
Deger Apart Akyaka,Aylin Keskin,en,"if you want to have a holiday by staying in a very pleasant and clean apartment, i can say that this is the right place. it was within walking distance to the sea, the pool was clean, the kitchenware was sufficient and the rooms were spacious. the employees were very friendly. we would also like to thank brother sadık and his wife. see you again."
Deger Apart Akyaka,kenan aydoğan,en,"it is the right address for you to come with your family or your lover, have a good time and have a quality and safe holiday. thanks to brother sadık, he doesn't miss anything. he treats it as his home, not his workplace; he sees visitors as guests, not customers. thanks for everything."
AŞKYAKA APART - SADECE SEZONLUK DAİRE KİRALIYORUZ,Forrest Gump,tr,"öncelikle burası hakkında yapılan yorumların bir cogunun şaibeli olduğunu düşünüyorum. zaten profilleri inceleyip yorum olarak katkı sayılarına göz attiginizda bu apaçık ortada. otel konum olarak sahile yaklaşık olarak 1.2 km civarında. sahile doğru yururken rahat bir şekilde gidiyorsunuz ama dönüşte eğer yorgunsaniz yokuş çıkmak biraz yorucu olabiliyor. odada fön makinesi yok, oda içerisindeki ışıklar çok yetersiz, şofben sıkıntılı,duş fıskiyesinden su yetersiz akıyor. anahtarı her gün resepsiyona birakmamiza rağmen ne coplerimiz atildi, ne çarşaflarımiz değiştirildi. havluyu bile gidip kendim aldim. ben bu kadar kötü bir işletme anlayışı görmedim. ayrıca otelden çıkarken yine hiç kimseyi görmedik . sanırım resepsiyon bölümüne bıraktığınız kamerayla oteli yonetiyorsunuz . fatura falan da vermediniz bunun için ayrıca sizleri şikayet edeceğim."
AŞKYAKA APART - SADECE SEZONLUK DAİRE KİRALIYORUZ,Gülcan ÜÇFİDAN,tr,"ankaradan ve i̇zmirden 3 aile geldik. daha önceki yıllarda da gelmiştik. odaları inanılmaz derecede temiz ve hijyene önem veriliyor. adnan bey ve şefika hanım herzaman neye ihtiyacınız olursa olsun ilgileniyorlar. konumu çok rahat, hizmeti ve odaları kesinlikle tavsiye ediyorum. 4 yaşında çocuğumla gelebildiğim güvenli tertemiz ferah apartlar. çok teşekkür ederiz."
AŞKYAKA APART - SADECE SEZONLUK DAİRE KİRALIYORUZ,Evrim Selçuk,tr,"geçen yıl konakladığımız apartı akyakaya ulaşınca aradık.seher hanımı geçen yıldan bildiğimiz ve telefonu kayıtlı olduğundan aradığımızda gayet kibar ve pozitifti. öyle ki eşim 5 gün konaklayacağız bütçemiz bu kadar dediğinde sizi geri çevirmeyelim geşin tabi cevabı ile bizi çok mutlu etti.geçen yıl kaldığımız odada yer ayarladı.gittiğimizde adnan bey bizi karşıladı ve odamızın temizlendiğini kahve ikram edebileceğini belirtti. biz gayet güzel karşılandık ,misafir edildik. bundan sonraki yıllarda da değişmeyecektir...seher hanım’a ayrıca teşekkür ederiz..."
AŞKYAKA APART - SADECE SEZONLUK DAİRE KİRALIYORUZ,Gamze Basar,tr,"7 kisilik seyahatimizde hepimizin yuzunu ayri ayri tebessum ettirdikleri icin seher hanim liderliginde tum ekibe tesekkur ederiz.covid suresince en buyuk cekincemiz temizlik, her yer tertemizdi, bir apartta bulunabilecek her turlu ozellik mevcut. denize 5 dk yuruyus mesafesinde. tum ekibe tesekkur eder, konfor, temizlik, guleryuz arayanlara tavsiye ederiz."
AŞKYAKA APART - SADECE SEZONLUK DAİRE KİRALIYORUZ,Erhan Iseri,tr,"i̇şletmeciler gayet iyi niyetli ve güleryüzlü kişiler. odalar temiz, geniş ve iyi dekore edilmişti. bulduğumuz yavru sokak köpeğine bizimle beraber destek oldular. teşekkür ederiz."
AŞKYAKA APART - SADECE SEZONLUK DAİRE KİRALIYORUZ,peter madsen,en,"exclusive luxury at 150 lira/night! i was treated like a prince by the managers of this place. they did everything they could to meet my needs. very friendly people, helpful and hospitable. beautifully furnished apartments. very clean and in good condition. some light bulbs were broken, that's all."
AŞKYAKA APART - SADECE SEZONLUK DAİRE KİRALIYORUZ,Güneş Berk,en,"very nice, cozy and clean apart hotel. 10 mins walking to seaside. no noise at night, we had a very nice sleep. highly recommended."
AŞKYAKA APART - SADECE SEZONLUK DAİRE KİRALIYORUZ,Forrest Gump,en,"first of all, i think most of the comments about this place are questionable. this is obvious when you examine the profiles and look at the number of contributions as comments. the hotel is located approximately 1.2 km from the beach. you can walk comfortably towards the beach, but if you are tired on the way back, going uphill can be a bit tiring. there is no blow dryer in the room, the lights in the room are very inadequate, the water heater is problematic, the water from the shower jet is inadequate. even though we left the key at the reception every day, neither our batons nor our sheets were changed. i even went and bought the towel myself. i have never seen such a bad business approach. also, we did not see anyone when leaving the hotel. i think you manage the hotel with the camera you left in the reception area. you did not provide an invoice or anything, so i will also file a complaint against you."
AŞKYAKA APART - SADECE SEZONLUK DAİRE KİRALIYORUZ,Gülcan ÜÇFİDAN,en,"we came as 3 families from ankara and izmir. we had come in previous years too. the rooms are incredibly clean and attention is paid to hygiene. mr. adnan and ms. şefika are always interested in whatever you need. the location is very comfortable, i definitely recommend the service and rooms. safe, clean and spacious apartments where i can come with my 4-year-old child. thank you very much."
AŞKYAKA APART - SADECE SEZONLUK DAİRE KİRALIYORUZ,Evrim Selçuk,en,"when we reached akyaka, we called the apartment where we stayed last year. ms. seher was very polite and positive when we called, as we knew her from last year and her phone number was registered. so much so that when my wife said that we will stay for 5 days and our budget is this much, she made us very happy with her answer of ""we won't turn you down, of course."" he arranged a place in the room we stayed in last year. when we arrived, mr. adnan welcomed us and said that our room was cleaned and he could offer coffee. we were welcomed and hosted very well. it will not change in the coming years either... we would also like to thank ms. seher..."
Panamare Apart & Hotel Akyaka,B.K,tr,"oda dizayni ve konumu disinda pek birseyi yok birde tesadufen gordugumuz otoparki olmasi bir artiydi. (giriste bilgi verilmedi) oncelikle giris icin resepsiyonu gormeden otelin icinde iki tur attim, sonra bir hizmetlo tarif etti goriste yanda kapali bir kulube insanlarla iletisimi 20 cm lik delikten bankalardan bile kucuk bir yerden yapiyorlar, rezervasyon fiyatini kartla odememi istedigimi soyledigimde ucreti 100 kusur tl fazla soyledi sistemde oyle degil dedim burada oyle gorunuyor dedi, google dada sistemdeki gibi cikmasina ragmen kendi kafa kurunda (kart islem ucreti ekledi ama soyleyemedi) tekrar itiraz etmeme ragmen degismedi. musteri memnuniyeti degerlerini anladiktan sonra zaten gerisine bakmadim. arac plakami aldilar park alani var demediler tesadufen gorunca kiliti acmalarini rica ettim, kucuk bir havuzu var 5 de kapaniyormus, zaten 4 u gece giris yaptik kullanamadik, hava 8-9 da kararan yerlerde 5 de havuzu kapatmak nedir bilemedim. sistemde kahvalti ekstra ucretli deniliyor ama onunla ilgili bir bilgi vermediler. cikisi 11 e koymuslar ozellikle mesajla wifi sifresi ve check out saatini belirtiyorlar. en ust katta kalmamiza ragmen valizlere yardim felan eden olmadi, dahada kalmam."
Panamare Apart & Hotel Akyaka,Erhan ÖGET,tr,3 gece konakladığım bu apart tarzı yer için düşüncelerimi paylaşmam gerektiğini hissettim. öncelikle akyaka'daki bütün apartların hepsi tek tip mimari burada hizmete bakmamız lazım. otele gelmeden akşam aradığımda yer olduğunu gelip odaları görerek rezervasyon yapabileceğimiz söylenmişken otele geldiğimizde sadece bir oda olduğu söylendi sıcak havada dolaşmamak adına tamam dedik ücreti kart ile yapmak istediğimizde 300 tl günlük fark istediler ibana açıklamasız para transferi yaptırdılar. odadaki bütün eşyalarda ses gıcırtı mevcuttu. lambanın biri yanmiyordu. banyo çok eski duşakabin aralari pis silikonlari kalkmış öylece duruyor. 3 gün boyunca temizliğe gelen olmadi. sonuçta temizlik yapmaları gereken asli isleri. havuzda asla bakım yok küçücük zaten bir de temizlik olmayınca siz düşünün. buradaki çok temiz yorumlarına kanmamak adına söylüyorum. akyaka genelindeki apart işletmecilerinde genel bir somurtkanlık söz konusu. nasıl olsa doluyor havasindalar. i̇yi yönleri de var tabiki. otopark büyük sorun olmasına karşın otelin yan tarafında kendine ait otoparkı var. wifi çok iyi çekiyor. azmak çayına çok yakın merkezi konumda. güncelleme: elif hanım ile az önce görüştük kendisi bazı konulara açıklık getirdi burada temizlik 2 günde yapılıyor yazılmış cevap olarak ama elif hanım 3 günde yapıldığını söyledi biz de 3 gün kaldığımız için öyle denk gelmiş. yorumların kendileri için çok önemli olduğunu çok değer verdiklerini her değerlendirmede daha da memnuniyet odaklı çalıştıklarını söyledi. herhangi bir sorunda elif hanım ile iletişime geçilebilir.
Panamare Apart & Hotel Akyaka,Gökhan Kadıoğlu,tr,"22 25 temmuz arası konaklama şanssızlığında bulunduğum, kyk yurtlarının yarı kalitesine erişemeyen işletme. öncelikle bir ticari işletme hakkında olumsuz yorum yaparak onların kazançlarına mani olmak, ekmeklerine engel olmak vicdansızlık diye düşünür, 1 yıldız veren müşterileri şımarık ve halden anlamayan kişiler şeklinde yorumlardım. ancak dün itibarıyla fikrim bu işletmede konaklama talihsizliğinden sonra maalesef değişti. bilenler bilir akyaka mevkisindeki apartların mimarileri hemen hemen aynıdır bu yüzden a işletmesinin b işletmesinden farkı hizmet kalitesi ile ölçülür. gelelim panamera akyaka pansiyonununu bu kadar kötü yapan şeyler nedir bakalım. 1. resepsiyon girişinin muşamba ile kapatılıp, müşteri ile küçük bir delikten diyalog kurulması sanki 90larda otobüs bileti alıyor izlenimi yaratması. 2. ödemenin nakit alınması, kredi kartı ile alımda fark alınacağını söylenmesi. 3. odada duşakabinin kırık olması, banyo apliğinin yerine ucu elektrik bandı ile özensizce sarılmış kabloların olması. 4. odada havlularin unutulmuş olması, havlu talep ettiğimizde görevlilerce odanın içine girilip gerçekten de havlu verilip verilmediğinin kontrol edilmesi (adeta yurt müdiresi havasında). 5. üç günlük konaklamada 2 defa duş spiralinin patlaması. 6. her yerden geçen, kablo kanalları içine dahi alınmamış elektrik ve anten kablolarının varlığı. 7. 10 yıllık gibi görülen banyo terlikleri. 8. oda içinde kullanım ömürlerini çok uzun zaman önce tamamlayan yatak, baza başlığı, kanepe, mutfak dolapları ve tezgahı. bunların dışında daha önce işletme hakkında olumsuz yorum yapan kişilere işletme sahiplerinin kaba cevap verdiklerini, müşterileri suçladıklarını görmekteyim benim yorumuma da benzer şekilde cevap veren olursa lütfen zahmet etmesin."
Panamare Apart & Hotel Akyaka,Faruk Yapar,tr,yıllardır kesinlikle akyaka'da tatilimi yaparım. apart arama serüvenine yine girmişken tesadüfen panamare apartla karşılaştım. fiyatı oldukça cazip geldi rezervasyon yaptırmadan direkt buraya geldim. resepsiyon da çalışan personel oldukça yardımcı oldu ve tüm boş odaları gezdirdi buna istinaden odamızı kiraladık. özellikle çalışan personel zeliha hanıma yardımları ve iletişimi için ne kadar teşekkür etsem azdır. kendimizi evimizde hissettirmemizi sağladı. özellikle yetişkinler ve çocuklar için çok güzel havuzu var. gelecek yıllarda akyaka'ya uğradığımda kesinlikle ilk tercihim burası olacaktır.
Panamare Apart & Hotel Akyaka,İlkay Gencer,tr,"çok şirin, nezih, tertemiz bir aile işletmesi. azmak nehrine, marketlere, merkeze çok yakın olması o kadar avantajki her an her şey elinizin altında. odalar tertemiz mis gibi, çok şık dizayn edilmiş, mutfakta işinize yarayacak her eşya mevcut, bir ihtiyacınız olduğunda veya eksik olduğunda hemen yardımcı olunuyor. sahibi elif teyzeye ve oğluna çok teşekkür ederiz, bir dahaki geldiğimizde tercih edrr miyiz kesinlikle evet...."
Panamare Apart & Hotel Akyaka,Katherine Aynur Kugay,en,"positives: the exterior is very nice, and check-in was efficient and easy after a long day of travel. now, a list of concerns that i think the management needs to address: - broken shower handle (sharp screw exposed on one side to close from interior) - broken shower head that drips water down in a lopsided stream instead of evenly distributed - bedside lamps don’t work - mattress is insufficient — you can easily roll off the floppy edges - floor in the bathroom had visible dirt - the toilet seat also had spots - towels are often stiff and old in hotels like this, but these also had stains - dining table was covered in dust and now, for those who are thinking of staying here: you get what you pay for, but even so it is overpriced for the area. as a paying customer, i don’t feel respected by the level at which the amenities have been maintained. if we had brought children, i would have been horrified at the dangers presented by the presence of exposed sharp objects in the shower area and level of hygiene. update: upon leaving this review, both i and my husband were called by the management requesting we change it."
Panamare Apart & Hotel Akyaka,Елизавета Комарова,en,"wonderful, hospitable people will meet you here! they will help with everything! free parking! convenient location, you can easily reach any place in the center by foot. but it's time to make repairs in the apartment, all plumbing is in bad condition, staggering, mold in places in the bathroom. for $ 80 / day, we were expecting a higher quality of the apartment."
Panamare Apart & Hotel Akyaka,Darya Batalevich,en,"the room was really comfortable. we stayed with our two kids and my mom (all together 5 people) and we didn't feel very squeezed. plus, the service was good."
Panamare Apart & Hotel Akyaka,mine oeziri,en,"perfect hotel with clean, modern apartments. the location is excellent. 50 m from the river and 100 m from the main street."
Panamare Apart & Hotel Akyaka,Roxana Madrali,en,"very clean, large rooms, staff very helpful, walk distance to the beach."
Gülzade Konak Apart,Sadettin Aslan,tr,"mekan güzel temiz bakımlı ve merkezi konumda, serinlemeniz için yeterli küçük bir havuzu var çocuklar için ideal odalarda bulaşık makinası, çamaşır makinesi ve büyük buzdolabı mevcut. işletmeci abla ilgili ve güleryüzlü fiyat makul tekrar akyaka ya gelirsek yine burda kalırız. tavsiye olunur."
Gülzade Konak Apart,Dila Yücel,tr,yorumlara aldanip gittik. kapidan girer girmez paranin tamamini istediler. parayi odemeden odayi bile goremedik. sahibi girdugum en kaba en anlayissiz insan. parayi odedikten sonra yuzumuze bile bakmadilar. kesinlikle temiz degil 5 gece kaldik. ne oda temizlendi ne havlu degisti. dus kirik dokuk mutfak esyalari igrenc. buraya guzel diyenler hayatlarinda hic guzel yer gormemisler. bayram oncesi oldugundan yer sikintisi oldugunu bildiklerinden bizi gonderip iki misli fiyata hemen musteri bulacaklarini soylediler. kimseye tavsiye etmem. paranizla rezil olmayin...
Gülzade Konak Apart,Alev Önürme,tr,"akyaka'nın dokusunu ve ruhunu yaşamak isteyenler için harika bir yer. sakin, huzurlu ve temiz. aile işletmesi ve yasemin hanımla nihat bey çok değerli insanlar. her yere yürüme mesafesinde kendinizi evinizde hissediyorsunuz. her şey için çok teşekkür ederim."
Gülzade Konak Apart,ALP ER,tr,"şirin bir belde olan akyaka'da dışarından güzel görünen bir apart olan gülzade konakta kaldığımız oda ile ilgili menfi yöndeki değerlendirmelerim; - oda nispeten küçük, valizleri nereye yerleştireceğinizi şaşırıyorsunuz - duş başlığını koyacak yer sorunlu olduğundan asamıyorsunuz, - hiçbir yerde askı yok, - oda içerisinde tesbih böceklerinden vardı (birkaç tanesini etkisiz hale getirmek zorunda kaldık, sanırım ilaçlamaya ihtiyaç var) - banyoda havluluklar paslanmış, havluları koymaya çekiniyor insan müspet değerlendirmelerim; -nihat bey ve eşi yasemin hanımın güleryüzlü yaklaşımları -tesisin konumu"
Gülzade Konak Apart,Tuğba Uludağ,tr,akyaka mükemmel harıka bır tatıl ve konaklama yasadık. ilgı ve yardımları ıcın apart sahıplerıne ve ayrıca personelı almıra hanıma sonsuz tesekkurler. cok rahat ve guzel bır tatıl gecırdık. gonul rahatlıgıyla kalabılcegınız samımı ve guzel bır ortam
Gülzade Konak Apart,Sadettin Aslan,en,"the place is nice, clean, well-maintained and centrally located. it has a small pool that is enough for you to cool off. it is ideal for children. the rooms have a dishwasher, washing machine and a large refrigerator. the manager sister is caring and friendly, the price is reasonable. if we come to akyaka again, we will stay here again. it is recommended."
Gülzade Konak Apart,Dila Yücel,en,"we were fooled by the comments and went. as soon as they walked through the door, they demanded all the money. we couldn't even see the room without paying the money. the owner is the rudest and most unsympathetic person i have ever met. they didn't even look at us after we paid the money. it is definitely not clean. we stayed for 5 nights. neither the room was cleaned nor the towels were changed. the broken and shabby kitchen utensils are disgusting. those who call this place beautiful have never seen a beautiful place in their lives. since it was before the holiday, they knew there was a shortage of space, so they sent us away and said they would find customers immediately for twice the price. i wouldn't recommend it to anyone. don't be disgraced with your money..."
Gülzade Konak Apart,Alev Önürme,en,"it is a great place for those who want to experience the texture and spirit of akyaka. calm, peaceful and clean. it is a family business and ms. yasemin and mr. nihat are very valuable people. you feel at home, walking distance to everywhere. thank you very much for everything."
Gülzade Konak Apart,ALP ER,en,"my negative evaluations about the room we stayed in gülzade konak, which is a nice-looking apartment from the outside in the cute town of akyaka; - the room is relatively small, you wonder where to place the suitcases - you cannot hang the shower head because the place to put it is problematic, - there are no hangers anywhere, - there were woodhopper bugs in the room (we had to neutralize a few of them, i think fumigation is needed) - towel holders in the bathroom are rusty, people are afraid to put towels on them my positive evaluations; -the friendly approach of mr. nihat and his wife ms. yasemin -location of the facility"
Gülzade Konak Apart,Tuğba Uludağ,en,"we had a wonderful holiday and accommodation in akyaka. endless thanks to the apartment owners and also to the staff, mrs. almira, for their interest and assistance. we had a very comfortable and nice holiday. a friendly and beautiful environment where you can stay with peace of mind"
Mimoza Pansiyon,Mertkaya,tr,"muğlada 1 geceliğine kaldığımız pansiyon temiz, güzel ve güvenilir. (kalmanızı tavsiye ederim.)"
Mimoza Pansiyon,Aysel Akbaş,tr,tuvalet ve bonyo oda dışında ve pisdi. çok havasız ve küçük odalar. çok yoğun bir sigara kokusu vardı. ocak ayında pencere açık uyumak zorunda kaldık. odada televizyon yok.
Mimoza Pansiyon,Yunus Şentürk,tr,"yaklaşık 1 buçuk senedir her muğla’ya gittiğimde kaldığım yerdir.odaların temizliği, sıcaklığı, güvenilirliği ve wifi imkanı size fiyatını karşılatıyor.ayrıca çalışanları da çok iyi insanlar, kalacak yer arıyorsanız mutlaka gitmenizi öneririm."
Mimoza Pansiyon,Soner Tufekci,tr,"odalar geniş ve kullanışlı, personel ilgili fakat giderken nevresim götürmekte fayda var. fiyat performans olarak iyi ama nevresim sıkıntı"
Mimoza Pansiyon,Can Basay,tr,odaları temiz ancak klima yok çevreye göre f/p
Mimoza Pansiyon,MOHAMED LUAY,en,bad experience
Mimoza Pansiyon,Mertkaya,en,"the hostel we stayed in muğla for 1 night is clean, beautiful and reliable. (i recommend you stay.)"
Mimoza Pansiyon,Aysel Akbaş,en,the toilet and bathroom were outside the room and were dirty. very stuffy and small rooms. there was a very strong cigarette smell. we had to sleep with the window open in january. there is no television in the room.
Mimoza Pansiyon,Yunus Şentürk,en,"this is the place where i stay every time i go to muğla for about a year and a half. the cleanliness, warmth, reliability and wifi of the rooms make you worth the price. also, the employees are very nice people. if you are looking for a place to stay, i definitely recommend you to go."
Mimoza Pansiyon,Soner Tufekci,en,"the rooms are spacious and convenient, the staff is friendly, but it is useful to bring bed linen when you go. good price and performance but the duvet cover is a problem"
Yenice Vadi,Gamze Öyünç,tr,"ozellikle ayurvedik masaj yapan pelin hanjmjn masajlarini oneririm. calisan ozge hanim ve volkan bey cok yardimci ve sicaklardi. dogasi hakkina soylenecek birsey yok, mukemmel halinde. sadece retreat kamplarina gelen misafirler dahil olmak uzere, yer tanitma oryantasyonu yapilmali diye dusunuyorum. hayvan sever biri olarak hayvanlara muhtesem bakildigini gordum. bari uygun fiyatli. herseyi cok lezzetli. guzel havuzu dogal kuyu suyu. rahat, free ortami muhtesem. akyakaya gelince villa veli'de de kalmak istiyorum"
Yenice Vadi,Erdener Gönenç,tr,"yolu oldukça kötü, yenice köyünün içinden tek araç genişliğindeki labirent gibi yollardan geçmeniz gerekiyor, tabelalar yetersiz, apple maps konumuna güvenmeyin, google maps bir derece. yorumları okuyunca pazar günü gezmek ve restoranı denemek için gitmiştik. yönetimin yakın zamanda el değiştirdiğini, artık dışarıdan müşterileri kabul etmediklerini, sadece inziva için konaklayan müşterilere hizmet verdiklerini söylediler. bu bilginin internet de olduğunu da belirttiler ancak dönünce web sitelerinde ya da instagram sayfalarında böyle bir bilgi bulamadım. kapıdan döndüğümüz için hizmet kalitesi vb. konularda yorum yapamayacağım. konaklama için iti olabilir fakat günü birlik gitmeyi düşünüyorsanız boşuna gitmeyin ya da önce arayın."
Yenice Vadi,Hülya Batman,tr,"""önceden birkaç kez gidip bir şeyler içmiştik. yollar çok dar olmasına rağmen, yer çok güzel olduğu için misafirlerimizle fethiye'den geldik. ancak girişte artık dışarıdan müşteri kabul etmediklerini söylediler. her gün bizim gibi gelip dönen birçok insan oluyormuş, öyle söylediler. lütfen bunu internetten güncelleyip insanları mağdur etmeyin."""
Yenice Vadi,Meltem Ahmet,tr,"yollar git git bitmedi ancak vardığımızda böyle güzel bir yerle karşılaşmak bizi çok şaşırttı. tepeden tırnağa şaheser gibi! her ince ayrıntıda bir özen, yemekler harika, hizmet kusursuz. sanki doğal bir müze gibi. vadinin yerleşim alanlarına uzak olmadı hem sessizlik hem de gece gökyüzündeki manzara için avantajlı."
Yenice Vadi,Ahmet Akçadağ,tr,"özel gruplar için uygun bir ortam. sessiz, sakın, doğal"
Yenice Vadi,Fiona Pannell,en,"my husband and i held our wedding here in august 2023 and the whole experience was perfect. all of the staff bent over backwards to make the event special and i, my husband and our friends and family all had the best time. everyone remarked on what an incredible find we had made for our wedding. i can't recommend it enough for a holiday or a special event"
Yenice Vadi,Tony Raven,en,"eco hotel. we went for breakfast, which was very yummy . lovely atmosphere. it's more than worth a try."
Yenice Vadi,Gracy Matta,en,"the place is a natural organic heaven. food is unbelievably amazing. staff is very friendly with great service. the owner is a down to earth soul who is ready to tailor your needs and activities all the way to extreme ends. the pool is very nicely built into a natural pond. we stayed in the tree house which has an amazing outdoor area with a jacuzzi, seating area and a fire pit. one night they organized to light the fire pit for us and actually had our own personalized bbq in the out door premises of the room. privacy is a bliss at the property."
Yenice Vadi,Tuncer A. Oguz,en,"i stayed 2 times for a yoga practice days. place is pretty cool. i enjoyed the view, nature and environment. the rooms are the pretty clean in the nature. there is a big yoga space which can handle around 30 people so easily. the service and the foods are awesome. i like the way the team catch the names and recognize people. i will definitely revisit the village again."
Yenice Vadi,Casper Da Silva Lima,en,"i rate everything here 5 stars because everything here is amazingly good. there is an amazingly beautiful pond that you can now swim in. there is very cute mallard ducks swimming in the pond too, love them. very nice waiters that serve you delicious food. the food is also the best too. they have good sigara borek. they give you chocolate spread as well. thanks yenice vadi restaurant team for making this such a luxury restaurant and the staff."
No22 Riders'Inn,Mustafa GÖZGEN,tr,"yalnızca restaurant-bar kısmını ziyaret ettik. öncelikle ambiyans müthiş. i̇çeri girdiğinizde bir huzur hissediyorsunuz. özellikle bizim gittiğimiz esnada aksak’ın canlı performansı vardı ve çok iyiydi. cheeseburger ve vejetaryen dürüm denedik. i̇kisi de gerçekten çok lezzetliydi. ayrıca nar suyu da çok iyiydi. fiyatları diğer mekanlarla neredeyse aynı hatta seçiminize göre daha uyguna bile gelebilir. akyaka’da sözde esnaf lokantasında bile kişi başı 400₺’ye yemek yendiği için böyle bir mekana, böyle yemeklere göre fiyatlar makuldü. ayrıca menünün bazı kısımlarını fotoğraf olarak ekliyorum. son olarak servis yapan arkadaşlar hakkında kötü yorumlar gördüm. bizim tecrübe ettiğimiz kadarıyla arkadaşlar gerçekten ilgiliydi. evet çok ciddi restaurant garsonları gibi değillerdi ki olmaları da gerekmiyor aslında. rahat hissettiren bir mekanda çalıştıkları için onlar da mutlu ve rahat hissediyor bence. tüm isteklerimizi olabildiğince çabuk getirdiler. biz gayet memnun kaldık. hepsine teşekkür ediyoruz."
No22 Riders'Inn,Ezgi Shaw,tr,"bugün akşam konseri için büyük bir heyecanla bilet almıştık. konser öncesinde yemek yemek için gitmek istedik ve whatsapp hattından mekana önceden rezervasyon yapmadan gelebileceğimiz söylendi. ancak mekana ulaştığımızda, kapıdaki hanımefendi bize ""bu tarafa geçin, arkadaşlarımız yardımcı olacak"" dedi. tam bar tarafında bir masaya oturmak üzereyken, bir garson gelip ""şu anda bu tarafa kimseyi alamıyoruz"" dedi. oysa içeride yemek yiyenler vardı. neyse dedik ve bahçeye geçtik. yemek siparişi verirken menüde yazıldığı gibi ""french fries"" söyledik, ancak garson ne dediğimizi anlamadı ve ""pardon, o ne acaba?"" diye sordu. menüde yazdığı şekliyle okumuştuk halbuki. ayrıca patateslerin üzerine peynir rendesi istemiştik tamam dendiği halde gelmedi. yemek gelene kadar sivrisinekler her yerimizi ısırdı. bir an önce yiyip ayrılmak istedik ama sivrisinekler o kadar kötüydü ki dayanamadık. 1.294 tl yemek için ödedik ve yemeklerimizi bitiremedik bile. üstüne bir de 114 tl servis ücreti eklenmişti. 1.500 tl de iki kişi konsere ödemiştik, ama bu da çöpe gitti. konser için de geri dönmeyi düşünmüyoruz çünkü ilk iş olarak bir eczaneye koştuk. maalesef bu deneyim tam bir para kaybıydı."
No22 Riders'Inn,erhan taşpınar,tr,biz restoran kısmını tercih ettik. bohem havası mekanın her yerinde esiyor. genelde kite için gelen misafirler tercih ediyor. canlı müzik hemen hemen her akşam mevcut fakat erken bitiyor. (00:30) yemek ve alkol fiyatları akyaka da ki diğer mekanlara nazaran oldukça pahalı. sipariş için garsonla gözgöze gelmek işleri zorlaştırıyor. ama mekan keyif verici. her şey için teşekkürler
No22 Riders'Inn,Meltem Talayoğlu,tr,"no 22 akyakanın en iyi oteli diye seçtik büyüklüğü olarak doğrudur.clup olarak çok iyi sanatçılar çıkıyor ve bardaki içecekler güzel. 1.ama otel olarak tavsiye etmem çevredeki apartların bile otoparkları var otelin yok günlük size bir kart vericez 200 tl indirimli deniliyor..otel diğer yerlerden yüksek meblağda zaten o yüzden tercik ettik ama otopark için neden ücret verelimki otoparkta yürümeyle 5 dakika arka sokağa bıraktık arabımızı.. 2.valizimizi taşıyan resepsiyon görevli yok kendimiz indirdik çıkardık 3.odada mini bar yok ağustosun sıcağında gece soğuk bir şeyler içemezsiniz 4.tv yok ve elbise dolabı yok bi askılık koymuşlar tahtadan. 5.banyoları eski duşa kabin parçaları küflenmiş ve şelale gibi akıyordu eşim tamir etti görsellerde mevcut..bize söyleseydiniz yapardkk diyorlar 2 günlük tatilimde banyo tadilatımı yapacaksınız 6.nezaketedende olsa kusura bakmayın buyrun kahve içelim sorunlarınızı konuşalım diyen bir muhattap yok zaten birde tip ücreti yansıtmışlar her işimizi kendimiz yaptık dışardan gelen misafirler resepsiyon nerde diye bize soruyolar kahvaltıları çok güzel şefin eli maharetli mutfakta belli,şık ve görselide hakimdi.. kahvaltı servisinde karşılaştığımız ece hanımdan başka günaydın diyen yok sadece ece hanıma teşekkürler güler yüzlü ve pratikti"
No22 Riders'Inn,Büşra Işık,tr,yemekleri çok lezzetliydi . lakin kokteyleri ve kokteyl servisleri inanılmaz kötüydü. ki bunun için alınan hizmet bedeli ve ürün ederi malesef karşılığı değildi. mekan iç dizaynın güzel olmasının verdiği ve akyakanın tek eğlence mekanı olmasının da verdiği biricik lik düşüncesi ile mekan girişine de ücret almaktadırlar. malesef hiç memnun kalmadım.
No22 Riders'Inn,Serhat Sermen,en,best night out in town! try to book live music events which makes it even better! cost of entrance is welcomed with drinks (so no entry cost at all ) go around 8-9 pm to garden on the right for chillout music and then join main event around 10-10:30 pm in main area
No22 Riders'Inn,John Elmas,en,great place to stay. great hospitality. we had a great time. this is where professional and personalized service meets. 5 star in my view
No22 Riders'Inn,Halil Akcan,en,"with the new arrangement of the garden, the stage and with always good music, this place is the definition of perfect vacation."
No22 Riders'Inn,Sabri Gokmen,en,"good venue for a nite out! we went for a live concert and reserved a table for 7. the servers are young, fast and friendly. the drinks are within the range of 180-280₺ and they are tasty. gin&tonic was ok, gin&soda was subpar. we also tried another cocktail (burning man) which was fine. overall a nice venue to visit in the area."
No22 Riders'Inn,Louise Luther,en,"used to be great 5 years ago but now a money making machine. overpriced & overrated but for now, the only international kite hotel in town. much better local places to explore. drinks are £10 + each - a bit ridiculous considering they’re the same in london!"
Lacivert Otel Akyaka,Nihal ATan,tr,konum akyaka merkezde uyumak için otele gelebilirsiniz biz zaten uyumak için tutmuştuk ihtiyacımızı karşıladı çok yakınında eğlence mekanı var çok ses geliyor ama 12 gibi müziği bitiriyorlar. oda çok temiz fakat çok dar. sadece uyuyacaksanız ve merkezi bir yer arıyorsanız kalabilirsiniz aracınız varsa 400 metre uzaklığa park edebilirsiniz otelin sokağı dar
Lacivert Otel Akyaka,cem trzi,tr,"akyakada tam çarşının içerisinde butik bir pansiyon aslında(müstakil bir bina, ufak bahçesi de var oturmalık) mekan sahibi çok tatlı ve yardımsever bir teyzemiz. torunuyla işletiyor. çok kibarlar, odalar gerçekten temiz. sadece kalmalık, kahvaltı vs. yok ancak zaten çarşının içi olduğu için kahvaltı yemek alamazsınız gecelik oda fiyatı da çok yüksek değil. hiç pişman olmazsınız, tavsiye ediyorum. ankaraya dönerken pazar sabahi teyzemiz kahvalti ederken ısrarla çay simit peynir yememi istedi ben teşekkür ettim ama samimiyeti gerçekten güzeldi."
Lacivert Otel Akyaka,hasan deniz,tr,"akyaka merkezde; çarşı içinde, denize 100 metre uzaklıkta çok şirin bir mekan. navigasyonla gelenler, sokak trafiğe kapalı olarak gözüktüğü için tam önüne gelemeyebilir. ama araçla önüne kadar gelebiliyorsunuz. odalar temiz. wi-fi var. kendimizi çok güvende hissettiğimiz mekanda bahçede çok keyifli dakikalar geçirdik. ablamıza ve caner bey'e son zamanlarda görmeyi özlediğimiz samimiyetleri ve gülen yüzleri için çok teşekkürler."
Lacivert Otel Akyaka,Ervin Biçer,tr,"lacivert hotel’de caner abi ve zülay teyze bizi aile sıcaklığında hissettirdi. tertemiz, hoş ve sakin bir otel. merkezde yer alması sebebi ile her yere çok kısa sürede ulaştık. her yaz akyaka’da kalacağımız yer belli oldu."
Lacivert Otel Akyaka,Merve ÖZTOPRAK,tr,odaları normale göre çok küçük fakat biz sabah çıkıp gece geldiğimiz için böyle bir tercihte bulunduk ve bizim için yeterliydi. i̇şletme sahipleri çok cana yakınlardı. konumu ise merkezde olduğu için çok rahat yürüyerek istediğimiz mekanlara ulaştık.
Lacivert Otel Akyaka,Cansu,en,"it was a great experience to stay at akyaka. location is great, it’s in the center and you can walk everywhere. cafes, restaurants, pubs are so close to the hotel and there are a lot of options that you can find. seaside is 5 mins by walk, i highly recommend to go to the wood platforms in the forest. about the host, caner was an amazing person, great hospitality and the kindest host i’ve ever seen. the room is cute. it’s more than enough for a couple of days holiday. they have a really great garden to read your book or drink a coffee or tea under the mandarin trees."
Lacivert Otel Akyaka,Lila Raygoza,en,"my friend & i stumbled upon this simple, no-frills gem after a late night bus ride to akyaka with no hotel reservation. akayaka was mesmerizing & we were so comfortable at lacivert otel that we kept extending our stay. the owner was lovely, flexible and such a great place to end our trip."
Lacivert Otel Akyaka,Nihal ATan,en,"the location is in the center of akyaka. you can come to the hotel to sleep. we had already booked it for sleeping. it met our needs. there is an entertainment venue nearby. it is very noisy, but they stop playing the music around 12. the room was very clean but very narrow. if you are just going to sleep and looking for a central place, you can stay. if you have a car, you can park it 400 meters away. the street of the hotel is narrow."
Lacivert Otel Akyaka,cem trzi,en,"it's actually a boutique hostel right in the bazaar in akyaka (it's a detached building with a small garden for seating). the owner of the place is a very sweet and helpful aunt. he runs it with his grandson. they are very polite, the rooms are really clean. just stay, breakfast etc. no, but since it is inside the market, you cannot buy breakfast. the nightly room price is not very high. you won't regret it, i recommend it. while returning to ankara, on sunday morning, while having breakfast, our aunt insisted on me eating tea, bagels and cheese. i thanked her, but her sincerity was really nice."
Lacivert Otel Akyaka,hasan deniz,en,"akyaka is in the center; a very cute place in the market, 100 meters away from the sea. those who come with navigation may not be able to get right in front of the street as it appears to be closed to traffic. but you can come in front of it by car. the rooms are clean. there is wifi. we had very enjoyable moments in the garden, where we felt very safe. many thanks to our sister and mr. caner for their sincerity and smiling faces that we have missed seeing lately."
Panamara Otel,recep balaban,tr,bu otel için öncelikle buraya yorum yapanlar galiba daha önce hiç otelde kalmamış. odalar leş gibi sigara kokuyor. yastıklara sigara kokusu sinmiş. banyo tuvaletler 60 lı yıllardan kalmış gibiydi. kabus gibi bir gece geçirdim. yorumları kendi çalışanlar yapıyor sanırım.klimaların filtreleri tozdan görünmüyordu. sezon başında bari temizletin. paramıza yazık..
Panamara Otel,Ömer HALDIZ,tr,"otel uygun fiyatlı ve temiz. konumu güzel. arka cephe odada kaldım. balkonumdan zeytin ağacına uzanabiliyorum. doğayla iç içe. personel hem güler yüzlü hem saygılı. her karşılaşmamızda bir ihtiyacınız var mı diye soruyorlar. burası fazlasıyla fiyat/performans oteli. 5 katı fiyatlı oteller ile karşılaştırmayın, oralardaki fazlalık imkanları beklemeyin. 5 gece kaldım. sorun yaşamadım."
Panamara Otel,Dogan Okcan,tr,resepsiyonistin müşteri ilişkisi sıfır.. herif sanki dünyayı yaratmış.. gece uğradık kalırsanız kalın.. kalmazsanız kalmayın tavırları.. önce bir esnaf olmayı öğren..odalar desen it bağlasan durmaz.. kahvaltı için resepsiyonda iki üç uyduruk masa.. uyduruk odalar..puanlamayi mecburen birer yıldız verdim.. çünkü sıfır yıldız şansım yoktu.. tavsiyem kesinlikle gidilecek kalınacak biyer değil..
Panamara Otel,furkan haksever,tr,eşim ile 1 gece kaldık. odalar küçük ama 1-2 gece idare etmek için uygun. sabah kahvaltısı 7-9 arası imiş fakat keşke konakladığımiz gün resepsiyondaki kişi tarafından bilgi verilse güzel olurdu çünkü kahvaltıyı kaçırdık 9.20 geçe indik. en azından girişte felan yazılması gerekir. odada klima vardı bu sebeple rahat ettik. duş imkanı var fakat en azından 1 duşakabin yapılsa daha güzel olurdu. fiyat performans denilebilir.
Panamara Otel,Nurcan Demir,tr,güler yüzlü hizmet ve temiz odalar icin kendilerine tesekkur ederim .. ustelik doğayla içiçe ve civar yerlerde tarih yatiyor hem dinlenme hem gezme icin guzel bir tesis
Panamara Otel,FRS3,en,traditional turkish house conversion to hotel. old furniture and manner but friendly staff. suitable for seasonal workers and hitchhikers.
Panamara Otel,Eszter Borbely,en,"the staff were wonderful and did everything in their power to make our stay comfortable. the beds were comfortable, was a perfect place to stop along our journey. teşekkürler"
Panamara Otel,Hosam Ezzidin,en,it was well received and they are very friendly and welcoming to their visitors
Panamara Otel,Muhammed Heiba,en,"enjoyed my stay there , thanks for having me"
Panamara Otel,recep balaban,en,"first of all, i think those who comment here have never stayed in a hotel before. the rooms smell like cigarette smoke. the smell of cigarette smoke permeated the pillows. the bathroom toilets looked like they were from the 60's. i had a nightmarish night. i think the comments are made by the employees themselves. the filters of the air conditioners were not visible due to dust. at least have it cleaned at the beginning of the season. it's a shame for our money.."
Amber Suites Akyaka,Melek ÖZ,tr,"canim amber suites 'e ekim ayında gelmek nasip oldu. bence ennnn güzel zamanda geldik. bize o kadar iyi gelen bir tatil oldu ki iyiki tanışmışız bu güzel insanlarla. otelde sadece biz vardık ama bizi hicbir şeyden kusur bırakmadılar. orada çalışan herkes o kadar içten ve samimi kii kendimi ailenin bir parçası gibi , evimde gibi hissettim. normalde 6 yaş altı çocuk kabul etmiyorlar ama otel boş olduğu için bizi 2.5 yaş bebegimle kabul ettiler. kahvaltısı muhteşemdi. her şey çok lezzetliydi ve hiç sıradan değildi. otelin her köşesinde ince dokunuşlar mevcut. kahvaltı masasındaki örtülerden tutun odada koydukları ikramlara kadar her şey çok ince düşünülmüş. taş ve ahşapın uyumuna ince detaylı birçok dokunuş yapılmış. bu uyuma birde mis gibi akyaka manzarası eklenince huzur dolu bir ambiansa dönmüş. yeşilçayların sıradan poşet çaydan ziyade pamuk keseyle özel kutuya konması bile beni ayrı mest etti. heryer tertemiz ve düzenliydi. şampuan, duş jelleri bile çok tatli şişelere konmuş. herhangi bir isteğimiz olunca anında temin edildi güler yüzle. herkes gerçekten aile gibi sıcak davrandı hatta kapıdaki o tatlı köpüş mösyö bile çok sıcak kanlıydı. otele gelince güzel bir meyve tabağı ikram ettiler, bebisim için istersek dondurma getireceklerini söylediler. kahvaltıda durmadığı için ona bir sürü şeker çikolata gibi hoşuna gidecek güzel şeyler ikram ettiler güler yüzle. bütün yiyecekler el yapımıydı zaten yediğiniz gibi anlıyorsunuz tadından. hele otelden ayrılırken arkamızdan su döktüler o çok tatlıydı minik bir elestiri yapmam gerekirse her sey 4 4luktu sadece tuvalet ve banyo ayrıca bir oda olsaydı daha korunaklı olurdu hem görüntü hem koku açısından ama böyle de modern duruyor o ayrı :) bir de boykot markaların değişmesi beni çok mutlu eder. sevgilerimle"
Amber Suites Akyaka,aysegul esen,tr,"nasıl anlatsam, nereden başlasam. başlık başlık gidelim ki hiç birşeyi atlamayayım. dekorasyon ve temizlik: harika ..odalar öyle ince bir zevkle işlenmiş ki. detaylarda saklıdır ince zevkler..öncelikle size hoşgeldin notu yatağın üzerinde bu beni çok etkiledi. odanın şıklığı, düzeni, temizliği, büyüklüğü, manzarası, balkonun güzelliği. rahat koltukla da şöyle manzara karşısında kitap okuyup uyuyacağınız ayrıca bir fransız balkon. kahve makinası ve özellikle poşet olmayan doğal malzemeli orijinal tatlı çayları…banyo malzemeleri de ayrıca kaliteli…5 ama yıldızlı 5 ekip: bu kadar çalıştığı yeri benimsemiş ve özenle çalışan, güleryüzlü, misafirperver bu ekibi canı gönülden kutluyorum. yazacağım herşey az kalır. her beğendiğim ayrıntı da o kadar nilüfer hanımın imzası olduğunu ve sevgili eşinin de bahsettiler ki ne güzel böyle sizden övgüyle bahseden çalışanlar olması.. i̇kramlar: girişte meyve ve içecek tabağı, ben çok sevdiğim için elmalı kurabiye ikramları reyhan şerbeti ikramları ve gerçekten enfes kahvaltıları. beni çok cezbeden ise her güne ayrı bir sunum konsepti.. kendi olmasa da sanırım bu marifetli yiyecekler ismi yanlış yazarsam affola gülsüm hanım ellerinden… bahçe, havuz ve konum: bahçenin de heryeri öyle güzel düzenlenmiş ki ve normalde havuza girmem ama çok sevdim. şemsiyeleri harika nasıl bahsetmeyeyim. müzikler çok rahatlatıcı ve merkeze o kadar uzak değil bence böyle olması harika zaten merkezde de birşey yok. tüm bir gün gökgürültüsü şimşek yağmur olmasına tatilde ilk defa sevindim . durdum sadece balkonda oturdum ve çok huzurlu dingin bir gündü. köpiş mösyönün evine bayıldım . sanırım çok yazdım . sibel hanım başta olmak üzere adile ve seray hanım ve asu hanıma nezaketleri, ilgileri, misafirperverlikleri için çok teşekkür ediyor ve siz işletme sahiplerini de tekrar seçmiş olduğunuz ekip ve bu güzel tesis için canı gönülden kutluyorum .detaylı video için kısa süre içinde @gezenkalite instagram sayfasından ulaşabilirsiniz. sevgiler çevik ailesi"
Amber Suites Akyaka,Zeynep Kara,tr,"göze , kalbe ve ruha hitap eden muhteşem bir mekan. otelin mimarisi çok güzel. odalar ferah ve tertemiz.odadaki ince detaylar ve zarif dokunuşlara hayran kaldık.şık sunumlarla servis edilen kahvaltının ürün kalitesi ve çeşitliliği süperdi. kendilerinin yaptığı ve her kahvatıda farklı olan börekler ve kurabiyeler çok lezzetliydi. güleryüzlü ve samimi , arı gibi çalışan tüm personellerine çok teşekkür ederiz. otelin sahipleri nilüfer hanım ve bilgütay bey ellerinize emeklerinize sağlık. yolunuz açık , misafirleriniz bol olsun. tekrar görüşmek dileğiyle, sevgiyle kalın."
Amber Suites Akyaka,ayse durukan,tr,i̇nanılmaz huzurlu ve keyifli bir mini tatildi 2 gün. her şeyi en aklımıza gelmeyecek şekilde özenli titiz temiz düşünmüş ve hazırlamışlardı. gördüğüm en güzel kokan odaydı. havuz başına indiğinizde mis gibi havlularınız sepetlerle size geliyor ve şarap ikramınızla tatilinize başlıyorsunuz. kahvaltıyı dışarıda para ile etmeye kalksanız bulamazsınız öyle lezzetli şık çeşitli ve güzel sunumlarla tekrar tekrar gideceğim bir yer. her şey için çok teşekkürler
Amber Suites Akyaka,Ebru Kaynar,tr,"ağustos ayında 3 gün eşimle birlikte konakladık. merkeze ve azmağa 1,5 km uzaklıkta ve baya yüksekte arabasız çok zorlanırsınız, araba şart gibi. i̇yi yönleri -kahvaltı çok başarılı, her gün kendi yaptıkları börek , kek , kurabiye vs çıkıyor. sıkma portakal suyu mevcut. bittikçe yeniliyorlar. -personel güler yüzlü -temizlik iyiydi kötü yönleri: - biz rezervasyon yaparken deniz manzaralı oda ile dağ manzaralı oda arasında günlük 1500 tl fark ediyordu. baya konuşmamıza rağmen fiyat düşmediler bizde dağ manzaralı odayı seçtik. bizden çok sonra arkadaşlarımız konuştuğunda ise deniz manzaralı odayı 300 tl farkla verdiler. bu işin bi standartı olmalı diye düşünüyorum genellikle ilk tutan yani erken rezervasyon yapan avantajlı olur burda tam tersiydi.bu durum otel yetkililerine söylendiğinde duymak istediğimiz kusura bakmayın denmesi iken ölü taklidi yapıldı.hiç hoş değildi. -dağ manzaralı oda deniz manzaralıya göre bariz küçük ve kullanışsızdı.bi de odalarda boy aynası yok"
Amber Suites Akyaka,Maxine Karande,en,"had a wonderful 3 night stay, starting with a welcome cheese and wine plate. the room was spotless, comfortable bed, lounging sofa and chairs, coffee machine in the room. pool and sun loungers available. breakfast was superb, and so much of it! the views and position of the hotel are good as you are out of the town so it's peaceful. we will be back!"
Amber Suites Akyaka,Anil & Max Karande,en,"arrived to a lovely welcome, cheese and wine from the lovely hosts and staff. the room is spotless, comfortable and luxurious, (some robes would be nice!) the position is good as it's quiet and private with parking available outside and the views are stunning. haven't had breakfast yet so will update later. so chilled we both relaxed and had a snooze before going out to watch the sunset and have dinner... perfect!"
Amber Suites Akyaka,K Y,en,"we had a wonderful stay at amber suites akyaka 1! my girlfriend and i stayed for one night, and miss asu assisted us during our stay. the experience was fantastic. the room was very clean, and the breakfast was delicious. the staff were all very friendly and helpful, making us feel right at home. we truly enjoyed our time here and would highly recommend amber suites akyaka to anyone looking for a relaxing and enjoyable stay. thank you for the great hospitality! karcan yayoz"
Amber Suites Akyaka,Alex G,en,"fantastic boutique hotel, and wondeful hosts, they went out of their way to help repair a flat tire on our car, saving our trip. the views are amazing, its super clean, and we gor our welcome wine with cheese platter which was a nice touch. the rooms are beautiful and the breakfast was incredible!"
Amber Suites Akyaka,go 1978,en,"we had the most delightful stay at this charming boutique hotel “amber suites” in akyaka! traveling with a group of five, including three kids, we were warmly welcomed by the friendly staff and owners. the rooms were not only comfortable but also spotlessly clean and adorned with a modern touch. one of the highlights of our stay was the breakfast; it was truly one of a kind and left us amazed by the variety and deliciousness of the dishes. after a hearty breakfast, the kids had a blast in the small but well-maintained pool, keeping them entertained. amber suites’ location was perfect for us; it offered breathtaking views and was conveniently close to the center of akyaka. during our stay, we made sure to visit the nearby azmak river, and we can’t recommend it enough – a must-visit! nilüfer, the owner, deserves a special mention. her exceptional hospitality and warm demeanor made our stay even more memorable. we felt like we were among friends. we initially thought of staying over for a night but stayed for four nights… all in all, our experience at this boutique hotel was beyond delightful. the comfortable rooms, the incredible breakfast, and the attentive staff made it a truly unforgettable trip. we’re already planning to return and create more beautiful memories. highly recommended!!"
Acar Pansiyon,Pınar Dedeoglu,tr,"fethiye’ye tatile giderken akyaka mevkiinde aracımız bozuldu ve 2 küçük çocuğumuzla yolda kaldık.aracımız sanayiye çekildiğinde parça beklememiz gerektiği ve en erken ertesi güne aracımızın teslim edilebileceğini öğrendik.akabinde google haritaya pansiyon yazdığımda acar pansiyonu gördüm yorumlarına baktım ve güzel yorumları görünce aradım. fatih bey açtı telefonu. kendisine durumumuzu anlattım ve pansiyona nasıl ulaşım sağlayabileceğimizi sordum. fatih bey önce çok geçmiş olsun dedi ve küçük çocuklarımızın da olduğunu öğrenince otobüs ve taksiyle uğraşmayın özel bir durum yaşamışsınız mağduriyetinizi görebiliyorum diyerek tüm iyi niyetiyle bizi bulunduğumuz yerden pansiyona getirebileceğini söyledi.eşimi sanayiden bizi de yol kenarından alarak acar pansiyon’a getirdi sağolsun.odalar o kadar temizdi ki.zaten güleryüzlü ve yardımsever karşılamanın peşi sıra odaların temizliğini de görünce çok mutlu oldum.her odada klima vardı.ertesi sabah otel sahibi i̇smail bey’in çay ikramı ve ulaşım konusunda sağladığı kolaylıklar sayesinde kabusa dönüşmesi muhtemel bir günümüz tatlı bir anıya dönüştü.aracımızın bozulması fatih bey ve otel sahibi i̇smail bey’in empatik ve yardımsever tavırları sayesinde 1 günlük bile olsa macera dolu bir akyaka tatiline dönüştü.ailecek pansiyon tatili düşünürsek sizi tercih edeceğimizden hiç şüphem yok.dünyada hala iyi insanlar varmış dedirten, insanlığa dair umudumu yeşerten bu tatlı tecrübeyi yaşamamıza vesile olduğunuz için çok teşekkür ederiz.sağolun,iyi ki varsınız ayrıca fatih bey’in işini hakkını vererek,severek ve titizlikle çalışması takdire şayandı."
Acar Pansiyon,Özlem Kayar,tr,"başta emine hanım olmak üzere çalışanlar ilgili ve güler yüzlü ve misafirperver. evimizde hissettirecek kadar güzel, temiz ve herşey düşünülmüş misafirleri rahat ettirmek icin. güzel manzara karşısında güler yüzlü ve hoş sohbet eşliğinde kahve ikramınızın hatırı sonsuz teşekkürler açar pansiyon . kayar ailesinden sevgiler"
Acar Pansiyon,Özge Akyel,tr,emine ablammm nerden baslasam bilmiyorum gerçekten telefonla aradığımda emine ablanin sesini duymam yetti o enerjiyi yakalamak icin.sanki ailemden evinin birine geldim bu kadar içtenlik samimiyet hiç bir işletme yerinde görmedim.isini çok güzel yapan mükemmel bir çift emine abla i̇smail abi.iyi ki tanidik sizi.apartin konumuna temizliğine manzarasına fiyatina diyecek laf yok zaten. çok huzurla ayrildik hatta hiç gitmek istemedik.en kısa zamanda gelmek istiyorum tekrar.yolunuz akyaka ya düşerse hiç dusunmeden tercih edeceğiniz bir yer. bir aparttan daha fazlasi. i̇yi ki yollarımız kesişmiş.cok keyif aldım çok.
Acar Pansiyon,Gamze Ünal KARA,tr,geçtiğimiz hafta 2 gün eşim ve arkadaşlarımızla konakladığımız bu harika yeri çok sevdik .gerek emine abla ve fatih beyin ilgileri gerekse odaların temizliğinden tutun otantik güzel tasarımına ve rahatlığına bayıldık .kendinize ait bir yer gibi hissedeceğiniz acar apart pansiyonu kesinlikle öneriyorum
Acar Pansiyon,Nurşen Dikmen,tr,"akyakaya yaz kış hep gideriz. emine abla ile hamile iken geldiğimde tanıştık. apart çok temiz , temizlik bizim için çok önemli, müşteri ile ilişkileri çok iyi. odaları büyük ve yukarda olduğu için havası basık değil. akyakaya geldiğimizde başka yerde kalamıyoruz. şimdi çocuğumla geliyorum . kendi evim gibi rahat ediyorum ."
Acar Pansiyon,Pınar Dedeoglu,en,"while we were going on holiday to fethiye, our car broke down in akyaka and we were stranded with our 2 small children. when our car was towed to the industrial park, we learned that we had to wait for parts and that our car could be delivered the next day at the earliest. then, when i typed hostel on google map, i saw acar pension, looked at its comments and called when i saw the good comments. fatih bey answered the phone. i explained our situation to him and asked how we could get to the hostel. first of all, mr. fatih wished me a speedy recovery and when he learned that we had small children, he said, ""don't bother with buses and taxis, you have experienced a special situation, i can see your grievance."" he said that he could bring us to the hostel from where we were, with all his good intentions. my wife picked us up from the roadside from the industry and brought us to acar pansiyon. thank you for the rooms. it was so clean. in addition to the friendly and helpful welcome, i was very happy to see the cleanliness of the rooms. each room had air conditioning. the next morning, thanks to the tea service and transportation facilities provided by the hotel owner ismail bey, a day that was likely to turn into a nightmare turned into a sweet memory. the breakdown of our car turned into an adventurous akyaka holiday, even for a day, thanks to the empathetic and helpful attitudes of mr. fatih and mr. ismail, the hotel owner. considering a family hostel holiday, i have no doubt that we will choose you. this is what makes me say that there are still good people in the world and gives me hope for humanity. thank you very much for allowing us to have a sweet experience. thank you, we are glad to have you also, it was admirable that mr. fatih worked diligently, lovingly and devotedly to his job."
Acar Pansiyon,Özlem Kayar,en,"the staff, especially ms. emine, are caring, friendly and hospitable. it is beautiful, clean and everything has been thought of to make our guests feel at home. your service of coffee with a smile and pleasant conversation in front of the beautiful view will be appreciated forever thank you açar pension. love from the kayar family"
Acar Pansiyon,Özge Akyel,en,"my sister emine i really don't know where to start. it was enough to hear emine sister's voice when i called her on the phone to catch that energy. it was like i came to one of my family's homes, i have never seen such sincerity and sincerity in any business. they are a perfect couple, emine sister ismail brother, who does their job very well. i'm glad we met. there is nothing to say about the location, cleanliness, view and price of your apartment. we left with great peace, even we didn't want to go at all. i want to come again as soon as possible. if you happen to be in akyaka, it is a place you will choose without hesitation. more than an apartment. i'm glad our paths crossed. i enjoyed it very much."
Acar Pansiyon,Gamze Ünal KARA,en,"we loved this wonderful place, where we stayed with my wife and friends for 2 days last week. we loved the attention of emine sister and fatih bey, as well as the cleanliness of the rooms, as well as the authentic, beautiful design and comfort. i definitely recommend acar apart pension, where you will feel like your own place."
Acar Pansiyon,Nurşen Dikmen,en,"we always go to akyakaya in summer and winter. we met with sister emine when i came while pregnant. the apartment is very clean, cleanliness is very important to us, customer relations are very good. since the rooms are large and upstairs, the atmosphere is not stuffy. when we come to akyaka, we cannot stay anywhere else. now i am coming with my child. i feel comfortable like my own home."
Uğurevler Apart,Nezahat Kizilbag,tr,"i̇şletmeciler çok ilgili,sıcak insanlar. temiz, nezih huzurlu bir yer. aynı evinizdeki gibi çamaşır, bulaşık makinesi her çeşit mutfak eşyası her şey mevcut. bahçesi çok büyük ayrı ayrı oturma ve barbekü yapma imkanı var. çok memnun kaldık kesinlikle tavsiye ederim"
Uğurevler Apart,Ceren Sandıklı,tr,5 gün ailecek kaldık. aileler için çok uygun bir yer. türkan hanım ve eşi her şeyimizle ilgilendi. klima yok diye korkmuştuk ama geceleri üşüyorsunuz bile evin içi her zaman serin. ve içerisinde size lazım olacak her şey mevcut. her şey için teşekkürler
Uğurevler Apart,Mehmet Güralp,tr,"türkan öğretmenimiz ve uğur abimiz tanıdığımız ender güzel insanlar, hoş sohbetleri, ilgileri, güler yüzlü, candan, bahçesindeki organik meyvelerden ikramları, güzel demli çay ikramı vs say say bitmez, herşey için teşekkür ederiz, konaklama için tercih edilecek temiz, evinizde gibi hissedeceğiniz tek yer uğur evler apart"
Uğurevler Apart,salih şahin,tr,temiz ve nezih bir yer hatice hanım ve ailesi sıcak kanlı evde her şey var çamaşır makinası buzdolabı tv mutfak malzemeleri kılıf kıyafetinizi alın evinizde gibi davranın seneye görüşmek üzere
Uğurevler Apart,ersen tetik,tr,kalmadım ama gittim gördüm full eşyalı 3+1 ev yer ula da denize yaklaşık 20 km fiyat 3500 tl değer mi değmez mi siz karar verin
Uğurevler Apart,Nezahat Kizilbag,en,"the operators are very caring and warm people. a clean, decent and peaceful place. just like at home, there is laundry, dishwasher, all kinds of kitchen utensils and everything. the garden is very large, with separate seating and barbecue opportunities. we were very pleased. i would definitely recommend it."
Uğurevler Apart,Ceren Sandıklı,en,"we stayed as a family for 5 days. a very suitable place for families. ms. türkan and her husband took care of everything. we were afraid that there was no air conditioning, but even if you get cold at night, it is always cool inside the house. and it has everything you need inside. thanks for everything"
Uğurevler Apart,Mehmet Güralp,en,"our teacher türkan and our brother uğur the rare and beautiful people we have met, their pleasant conversations, their interest, their smiling faces, their cordiality, their treats from organic fruits from their garden, their nice brewed tea, etc. are countless. thank you for everything, uğur evler apart is the only clean place to choose for accommodation and where you will feel like at home."
Uğurevler Apart,salih şahin,en,"it's a clean and decent place. ms. hatice and her family are friendly. there is everything at home, washing machine, refrigerator, tv, kitchen supplies, cover, take your clothes and treat yourself like at home. see you next year"
Uğurevler Apart,ersen tetik,en,"i didn't stay, but i went and saw it. it's a fully furnished 3+1 house. the location is about 20 km from the sea. the price is 3500 tl. you decide whether it's worth it or not."
Kordon Otel & Apart Akyaka Ula Muğla,Abdullah Dede,tr,otelde eşim ve kızımla son dakikada sorup çok uygun fiyata 1 gece kaldık. temizlik ve hizmet on numara. oteldeki her türlü malzeme kaliteliydi. kahvaltısı açık büfe azmak kenarındaki aynı işletmeye ait cafede veriliyor. konum olarak tam azmak kenarında ve otoparkı olması artıları. her konuda yardımcı olmak için hazır bekleyen işletme personeline teşekkür ediyorum
Kordon Otel & Apart Akyaka Ula Muğla,Enis Amuk,tr,"bir gece konakladığımız otelin odası fena değildi. bir çift için ideal genişlikte idi. çalışanlar ortalama bir yaklaşım sergilediler. konumu iyiydi. azmak nehrine çok yakın ve otelin otoparkı var. fiyat olarak normal diyebileceğimiz seviyenin biraz üstünde. kahvaltısını azmak nehrine bitişik, kendi ismi ile aynı olan bir restoranda alabiliyorsunuz. kahvaltısı açık büfe olup ortalama seviyede bir menüsü vardı."
Kordon Otel & Apart Akyaka Ula Muğla,Adem ÖZTÜRK,tr,"kişilere ve hizmete değil paraya önem veren bir kurum. 12.07.2024 cuma akşam saat 18.00 de oteli aradım ve bir gece konaklamak istediğimizi ilettim fiyat sordum, resepsiyondaki kişi 4.000 tl dedi. i̇ndirim talep ettim maalesef dedi, bizde 4.000 tl den odayı bir geceliğine tuttuk. sonra ki gün resepsiyonun önünden geçerken telefon konuşmasına şahit oldum ve resepsiyonda ki aynı arkadaş gecelik fiyatlarının 3.500 tl olduğunu telefonda ki kişiye söyledi, benim duyduğumu da anladı direk gözlerine baktım ancak gözlerini kaçırdı. sonra saat 12.00 gibi otelden çıkış yaparken resepsiyonda ki aynı arkadaş başka birisi ile telefonda görüşüyordu, telefonda ki kişi gecelik ücreti sordu, resepsiyonda ki arkadaş bi müddet bekledi bizim gitmemizi, bende inatla bekledim fiyatı söylmesini ancak respsiyonda ki arkadaş şuan bir çıkış işlemi yapıyorum dedi eliyle bize kapıyı gösterip buyrun gidebilirsiniz dedi. yani özetle 500 tl için bizi kazıkladılar."
Kordon Otel & Apart Akyaka Ula Muğla,eylül kopmaz,tr,yani evet gayet ideal bir yer biz ailecek gittik sadece 1 gece için fiyatı uçuktu ancak kişi sayısına bakılınca olabilir diyorsunuz ayrıca yanında aprt’da varmış biz son gün öğrenmiştik üzüldük kendi yiyeceklerinizi kendiniz getiriyormuşsunuz kahvaltı ortamı güzel ancak otelde kalmayan herkes’in bizim gibi aynı yerde kahvaltı etmesi şahsen rahatsız ediciydi onun dışında gerçekten güzel bir yer ya biz bir gece kalmamıza rağmen resepsiyondaki kişi çok değişti ilk başta bizle ilgilenen abi çok iyiydi ha bide taksi çağırırsanız 20fk’da geliyor yakın olsada budaköyü bir şey
Kordon Otel & Apart Akyaka Ula Muğla,Tuğçe Ermet,tr,konum ve hizmet olarak muhteşem bir seçim. çalışanlar çok ilgili ve yemek lezzeti olarakta çok iyi. ayrıca playlist her saate uygun olarak çalıyor :) davut bey’e ev sahipliği içinde çok teşekkür ediyoruz. çok ilgili ve kibar birisi. mutlaka akyaka’ya gidiyorsanız tercih etmeniz geren bir otel.
Kordon Otel & Apart Akyaka Ula Muğla,Peter Goldie,en,lovely hotel. lovely walk by a crystal clear river to a small town. very pleasant reception and breakfast on the river terrace. good parking directly by the hotel. pool not in use due to early season but would be great in the warmer season.
Kordon Otel & Apart Akyaka Ula Muğla,Ersin,en,"friendly staff, clean rooms. great location. you have your breakfast in their restaurant right across the street, next to the azmak river. walking distance to everything in akyaka."
Kordon Otel & Apart Akyaka Ula Muğla,Gala Kirpach,en,good hotel with very nice area near the river to have a breakfast. update: they have saved my facial mousse when i get back in 5 days :)) thank you a lot
Kordon Otel & Apart Akyaka Ula Muğla,Omer Gulen,en,lovely place. friendly and helpful staff. clean and tidy rooms with reasonable prices.
Kordon Otel & Apart Akyaka Ula Muğla,susan mason,en,good value lovely place
Ayka Otel,ih hakan,tr,"kahvaltısı ve temizliği güzel. çalışanlar güleryüzlü. konumu da güzel. şikayet edeceğim nokta şu olabilir ; öne bakan balkonlu odalar doldu diye sürekli bir alt kat odaları verme eğilimi var. biraz ısrarla birde ""ilk geceden sonra başka yere bakalım o zaman"" mesajıyla havuza bakan balkonlu oda boşalmış oldu(iptal edildi, tekrar planlandı tarzı bir şey söylendi) ve tatil süresince hiç alt katta kalmadık. o tavır pek hoşuma gitmedi. onun dışında dediğim gibi genel olarak güzeldi."
Ayka Otel,sefa aslan,tr,"misafirperver, müşteri dostu harika işletmecileri olan, tertemiz otel. kahvaltıları çok leziz, konum olarak denize 5 dakika yürümede. azmak nehrine uzak olması ilaçlamayla baş edilmez dönemlerde sivri sineklerden korunmanızı sağlıyor. i̇şletmecisi esra hanım hem güleryüzü hem yardımseverliğiyle tatilimizi güzelleştirdi."
Ayka Otel,meltem yurtbekcisi,tr,oteli akyaka ya giderken yolda bulduk tesadüfen aradık yer olduğunu söylediler vardığımizda odayı görmek istedik son oda kalmış alt katta bu kadarını beklemiyordum ama odaya girince çok beğendik hemen tuttuk. öncelikle beyaz sabun kokusu her yer tertemiz. kahvaltısı süper lezzetli. kendi otoparki bulunması akyaka için harika bir durum. sahile çok yakın. biz çok beğendik teşekkür ederiz ve herkese tavsiye ederiz.
Ayka Otel,Meltem Güner,tr,"mis gibi bir doğada çiçekler içinde tertemiz bir otel, odamız son derece konforluydu. nefis bir açık büfe kahvaltısı var. misafirleri ismiyle hatırlayan, güleryüzlü hizmet veren esra hanım ve tüm personele çok teşekkür ederiz. bundan sonra da akyaka için ilk tercihimiz burası olacak."
Ayka Otel,Alper Karakaya,tr,"4 günlük konaklamamız boyunca en ufak bir olumsuzluk ile karşılaşmadık. otelin konumu denize 2-3 dk yürüme mesafesinde ve yeşillikler arasında. ayrıca oda çok temizdi, çalışanlar güler yüzlü ve yardimseverdi. yolumuz tekrar akyaka'ya düşerse ayka hotel'i hiç düşünmeden tekrar tercih ederiz."
Ayka Otel,Selin İçgören Kıran,en,it was a beautiful place. we stayed just one night but we wish we could stay more. rooms are very clean and gorgeous view. breakfast was buffet and delicious. hotel staff are very nice and kind. see next year ayka..
Ayka Otel,monica anderson,en,"lovely little hotel, room fine but looked out onto a wall but only there one night, would have asked for a change if longer, room spotless and air conditioning, fridge and kettle included. pool small but lovely.location is fab, a couple of minutes from the beach and its a lovely beach. the only thing i was disappointed about was breakfast, we were told it was from 8-10, we went out for breakfast at 8.15 and there was only 3 things available, it took till 8.50 till everything was laid out, dont know if they just had a bad morning that day."
Ayka Otel,Monica Mader,en,"very small rooms, with noise transfer between them. bedding is turkish style- only a light top blanket. but the location made up for it! out of the hustle and en route to nice footpaths to swimming holes, very nice staff."
Ayka Otel,chris barrow,en,we will definitely back. the breakfast is to die for! lovely little family run hotel. when we went in april the pool was not filled but i can imagine that when it is the pool and it's garden would be lovely. an easy walk in to town.
Ayka Otel,Ali R. AKIN,en,"ayka hotel is a hidden gem in akyaka! friendly staff, clean rooms, delicious breakfast, and perfect location near the beach and restaurants. highly recommend!"
Santo Akyaka Home,Hilal Leventoğlu,tr,"yorumları okuyunca gerçekten şaşırdım. i̇ki hafta boyunca üç farklı butik otelde konakladım. hepsi ekonomik odaydı. i̇çlerinden en beğendiğim santo oldu. çalışanları gayet samimi ve güler yüzlüydü. kendimi rahat hissettiğim içinde düşündüğüm süreden daha fazla kaldım. terlik, şampuan, saç kurutma makinesi vb olmadığı zaten tarafıma iletilmiştim bu yüzden tedbirli gitmiştim. tv de sorun yaşadım ama söyleyince çözüldü. duşta sıcak su beklentimi fazlasıyla da karşıladı. mutfaklı bahçe katı (yanlış hatırlamıyorsam menekşe1 odaydı) çok memnundum. gece nefes alacağım güzel bir bahçe ve özellikle bol kedili bir butik otel. hayvanlara sahip çıkan işletme, insana yüz çevirmesini beklemeyin ekonomik odadan beklentiniz 5 yıldızlı otelse ne diyebilirim ki sürekli akyaka giden biri olarak söylüyorum bunu, tercihim yine santo'dan yana olacak. teşekkür ediyorum 🫶"
Santo Akyaka Home,Edahan Yeşilırmak,tr,"konum olarak azmak nehrine ve plaja 1 km den kısa mesafede. yürüyerek rahatça gidilebiliyor. biz bahçe katındaki odada kaldık, odada çok yoğun bir nem kokusu vardı. özellikle banyo ve tuvalet gerçekten çok kötü kokuyordu. havalandırsak da koku sıksak da asla geçmedi. i̇ki tek yatağı birleştirip çift kişilik yatak yapmışlar, tek kişilik bir tane örtü koymuşlar, el havlusu banyoda klozetin üzerindeydi, tv nin ortasından beyaz bir çizgi geçiyordu, tuvaletteki dışında çöp kutusu yoktu, odada saç kurutma makinesi bile yoktu. sabah 9.30 da elektrikli süpürge sesine uyandık. daha önce de bu tarz yerlerde kaldık, odada en azından saç kurutma makinesi, banyo terliği gibi şeyler oluyordu. bunlara ek olarak sahipleri ve çalışanlar hiç güleryüzlü değil. etrafta benzer pek çok yer var. fiyatları da aşağı yukarı aynı. tercih edecekseniz başka yerleri tercih edin."
Santo Akyaka Home,Asena Yazıcı,tr,"pahali bircok konaklama icinde uygun fiyata temiz gayet rahat bir oteldi bizim icin. tek eksigi odalarda terlik ve sampuan olmamasi. akyakaya tekrar gittigimde tercih edebilecegim bir yer,tesekkurler."
Santo Akyaka Home,Mageador,tr,2 gün bu apartta kaldım. bize verdikleri oda havuzun altında derme çatma bir odaydı. mahremiyet sıfır. perdeler camları tam olarak kapatmıyor. i̇çerisi bildiğiniz gözüküyordu. o yüzden içeride ışık kapalı bir şekilde giyindik. duşlarda plastik kalitesiz bir mini şofben var. ben sıcak duş seven bir insanım kesinlikle yetersiz su ısınmıyor. duşta fön makinesi yok. 2 günün bitmesi için sabrettim. önermiyorum.
Santo Akyaka Home,Feyza Özsoy,tr,"dağ manzaralı family apartta 4 kişi konakladık, fiyatına göre gerçekten konum olarak da rahatlık olarak da çok güzeldi çok memnun kaldık.. çalışanlar da çok güler yüzlü, eksik durumlarımızda hemen bize yardımcı oldular, havuzu da gayet yeterliydi.. bir dahakine gelişimde de tercih ederim gerçekten.. klima vs de sorunsuz çalışıyordu, yataklarda rahattı sadece çekyatın birisi çok sertti o kadar. son günümüzde de havalimanına gitmeden kahvaltı için çıkacaktık bavulları tesiste bırakmamıza izin verdiler. genel olarak güzeldi, teşekkür ederiz :)"
Santo Akyaka Home,Anton van A,en,"nice place but the rooms were uncomfortably small! not the best room really but affordable. good location and staff was okay, although they do not speak much english"
Santo Akyaka Home,Baris Kahraman,en,it was ok would not recommend if you are picky
Santo Akyaka Home,Erkan Demirbaş,en,a bit low quality holiday concept
Santo Akyaka Home,Eren Erdogdu,en,i̇
Santo Akyaka Home,İl Tug,en,super
Shimal Residences & Hotel,Oktay Cingisiz,tr,hotelinizde iki gece konakladik cok memnun kaldik calisanlarin guler yüzlü olmasi cok hoṣumuza gitti sicak bir ortamdi mert beye ve ṣahan beye cok tesekkur erderiz
Shimal Residences & Hotel,afina podsevalova,tr,çok güzel sakin bir aile tatil yeri çok memnun kaldık
Shimal Residences & Hotel,SmyrnA,tr,i̇ki aile rahatça konaklama imkanı var. evlerin içinde bir ailenin ihtiyaç duyabileceği her malzeme mevcut (yiyecek içecek dışında) oda kahvaltı bir aile için bir sürü parayı başka yerlere vereceğimize aynı paraya hatta daha uyguna iki aile konakladık. havuzu güzel sadece biraz daha bakım istiyor. sessiz sakin. denize biraz mesafeli ama bizim çocuklar havuzdan çıkmadığı için denize gerek kalmadı.
Shimal Residences & Hotel,ÇİSEM ÖZTAŞ,tr,herşeyin kötü olduğu bir yer göster deseler kesinlikle burayı gösteririm.dairelerin pisliğinden mi havuzun pisliğinden mi bahsetsem bilmiyorum.havuzdaki suyun rengi değişmiş sarı yeşil bulanık birşey her yanı yosun pislik.tesis işletme zaten yok.daireler pis bakımsız.duşlar yosun küf içinde.wc sifonlar çalışmıyor.duş başlığı bile yok.koltuklar sigara yanığı çamur.i̇nternet yok.beyaz eşyalar çalışmıyor.beyaz havlular griye dönmüş ve leş gibi kokuyordu.aydınlatmaların yarısı çalışıyor yarısı bozuk.asla ama asla kapısından bile geçmeyin.5 yıldız verenler neye verdi gerçekten şaşkınım.sanırım mağaradan çıkıp geldiler buraya.aynı bütçeyle tertemiz hizmet veren çok işletme mevcut.bilhassa ebeveynler o havuza çocuğunuzu sokmak yerine asitle yıkayın derim.
Shimal Residences & Hotel,Ciler Guctekin,tr,kendinizi evinizde hissedeceğiniz güzel bir ortam evde ihtiyaç duyabileceğiniz herşey mevcut manzara süper. havuz sakin herkese tavsiye ederim gönül rahatlığıyla gidebilirsiniz.
Shimal Residences & Hotel,Villa Saba 10,en,"nice gym, good value"
Shimal Residences & Hotel,Oktay Cingisiz,en,we stayed at your hotel for two nights and we were very pleased. we liked the friendliness of the staff. it was a warm atmosphere. thank you very much to mr. mert and mr. şahan.
Shimal Residences & Hotel,afina podsevalova,en,"a very nice and quiet family holiday destination, we were very pleased."
Shimal Residences & Hotel,SmyrnA,en,"it can comfortably accommodate two families. the houses have everything a family might need (except food and drink). instead of paying a lot of money for a bed and breakfast for a family elsewhere, we stayed with two families for the same price or even more. the pool is nice but needs a little more maintenance. quietly. it is a little far from the sea, but since our children did not leave the pool, there was no need for the sea."
Shimal Residences & Hotel,ÇİSEM ÖZTAŞ,en,"if they asked me to show you a place where everything is bad, i would definitely show you this place. i don't know whether to talk about the filthiness of the apartments or the filthiness of the pool. the color of the water in the pool has changed, it is yellow and green, it is blurry, there is moss and dirt everywhere. the facility is not run anyway. the apartments are filthy and neglected. the showers are full of moss and mold. the toilet flushes do not work. .there is not even a shower head. the seats are cigarette burnt and mud. there is no internet. white goods do not work. the white towels turned gray and smelled like a stink. half of the lighting works, the other half is broken. never, ever even go through the door. i'm really confused about what those who gave 5 stars gave it to. i think it's from the cave. they came here. there are many businesses that provide spotless service with the same budget. especially parents, i advise you to wash your children with acid instead of putting them in that pool."
Totelya Hotel,Varol HIZARCI,tr,"her anlamda mükemmel bir işletme. huzur, sakinlik, rahatlık, güler yüz, çok çok iyi bir kahvaltı, ön bahçe, kahvaltı bahçesi, teras, mimari, bitki örtüsü... çok samimi ve işini çok doğru yapan işletme sahibi, atom karınca gibi çalışıp oteli çekip çeviren enerji saçan bir çalışan... bu kadar huzurlu ve dinlendirici bir tatil geçirmemize fırsat sağladığınız için teşekkürler. düşünmeden tekrar ziyaret edeceğim. bu yorumu okuyan ve karar vermek isteyen kişilere de tavsiyem şu: düşünmeyin, gidin ve yaşayın."
Totelya Hotel,berk bulak,tr,"yorumları okuyarak arkadaşımla seçim yaptık. otelin yeri merkezi konumda dağın ferahlatıcı esintisini tüm gece hissedeceksiniz. giriş işlemleri yapılırken bile hissettiğiniz o huzur ve evde olma halini tüm konakladığınız süreçte tekrar tekrar yaşayacaksınız. bahadır bey çok ilgili ve sıcak kanlı ve aynı zamanda yardımsever. kahvaltıyla ilgili fotoğraf yayınlayamıyorum tatil arkadaşımla tabağımıza gelen lezzetleri tüketirken inanın aklımıza bile gelmedi. köy domatesi, inanılmaz tazelikte biber , yumurta ,peynir, gözleme, fırınlanmış biber salçalı kaşarlı ekmek, muğla yayla kavunu , karpuz, dikenli incir ve sayamadığım bir sürü lezzetle güne başlamanın canlandırıcı bir etkisi oluyor. unutmadan tatlı ile arası iyi olmayan ben bile bahadır bey'in yaptığı kekten her sabah ikinci dilimi istedim. kahvaltı esnasında sunulan taze sıkılmış nar suyu ve nar şerbeti karşımı ile güneşi tekrar tekrar selamlıyorsunuz. otelin ortak kullanım alanları mükemmel. otelin teras alanı boğucu sahil kesiminden sonra vaha etkisi yaratıyor. biz her gece kendimizi bir şekilde orda bulduk. tekrar tekrar huzurla ziyaret edebileceğim bu işletmeyi kurguladığı için bahadır bey'e ve tüm çalışma arkadaşlarına teşekkür ederim."
Totelya Hotel,Esra Kılıc,tr,"eylül ayında, eşimle 4 gece totelya hotel'de konakladık. otelin dekorasyonu, düzen, temizlik, harika kahvaltı, konum hakkında söylenecek şey; ba-yıl-dık. her şey çok özenli ve doğal. kahvaltıda sunulan sıcaklar, mevsim meyveleri, detoks içecekler ev yapımı, doğal ve şekersiz. dikkatimizi çeken önemli şeylerden birini buraya not etmek istiyorum: büyük, küçük, hiçbir otelde karşılaşamadığımız, kıvamında pişirilmiş haşlanmış yumurta. o yumurtanın etrafında mutlaka yeşil-siyah demir sülfür halkası oluşur ve garibim çöp olur :) bahadır bey belli ki işini severek yapıyor; rezervasyondan mutfağa kadar her şeyle alakadar. kesinlikle evimizde hissettik."
Totelya Hotel,Abdullah,tr,"ağustos 2024 itibari ile çok çok beğendiğim otel. uygun fiyat ve özellikle kahvaltısı çok iyi. bahadır bey hiç tatmadığımız lezzetler sunuyor. ortam çok güzel, çalışanlar güzel, otelin yeri güzel. sessiz sakin huzurlu bir yer. sadece destek olmak amaçlı birkaç öneri sunacağım: 1) misafirlere daha güzel bilgilendirme yapılabilir. örneğin biz akbük koy'unda otelin bir işletmesi olduğunu (totelya beach) ve arabayı buraya koyabileceğimizi, girişte ekstra park ücreti vermeyeceğimizi bilmiyorduk. veya otele yürüme mesafesindeki 72 merdiven ve albay koylarını aynı şekilde sonradan öğrendik. 2) odalarda sivrisinek veya benzeri bir böcek tarafından ısırıldığımızı düşünüyoruz. aslında bunu ilettik, olmayacağını söylediler ama yine de tekrar ilaçlama yapılabilir 3)odalarda buzdolabı olmaması biraz kötü oluyor. sağolsunlar birkaç defa içeceklerimizi mutfağa koymamıza müsaade ettiler ama bu daha sistematik hale getirilebilir. örneğin ortak alanlardan birine soğutucu koyulabilir belki"
Totelya Hotel,Hüseyin KÖSE,tr,"4-7 eylül tarihlerinde eşim ile birlikte konakladığım hoteldir kendileri. hotel konum olarak harika bir yerde, çarşıya ve azmak nehrine yürüme mesafesinde. hotel’e girdiğiniz ilk andan itibaren muhteşem bir hijyen kokusu içinizi ferahlatıyor. otel sahibi bahadır bey işletmelerine girdiğimiz ilk andan itibaren güler yüzlü ve akyaka hakkında tüm bilgileri rehber edasıyla bize anlattı. hizmet sektöründe böyle beyfendi ve kibar insanların hala var olduğunu görmek ülkemiz için hala bir umut olduğunu gösteriyor. özellikle kahvaltılarına değinmeden geçemeyeceğim. herşey hijyenik ve lezzetliydi. otel sahibi bahadır bey’in bitmeyen ikramları ve el yapımı keklerini mutlaka denemenizi tavsiye ederim muazzam lezzetler. önümüzdeki yaz tekrar aynı yerde görüşmek üzere tekrar kendilerine çok teşekkür ederim."
Totelya Hotel,Bahar Ulukan,en,"an authentic butique hotel with a relaxing atmosphere, kind stuff, clean rooms. mr. bahadır's management approach is exemplary. i can not pass without praising the wonderful rich breakfast. endless thanks to all the people who work for this beautiful place, you create a difference"
Totelya Hotel,Dominik Sigg,en,"lovely little hotel with simple but comfortable rooms. the staff is very friendly and helpful and made sure we had a great stay. our highlight was the fantastic breakfast, with great locally sourced ingredients, in the beautiful garden. when visiting akyaka again we would definitely stay at totelya"
Totelya Hotel,Richard Stevens,en,the best place we stayed in our 3 week trip. warm owner who spoke excellent english and made us very welcome. good room with a balcony wreathed in flowers. superb breakfast – the best we had – and we had some good ones. home made cooking served by the owner himself. we will return!
Totelya Hotel,Cheryl Soh,en,"amazing experience here, the hotel was cosy and homely, rooms and toilet are a little small but they are clean and comfortable. the host was very friendly and hospitable, he gives great tips and was very warm. but the best part was breakfast, it was a totally beautiful and different experience, not your normal hotel breakfast for sure. the pictures i post do not justify it. so after they serve the usual bread, jams, spread cheese, olives, and tea, and you think that’s all, the host and team comes around with more food from a plate in their hands and serve it to you, i was so amazed and happy about it. it felt like an event where you stand/sit and people keep bringing food around they brought muçver, bruschetta, cake (baked by the owner himself! tasty and moist!) delicious and exotic fruit, and you can basically ask for more, which i rather sheepishly did because they were so so delicious. i loved the muçver very much and ate like 6 of them. anyway i’m impressed with their hospitality and passion. many of the delicious jams was also homemade by the owner. oh and i don’t really drink filtered coffee but it was somehow really delicious and i drank 3 cups in one seating. i would definitely stay here again if i ever visit akyaka and i recommend that you also book your accommodation at totelya hotel!"
Totelya Hotel,Nehir Keskin,en,"totelya hotel hits all of my boxes when it comes to accommodation. it has an excellent location, reasonable price, very clean rooms, excellent traditional authentic turkish breakfast and the staff was always smiling, thoughtful and kind. not only the staff, the manager bahadir went out of his way to ensure i had an excellent stay there over the weekend by personally sitting down with us and welcoming us to akyaka. he speaks excellent english too, which came in handy for my boyfriend who does not know turkish. the rooms were very very clean which was great because it is an important factor for me. the hotel is a traditional akyaka house which has been the architectural landscape in this area for generations, with hand-carved wooden structures making the building what it is. the breakfast had an abundance of components including various types of turkish cheeses, vegetables (tomatoe, cucumber), various olives, seasonal homemade jams, gozleme (stuffed turkish pancake), eggs, zucchini patties, etc. it is very nicely presented and can be enjoyed amongst the gentle bird chirps in the middle grass courtyard/garden. it was overall a very pleasant stay and i would definitely recommend this beautiful, cute hotel!!!"
Merve Han Residence Hotel,Aybüke Karaman,tr,otelz üzerinden tesise standart oda 2 gece 09.08-11.08 tarihleri için rezervasyon yaptık.ertesi gün otele erken varma ihtimalimiz olmasından kaynaklı sabah erken saatlerde oteli arayarak erken check in konusunda destekçi olmaları konusunda ricada bulunduk fakat tesise gittiğimizde yardımcı olunmadı. girişteki deskte duran çocuk yüzümüze bile bakmadı hoşgeldiniz bile denmedi.gittiğimizde kahvaltı saati olmasına rağmen kahvaltıya alınmadık ekstra ücret talep edildi. ki ertesi gün başka misafirlere imtiyaz tanınarak kahvaltıya alındıklarına şahit oldum.giriş günü saat 12:00 gibi valizlerimizi otelde bırakarak otelden ayrılmak zorunda kaldık.aynı gün akşam 18:00 civarı otele geldiğimizde valizlerimizin odamıza alınmış olmasını beklerken resepsiyon emanet edilen kişi bizi balkonu mutfağa bakan bodrum kat camsız bir odaya aldı. odanın web sitesindeki görsellerle alakası yok ayrıca oda pislik içerisindeydi. su bile yoktu. mutfak tezgahı var fakat bardak bile yok. prizler duvardan sökülmüş sallanıyor. mutfaktaki çeşmeden su gelmiyor musluk küf içinde. banyo çeşmesi kırık. ayrıca çeşmelerden tuzlu su akıyordu duş dahil. bu odada kalmak istemediğimizi söyleyerek ücret iademizi talep ettiğimizde resepsiyonda duran esmer genç otelde yetkilinin olmadığını izinli olduğunu söyledi. koca otelde bir tane muhatap bulamadık. otel müdürü olmayan muhattap bulamayacağınız bir otel. hijyen sıfır. sabah odamıza dolan iğrenç yağ kokusuna uyandık. odamız neredeyse mutfağın içinde olduğu için. acenteyi aradığımızda mesai saatleri içerisinde olmadıklarından yardımcı olamayacaklarını söylediler. oteldeki resepsiyon görevlisi boş bir oda olduğunu fakat fiyat farkı olduğunu odamızı da değiştiremeyeceğini söyledi. farklı bir otelde de yer bulamadığımız için mecburen bu otelde 2 gün geçirmek zorunda kaldık. sağlığınızı düşünüyorsanız bu tesiste kalmayın. boş odaları olmasına rağmen mağdur edilerek o leş gibi odada kalmak zorunda bırakıldık. tatilinizin zehir olmasını istemiyorsanız bu tesise gitmeyin.paramızla rezil olduk.
Merve Han Residence Hotel,Feyza Söylemez,tr,"otel genel olarak beklentilerimizin üstündeydi. lokasyon olarak azmak nehri’ne yürüme mesafesinde. havuzu ve barını da gün içinde kullanabilirsiniz ancak akşam saatlerinde hem havuz hem de bar kullanım dışı. odaların temizliği günlük olarak yapılıyor. bunlara ek olarak kahvaltı açısından beklentinizi düşük tutun, maalesef doyurucu değil ."
Merve Han Residence Hotel,Emine Işık Şeker,tr,çıktığımız ege turumuzda azmak nehri ni görmek için gittiğimiz akyaka dan soğudum bu otelin yüzünden. pislik içinde malesef ilk kez yorum yapıyorum. yapayım ki insanlar internetteki fotolara aldanıp gelmesinler. mimarisi çok güzel azmak nehrinin dibinde akyaka sahile yürüme mesafesinde bahçesindeki begonviller harika. ama sadece bu yazdıklarım olumlu yönleri. odaya girince ağır bir sinmiş sigara kokusu karşılıyor sizi klozet oturma yeri çişten sararmış uzun uzun yıkadıktan sonra kullandık yine de tiksinirek. yatak odasında yastığın üzerinde uzun bir saç kılı vardı müşteriden mi kalmış kılıfı takan kişiden mi düşmüş bilemedim. yataklar çok kötü sırt ağrısıyla uyandım. işıklar yanmıyor denecek kadar sönük musluktan tuzlu su akıyor. kahvaltı da çeşit arayan biri değilim ama hijyen berbat durumda. böyle bir mimariyi neden bu kadar pis tutarsınız anlam veremiyorum yazık.
Merve Han Residence Hotel,Berna Ketir,tr,"şu an burada kalıyorum, musluktan akan sular sodalı azmak suyu sanırım tuzlu gibi. bahçesi, konumu güzel çalışanlar saygılı. banyonun muslukları küf ve geldiğimizde banyo üstün körü silinmişti, lavabolar temizlenmemişti, yerde ve lavaboda saçlar vardı malesef temizlik konusunda sınıfta kaldı. taharet musluğundan da su akıyor ve duşakabinin bir kabini yerinden çıkmış öyle kenara bırakılmış, hiç mi kimse görüp şunları tamir edelim demiyor… bir de aşağı katta ağır bir kimyasal koku var ama odaya koku gelmiyor allahtan. ha bir de kat görevlileri bizim olduğumuz odayı kısa yol olarak kullanıyormuş, odadayken bahçeden biri gelip diğer kapıdan çıktı aşağı kattaysanız balkon kapınızı kilitleyin"
Merve Han Residence Hotel,fatma gökmen,tr,4 kişilik oda kahvaltı 5000 lira verip kişi başı 10.000 lira olan oteller ile karşılaştırma yapanların yorumlarının dikkate alınmaması gerekiyor. yıllarca 5 yıldız belek otellerine döktüğüm paralara acıyorum bu şekilde güzel ve konforlu yerleri bu fiyata gördükçe. kahvaltı minimum ama yeterli. odalar geniş ve yeterli . havuz akyaka pansiyonlarının çoğundan daha büyük. bahçesi çok güzel .30 ağustos 3 günlük tatili çok yoğun bir dönem olmasına rağmen çalışanların özverisi sayesinde saat 14 de odamız teslim edildi. bir değerlendirme yapılırken verilen hizmet ile verdiğin ücret ile değerlendirmek gerekir. çok teşekkür ediyorum merve han ailesine.
Merve Han Residence Hotel,Roza Gazarian,en,"avoid this hotel. looks fine from the outside, horrendous from the inside. the service is just bad — no one seems to care if you’re actually satisfied. breakfast is literally the worst i’ve had in turkey (enjoy your one boiled egg with two cheese slices!) room poorly cleaned, no water, no tea kettle. why make a kitchenette if there’s absolutely nothing (not even a single cup or a glass) in there? could go on and on."
Merve Han Residence Hotel,alparslan ege erdogan,en,"very good designed, staff is quite friendly. pool is clean. rooms are cool and good. foods tastes cool and shows the behavior of turkish hospitality. my room had kitchen so i could cook. i am feeling quite good for stating at this hotel. have a good day!"
Merve Han Residence Hotel,Halit Demir,en,"absolutely shocking. i don't know how to describe. 25 years experience in hospitality never seen anything like this. the room is freezing cold and looks like no one touched since the place is opened. the bin left full from pervious guest in toilet ( disgusting ) staff quite friendly but looks like theres no hygiene . breakfast ; class dirty, plate smell disgusting egg ( you know what i mean ) knife were bunch of dirt from pervious service . no way i will be here again."
Merve Han Residence Hotel,Gokhan Aygun,en,"very family friendly, staff is helpful, its restaurant is as good as any other in akyaka, even better than some. some double rooms are very small. cleaning and amenities need to be improved. our towels were stained, amenities in the bathroom had a strange smell."
Merve Han Residence Hotel,Helena Ilves Aygun,en,"it is family friendly hotel. very good facilities - there are a pool, sauna, children's playground, restaurant... double rooms are small, family rooms in good size, breakfast rich and delicious. but the room amenities and cleaning should be improved."
Huzur Han Otel,Pınar Coşkun,tr,akyaka’da kalabilecek en nadir yerlerden bir tanesi diyebilirim. eşimle birlikte bu güzel doğayı ve konaklama imkanı olan ve tertemiz kendi eviniz gibi huzurlu sakin ve romantik ortamı çok beğendik. herkese tavsiyemdir.
Huzur Han Otel,Dilara Barkalı,tr,"konum olarak güzel yerde, odalarda temiz, sezon içinde en uygun konaklama burasıydı ve kahvaltıda bence makul. biz memnun kaldık. teşekkürler."
Huzur Han Otel,Gizem,tr,"odamiz cok güzeldi, akyaka mimarisini hissettiğimiz huzuru bulduğumuz otel teşekkürler"
Huzur Han Otel,Hakan Gener,tr,çok keyifli zaman geçirdik gayet güzel ve konforlu odaları kesinlikle tavsiye ediyorum
Huzur Han Otel,M. Kemal Coşkun,tr,adı üzerinde huzur ben eşimle birlikte bir gece kaldık çok memnun ayrıldık herşeyi ile mükemmel herkese tavsiye ederim
Huzur Han Otel,Mehmet Cankal,en,"we stayed for 5 nights. mr. hamdi, the owner, and ms. perihan, her daughter are very friendly, smiling and welcoming to guests. the hotel is super clean, cosy and very well located and having a pool. it is 2 minutes walking distance to town center but yet very quite and peacefull as the name of the hotel refers. the breakfast is fine. afterall the price is very reasonable as well. thanks for all, highly recommended"
Huzur Han Otel,Nur. P. Sahin,en,huzur means peace but i didn’t find peace
Huzur Han Otel,Ceto G,en,top hotel with very friendly service.
Huzur Han Otel,Pınar Coşkun,en,"i can say that it is one of the rarest places to stay in akyaka. my wife and i really liked this beautiful nature and the peaceful, calm and romantic environment with its accommodation facilities, as clean as your own home. i recommend it to everyone."
Huzur Han Otel,Dilara Barkalı,en,"the location is good, the rooms are clean, this was the most suitable accommodation during the season and i think the breakfast was reasonable. we were satisfied. thanks."
Gülemce Apart & Villas,Döndü Bilgili,tr,"akyakada nerede kalabiliriz diye araştırma içine girdiğimizde gülemce apart önerileri dikkatimizi çekti. bir aile işletmesi olan yerde ilk karşılamaları çok sıcak, çok samimiydii̇smail bey bize gezi rotası çıkardı. zaten gezmeyi seven bir aileyiz sayesinde dolu dolu geçen bir tatilimiz oldu. odalara dışardan ayakkabı ile girilmemesi en sevdiğim yönüçok temiz, ihtiyaç olan mutfak eşyası dahil herşey yeterliydi. gülemce ailesine gönüllü rehberliği için, sıcacık samimiyetleri için çok teşekkür ederiz. akyaka'da tatil yapmak isteyenlere hiç düşünmeden gidin görün derim."
Gülemce Apart & Villas,Reyhan Kaya,tr,kesinlikle tavsiye edebilecegim tertemiz bir mekan. i̇şletme sahibi emekli ögretmen i̇smail hoca ve eşi gülşen hanım çok samimiler. üstelik i̇smail hocam gönüllü olarak rehberlik yapiyor nereye nasil gitmeliyim diye soru işaretiniz kalmiyor. keyifli bir tatil geçirmek isteyenler gönül rahatlığıyla tercih edebilirler.
Gülemce Apart & Villas,Asli oz,tr,"akyakaya yıllardır gelen biri olarak kaldığım en temiz ve en güzel işletmeydi..akyakada birçok otelde konaklamis birisi olarak sonunda keşfettiğim temiz,huzurlu ve konforlu bir yer..kendimi ilk defa evimde gibi hissettigim bir yerdi..eminim sizde konakladiginizda fazlasını hak ettiğini göreceksiniz.."
Gülemce Apart & Villas,Elif Şahin,tr,tertemiz nezih bi yer i̇smail bey müşterilerine aile ortamı sunuyor biz çok memnun kaldık seneyede inş aynı yeri düşünüyoruz .tercih edenlerin asla pişman olmayacağı tüm ihtiyaçlarınızı karşılayabileceğiniz çarşıya yakın bi apart teşekkür ederiz her şey için .
Gülemce Apart & Villas,Şennur Cömert,tr,"öncelikle apart villas sahiplerinin sıcak kanlılıgına bayıdık ev rahatlıgında miss gibi sessiz sakin lüks bir apart gönül rahatlıgıyla hiç düşünülmeden tercih edecegeniz en dogru adres , herşey için çok teşekkürlerr"
Gülemce Apart & Villas,Sebnem USLUER ARSAL,en,"i stayed in this lovely apart for a week with my husband and we enjoyed every minute of it. the location is definitely convenient, we were able to go to oludeniz, iztuzu and incekum beaches within 30-90 min.s (by car). it is also located at the centre of akyaka. this allows you to hang out at night, you can easily walk to the bars and restaurants from the apart, or drive just for 2 min.s. the owner family of the apart is such a lovely family, they made us feel welcome. we would like to thank ismail, gulsen and omer for their great hospitality. our room was clean and we had everything we needed in the room. it felt like home. i highly recommend this lovely place if you prefer a home-like place which is located at the heart of beautiful beaches."
Gülemce Apart & Villas,Melis Çuhadaroğlu,en,"we stayed here for three days during our vacation. it was lovely and wonderful. the rooms were comfortable and clean. the kitchen has every equipment for visitors who would like to cook. the environment was warm and friendly. i̇smail abi is running the place with his family and they welcomed us in a very kind and considerate manner. i cannot reiterate enough how wonderful they are. he suggested some stops including beaches, restaurants and activities for our trip since he is local in akyaka for years. i can attest for any place that he recommended. tourists will not have any difficulty communicating since i̇smail abi is a english teacher. he is fluent like he is native. i am very happy that we had the chance to spend our vacay here."
Gülemce Apart & Villas,Meral Guvercintasi,en,"the hotel is very clean, very comfortable and such a peaceful place. the owners of the hotel are so welcoming, friendly and kind, we had a wonderful holiday. this hotel was one of my favourite hotels i’ve stayed in!"
Gülemce Apart & Villas,Kemal Kumcu,en,apart & villas
Gülemce Apart & Villas,Döndü Bilgili,en,"when we started researching where we could stay in akyaka, gülemce apart suggestions caught our attention. the first welcome at the place, which is a family business, was very warm and friendly mr. i̇smail prepared a travel route for us. we are a family that loves to travel, so we had a full holiday. my favorite aspect is that you cannot enter the rooms with shoes from outside. it was very clean, everything was sufficient, including the kitchen utensils needed. we would like to thank the gülemce family for their voluntary guidance and warm sincerity. for those who want to have a holiday in akyaka, i advise you to go and see it without thinking."
Akyaka Kaya Delsol Otel,Sabahattin Küçükosmanoğlu,tr,"20-23 ekim tarihinde 3 gün konakladık. otel sakin, temiz ve güzeldi. personel ilgili ve güler yüzlüydü. plaja yürüyerek gidilebilir. otelin biraz sahilden uzak olması dolayısıyla otopark sorunu yok. havuz başında kahvaltı gayet güzeldi. akyaka yı çok sevdik. restoran alternatifleri çok ve fiyatları uygun. akyaka ya bir tavsiye üzerine gittik ve tekrar gitmek isteriz. temiz, çok güzel bir tatil beldesi. plajı metrelerce gitseniz derinleşmiyor."
Akyaka Kaya Delsol Otel,Kıymet Yıldız,tr,"akyaka’da düşünmeden tercih edebileceğiniz güvenilir, tertemiz bir otel. fiyatları makul. konumu azmak deresine yakın, tam çarşıya 5-10dk yürüme mesafesinde. otopark sorunu yok. (bu benim için önemli) en iyi tarafı personel çok ilgili ve saygılı. akyaka’da cok fazla otel ve bunlarla ilgili yorum kirliliği var. böyle bir otel bulup yanılmadığım için mutluyum. tekrar geleceğim :)"
Akyaka Kaya Delsol Otel,VEDAT KILIÇ,tr,akyaka'ya beşinci gelişim. azmak deresinin güzelliği bizleri en çok cezbeden yeri. azmağa yakınlığından dolayı tercih ettim. tercihimde de yorumları okuyarak seçtiğim kaya otel beni hayal kırıklığına uğratmadi. konumu temizliği çalışanların ilgisi ve hizmet anlayışı bizi çok memnun etti. odaların büyüklüğü bazılarına küçük gelebilir ama iki kişi olarak bizi rahatsız etmedi. odanın tek eksik yanı yeterli priz yoktu. bu konuda inşallah yetkililer bir düzenleme yapabilirler.kahvaltısı gayet güzel ve doyurucu. açık büfe değil ama serpme kahvaltı konsepti diyebilirim.konumuda gayet iyi bir yerde merkeze azmak deresine yürüme mesafesinde. otopark sorunu yok. havuzunu kullanmadım ama temiz görünüyordu.
Akyaka Kaya Delsol Otel,Semih Unsal,tr,"akyaka'da farklı otellerdeki olumsuz yorumlar içinde uzun arayışlar sonunda karar verip 2 gece konakladık. çalışanların tutumu, odanın büyüklüğü ve otelin konumundan oldukça memnun kaldık. kahvaltısı da yeterliydi. akyaka'da azmak nehri sebebiyle olsa gerek genel olarak sinek sıkıntısı var ancak otelde bu konuda da problem yaşamadık. sahile biraz mesafesi var ama kalabalıktan uzak ve otopark problemi yok. yürüyerek nehir kenarından 10-15 dk da limana restaurant v.b yerlere ulaşılabiliyor. olumsuz olarak odada kartlı sistemle birlikte odadan çıkınca kapanan minibar olması, diğer elektrik sistemi tamam ama minibar sürekli çalışacak şekilde bırakılabilir. birde gece belirli bir saatten sonra sessizlik konusunda daha hassas davranılabilir. i̇lk gece saat 4 e kadar yan odanın balkonundaki müşterilerin yüksek sesle konuşmaları tüm otelde duyulmuştur muhtemelen. i̇kinci gecede havuz başında birileri yine gece yarısından sonra yüksek sesle sohbet ve kahkahalarla hoş vakit geçirerek uyumaya çalışanlara saygısızlık yaptıklarının farkında değillerdi."
Akyaka Kaya Delsol Otel,Nuray Gezer,tr,otelde evimizde gibi hissettik çok memnun kaldık. herkes çok ilgili ve özenliydi. her türlü ihtiyacımızda ilgilendiler sağolsunlar. tüm çalışanlar güler yüzlüydü çok mutlu ettiler bizi. ayşe hanıma sevgiler teşekkürler. i̇zmir karşıyakadan selamlar.
Akyaka Kaya Delsol Otel,Fatih Olcay,en,"stayed here for one night in our roadtrip. first, akyaka is by far the most beautiful town in our journey, yet. akyaka rock hotel made it even more amazing. the hotel is very clean and beautiful. staff were kind, helpful and joyful. if you're looking for a relaxing place, rock hotel is the place. could have stayed easily 1 or 2 more nights if we had time."
Akyaka Kaya Delsol Otel,Nur. P. Sahin,en,average
Akyaka Kaya Delsol Otel,Sabahattin Küçükosmanoğlu,en,"we stayed for 3 days between 20-23 october. the hotel was quiet, clean and beautiful. the staff was caring and friendly. the beach can be reached on foot. since the hotel is a little far from the beach, there is no parking problem. breakfast by the pool was very nice. we loved akyaka very much. there are many restaurant alternatives and their prices are affordable. we went to akyaka based on a recommendation and we would like to go again. a clean, very beautiful holiday resort. even if you go for meters along the beach, it does not get deep."
Akyaka Kaya Delsol Otel,Kıymet Yıldız,en,"it is a reliable, clean hotel that you can choose without hesitation in akyaka. prices are reasonable. its location is close to the azmak stream, 5-10 minutes walking distance from the market. there is no parking problem. (this is important to me) the best part is that the staff is very attentive and respectful. there are too many hotels in akyaka and a lot of comments about them. i am happy that i found such a hotel and was not mistaken. i will come again :)"
Akyaka Kaya Delsol Otel,VEDAT KILIÇ,en,"my fifth visit to akyaka. the beauty of the azmak stream is the place that attracts us the most. i chose it because of its proximity to the river. i chose kaya hotel after reading the reviews and it did not disappoint me. we were very pleased with the location, cleanliness, attention of the employees and understanding of service. the size of the rooms may seem small to some, but it did not bother us as two people. the only thing missing from the room was that there were not enough sockets. i hope the authorities can make a regulation in this regard. the breakfast is very nice and satisfying. it is not an open buffet, but i can say it is a mixed breakfast concept. it is in a very good location, within walking distance of the center and the azmak stream. there is no parking problem. i didn't use the pool but it looked clean."
Erdem Otel,asuman erikoğlu,tr,3 yıldır severek gittiğimiz otelden malesef mutsuz ayrılıp başka bir yerde konaklamaya geçtik ..iki aile olarak kaldığımız yerde odalar temiz değildi diğer ailenin kaldığı odada klozet çalışmıyordu ve kaldığımız sürede yapilmadi diğer odadan kanalizasyon kokusu geliyordu.odalarda havlu asacagimiz yer bile yoktu kirikti.oda da 4 kişi kalacağımızı ek yatak gerekli olduğunu kaç gün önceden söylememize rağmen ek yatak verilmedi onun yerine 2 yorgan verelim dediler sonra bir yorgan var başka yok dediler çocuğu aramızda yatırmak zorunda kaldık .bu sabah kahvaltıda içi geçmiş çürümeye yüz tutmuş karpuz servis ettiler ..önceden çok iyiydi ama kalite malesef çok düşmüş ..
Erdem Otel,kemal çayır,tr,bu yıl orada konakladık valla akyaka herşeyiyle pahalanmış marketteki 3 lira olan su bile 20 liraya tutturabildigine satılıyor neymiş efendim sezon kısa olduğu için kar yapacaklarmış ama tesadüfen erdem otele gittik. zafer beyle tanıştık sağolsun kendi akrabası gibi yardımcı oldu sadece bana değil gelen tüm müşterilere yeri olmasa bile yer bulmaya çalıştı fiyatta da yardımcı oldu helal olsun kendisine tekrar teşekkür ederim
Erdem Otel,Burak Burak,tr,"denize, marketlere, restoranlara yakın kendi havuzu olan gayet sakin ve güzel ortamı bulunan bir yer. resepsiyonda ki arkadaşlar anıl ve i̇lkan'a ilgi ve alakalarından dolayı ayrıyetten teşekkürler. ellerine emeklerine sağlık. müdür zafer beyede herşey için çok teşekkürler. her konuda yardımcı oldular. on numara insanlar. birde şu odalarda ki buzdolaplarına bı çare lazım zafer abi haberin olsun"
Erdem Otel,Metehan Yılmaz,tr,"akyaka’da keyifli bir tatil için konaklayabileceğiniz mükemmel bir otel. odalar gayet güzel ve temiz, çalışanlar güleryüzlü ve çok ilgili. denize yürüyerek 1 dakikalık mesafede. otelin havuzu gayet yeterli. kahvaltısını çok beğendik. akyaka’da tatil planınız varsa bu otele mutlaka göz atın. bir daha akyaka tatilimde mutlaka tekrar konaklayacağım bir otel. otel müdürü zafer bey’e ilgi ve alakasından dolayı ayriyetten teşekkür ederim."
Erdem Otel,Azra yılmaz,tr,"fiyata göre beklentimizin üzerindeydi, odalar gayet temiz ve bakımlıydı. çalışanlar da güleryüzlü ve ilgiliydi. otelin konumu mükemmel, denize ve eğlence yerlerine yakın. ailece gelinebilecek bir yer, biz memnun kaldık"
Erdem Otel,öztürk gökgür,en,"the location was perfect, mr. zafer and mr. anil were very interested in the reception and all things, they support all the requests with the best they can. we stayed 3 nights then we went to the oludeniz for the next 3 nights, but stayed 1 night in oludeniz and returned to erdem hotel back again. the kitchen and room staff were very friendly. as a family, we came with our 3-year-old son and were very satisfied. our room was quite large and if you want they bring you to see their avalible rooms which the suitable places for your choice. the beach was 30 steps, breakfast was very adequate. although it was in a central location, there was absolutely no sound problem in the rooms, i think there is sound insulation. hot water 7-24 smoothly. i can write more, but as a last word call the hotel, you placed your room and come. you will find that i am right.. thank you to all the hotel staff."
Erdem Otel,Daniel Cain,en,super clean! cheap! hot water! and the host is super friendly and speaks excellent english! best place i've stayed since i been here
Erdem Otel,Daniel Palacios,en,a nice hotel with good rooms and modern facilities. location is also great. we definitely recommend.
Erdem Otel,Judit Lukácsné Petö,en,"i have stayed there twice, very nice place, close to everything. hope to return in the future."
Erdem Otel,can durmuş,en,employees are helpful and positive however rooms especially bathroom was very dirty.
Meltem Hanım Konağı butik otel ve Restoran,gur can,tr,fethiye’ye giderken durak olarak sectigimiz otel aklımızdan çıkmadı. konaktan çevrilmiş içerisi çok hoş eski tarihi ve kokusu da çok hoş olan bir konak. kaldığımız odada çok rahat bir uyku çektik. ula küçük bir yer meydanda çok güzel bir restoranda öğle yemeği yedik çok da uygundu. akşam yemeğinde ciğer ve yoğurtlamayı burada yedik otel yemeğide çok hoştu. akyaka‘ya arabayla kısa sürede geçebiliyorsunuz. bir daha yolum düşerse gitmek isteyebileceğim bir yer çünkü o kadar otelde kaldık; burası gibi hiçbirinin tarihi dokusu içimize işlememişti.
Meltem Hanım Konağı butik otel ve Restoran,Sedat Can Durgut,tr,"tarihi, meşhur ula mimarisi bir evden çevrilmiş mükemmel restore edilmiş bir butik otel. odaları mükemmel dizayn edilmiş. ayrıca güleryüzlü mükemmel bir hizmet anlayışı var. mutfağı çok güzel ve lezzetli. otel sahibi mehmet beye ilgisinden dolayı çok teşekkür ederiz."
Meltem Hanım Konağı butik otel ve Restoran,Berfin Yaman,tr,"banyosu küçüktü. duşa kabin kırık ve duş başlığı bozuktu. odaların dekorasyonu çok hoş fakat tuvalet ve banyo çok küçük ve bakımsız. kahvaltısı fena değil. otelin restoranı akşamları otelde kalanlar dışında müşterilere açık, bu nedenle gece vakti restoran gürültüsü odalara geliyor. bu koşullara göre pahalı bir otel."
Meltem Hanım Konağı butik otel ve Restoran,Ömer Karakuş,tr,"18.08.2024 tarihinde iki ayrı aile olarak konakladık. oldukça temiz, yatak ekipmanları, sıcak su, klima ve kahvaltı güzeldi. otantik bir havaya sahip, gönül rahatlığıyla konaklanabilir."
Meltem Hanım Konağı butik otel ve Restoran,Seda Akkaya,tr,"aksam yemeği için geldiğimiz mezelerine ozellikede yoğurtlamasina bayıldığımiz mutfağına fiyatlarına guleryüzlu personeline özellikede atmosferine bayıldıgimiz mekanın başarılarının devamını diliyoruz emeğinize sağlık .bu çevrede böyle mekan bu fiyatlar süpersiniz,"
Meltem Hanım Konağı butik otel ve Restoran,Kim Hausmann,en,authentic delicious turkish food. the owner does only speak little english but is very accomodating. we loved the meze and the köfte. they even got us baklava from down the street. the rooms are super cute and cozy. we loved our stay here and definitely recommend staying and eating here
Meltem Hanım Konağı butik otel ve Restoran,I_HKY,en,loved the vibes of the place and the village the owner doesn’t speak english but he’s very helpful and trying to help in every way he could help. the room was good and clean the mattress was so comfy but the toilet is a bit tight
Meltem Hanım Konağı butik otel ve Restoran,Тимур Шипилов,en,"large servings, delicious and prices are good. very beautiful place)"
Meltem Hanım Konağı butik otel ve Restoran,Gül Demirtaş,en,süperrrrrrrrr
Meltem Hanım Konağı butik otel ve Restoran,Masked Tarot,en,stunning. beautiful decor. lovely.
Akyaka Yali Capkini,Duygu Tuna,tr,"otele girişte bizi güleryüzü ile otel ortağı ve sorumlusu aylin hanım karşıladı. sezona yeni başladıklarından kahvaltısı eksikti lakin telafi ettiler .fatma ve derya da bizi evimizde hissettirdi.bahcesinde mutfak eşyalarını kullanmak üzere bize verdiler .kendi masamızı hazırlayıp dostlarla keyif yapma imkanı sundular. merkezde olduğundan denize yürüyerek gidilir.lakin uzak biraz.asagida kahve ve taksi durağı var bilginiz olsun. odalar tertemiz,su ısıtıcı ,buzdolabı, klima mevcut. teşekkürler"
Akyaka Yali Capkini,Kerim Ünlü,tr,otel çok temiz. personel ilgili. kahvaltı yeterli ve hizmet çok iyi. arka tarafta bir bahçesi var bahçesi güzel ve yeterli. parasına göre mükemmel desek yeridir. tüm çalışanlara teşekkürler…
Akyaka Yali Capkini,Gizem Avci,tr,konum olarak biraz yukarıda kalsa da 700-800m yürüme mesafesinde azmak deresi’ne araç ile yol boyu güzel koylara ulaşımı mümkün. odalar gayet büyük ve ahşap konseptiyle şık. bahçesinde yıldızları izleyip sakin bir akşam geçirilebilir. temizlik ve personel ilgisi dikkat çekici. kahvaltısı gayet yeterli ve lezzetli.
Akyaka Yali Capkini,mustafa demirarslan,tr,"akyaka merkezde çok şirin ve güzel bir otel odaları küçük ama çok temiz ve rahat edersiniz.isletmeci aylin hanım olmak üzere çalışanlar çok guleryuzlu ve ilgililer,kahvaltısı gerçekten çok kaliteli ve doyurucu açık büfe değil ama isterseniz tekrar servis ediyorlar.her yönden çok güzel bir otel gelirsem yine burda kalırım."
Akyaka Yali Capkini,Cem Özkan,tr,"30 yıldır selçuk'ta otel işletiyorum ve benim için önemli olan herşeyi burada gördüm. çalışanların samimiyeti güleryüzlü olması ve saygılı davranmaları en önemlisi. diğeri de hijyen... otelin temizliği 10 numara, ilk defa bir butik otelde içimiz sinerek kahvaltı yaptık. kahvaltıdan sonra gelen kahve ikramı, işletme sahibi olmamalarına rağmen oteli bu kadar önemseyen ve misafirperver davranan çalışanlar ayça hanım ve şeref beye tekrar tesekkur ederiz."
Akyaka Yali Capkini,Víctor Roman Oliver,en,nice hotel with friendly staff and owners and excellent breakfast
Akyaka Yali Capkini,Duygu Tuna,en,"when we entered the hotel, we were greeted with a smile by aylin, the hotel partner and manager. since they had just started the season, breakfast was missing, but they made up for it. fatma and derya also made us feel at home. they gave us the kitchen utensils in their garden to use. they prepared our own table and offered us the opportunity to enjoy it with friends. since it is in the center, you can walk to the sea. but it is a bit far. for your information, there is a coffee shop and taxi stand downstairs. the rooms are spotlessly clean, with a kettle, refrigerator and air conditioning. thank you"
Akyaka Yali Capkini,Kerim Ünlü,en,"the hotel is very clean. the staff is caring. the breakfast is adequate and the service is very good. there is a garden at the back, the garden is beautiful and sufficient. we can say that it is perfect for its money. thanks to all the staff…"
Akyaka Yali Capkini,Gizem Avci,en,"although its location is a little higher, it is possible to reach azmak creek within a 700-800m walking distance and the beautiful bays along the way by car. the rooms are very large and stylish with their wooden concept. you can spend a quiet evening watching the stars in the garden. cleanliness and staff attention are remarkable. the breakfast is sufficient and delicious."
Akyaka Yali Capkini,mustafa demirarslan,en,"it is a very cute and beautiful hotel in the center of akyaka. the rooms are small but very clean and comfortable. the staff, including the manager ms. aylin, are very friendly and attentive. the breakfast is really very high quality and satisfying. it is not an open buffet, but they serve it again if you want. it is a very nice hotel in every aspect, if i come back i would stay here again."
Fabric Otel Akyaka,Egemen Utku Carık,tr,"arkadasıml 3kısılık odada 2 kısı kaldık fakat 2 kısı bıle odada rahat edemedik. odaya gırdıgımızde duvarda sıvrı ölüsü vardı, çarşafda kadın saçları mevcuttu. fıyat olarak fazl bır sey beklememek lazım fakat temızlık konusunda iyi değilidi. duşa kabın kırık ne zaman duş alsam klozet us ıcınde kalıyor. odanın bır klıması calısıyor dıgerı calısmıyor. tek avantaj konum"
Fabric Otel Akyaka,Deniz Turgut,tr,apartın konumu merkezi ve odası gayet temizdi. sıcak su sorunsuzdu. kendi barı var fiyatlar çevre barlara göre bir tık uygun gibi. müzik makul saatte kesiliyor rahat bir şekilde uyuyabiliyorsunuz. tavsiye edilir.
Fabric Otel Akyaka,ÖZGÜR ALTINSOY,tr,öncelikle otel rezervasyonumu obilet uygulamasindan yaptım konum olarak güzel azmağa ve sahile yakın fakat 3 nolu odada kaldım diğer odaları bilemem gecelik 2000 tl'den 2 gece rezervasyon yaptım odanın balkon demiri kaynak yerinden çıkmış yaslandığınız zaman demirin ucunun boşta olduğunu görebilirsiniz tehlikeli bı durum balkonda aydınlatma namına birşey yok lamba yok direk duşa kabinin tek kapısı var diğeri yok tv çalışmıyor bunlar benim için konaklamami 1 gecede sonlandırmama yetip arttı
Fabric Otel Akyaka,aynur özden,tr,konum olarak harika bi yer yorumlara bakanca çok korktum ama hiç bir anormallik yoktu odalar temizdi istediğimiz zamanda temizlediler yani müzik sesinden uyuyamadım demiş birisi sen alt katın bar olduğunu göre göre tutuyorsun bu müziğe katlanacaksınve 12 olunc zaten müzik sesi falan gelmiyor burda her yer öyle tek burası değil 8 gece kaldım geyet güzeldi sadece zorlandığım nokta bebeğim çok gayretli olduğu için sürekli düştü oda küçük olduğu için
Fabric Otel Akyaka,feisreanti Tvaradze,tr,"yorumlara baktım ve çok şaşırdım bu fiyata böyle yer bulamazsınız ferah kocaman odalar, tam merkezde, balkonlu ve temiz diyebiliriz. yorum yaparken fiyat performans olarak değerlendirin ki bizde şaşırmayalım."
Fabric Otel Akyaka,rolandheming,en,great place for a drink and a game of pool or darts. staff super friendly and accommodating. music is the best in akyaka (in my opinion) big screen with redbull tv between games i haven’t stayed in the hotel so can’t come my get. this street is thriving at night so maybe better suited to night owls and party goers
Fabric Otel Akyaka,Egemen Utku Carık,en,"my friend and i stayed as 2 people in a 3-person room, but even 2 people couldn't feel comfortable in the room. when we entered the room, there was a dead body on the wall and women's hair on the sheets. you shouldn't expect much for the price, but it wasn't good in terms of cleanliness. the shower bowl is broken and whenever i take a shower, the toilet bowl stays inside. one air conditioner of the room works, the other does not. the only advantage is the location"
Fabric Otel Akyaka,Deniz Turgut,en,"the location of the apartment was central and the room was very clean. hot water was problem free. it has its own bar, the prices seem a little more affordable compared to the surrounding bars. the music stops at a reasonable hour and you can sleep comfortably. it is recommended."
Fabric Otel Akyaka,ÖZGÜR ALTINSOY,en,"first of all, i made my hotel reservation from the obilet application. the location is beautiful, close to the river and the beach, but i stayed in room 3. i don't know about the other rooms. i made a reservation for 2 nights at 2000 tl per night. the balcony iron of the room has come out of its welding place. when you lean on it, you can see that the end of the iron is free. this is a dangerous situation. something about lighting on the balcony. there is no lamp, there is no direct shower, the shower cabin has only one door and the other one does not work. the tv does not work. these were enough for me to end my stay in 1 night."
Fabric Otel Akyaka,aynur özden,en,"great place for location i was very scared when i looked at the comments, but there was nothing abnormal, the rooms were clean, they cleaned them when we wanted. someone said, ""i couldn't sleep because of the music. you see that the bottom floor is a bar. you will have to endure this music."" when you turn 12, you don't hear music everywhere. it's not the only place here. i stayed for 8 nights. it was fine. the only thing i had a hard time with was that my baby was very diligent and kept falling down because the room was small."
