hotel_name,author_name,language,review_text
AnkAkyaka Apart Hotel,Nurten Ö.,tr,ucuz dar odada kaldık biliyorduk ihtiyacımız gece geçirebileceğimiz odaydı sebeple eğer öyle bi otel arıyorsanız ucuz oda yeterli oda gerçekten küçük yatak mini buzdolabi dışında büyük valiz açmak isteseniz açamazsınız banyo tuvalet yeterli dediğim gecesine verdiğiniz oda size kalmak için temel şartları sağlıyor yatak yastıklar vs rahat tuvalet banyo temizdi gece kaldık ikinci gece kalmak istesek oda gözümüze batabilirdi gece tolere edildi odada internet çekmiyor wifi şifresi talep edilebilir konum açısından her yere yürüme mesafesi
AnkAkyaka Apart Hotel,Semih Ceyhan,tr,konumu güzel odaları geniş eski tuvaletler kokuyordu personelin tavrı değişik telefonda konuşup anlaştığımız fiyatın üstünde fiyat söylediler yalancı muamelesi yapıp atar arkadaş yalan söylüyorum zaman atarlandı fiyatı düşükten aldı sonuçta üslup rahatsız ediciydi üzücü moral bozucu deneyimdi sebeple düşük verdim fazla hak eder akyakada apart başkasını tercih edebilirsiniz
AnkAkyaka Apart Hotel,Şemsi Aksel,tr,bütçeye uygun liralık odada kalmakla aynı kaldık ferah çift balkon tertemizdi valizde açamadık diyenler tutacak yada apartın odaları dar ambiyans yaratmayacak yaş oğlumla rahat ettik güven içinde gelebilirsiniz teşekkürler ankakyaka apart hotel
AnkAkyaka Apart Hotel,ilayda ülker,tr,eylül aile konaklama yaptık memnun kaldık apart tertemizdi çalışanlar ilgiliydi apartın malzemeleri temizdi düşünülmüştü memnun kaldık teşekkür ederiz fethiye’den selamlar
AnkAkyaka Apart Hotel,Viktor Thiessen,tr,ankakyaka otel’de konaklamam harikaydı fiyatı uygun olmasına sunduğu temizlik kalite gerçekten yıldızı hak odalar modern özenle temizlenmişti personelin güler yüzlülüğü ilgisi tatil deneyimimi güzelleştirdi akyaka’nın doğal güzelliğiyle birleşen huzurlu atmosferi geçirilen zamanı unutulmaz kılıyor uygun fiyatlı temiz konforlu konaklama arayan herkese gönül rahatlığıyla tavsiye ederim
AnkAkyaka Apart Hotel,Faysal Motovlogs,en,good experience room centre minutes walking everything like restaurant shops banks departmental stores view outside building amazing due amazing nature want see room tour hotel released soon please check youtube subscribe motovlogger travel inside turkey different locations moodylens best regards
AnkAkyaka Apart Hotel,Fritschi Freeride,en,staying ankakyaka nice clean place sleep series option choose double bedded rooms kitchen balcony big rooms small rooms double bed minimalistic style stuff got along nicely even though speaking language nice warm morning smile pass someone getting chance use kitchen therefore make use local fishmarket nice respectful friendly owner son kind helpful im simple person doesnt need much even ankakyaka get great value money invest id like stay day minimalistic rooms also perfect needs im already looking forward another visit ankakyaka greetings best form ceto room could use better scent really minor problem major
AnkAkyaka Apart Hotel,Zarrina Çebi,en,nice place stay love balcony apartments everything need close river beach shopping stores nearby
AnkAkyaka Apart Hotel,Anton van A,en,small room really small lol friendly staff convinient stay recommended
AnkAkyaka Apart Hotel,Akin Turan,en,wow decent showers höt hot water needed hard find others decent
Panamara Otel,recep balaban,tr,otel buraya yorum yapanlar galiba otelde kalmamış odalar leş sigara kokuyor yastıklara sigara kokusu sinmiş banyo tuvaletler lı yıllardan kalmış gibiydi kabus gece geçirdim yorumları çalışanlar sanırım klimaların filtreleri tozdan görünmüyordu sezon başında temizletin paramıza yazık
Panamara Otel,Ömer HALDIZ,tr,otel uygun fiyatlı temiz konumu güzel arka cephe odada kaldım balkonumdan zeytin ağacına uzanabiliyorum doğayla iç içe personel güler yüzlü saygılı karşılaşmamızda ihtiyacınız soruyorlar fazlasıyla fiyatperformans oteli katı fiyatlı oteller karşılaştırmayın oralardaki fazlalık imkanları beklemeyin gece kaldım sorun yaşamadım
Panamara Otel,Dogan Okcan,tr,resepsiyonistin müşteri ilişkisi sıfır herif dünyayı yaratmış gece uğradık kalırsanız kalın kalmazsanız kalmayın tavırları esnaf olmayı öğren odalar desen it bağlasan durmaz kahvaltı resepsiyonda uyduruk masa uyduruk odalar puanlamayı mecburen birer yıldız verdim sıfır yıldız şansım yoktu tavsiyem kesinlikle gidilecek kalınacak bir yer değil
Panamara Otel,furkan haksever,tr,eşim gece kaldık odalar küçük gece idare etmek uygun sabah kahvaltısı arası imiş konakladığımiz gün resepsiyondaki kişi bilgi verilse güzel olurdu kahvaltıyı kaçırdık geçe indik en azından girişte felan yazılması gerekir odada klima sebeple rahat ettik duş imkanı azından duşakabin yapılsa güzel olurdu fiyat performans denilebilir
Panamara Otel,Nurcan Demir,tr,güler yüzlü hizmet temiz odalar için teşekkür ederim üstelik doğayla içiçe civar yerlerde tarih yatıyor dinlenme gezme için güzel tesis
Panamara Otel,FRS3,en,traditional turkish house conversion hotel old furniture manner friendly staff suitable seasonal workers hitchhikers
Panamara Otel,Eszter Borbely,en,staff wonderful everything power make stay comfortable beds comfortable perfect place stop along journey teşekkürler
Panamara Otel,Hosam Ezzidin,en,well received friendly welcoming visitors
Panamara Otel,Muhammed Heiba,en,enjoyed stay thanks
Panamara Otel,recep balaban,en,first think comment never stayed hotel rooms smell like cigarette smoke smell cigarette smoke permeated pillows bathroom toilets looked like nightmarish night think comments made employees filters air conditioners visible due dust least cleaned beginning season shame money
Panamare Apart & Hotel Akyaka,B.K,tr,oda dizaynı konumu dışında birşeyi birde tesadüfen gördüğümüz otoparkı olması artıydı girişte bilgi verilmedi öncelikle giriş için resepsiyonu görmeden otelin içinde tur attım hizmetlo tarif goriste yanda kapalı kulübe insanlarla iletişimi cm lik delikten bankalardan küçük yerden yapıyorlar rezervasyon fiyatını kartla ödememi istediğimi söylediğimde ücreti küsür fazla söyledi sistemde öyle değil dedim öyle görünüyor dedi google dada sistemdeki çıkmasına rağmen kafa kurunda kart işlem ücreti ekledi söyleyemedi tekrar itiraz etmeme rağmen değişmedi müşteri memnuniyeti değerlerini anladıktan gerisine bakmadım araç plakamı aldılar park alanı demediler tesadüfen gorunca kiliti açmalarını rica ettim küçük havuzu kapanıyormuş u gece giriş yaptık kullanamadık hava kararan yerlerde havuzu kapatmak nedir bilemedim sistemde kahvaltı ekstra ücretli deniliyor onunla bilgi vermediler çıkışı e koymuşlar özellikle mesajla wifi şifresi check out saatini belirtiyorlar üst katta kalmamıza rağmen valizlere yardım felan olmadı dahada kalmam
Panamare Apart & Hotel Akyaka,Erhan ÖGET,tr,gece konakladığım apart tarzı yer düşüncelerimi paylaşmam gerektiğini hissettim akyakadaki apartların tip mimari hizmete bakmamız lazım otele gelmeden akşam aradığımda yer gelip odaları görerek rezervasyon yapabileceğimiz söylenmişken otele geldiğimizde oda söylendi sıcak havada dolaşmamak adına dedik ücreti kart istediğimizde günlük fark istediler ibana açıklamasız para transferi yaptırdılar odadaki eşyalarda ses gıcırtı mevcuttu lambanın yanmıyordu banyo eski duşakabin araları pis silikonlari kalkmış duruyor gün boyunca temizliğe gelen olmadı sonuçta temizlik yapmaları gereken asli işleri havuzda asla bakım küçücük temizlik olmayınca düşünün buradaki temiz yorumlarına kanmamak adına söylüyorum akyaka genelindeki apart işletmecilerinde genel somurtkanlık söz konusu doluyor havasındalar i̇yi yönleri tabiki otopark büyük sorun olmasına otelin yan tarafında kendine otoparkı wifi çekiyor azmak çayına yakın merkezi konumda güncelleme elif hanım görüştük konulara açıklık getirdi temizlik günde yapılıyor yazılmış cevap elif hanım günde yapıldığını söyledi gün kaldığımız denk gelmiş yorumların kendileri önemli değer verdiklerini değerlendirmede memnuniyet odaklı çalıştıklarını söyledi sorunda elif hanım iletişime geçilebilir
Panamare Apart & Hotel Akyaka,Gökhan Kadıoğlu,tr,temmuz arası konaklama şanssızlığında bulunduğum kyk yurtlarının yarı kalitesine erişemeyen işletme ticari işletme hakkında olumsuz yorum yaparak kazançlarına mani ekmeklerine engel vicdansızlık düşünür yıldız veren müşterileri şımarık halden anlamayan kişiler şeklinde yorumlardım dün fikrim işletmede konaklama talihsizliğinden maalesef değişti bilenler bilir akyaka mevkisindeki apartların mimarileri hemen hemen aynıdır yüzden işletmesinin b işletmesinden farkı hizmet kalitesi ölçülür gelelim panamera akyaka pansiyonununu kötü yapan nedir bakalım resepsiyon girişinin muşamba kapatılıp müşteri küçük delikten diyalog kurulması 90larda otobüs bileti alıyor izlenimi yaratması ödemenin nakit alınması kredi kartı alımda fark alınacağını söylenmesi odada duşakabinin kırık banyo apliğinin ucu elektrik bandı özensizce sarılmış kabloların odada havlularin unutulmuş havlu talep ettiğimizde görevlilerce odanın içine girilip gerçekten havlu verilip verilmediğinin kontrol yurt müdiresi havasında günlük konaklamada duş spiralinin patlaması yerden geçen kablo kanalları içine alınmamış elektrik anten kablolarının varlığı yıllık görülen banyo terlikleri oda içinde kullanım ömürlerini uzun zaman tamamlayan yatak baza başlığı kanepe mutfak dolapları tezgahı dışında işletme hakkında olumsuz yorum yapan kişilere işletme sahiplerinin kaba cevap verdiklerini müşterileri suçladıklarını görmekteyim yorumuma benzer şekilde cevap veren zahmet etmesin
Panamare Apart & Hotel Akyaka,Faruk Yapar,tr,kesinlikle akyakada tatilimi yaparım apart arama serüvenine girmişken tesadüfen panamare apartla karşılaştım fiyatı cazip geldi rezervasyon yaptırmadan direkt buraya geldim resepsiyon çalışan personel yardımcı boş odaları gezdirdi istinaden odamızı kiraladık özellikle çalışan personel zeliha hanıma yardımları iletişimi teşekkür etsem azdır kendimizi evimizde hissettirmemizi sağladı özellikle yetişkinler çocuklar güzel havuzu gelecek yıllarda akyakaya uğradığımda kesinlikle tercihim olacaktır
Panamare Apart & Hotel Akyaka,İlkay Gencer,tr,şirin nezih tertemiz aile işletmesi azmak nehrine marketlere merkeze yakın avantajki an elinizin altında odalar tertemiz mis şık dizayn edilmiş mutfakta işinize yarayacak eşya mevcut ihtiyacınız olduğunda eksik olduğunda hemen yardımcı olunuyor sahibi elif teyzeye oğluna teşekkür ederiz dahaki geldiğimizde tercih edrr miyiz kesinlikle evet
Panamare Apart & Hotel Akyaka,Katherine Aynur Kugay,en,positives exterior nice checkin efficient easy long day travel list concerns think management needs address broken shower handle sharp screw exposed one side close interior broken shower head drips water lopsided stream instead evenly distributed bedside lamps don’t work mattress insufficient  easily roll floppy edges floor bathroom visible dirt toilet seat also spots towels often stiff old hotels like also stains dining table covered dust thinking staying get pay even overpriced area paying customer don’t feel respected level amenities maintained brought children would horrified dangers presented presence exposed sharp objects shower area level hygiene update upon leaving review husband called management requesting change
Panamare Apart & Hotel Akyaka,Елизавета Комарова,en,wonderful hospitable people meet help everything free parking convenient location easily reach place center foot time make repairs apartment plumbing bad condition staggering mold places bathroom day expecting higher quality apartment
Panamare Apart & Hotel Akyaka,Darya Batalevich,en,room really comfortable stayed two kids mom together people didnt feel squeezed plus service good
Panamare Apart & Hotel Akyaka,mine oeziri,en,perfect hotel clean modern apartments location excellent river main street
Panamare Apart & Hotel Akyaka,Roxana Madrali,en,clean large rooms staff helpful walk distance beach
Kerme Ottoman Gökova,Gülşah Bayar,tr,otelin konumu gerçekten güzel akyakaya yakın plansız gittiğimiz içinde çocuklarla otel bulmak zorunda kaldığımız acele tercihti odalar güzel yerleşmiş ahşap düşünülmüş heves edilmiş belli otel olurda pis olabilir anlamak zor fiyatda çok uygun resmen toz yer yeni çarşaf istedik sağolsun görevli yardımcı hemen herşeyin üzerine temiz çarşaf serdik mutfak evet pislikten imkansız kullanamadık i̇mkanları su bulundurulmaması gece yarısı su almaya markete gitmek zorunda bıraktı geceliğine ödedik yatmak bahçesi güzel havuz çocuklar yeterliydi heveslerini aldılar kısa süre girip çıktılar kapıda duran çocuk kibardı otel sahibi isteyen gelsin istemeyen gelmesin mantığında sanırım tercihimiz olmuycaktır
Kerme Ottoman Gökova,Sefa Şenlik,tr,kaldığım dingin sevimli butik otellerden biriydi akyakaya arabayla dakika civarında mesafede otel marmaris akyaka muğladaki alternatifleri tercih edilebilir odalar temiz yeni düzenliydi üst kat odalarının bahçe havuz köy manzarası insanın içini açan cinstendi kuzenimle gece konaklama fırsatı bulduğum oteli kısa zamanda ailemle günlüğüne ziyaret etmek sabırsızlanıyorum köy ortamını seven geceleri tatil yerinin keşmekeşinden kaçmak isteyen aileler yerinde tercih olacaktır
Kerme Ottoman Gökova,Sevde KANIK,tr,araba şart akyaka dakika uygun fiyatın bedelini temizlik problemleri ödüyorsunuz bahçe sakin huzurlu odalar gözüküyor hijyen gerçekten sıkıntılı havlular sert sarı pikeler çarşaflar yıpranmış
Kerme Ottoman Gökova,Meryem Avcı,tr,otel konaklama konseptli olmasına yeterki odalar geniş ufak mutfak bölümü uzun süre kalınacaksa hazırlıklı gelindiğinde keyifli vakitler geçirilebilir doğa iç içe küçük köyün içinde huzur veriyor bahçesi havuzu görsel şölenn akyakaya azmak nehrine yakın araçla dk huzurla kaldım memnun oldum tekrar tekarr tercih edecğim biryer
Kerme Ottoman Gökova,Deniz Çakaloğlu,tr,merhabalar kesinlikle konaklama açısından burayı tercih etmiyoruz televizyon çalışmıyor yastıklar kötüydü sertti uyuyamadık temizlik sıfır yer toz içinde ayaklarımız resmen tozdan çamur biliriz havluları sert resmen zımpara duş bölümünde ahize güzel olurdu duş eli yarım duş asla alamıyorsunuz ilgi sıfır bilgi sıfır otel görsellerde görüldüğü asla hayal kırıklığı yaşayacağınız kesi̇n bayram tatilimiz maalesef rezil geçti gelmek isteyenler tekrar düşünebilirler herkese tatiller
Kerme Ottoman Gökova,Turkmen Hayri,en,place like apartment real kerme otel placed akyaka pool small room may used sleep price discounted
Kerme Ottoman Gökova,Sergio Bassaro,en,lovely staff quite location peaceful atmosphere definitely gonna stay
Kerme Ottoman Gökova,Nur Pinar,en,nice stay ottoman palace traditional turkish cousine wonderful breakfast
Kerme Ottoman Gökova,Abdallah Mawass,en,poor wifi breakfast drinking water bad smell bathroom
Kerme Ottoman Gökova,Eva Sevinçli,en,veey suitable families kids
Erdem Otel,asuman erikoğlu,tr,severek gittiğimiz otelden malesef mutsuz ayrılıp başka yerde konaklamaya geçtik aile kaldığımız yerde odalar temiz değildi ailenin kaldığı odada klozet çalışmıyordu kaldığımız sürede yapılmadı odadan kanalizasyon kokusu geliyordu odalarda havlu asacağımız yer yoktu kırıktı oda  kişi kalacağımızı ek yatak gerekli kaç gün söylememize ek yatak verilmedi yorgan verelim dediler yorgan başka dediler çocuğu aramızda yatırmak zorunda kaldık sabah kahvaltıda içi geçmiş çürümeye tutmuş karpuz servis ettiler iyiydi kalite malesef düşmüş
Erdem Otel,kemal çayır,tr,konakladık valla akyaka herşeyiyle pahalanmış marketteki lira su liraya tutturabildiğine satılıyor neymiş efendim sezon kısa kar yapacaklarmış tesadüfen erdem otele gittik zafer beyle tanıştık sağolsun akrabası yardımcı gelen müşterilere yeri olmasa yer bulmaya çalıştı fiyatta yardımcı helal tekrar teşekkür ederim
Erdem Otel,Burak Burak,tr,denize marketlere restoranlara yakın havuzu sakin güzel ortamı bulunan yer resepsiyonda arkadaşlar anıl i̇lkana ilgi alakalarından ayrıyetten teşekkürler ellerine emeklerine sağlık müdür zafer beyede herşey teşekkürler konuda yardımcı oldular numara insanlar birde odalarda buzdolaplarına bi çare lazım zafer abi haberin
Erdem Otel,Metehan Yılmaz,tr,akyaka’da keyifli tatil konaklayabileceğiniz mükemmel otel odalar güzel temiz çalışanlar güleryüzlü denize yürüyerek dakikalık mesafede otelin havuzu yeterli kahvaltısını beğendik akyaka’da tatil planınız varsa otele mutlaka göz atın akyaka tatilimde mutlaka tekrar konaklayacağım otel otel müdürü zafer bey’e ilgi alakasından ayriyetten teşekkür ederim
Erdem Otel,Azra yılmaz,tr,fiyata beklentimizin üzerindeydi odalar temiz bakımlıydı çalışanlar güleryüzlü ilgiliydi otelin konumu mükemmel denize eğlence yerlerine yakın ailece gelinebilecek yer memnun kaldık
Erdem Otel,öztürk gökgür,en,location perfect mr zafer mr anil interested reception things support requests best stayed nights went oludeniz next nights stayed night oludeniz returned erdem hotel back kitchen room staff friendly family came year old son satisfied room quite large want bring see avalible rooms suitable places choice beach steps breakfast adequate although central location absolutely sound problem rooms think sound insulation hot water smoothly write last word call hotel placed room come find right thank hotel staff
Erdem Otel,Daniel Cain,en,super clean cheap hot water host super friendly speaks excellent english best place ive stayed since
Erdem Otel,Daniel Palacios,en,nice hotel good rooms modern facilities location also great definitely recommend
Erdem Otel,Judit Lukácsné Petö,en,stayed twice nice place close everything hope return future
Erdem Otel,can durmuş,en,employees helpful positive however rooms especially bathroom dirty
Raymar Hotels Muğla,Gönül Öztopuz,tr,klasmanında otele son derece temiz hizmet kalitesi yüksekti otele check in işlemleri sırasında resepsiyonist emrah bey nazik yardımcı koridor harika temizlik ürünü kokuyordu çarşaflar tertemiz kahvaltı taze çalışanlara teşekkür ediyoruz muğlada kalacaklar güvenilir durak raymar hotel
Raymar Hotels Muğla,Yunus Ozdogan,tr,uzun yolculuğun ardından gece konaklayıp ertesi sabah hemen başka yerlere gitmek tercih ettiğimiz günümüzün geçtiği muhteşem otel odalar yeni istemediğiniz dolap odalarda ayrıntılı düşünülmüş bölümünde klimatvdolap mevcut odalar yatak odası yaşam alanı denilen bölüm geçiyor banyo yenilenmiş tertemiz çalışanlar daim güler yüzlü yardımcı çabalıyor kahvaltı açık büfe kaliteli konum akyakaya 15dk muğlamerkeze 5dk akbük koyuna 50dk
Raymar Hotels Muğla,Nilayda Gemicioğlu,tr,muğla düğün geldiğimizde konakladığımız otel temiz güzeldi çalışanlar kibar odalar büyüktü eşyalar yeniydi çevre otellere fiyatı çok uygundu kahvaltısı güzeldi memnun kaldık tavsiye edilir
Raymar Hotels Muğla,İrem Gürses,tr,tur gece konakladık otel merkezi konumda i̇kiye bölmüşler ek bina yapmışlar yakın eşyalarla gitmek zor açıkcası kaldığımız oda katta basıktı kötü özellikleri karşılama yemek temizlik güzeldi yemekler açık büfe akşam yemeğini kendileri tabaklarla servis ediyorlar lezzeti porsiyonu yeterliydi sabah kahvaltısı açık büfe güzeldi kaldığımız oda temizdi su sıcak akıyordu
Raymar Hotels Muğla,ijlal aydeniz,tr,otel marmaris muğla yolunda muğla merkeze yakın konaklayan akyaka marmaris fethiye vb rahatlıkla ulaşım sağlayabilir yeni yapılmış sade zevkli döşenmiş temiz otel arka tarafa bakan odaları sessiz çam ağacı manzaralı ön odaları yola bakıyor kapı kapandığı zaman gürültü fazla rahatsız etmiyor personel kibar kahvaltı açık büfe güzel yeterli nazar boncuğu niyetine kahvaltıda beyaz ekmek yanında kepekli ekmek eksikliğini hissettik hastane işimizden burayı tesadüfen bulduk bulmuşuz bir hafta rahat huzurlu kaldık çok memnun ayrıldık
Raymar Hotels Muğla,Manuel Brillantes,en,great accommodation services
Raymar Hotels Muğla,Gönül Öztopuz,en,extremely clean service quality high hotel class hotel checkin process receptionist mr emrah kind helpful corridor smelled great cleaning product sheets clean breakfast fresh thank employees raymar hotel reliable stop stay muğla
Raymar Hotels Muğla,Yunus Ozdogan,en,wonderful hotel chose stay night long journey go places next morning spent days rooms new many closets dont want rooms thought detail section air conditioning tv wardrobe way rooms divided section called bedroom living area like bathroom already renovated spotlessly clean employees always friendly try help breakfast open buffet good quality location minutes akyakaya minutes muğla center minutes akbük bay
Raymar Hotels Muğla,Nilayda Gemicioğlu,en,came muğla wedding hotel stayed clean beautiful employees polite caring rooms large furniture new price affordable compared surrounding hotels breakfast also good satisfied recommended
Raymar Hotels Muğla,İrem Gürses,en,stayed one night tour hotel central location divided two built additional building close little difficult get belongings room stayed bit low first floor bad features welcome food cleaning good meals open buffet serve dinner plates taste portion sufficient breakfast open buffet nice room stayed also clean water hot
Liya Boutique Hotel & Suites / Villa Yonca,Barış Aktan,tr,otelin konumu merkeze yürüme mesafesinde odalar temiz keyifli dekore edilmiş oda tipi suit odada kaldık odayı aile kullanabilir şeklinde geniş kullanışlı kahvaltısı lezzetli odanın avantajını kahvaltıda yaşadık ön bahçesinde size alan kahvaltınızı isterseniz getiriyorlar keyifli hafta sonu geçirdik otelin işletmecisi emir bey’e personellerine ilgi alaka güler yüzleri içinde teşekkür ediyorum tekrardan mutlaka görüşmek
Liya Boutique Hotel & Suites / Villa Yonca,Can Akçekaya,tr,eşim yaşındaki çocuğumuz gece konakladık yer olsaydı gece kalabilseydik memnun kaldık bizlere otel hizmeti rehberlik hizmeti verildi desek yalan söylemiş olmayız önerdikleri yerler kaliteli uygun güzeldi döndüğümüz gün yola çıkmadan önerdikleri plaja gidip günden faydalanıp eve döndük sunmuş oldukları kahvaltı şaşırttı i̇nanılmaz derecede fazla seçenek mevcut lezzetliydi odamız temiz istediğimizde içerideki ürünleri somurtmadan değiştirdiler içeriye girdiğinizde emir bey’i ozan bey’i tanıyormuşsunuz hissiyat oluşuyor vesileyle özellikle ozan bey’e emir bey’e ilgi alakalarından teşekkür ediyorum türkiye’de otelciliğin bitmediğini şeyin para olmadığını bizlere net şekilde gösteriyorlar yazdıklarımdan fazlası mevcut görmek akyaka’yı ziyaret edecekseniz mutlaka buraya uğrayın derim
Liya Boutique Hotel & Suites / Villa Yonca,Didem Kurt,tr,emir beye ozan beye teşekkür ederiz anlamda ilgililer sohbetliler sabahları kalktığınızda misafirlerini rahatsız olmasın el sallayarak günaydın diyebilecek ince düşünceliler odalar yeterli temiz otelin konumu güzeldi tarafı ormana yakın taraftan plaja yakın arabamız olmadan akyakanın yerini rahat gezdik haricinde ana caddelerden bi tık uzak geceleri rahat uyuyabilirsiniz gürültülü merdivrn albay koyuna yürüme mesafesinde kahvaltıları harika güzel haberler aldığımız harika tatil teşekkürler
Liya Boutique Hotel & Suites / Villa Yonca,selim ümütlü,tr,otantik tavanlı bahçesi kameriyeli tertemiz odada kaldık doğrusu odalı daire gibiydi i̇çi özenle döşenmişti kahvaltısı kelime muhteşemdi sofradaki özenle hazırlanmıştı lezzetliydi klimalar güzel çalışıyordu elektrikli ocakta çayımızı demleme imkanı bulduk akyakanın kireçsiz suyuyla çay harika demleniyor anlaşmalı plajın cam berrak denizinden keyif aldık otel işletmecileri emir bey ozan bey işlerini severek yapıyorlar paradan ziyade misafirlerin memnuniyetine önem veriyorlar şahit oldum verdikleri kaliteli hizmet türlü takdire şayan sürekli ihtiyacınız sormaları gezilecek yerler konusunda samimiyetle size rehberlik etmeleri harika durum aylik bebeğimizin kedilerle tanışması güzel enstantane özetle huzurun güvenin akyakadaki adresi liya butik teşekkür ediyoruz
Liya Boutique Hotel & Suites / Villa Yonca,Xxx Yyy,tr,açılın buraya övmeye geldim haziran tarihleri arasında gün boyunca kişi konakladık kuvvetle muhtemel sonraki tatillerimde akyakada konaklayacağım yer olacak objektif biçimde imkan kabiliyetlerini değerlendirdiğimizde akyakada kalitesine yakın yer bulmanın zor olacağını değerlendiriyorum artıları temizlik konusunda hassas kişilerin beklentilerini karşılayacak ortam sağlıyor talep etmeden personeli size odanın temizliğinin yapılabileceğini söylüyor odalar dış mekan katlar arası temiz ferah kahvaltı ekstralar konuda standartların üstünde kaliteyi sürekli biçimde sunabildiklerini gördüm kaldığım günün gününde liyada kahvaltı yaptım gün boyunca kalite bozulmadı ekstra talepler olumsuz geri dönmedi yumurtayı sucuklu istediğimde sucuğun bittiğini fark edip hızlıca malzeme temin edip sağlayan ozan emir beylerin müşteri memnuniyeti konusundaki hassasiyetleri ufak detaylarda gösteriyor su kahve seçenekleri gün içerisinde güzel imkanlar sağlıyorlar network ağı personelin turizm faaliyetleri çalışan kişiler bağı yapacağınız etkinliklerde yönlendirici tavra sahipler örneğin tekne turu konusunda iletişime geçerek yardımcı oldular civar yerlere ulaşımın sağlandığı hakkında bilgiler verdiler nerelere gidilebileceğini nerelere gitmeye değmeyeceği hakkında kıymetli bilgiler edindik malzeme kalitesi duş başlığından klozetine yatağından sedirine problemsiz sağlam malzeme temin edilmiş durumda klima klima otel hotel pansiyon cinsi yerde klima kalitesi yakın yer görmedim buzdolabında sunulan ürünler market fiyatında yakınlık uzaklık akyakanın önemli yerlerine dakikalık yürüme mesafesinde gürültülü mekanlardan uzak açıdan adıma ideal konumda bulunuyor özetle müşterisini önemseyen çizgide ilerleyen kalite konusunda belirli seviyeyi geçmiş kaliteli lokasyon ahmet hilalden sevgiler
Liya Boutique Hotel & Suites / Villa Yonca,Adil Albayrak,en,mr ozan mr emir friendly best make feel comfortable wife stayed three nights time hotel felt like home normally breakfast starts asked could earlier one days since needed leave early boat tour accommodated request without hesitation professional great conversations suggested many things us stay hotel located quite close beach minute walk also makes quiet peaceful place away crowds main attractions nice garden covered trees enjoy amazing breakfast natural environment stayed suite two spacious rooms balconies comfortable beds would definitely stay recommend anyone wants great experience akyaka
Liya Boutique Hotel & Suites / Villa Yonca,Ed Schmidt,en,loved stay place nice rooms everything could want value amazing owner helpful friendly great guy get included breakfast decided seeing everything else breakfast good fresh much food selection would definitely recommend stay
Liya Boutique Hotel & Suites / Villa Yonca,Katherine Aynur Kugay,en,tried three different hotels similar price akyaka favorite—clean rooms generous delicious breakfast helpful staff bathroom layout could improved shower needs door otherwise we’re happy second stay one year later
Liya Boutique Hotel & Suites / Villa Yonca,Nicu Dumitru,en,charming boutique hotel spacious rooms located quiet area minutes walk beach restaurants shops marina azmak creek turkishstyle breakfast diverse delicious featuring traditional dishes served tastefully decorated courtyard shade bougainvillea emir exceptionally kind friendly host welcomed us warmly provided useful information local beaches bazar buy authentic regional food products day cruises free parking property plus wonderful experience days spent akyaka thank emir hope return
Liya Boutique Hotel & Suites / Villa Yonca,Wiecher Van Der Laan,en,loved i̇t’s close beach minutes yet quiet apart birds chriping nothing much going apartment spacious good bed shower delicious turkish breakfast included moreover staff hospitable they’d go extra mile make feel comfortable
İskelem Butik Otel,Hayat Atay,tr,i̇skelem otelde gece günlük konaklama yaptık odaya giriş yaptığımız anda temizlik kokusu karşıladı odada ihtiyacınız olabilecek detay düşünülmüş kişi odayı kullandık odanın büyüklüğü yeterliydi personelleri inanılmaz güleryüzlüler sempatikler kahvaltısı serpme kahvaltı şeklinde çeşitlilik olabilir sıcak türü artırılabilir dışında lezzetliydi i̇skelede akşam yemeği yemek harika deneyimdi kesinlikle denemelisiniz muhteşem manzara muhteşem hizmet kesinlikle tavsiye ediyorum i̇skelem otel ailesine sonsuz teşekkürler
İskelem Butik Otel,REMZİ BALAY,tr,sayın işletmeci kaan beyden başka çalışan yokmu yanlış uygulama otelin google haritalarda ortalamasının artması evet çalışkan müşteri diyaloğunu götüren arkadaş kaan beye görev vermeniz dürüst hareket bırakın gerçekten memnun müşteriler size yıldız versin akyakanın güzel konumundaki otelden i̇skelem otel otellere alanı geniş denizle sıfır noktasında buluşan i̇skelem oteli sebepten tercih ettik güneşlenme şezlongların yatakların bulunduğu iskeleden hemen denize atlamak harika sabah kahvaltısıda yeterli harika servis bayan arkadaşlar bizin odamız balkonlu standart büyükçe rahat odaydı odalar eski nereyi tutsanız elinizde kalıyor pencere sineklikleri bozulmuş içeri sinekler vs giriyor işıklandırma yeterli bozuk banyo eski banyoda gömme küvet banyolar genelikle duşlu armatürler arızalı sıcak suyu ayarlamak zaman alıyor oda banyo temizliği yeterli eski olunca temizlikte görünmüyor oda temizliği kapıya talimat kartıdnd koyduğumuz halde temizlik yapılmadı kapı kolu pervaz yakın kart katlanıyor yeni kapı yeni anahtar sistemi para kasası gerekiyor taraftan akşam yemekleri iskeledeki şezlong şemsiyeler kaldırılıyor masalar konuyor ortam harika yemekleri sunumu servisi başarılı meze çeşitleri fazla balık genellikle çeşit etli yemek çeşitleri fiyatlar ortalamanın üstünde çalışanların müşterilerle alakalı durum odalar yenilenirse süper butik otel
İskelem Butik Otel,Nursu K,tr,royal süit odada konakladık odaya bayıldım güzeldi eksisi banyodan gelen gider kokusuydu manzaraya aşık olduk otelin konumu manzarası muhteşem beach kısmında şezlonglar yataklı kısımlar rahattı deniz soğuk haberiniz akşam yemeği iskeleden rezervasyon yaptırın mutlaka keyifli kahvaltısı idealdi fiyat konum makul geldi abartı bulmadık olumsuz taraf çalışan arkadaşlardı maalesef problem yaşadığımızı dile getirince deneyimli çalışanlar sağolsun ilgilendiler cidden kaç çalışan arkadaşın tecrübesizliğinden kaynaklı geç gelen yanlış gelen siparişlerle karşılaştık beachte akşam yemeğinde genel gelişimizde kesinlikle son beğendik şimdiden seneye zaman gelsek diyoruz teşekkür ederiz
İskelem Butik Otel,Burhan Yüce,tr,i̇skelem hotel gerçekten konumuyla titizlikle düzenlenmiş odalarıyla temiz güleryüzlü sempatik personeli heryönüyle mükemmel mekan yemekleri lezzetli memnun kaldık herkese tavsiye ederim
İskelem Butik Otel,Çağrı Çelik,tr,keyifli tatil geçirdik otel genel tatilden beklentimizi karşıladı kahvaltılar güzeldi beach kısmı yeterli temizdi çalışanlar güler yüzlü yardımseverdi akşamları alacarte restoranı sahildeki şezlongların kuruluyor manzara eşliğinde yemeğinizi yiyorsunuz dışarıdan gelen müşteri otel müşterisine fiyatların aynı bence adaletsiz durum fiyatlar ortalamanın üzerinde…sadece ekonomik oda tercih edeceksiniz küçük olabiliyor odada ciddi gider kokusu  yetersiz olabiliyor yoğunluktandır odalardaki temizlik fena olabilir odalara gün su bırakılması misafirler açısından olacaktır
İskelem Butik Otel,Erkan Ergene,en,a wonderful stay seaside gem akyaka hotel perfectly located right beach front offering stunning views turquoise waters beautiful sunsets rooms clean spacious wellequipped everything needed comfortable stay staff incredibly friendly always went extra mile make sure felt welcome taken care
İskelem Butik Otel,Merve Gursoy,en,wonderful boutique hotel restaurant located beautiful old fisherman’s cove sat water enjoyed generously measured cocktails staff kaan particular super friendly welcoming definitely visiting
İskelem Butik Otel,Victoria Childerhose,en,hotel beautiful short walkdrive downtown akyaka dinner dock super romantic food delicious staff friendly attentive
İskelem Butik Otel,Uray Vazquez,en,enjoy relaxing time zekeriya great beach dock helpful friendly water temp right loved wind blowing water
İskelem Butik Otel,Marina Obukhova,en,beautiful location quiet cozy friendly staff authentic design really enjoyed stay
Nova Aparts Otel,Irfan Kermiş,tr,eylül ayında gece konakladık tertemiz pırıl pırıl apart merkezde gürültü uzaktan müzik sesi güzel dilan hanım beyefendi kibar güler yüzlü memnun kaldık kesinlikle tekrar gideceğimiz yer aparttan ayrılırken otobüse yetişmek zorunda olduğumuz dilan hanımları görememiştik herşey teşekkür ederiz tekrar görüşmek dileğiyle selamlar
Nova Aparts Otel,Tasha Ozkul,tr,odalar sade temiz giriş kattaki odamızın kocaman balkonu dilan hanım güler yüzlü yardımcı konum merkezi denize yakın hafta sonu akşam saatlerinde müzik sesi gelebilir hoşumuza gitti keyifli tatil geçirdik
Nova Aparts Otel,Silverjazz,tr,apartın konumu harika köpeğimizle rahatça kaldık odada kaldık oda büyüklüğü yeterli çift kişilik yatak küçük sığamadık yataklar değişilmeli otelin sahibi hanımefendi tatlı kibar kahvaltı verilmiyor fiyata düşününce verilse olabilir
Nova Aparts Otel,İrem Aksoy,tr,bence akyakada kalinabilecek güzel konuma sahip merkeze yakınsınız gürültü azmak yakın iskeleye yakın harika konum odalar güzel hizmetten memnun kaldık dilan hanım i̇brahim bey ilgililer kesinlikle fiyat performans
Nova Aparts Otel,Mehmet Arslan,tr,nova apart otel odada eşimle kaldık kullanışlı her şey tertemiz ilgi alaka güler isteriz evimizde hissetirdiler konum her yere yürüme mesafesinde plaja uzaklığı 5dk azmak çayına 8dk akyaka huzurun kesiştiği yer günlük tatilin doyasıya keyfini çıkardık gün uzatmayı düşünüyoruz gidesimiz emeği geçen herkese teşekkürler özellikle güler yüzlü kibar hanımefendiye teşekkür ediyorum sadece sorun otopark ara caddelerde yer bulamazsanız günlük 300tl veriyorsunuz otoparka yazık
Nova Aparts Otel,Alicia Brenon,en,staff went beyond us appartements clean comfortable internet also around 18mpbs perfect us work also gave us extra tables could set desks perfect location overall great stay back
Nova Aparts Otel,Ashley Perryman,en,good sized clean reasonably priced self catering heart akyaka
Nova Aparts Otel,Ahmet Baykal,en,good location clean
Nova Aparts Otel,Ecem Onaran,en,niceeee
Nova Aparts Otel,Tolga Yucel,en,bad pretty standard
Mosso Boutique Hotel,Fatih Güler,tr,sanırım eski yapıyı küçük odalara bölerek butik otel oluşturmaya çalışmışlar aparta benziyor jolly’den deniz manzaralı standart oda ayırmış olduğumuz odanın deniz manzarasını ekliyorum hijyen konusunda maalesef zayıf banyoda saç telleri bulunuyordu otele otopark geç saatte gelirseniz yer bulmak büyük sıkıntı aldığımız hizmete fiyatı yüksek aynı bölgede oteller varmış bizimkisi aceleye geldi otele farklı işletme restoranı kahvaltısı muhteşemdi kullanılan malzemeler kaliteliydi kahvaltı harici hayal kırıklığı
Mosso Boutique Hotel,Hande Elgün,tr,hande elgün google üzerinde dakika akyaka’ya geldiğimiz konaklama konusunda kararsız kalmıştık yorumlardan fikir edinmek isteyenler yazmak istedim ekip güleryüzlü nazik tatlı teşekkür etmek isterim otelin konumu mükemmel denize sıfır diyebilirim halk plajı konusunda bilgilendireyim marketlere restoranlara tur teknelerine yakın yokuş inme çıkma derdiniz olmuyor bence gördüğümüz işletme büyük sorun durum kahvaltısı açık büfe yeterli lezzetli beğendik odalar konusunda evet dardı odamız genelde denizde olduğumuz gezdiğimiz önemli düşünmüyorum akyaka yapısını koruyan bölge lüks beklentimiz hijyen konusunda sorun yaşamadık otoparkı ilerisine bıraktık aracımızı küçük yer uzak mesafe değildi sorun yaşamadık fiyat yerde fiyatlar yakın yüzden gönül rahatlığıyla tercih edilebilir
Mosso Boutique Hotel,Bahadır Yıldız,tr,yorumlar vs araştırmalar tereddütle gitsek memnun kaldığımız mosso odalar temiz restaurant kısmında kahvaltı yapıyorsunuz ordaki arkadaşlar profesyonel güler yüzlü saygılı otelde konaklayan tavır durumla karşılaşmadık kahvaltı yeterli iyiydi konaklama artıları restaurant kısmında sıcak içecekler ücretsizdi karşılamadaki sabah akşam güler yüzlü arkadaşlarada ilgilerinden teşekkür ederiz
Mosso Boutique Hotel,Ahmet Golge,tr,temmuz gece akyaka yı görelim geceliği ye gece konakladık personel güler yüzlü verilen oda bahçe katı denilen odaydı bence dükkandan odaya dönüştürülmüş yer cephesi yola sıfır oda temizdi otelin konumu sahile sıfır önünde halk plajı belediye şemsiye şezlongları kiralıyor şezlong şemsiye denizi mükemmel çocuklar uygun sığ sıcak oda kahvaltı oda kahvaltı otelin lüks restoranında serpme kahvaltı kaliteli üst katlarda oda konumu tercih edilir
Mosso Boutique Hotel,Esra Şekerci,tr,yıldızı odayı temiz bulmadığım duş başlığından su damla damla aktığı kırdım balkonlu oda kaldım deniz manzarası balkon keyifliydi abla tatlı be güleryüzlü fiyat anlaştıysak ödedik tarz yorumlar gördüğüm yazıyorum sabahları serpme kahvaltı veriyorlar aç kalma ihtimaliniz restoranı aşçısını barmeni iyiydi restoran fiyatları pahalı plaj belediyenin şezlonglar 100tl restoranın masaları şemsiyeleri açmıyorlar malesef
Mosso Boutique Hotel,Jay Chen,en,locals told best restaurant akyaka came two weeks ago today many varieties food offered prices similar pay usa tasty stand service manager speak english well come check us often feel comfortable relaxing dinning charged accordingly prices menus every business
Mosso Boutique Hotel,sinan ugurel,en,mosso located beach serving tasty dishes servings pretty big service fast prices reasonable especially breakfast options incredible one best town
Mosso Boutique Hotel,Aydın Türe,en,good food awesome cocktails friendly stuff mesut number one
Mosso Boutique Hotel,Robert Spears,en,lovely chilled atmosphere breakfast beach
Muğla Hotel,Mükerrem Paydaş,tr,otel tertemiz hizmet süperdi kahvaltısına bayıldık kahvaltıdan havuzunda yüzdük gezimize devam ettik arabamız seyahat ederken tesadüfen bulduğumuz konaklamışız dediğimiz otel
Muğla Hotel,muammer çetin,tr,berbat deneyimdi dün gece ailem otelde gecelik konakladık oteli duyarak gittik hayal kırıklığı otel odalarının temizliği değildi ortak alanlar kirliydi asıl sorunumuz klimaydı muğla’nın sıcağında gece hamam odamızda saatler klimayı açıp resepsiyonda oturduk odaya geldiğimizde klima işe yaramamıştı kaç saat bekledikten gece yarısı resepsiyona haber verdik odaya geldiklerindesizin odanız diğerlerine şikayet odanın kliması çalışmıyor yanıt aldık zar zor uyuduktan otelden çıkış lobide dakika bekledik maalesef gelmeyince kartlarımızı resepsiyona bırakıp çıktık otelin çalışanları güler yüzlüydü dışındaki rezaleti gi̇tmeyi̇n
Muğla Hotel,Hüseyin Çalışkan,tr,otelle anlaşan turlara katılmayacağım rezalet ötesi odalarda küçük böcekler geziyor çarşaflar kirli sürü kıl yastıkta yemekler idare ederdi çalışanlardan yüzü gülen sabah kahve ikramımızdır demelerine sabah ücretlidir dediler durumu anlatınca haksız çıkardılar
Muğla Hotel,Nermin DOĞRU,tr,otelde tur halinde gün kaldık rahat otel sevdiğim kısım hergün odayı yatakları temizliyolar kedilere dışarıya götürerek yemek veriyordum çalışan kapıyı kilitledi değildi bide akşamüstü serin dinlenelim konumdan yarasalar oluyo dışında otel yıldızı hak
Muğla Hotel,ijlal aydeniz,tr,muğla sıtkı koçman eğitim araştırma hastanesinde hastamız yakın yerde otel aradığımızda geceliğine burayı bulduk olumsuz oda klimanın fazla serinletmediğini pencerenin alttan açıldığı güvensiz söyleyebilirim bunun yanında otel güzel ulaşımı rahat kahvaltısı kelimeyle muhteşem çeşitler bol zengin çayın yanında taze sıkılmış meyve suyu türk kahvesi herşey güzel kahvaltı salonu ferah kalınabilecek otel
Muğla Hotel,yusuf peter januszka,en,clean tidy staff really helpful breakfast plentifull tasty top toyota customer get welcome discount
Muğla Hotel,Yousef nasif,en,clean quiet hotel helpful staff good service good breakfast
Muğla Hotel,ali asger Ezzy,en,decent hotel clean friendly staff
Mevsim Otel - Akyaka Otel,Çağatay Koparal,tr,pişmanlık denize yakın tercih ettiğimiz otelde odalar eski eksik bakımsız örneğin kaldığımız odada buzdolabı klima eski klozetin kapağı kırık duş başlığını duvara sabitleyen aparat kırık sineklik cam açamıyorsunuz yaptıralım insanlar gelip konaklıyor memnun kalsınlar gelsinler dememişler karşılayan personelin konuşma şekli tavırları evlere şenlik işi zorla yaptırıyorlarmış hava turizm sektöründe iletişim tarzına dikkat edersiniz fena checkin yapmayı unuttular çıkarken kaç para ücret alacaklarını sordular aile işletmesi oluşu profesyonellikten uzak olmaya bahane hafta kaldığımız oda temizlenmedi havlu çarşaflarımız değiştirilmedi memnun musunuz ihtiyacınız sorulmadı oranın mevcut müşterisi olduğumuz unutuldu restorana davet edildik i̇lk akşam restoranda yemek yedik yemiştiniz soruldu adisyonunuzu tutmak zorundasınız belli yıldız vermememin sebebi kahvaltı hazırlayan ablaların sıcakkanlılığı
Mevsim Otel - Akyaka Otel,Seher SELVİ,tr,otel konum harika plaja dk üst kattaki odalar deniz manzaralı hayatımda küçük odalı otelde kalmadım gerçekten duşakabin klozetin üstüne duş başlığı takılmış içeride hareket etmek zor kliması soğutmuyor ılık hava üflüyor memnun kalmadık adı apart falan olmalı gecelik 3bin gerçekten değmez odaya klima çalışsa
Mevsim Otel - Akyaka Otel,Can Görkem Yolsal,tr,denize yakın fiyatperformans açısından tatmin işletme kahvaltıyı hazırlayan çalışanların güleryüzlülüğü samimiyeti teşekkür ederim klima çalışıyor su zaman kolayca ısınabiliyor
Mevsim Otel - Akyaka Otel,eren yeşilyurtlu,tr,konumu güzel sahile yakın gelelim otel hizmetine buzdolabı odalarda yazıyor gerekçe otelde buzdolabı dışarda sıcaklık derece klima bozuk söyledik merkezi dediler değişik dediler gittiler fıkra temizlik istedik gün kaldık özellikle çıkınca haber edin dediler söyledik geldik odaya ellenmemiş cevap abi unuttuk işiniz duş başlığı bozuk duş tuvalet inanılmaz küçük i̇nternet sistemi denecek kötü odalar basık bunaltıcı maalesef
Mevsim Otel - Akyaka Otel,Emre Karası,tr,berbat otel odaları kötü buzdolabı televizyon çalışmıyor çalışanları memnuniyetsiz kahvaltıda çorba kahvaltı tabağı seçeneği varmış bilmeden sinide aldık kahvaltı tabağını önümüzden alıp götürdüler ücretli kesinlikle pi̇şmanlik asla gidilmez vasat yer
Mevsim Otel - Akyaka Otel,Çağatay Koparal,en,regret rooms hotel chose close sea old incomplete poorly maintained example refrigerator room stayed air conditioner old toilet seat broken apparatus fixes shower head wall broken fly screen cannot open windows words say lets get done people come stay satisfied come way staff greeted us mannerisms real hit seems like forcing job wouldnt bad paid little attention communication style tourism sector even forgot check us leaving asked us much would charge family business excuse unprofessional likewise room stayed week cleaned even towels sheets changed asked whether satisfied need anything even fact existing customers forgotten invited restaurant dinner restaurant first evening asked eat obviously keep bill reason give star friendliness sisters prepared breakfast us
Mevsim Otel - Akyaka Otel,Seher SELVİ,en,location hotel great minutes beach rooms top floor sea views never stayed hotel small rooms life even shower cabin shower head mounted toilet difficult even move inside air conditioner cool blows warm air satisfied called apartment something really worth thousand per night least air conditioning works room
Mevsim Otel - Akyaka Otel,Can Görkem Yolsal,en,business close sea satisfactory terms priceperformance would like thank friendliness sincerity employees prepared breakfast air conditioning works water always easily heated
Mevsim Otel - Akyaka Otel,eren yeşilyurtlu,en,location nice close beach lets come hotel service says refrigerator rooms reason refrigerator hotel temperature outside degrees air conditioner broken told center asked could different left thats joke asked cleaning stayed days specifically said let know comes came tell room untouched answer forgot thats job shower head broken shower toilet incredibly small internet system almost nonexistent unfortunately rooms stuffy depressing
Mevsim Otel - Akyaka Otel,Emre Karası,en,terrible hotel rooms bad refrigerator television working employees dissatisfied choice either soup breakfast plate breakfast bought without knowing took breakfast plate away us charged definitely regret mediocre place never visited
Santo Akyaka Home,Hilal Leventoğlu,tr,yorumları okuyunca gerçekten şaşırdım i̇ki hafta boyunca farklı butik otelde konakladım ekonomik odaydı i̇çlerinden beğendiğim santo çalışanları samimi güler yüzlüydü kendimi rahat hissettiğim içinde düşündüğüm süreden fazla kaldım terlik şampuan saç kurutma makinesi vb tarafıma iletilmiştim yüzden tedbirli gitmiştim tv sorun yaşadım söyleyince çözüldü duşta sıcak su beklentimi fazlasıyla karşıladı mutfaklı bahçe katı yanlış hatırlamıyorsam menekşe1 odaydı memnundum gece nefes alacağım güzel bahçe özellikle bol kedili butik otel hayvanlara sahip çıkan işletme insana çevirmesini beklemeyin ekonomik odadan beklentiniz yıldızlı otelse diyebilirim sürekli akyaka giden söylüyorum tercihim santodan yana olacak teşekkür ediyorum
Santo Akyaka Home,Edahan Yeşilırmak,tr,konum azmak nehrine plaja km den kısa mesafede yürüyerek rahatça gidilebiliyor bahçe katındaki odada kaldık odada yoğun nem kokusu özellikle banyo tuvalet gerçekten kötü kokuyordu havalandırsak koku sıksak asla geçmedi i̇ki yatağı birleştirip çift kişilik yatak yapmışlar kişilik tane örtü koymuşlar el havlusu banyoda klozetin üzerindeydi tv nin ortasından beyaz çizgi geçiyordu tuvaletteki dışında çöp kutusu yoktu odada saç kurutma makinesi yoktu sabah elektrikli süpürge sesine uyandık tarz yerlerde kaldık odada azından saç kurutma makinesi banyo terliği oluyordu bunlara ek sahipleri çalışanlar güleryüzlü etrafta benzer yer fiyatları aşağı yukarı aynı tercih edecekseniz başka yerleri tercih edin
Santo Akyaka Home,Asena Yazıcı,tr,pahalı birçok konaklama içinde uygun fiyata temiz rahat oteldi için eksiği odalarda terlik şampuan olmaması akyakaya tekrar gittiğimde tercih edebileceğim yer teşekkürler
Santo Akyaka Home,Mageador,tr,gün apartta kaldım verdikleri oda havuzun altında derme çatma odaydı mahremiyet sıfır perdeler camları kapatmıyor i̇çerisi bildiğiniz gözüküyordu yüzden içeride ışık kapalı şekilde giyindik duşlarda plastik kalitesiz mini şofben sıcak duş seven insanım kesinlikle yetersiz su ısınmıyor duşta fön makinesi günün bitmesi sabrettim önermiyorum
Santo Akyaka Home,Feyza Özsoy,tr,dağ manzaralı family apartta kişi konakladık fiyatına gerçekten konum rahatlık güzeldi memnun kaldık çalışanlar güler yüzlü eksik durumlarımızda hemen yardımcı oldular havuzu yeterliydi dahakine gelişimde tercih ederim gerçekten klima vs sorunsuz çalışıyordu yataklarda rahattı çekyatın sertti son günümüzde havalimanına gitmeden kahvaltı çıkacaktık bavulları tesiste bırakmamıza izin verdiler genel güzeldi teşekkür ederiz
Santo Akyaka Home,Anton van A,en,nice place rooms uncomfortably small best room really affordable good location staff okay although speak much english
Santo Akyaka Home,Baris Kahraman,en,ok would recommend picky
Santo Akyaka Home,Erkan Demirbaş,en,bit low quality holiday concept
Santo Akyaka Home,İl Tug,en,super
TN&CO Exclusive CIP Suites/Primeclass Rooms,Deniz Açıkgöz,tr,dış kapı şifresini bilmiyorsanız eğer kapalı kapı zilini çalarak giriş yapabiliyorsunuz bekledikten görevli kapıyı açıyor otelde asansör asma kata çıkıp kayıt yaptırıyorsunuz çantalarınızı taşıyacak kat çantalarınızla merdiven tırmanıyorsunuz odalar geniş ferah iş merkezinden dönme bi bina olduğu için sürgü pencereler dışarıdaki bütün gürültüyü içeri alıyor kahvaltıyı sabah kaçta yapacağınızı resepsiyona yazdırmanız lazım sabah demiştim  sabah kahvaltı salonu dediğimiz hiç penceresi yaklaşık m2 lik koridor boşluğunda kahvaltımın hazır olmadığı hazırlandığını söylediler özel bişeyler beklerken önüme tabak kondu kahvaltı kadar peynir zeytin yumurta vs expres kahvaltı şaka gibi açık büfe kahvaltı yerin otel le alakası odaları başka hiç bişey değil çok kötü bi deneyimdi internetteki fotoğraflarına aldanmayın fotoğraf yanılsaması
TN&CO Exclusive CIP Suites/Primeclass Rooms,Büşra yıldız,tr,odaları temiz bakımlı zevkli döşenmiş kahvaltı özenli doyurucuydu açık büfe israfındansa kahvaltı tabağı hazırlamak bence mantıklı sene muğlada gün konaklarız adresimiz olacak duruyor
TN&CO Exclusive CIP Suites/Primeclass Rooms,Ayse Cebeci,tr,i̇ş seyahati gece konakladım butik otel şehrin göbeğinde sessiz heryer yürüme mesafinde odalar ihtiyacı ziyadesiyle karşılıyor konfor düşünülmüş tertemiz mis çalışan personel güler yüzlü tatlış butik otel fazlasıyla memnun kaldım herşey teşekkürler
TN&CO Exclusive CIP Suites/Primeclass Rooms,Aysu Aslan,tr,merkezde kalabileceğiniz güzel otellerden diyebilirim çalışanlar otel sahipleri güler yüzlü odaları otellere temiz modern
TN&CO Exclusive CIP Suites/Primeclass Rooms,Ayşe Gülen Eyi,tr,berbat deneyimdi i̇ş konakladım otel temiz düzgün konumda olmasına hizmetten memnun kalmadım ek tuvalet kağıdı istediğimde yardımcı olamayacaklarını söylediler geceliği lira gün konakladığım otelde hasta olduğumu belirtmeme tuvalet kağıdının problem büyük rezalet
TN&CO Exclusive CIP Suites/Primeclass Rooms,Μυρσίνη Βαρσάκη,en,great location room comfortable clean definitely stay visiting beautiful city mugla
TN&CO Exclusive CIP Suites/Primeclass Rooms,Bianca Brown,en,easily best place stay mugla also one best hotels stay period make claim based main reasons cleanliness size quality rooms level hospitalityservice location cleanliness stayed one week housekeeping always managed clean room family two changing naptimes navigate easy task example stayed star resort kos week prior half days room wasnt serviced kids napping main cleaning hours even indicated housekeeping expected additionally room always smelled clean never smelled like cleaning products noticed regularly wetvacuumed rug something indicates go beyond even occupant staying room children especially incredible piece mind know room clean size quality rooms rooms suites glaze feature much spacious standard hotel rooms work desk double duty tabledresser etc ample shelf space clothes musty closed dresser drawers large windows let plenty light bathrooms also biggest seen modern hotels level hospitalityservice reception helped us bags finding street parking even carried stroller stairs saw us entering building favorite part stay breakfast every morning new additionvariation sometimes delicious chocolate cake almond cookies potatoes even milk boxes kids lovely breakfast personnel kind us learning liked even size cup preferred drink tea location right city center within walking distance everything cafes restaurants shops bakeries im gushing sometimes find hesitant take trip becoming common underwhelming hotel experiences tnco sure bet quality stay raise expectations hotel like final note chat owners fascinating couple deep knowledge mugla wide varied interests even spoke italian son
TN&CO Exclusive CIP Suites/Primeclass Rooms,Patrick Leach,en,daughter wonderful time owners delightful helpful telling us places go city rooms large clean nice hotel convenient could walk restaurants stores would definitely stay rebecca sullivan meghan leach
TN&CO Exclusive CIP Suites/Primeclass Rooms,Andrew Gaddis,en,hotel tnco probably best travel experience ranking among many places across many countries accommodations fantastic hosts incredible service unbelievable city mugla incredibly interesting place location central everything could highly recommend place experience enjoying mugla central fantastic location like hotel tnco certainly back sooner rather later already missing place people jealous anyone soon come complaints nothing volunteer negative downside fantastic trip highly highly recommend
TN&CO Exclusive CIP Suites/Primeclass Rooms,Илья Гонохин,en,staying hotel third time first thing noticed friendly staff hotel tall building historic center city great view whole city roof rooms soft design high quality light good work relax good wifi quiet meet owners hotel tell lot interesting places travel around
Nehir Butik Otel,F C,tr,konum güzel merkezi odalar temiz sayılır yatak tepesinden aşağı ip salmış örümcek banyoda minik karıncayı önemsemezsek banyoda duş elektrikli ani su ısıtıcı bana ilkel tehlikeli geldi odalarda ses izolasyonu sıfır şansımızdan yan odaya düşen çift geveze çıktı konuş konuş bitiremediler gece yarsına odada konuşuyorlar kalmayı düşünüyorsanız kesinlikle fısıltı konuşun yan oda söylediğinizi rahatlıkla duyar karşılayan bayan güler yüzlü biriydi sadece giriş yaparken gördük çıkış yaparken yoktu anahtarı bırakıp çıktık
Nehir Butik Otel,Emir,tr,güzel otel lokasyonu numara otel nehir manzaralı denize dk yürüme mesafesi temiz titiz personelleri yemekleri güzel nehir manzaralı herkese tavsiye ederim
Nehir Butik Otel,Hümeyra Öktem Şeker,tr,otel resmen temizlik kokuyor odaların genişliği ferahlığı yeterli düzeyde konum azmak nehrinin kenarında yer alıyor kahvaltısı çeşitliliği olmamakla doyurucu nitelikte tekrar gidecek olsam tercih edeceğim yer teşekkürler
Nehir Butik Otel,Sunay Gülpamuk,tr,eşimle ağustosta konakladık konumu muhteşem odamız numaralı oda azmak nehrine bakıyordu manzarası güzeldi oda temizdi otele giriş yapmadan aradılar klimayı açalım odanız serinlesin ince düşünceleri hoşumuza gitti i̇şletme sahipleri güler yüzlüydü karşıladılar kahvaltı lezzetli kafe kısmı güzeldi yani kısacası anlamda memnun kaldık teşekkürler
Nehir Butik Otel,Çetin Ceylan,tr,egenin incisi akyaka akyakanın incisi nehir otel azmak nehir manzaralı denize yürüme mesafesi sayesinde özel aile işletmesi restorant nehir manzaralı yemekleri mezeleri başarılı
Nehir Butik Otel,Kurt Aricanli,en,nehir butik hotel perfectly placed outskirts akyaka sea village along azmak river surprised cleanliness ambience little gem offer price range expecting weathered accommodation nb charming upto date river alone makes stay worthwhile one
Nehir Butik Otel,Gulzhan Alaidarova,en,excellent view hosts best service ever seen came marathon mehmet bey supported us gave motivation increased energy room cute tidy warm ac best heater time definitely suggest place sure couples single travelers even group friends may stay long close center river side
Nehir Butik Otel,Александра Тугаринова,en,service spoilt attitude towards hotel breakfast included price parents asked glasses tea started leave charged us tl extra teas one warned us advance extra tea chargeable menu found breakfast tea costs tl tried convince everywhere turkey tea costs tl although obviously expensive place also cups tea tl would owe tl tl although eventually refunded tl fact cheated unpleasant many cafes bring tea free warned advance paid coffee breakfast either paid rooms line price although lot midges far comfortable beds poor soundproofing
Nehir Butik Otel,Kim Wilcox,en,beautiful relaxing place excellent service staff pleasantwonderful foodhighly recommend visit
Nehir Butik Otel,Denise Preston,en,nice place go hotel restaurant friendly staff owner
Summer Otel,günnaz pir,tr,otelde gece konakladık odalar eski kesinlikle yenilenmesi özellikle banyonun banyo lavabosunun boyaları dökük tuvaletin basma yeri çıkmış tavan kabarmış kesinlikle tadilat görmeli kişilik odada kaldık büyüklüğü yeterliydi kahvaltısı vasattı olabilir konum bence ideal uzaklıkta kullanmadık küçükte havuzu fiyat ücrete işletmelerinde farklı olacağını sanmıyorum akyaka konaklayacak olsam başka yer deneyimlemek isterim
Summer Otel,ŞanlıOrdu AFFETMEZ,tr,yorumlara aldanmayın gece günlük tuttum burayı yetişkin yaşında oğlumuz konum sahile dakika yürüme mesafesi cafelere marketlere dakikalık yürüme kahvaltısı tatmin edici güzel sabah açık büfe şeklinde istediğiniz alabiliyorsunuz eksik çocuk yatacak yer olanağı belirtir söylerseniz anlaşmadan güzel odalar butik oda standartı klima mini buz dolabı geniş banyo otele bahçesinde ideal havuz çocukların hevesini alacağı yetişkinlerin girebileceği oda temiz tv çalışır vaziyette buraya otelde yatmak gelirseniz memnun kalmazsınız gün akyaka gezintisi gersinde çevre ilçeleri günlük planlı dolaşarak akşam olduğun gelip odanıza yerleşip gecesini akyaka sokaklarında geçirebilirsiniz konaklama güzel yer
Summer Otel,Ebru Turan,tr,toplamda summer hotelde konaklama şansım seferinde çalışan personelin güleryüzlülüğünden hizmet kalitesinden memnun kalarak döndük evimize eş dost arkadaşlara tavsiye bulundum gelip misafir olanlar mutlu ayrıldılar tatilimizi ev rahatlığında yaşatan ekibe aydın meltem aslı derya sonsuz teşekkürler i̇nanç bey ekip harika eylülde tekrar görüşürüz
Summer Otel,System X,tr,uzun yolculuktan hotele geldik bi süre elektrik kesildi yetkili kişi yoktu bi çocuğu bırakıp gitmiş klimasız havada temmuzda akyaka uyumak imkansız gece burayı terkettik arayın para iadesi istiyorum dememe aranmadım burayı kimseye tavsiye etmiyorum yerlere bakın
Summer Otel,GULUMSER Kurnaz,tr,i̇lk gün konakladık konumu odalari temizliği güzeldi aydın bey ekibine teşekkür ediyoruz derya hanımcığım ellerinize sağlık akyaka geldiğimizde konaklayacağımız yer kesinlikle burası tekrar teşekkürler
Summer Otel,IamAysegul,en,good spot close by city center beach need car small pool thats good want refresh breakfast average
Summer Otel,günnaz pir,en,stayed hotel nights rooms old definitely need renovated especially bathroom paint bathroom sink peeling toilets press area gone ceiling swollen definitely needs renovated stayed room people size sufficient breakfast mediocre could better think location ideal didnt use pool albeit small dont think price different businesses price stay akyaka would like experience another place
Summer Otel,ŞanlıOrdu AFFETMEZ,en,dont fooled reviews booked place nights days adults year old son location minutes walking distance beach minutes walking distance cafes markets breakfast satisfying much want form nice open buffet morning would nice could state thing missing place sleep child making agreement rooms boutique room standard air conditioning mini refrigerator large bathroom ideal pool hotels garden appeal children accessible adults room clean tv working come sleep hotel satisfied day two walking around akyaka visit surrounding districts daily plan come evening settle room spend night streets akyaka nice place stay
Summer Otel,Ebru Turan,en,chance stay summer hotel times total time returned home satisfied friendliness staff quality service recommended friends acquaintances came guests left happy endless thanks entire team aydın meltem aslı derya made us experience holiday comfort home mr i̇nanç team great see september
Summer Otel,Ali Bayirli,en,would like express concerns read many negative reviews summer hotel arrived greeted politely first question long staff running summer hotel answer month gave hope five days recommend summer hotel facility clear conscience something wrong resolved taken care immediately promptly staff courteous polite also think value money good patina tables wiped promptly constantly asked whether concerns wishes need fulfilled rooms neat clean everything really attractive garden pool satisfied karin ali
Hotel Azmakhan,Aysun Doğan,tr,otele girebilmek elinizde valizinizle dik merdiveni tırmanmanız gerekiyor personel size yardım teklifinde bulunmuyor otele girdiğiniz anda rutubetli hava karşılıyor klasik giriş işlemlerinden odanıza giderken valiz taşımada yardım teklifinde bulunmuyor oda atmosferine karanlık rutubet hakim ledlerle aydınlatmayı sağladıkları loş ışıktasınız odamız bahçe katındaydı duvara karşı manzaramız kişilik odada tane priz su ısıtıcı tv fişini çıkarmak zorunda kaldık telefonlarımızı şarj etmek klima fena değildi çalışıyordu tuvalet duş idare eder sifon sorunluydu takılıp kalıyordu kahvaltısı orta düzeyde kahvaltı ortamı felaket iç dış mekan kedilerin istilasına uğramış durumda yer kedi tüyü hijyenik açıdan kedi korkusu alerjisi olanların tercih etmemesini öneririm sonraki tatilimde tercih edeceğim otel değil
Hotel Azmakhan,Erhan KIRKLAR,tr,otelin girişini bulmak baya dik yokuşta aşağı yukarı gitmek zorundasınız ufak yönlendirme otopark büyük sıkıntı otopark alanları görevlileri aracımızın önüne başka araçlar park ettiğinden aracımızı çıkartamadık jandarma çağırarak işi çözdük resepsiyona durumu bildirmemize araç sahibi otelimizde gözükmüyor yapabileceğimiz dediler odamız bahçe katı karıncalar istila etmişti odamızı imkanlarımızla temizledik bahçe katında çok fazla klima motoru sesten rahatsız olduk gece boyu oda servisi verdiğimiz yemek siparişinde kalan bardak tabaklar gün boyunca alınmadı kahvaltı salonunda kediler masalarda geziyordu alerjik yapısı şahsım vasat kötüydü havuz kenarında şezlonglarda insanımız cips vs kırıntıları bıraktığı artıkları havuz suyuna bulaşıyor havuz giriş çıkışı duş yönlendirmesi ayakkabı havuz kenarında dolaşan kişiler buralara basarak havuza girmek zorunda kaldık kek poşeti gün hala aynı yerde duruyordu bahçede hijyenik bulmadık kendimize otelin girişi belli açık havuz kapısından resepsiyona iniyor valizleriyle kötü durum havuzdakiler masaj salonu dışında olumlu yanı yoktu güvenlik vs genç bayanı koymuşlar otele herşeye yetişmeye çalışıyor maalesef
Hotel Azmakhan,Havva Kılınç,tr,oda gerçekten kötü kokuyordu üstüne tuvalet aynı şekilde rezaletti banyo tavanı küf tutmuş resmen değildi klimalar bakım yapılmadığından sanırım bizimkinde sıkıntı klima çalışmadı odamizi değiştirmek istedik havuz manzaralı odamızdan kafe tarafındaki odalardan birine yerlestireceklerini söylediler inanın oda çok kötü kokuyordu balkonun tahta zemininde çiviler diyebilirim hizmetiniz güler yüzünüz malesef
Hotel Azmakhan,Büşra Kamen,tr,oda eh banyo yerler ıslanmaktan yosun küf mü tutmuş bilmiyorum duş alırken ayaklarınız suyun içerisinde duşa kabinin  su geçiriyor mecbur ıslak yerden odaya geçince odanın içi de pisleniyor perdesi yırtıkdı nolu oda personelleri geldiniz dermiş gibidiydiler temizlik görevlisi hanımefendiler resepsiyondaki beyefendi hanımefendi de güler yüzle karşıladı otelin konumu güzel nehire dakikada iniyorsunuz havuzuda güzel temizdi onuda beğendik yinede teşekkür ederiz
Hotel Azmakhan,Muhammet Onay,tr,otelde gece konakladık aracımızdan indikten otel görevlisi odamıza eşlik edildi otel konumu odamız temizlik iyiydi çalışanlar güler yüzlüydü kahvaltısı yeterli temizdi yeniden tercih edeceğim otel
Hotel Azmakhan,Colin Breedon,en,fabulous hotel lovely helpful staff comfy bed nice room good breakfast helpful chef sorted cholesterol free breakfast husband booked nights stayed third second visit memorable hotel visit thank sweet
Hotel Azmakhan,Nadia Sofinskaya,en,attended spa zone hotel great hammam pool massage pity theres one massage lady cannot massage simultaneously friends pool chillout zone bar compensates waiting
Hotel Azmakhan,Aöm Aöm,en,place well clean especially staines bed shots pillows hairs bed shower room well maintained dirty didnt give us double bed single bed night bed separated feel like sleeping single bed couple bed breakfast breakfast place awesome azmak river staff working warmly welcomed us cold maybe couse busy time exactly 
Hotel Azmakhan,Ammar Hyder,en,hotel azmakhan fantastic place visit beautiful hotel excellent guest service staff go beyond help location gorgeous lovely breakfast swimming pool well definitely recommend stay
Hotel Azmakhan,Irfan SURAL,en,price good accommodation nice loved
Su Apart Otel Akyaka,d0r1 S4ku,tr,bir daha asla gitmeyeceğim yer ailecek gitmiştik güzeldi yüzden gittik gitmeseydik otelin eski halinden eseri fotoğraflara kanmayın prizlerin çıkık tanesinin başı döşemelerin üstüne koydukları örtüler açıldığında kahverengi kurumuş lekeler üstünü açmadan nevresimleri serelim dedik tane gerekti adam temiz adı altında tane getirdi serdik bide görelim leke yastık yataklardaki kılları unutmayalım yatacağım yere kolonya sıkıp yastıksız yattım apartmanın içinde mahremiyet falan beklemeyin içerideki kapılar kırık kilitlenmiyor güçlü şekilde kapıya baskı uygularsanız bazıları kapanıyor duvarlarda çatlak pisti tane tava tencere kötü durumdaydı çizilmişti eskiyse çizikler turunculaşmış sararmamış turunculaşmış tüp çalışmıyordu açmayı denedik ateş verdi denize hafif uzak adamım güler yüzlü olmasıydı diyebilirim gitmenizi önermem
Su Apart Otel Akyaka,Berk GÖKOZAN,tr,geçtiğimiz yıllarda gelmiş olduğum apartın inanılmaz derecede kalitede düşüş yaşadığıyla başlamak istiyorum önceki ziyaretlerimde samimi içten işletme gördüğüm su apart ziyaretimde hizmet kaldığım oda bakımından ciddi anlamda yüzüstü bıraktı odaların girişinde yazan bilgilendirme yazısında  smart oda servisi bulunduğu yazıyordu oda servisine göremediğim normalde hizmet veriliyor olabilir  smart adınada yoktu i̇lk kanallarda kendimiz teker teker baktık smart adına birşeye rastalayamadım üzerine resepsiyonda duran beyefendiye smartı bulamadığımı iptal edilmiş olunup olunamayacağını sordum beyefendi soruya kesin tavırla dsmart hizmetimiz yanıt verdi odama girip taradım bulamadım beyefendiden birdaha yardım isteyip odaya çağırdım televizyonun arkasına bakındı dsmart dedi kanallarda bulamadığımızı söyleyip yardım istediğimizde kurcalayın diyip gitti odalara gelecek olursakta tane el tava tane bardak bıçak gıcırdıyan mobilyalar bozuk saç kurutma makinesi karşıladı
Su Apart Otel Akyaka,Alptuğ Canbaz,tr,odalar temiz işletmenin konumu çarşıdan denizin restoran barların kısımdan gelirken yokuş yukarı çıkmayı gerektiriyor havuzun büyüklüğü yeterli temizliği olabilir i̇şletmeciler güler yüzlü yardımcı ellerinden geleni yapıyorlar
Su Apart Otel Akyaka,Dilan Anılır,tr,ailecek gün konakladığımız otel denize yürüme mesafesinde hemde yakınında bim migros vb sürü market bulunuyordu konum yerde i̇şletme sahiplerine ilgilerinden ötürü teşekkürler samimi içten davrandılar eksiğimizi tamamladılar odalardaki çalışıyor fiyat performansı açısından iyiydi begonvil çiçeklerinin süslediği havuzu ideal temiz butik otel tarzında tatlı aile oteli herkese canı gönülden tavsiye ederim
Su Apart Otel Akyaka,Turkan Kahraman,tr,su apart otelde konaklama deneyimimiz harikaydı temizlik hijyen konusunda titizler odalar gün düzenli temizleniyor personel son derece nazik yardımsever özellikle fahrican bey konuda yardımcı çevredeki turistik yerler hakkında faydalı bilgiler verdi otelin konumu plaja yürüme mesafesinde yakınında restoran kafe bulunuyor otelin sunduğu kahvaltı lezzetliydi havuz alanı temiz bakımlı güneşlenmek rahatlamak ideal fiyatkalite dengesi açısından başarılı otel aileler çiftler kesinlikle tavsiye ederim su apart otele tekrar gelmeyi gözle bekliyoruz
Su Apart Otel Akyaka,Kostas Voulgaris,en,good stay big rooms good prices
Su Apart Otel Akyaka,Errie G,en,eating worst dinner life can’t feeling tasteless sad
Su Apart Otel Akyaka,Eray Ercan,en,pool rather small one cold beer nice cheap cocktails great
Su Apart Otel Akyaka,Naseem Khan,en,comfortable stay thank hospitality
Su Apart Otel Akyaka,d0r1 S4ku,en,place never go went family years ago nice went wish hadnt hotel trace old self dont fooled photos sockets protruding one doesnt even head covers put floors opened brown dried stains decided lay bed linens without uncovering needed another one man brought one name clean spread saw stains lets forget hairs pillows beds sprayed cologne place going sleep slept without pillow also expect privacy inside apartment doors inside broken lock apply strong pressure door close walls cracks dirty pans pots bad condition scratched even scratches orange yellow orange got older tube working tried open gave little fire slightly far sea say good thing friendly dont recommend go
Yücelen Otel Akyaka,Ebru Göksu,tr,otelin konumu manzarası harikaydı yeşilin hemde mavinin huzurunu doyasıya yaşadık otelin kendine plajının büyük konfor başka seçenek aramadık farklılık isteyenler yürüyüş mesafesinde koylarda mevcut deniz suyunun sıcaklığı sığ hemde derin bölgesinin ideal olduğundan memnun kaldık otelde mutfakta çalışan elif hanım tatilim boyunca hazırlamak zorunda olduğum kür bıkmadan usanmadan nezaketi yardımseverliğiyle yardımcı otele geldiğinizde elif hanım ihtiyacınızda severek yardımcı olacaktır mutlaka kendisiyle tanışın buradanda teşekkürlerimi iletiyorum ızgarada bulunan i̇brahim bey restauranttaki halis bey nazik işlerini şekilde yapıyorlardı zaman hızlı ulaşılabilirlerdi yan taraftaki otele sedir kafenin çalışanları güler yüzlü ilgiliydiler odamız gün memnun edicek şekilde temizlendi sadece oda küçük hafif rutubet tavanlarda deniz kenarında olmasından sanırım rahatsız edici değildi otelin dışardaki enerjisi bulunduğu konum güzeldi odada bulunduk üzen resepsiyonda çalışan kişilerdi i̇lgisiz isterseniz kalın istemezseniz gidin tavrında kişilerle karşılaştık denk gelenler öyleydi girdiğimizde babam yolda rahatsızlanmıştı belli olmasına soğuk su ikram etmediler otel hakkında bilgi vermediler öğrendik ki otelde doktor varmış kötü karşılamaydı otele yakışmadıklarını düşünüyorum resepsiyon daki çalışanlar dışında herşeyden memnun kaldık son günümüzde otel sahibi hamdi bey  tanıştım nazik kibar beyefendiydi fikirlerimi dile getirdim minik aksaklıkları kesinlikle dikkate alıp iyileştireceğinden eminim iyi izlenim bıraktı sonuç kesinlikle keyifli tatil geçirdik i̇lk girdiğimizde yaşadığımız aksaklığı çalışanlar şekilde telafi ettiler herkese tekrar teşekkür ediyorum
Yücelen Otel Akyaka,Esen Göksu,tr,gerçekten muhteşem doğası i̇çinden akan dere müthiş özel detay dereyi otelin parçası ayrı kahvaltı zengin öğle akşam yemekleri leziz porsiyonlar doyurucu restorantta başta mehmet bey çalışanlar nazik özverili kendine plajı plajda havlu şezlong hizmeti ayrı değer denizi kum temiz otopark sorunu otel personeli övgü tebrikleri hak etmekte akyaka kalınacak otel tekrar gelmeyi kesinlikle düşünüyoruz belde olarakda pahalı şirin yer akyaka sakinlik huzur istiyorsanız düşünmeden gelin
Yücelen Otel Akyaka,Çetin Çetinkaya,tr,son otele geliyoruz memnunuz özellikle sene eylül ayı başına denk getirdik akyaka nın kalabalığı azalmıştı otel sakindi telin plajı plaj sene sakin iyiydi olumsuz kahvaltı seçenekleri sezon kapanmaya yakın geçmiş yıllara azaltılmıştı
Yücelen Otel Akyaka,Caner Altıntop,tr,akyakadaki oteldir tartışmasız kendine kum sahili büyük avantaj otel anlayışlı mesela sahilde otururken yandaki marketten yiyecek içecek alıp rahatlıkla tüketebiliyorsunuz zor ekonomide büyük avantaj sağlıyor tabiki soğutucu çantanıza koyup rahat rahat kazıklanır mıyım düşünmeden yiyip içebilirsiniz otel temiz sağlıkçı ailenin oteli temiz adet kocaman havuzu havuz başında kimse yediğinize içtiğinize karışmıyor odalar büyük kasa restoran fiyatları normal soğuk mezeleri zayıftı efektif restoranlar akyakada odanızda otururken aşağıdan akan su balıklar ördekler kaplumbağalar gerçekten keyifli kötü spor salonu çalışanlar güler yüzlü bence üzerinden dan akyakada kesinlikle tercih etmeniz gereken yer paranın zor kazanıldığı dönemde otele teşekkür ederim
Yücelen Otel Akyaka,Aybala Altunsuyu,tr,denizi konumu otel çevresi güzel odalar duşlar klimalar eski ayrı kum plajı mevcut deniz sığ güzeldi havuzu temizdi evler ahşap odalar ses geçiriyordu kahvaltı açık büfe ortalamaydı sıcaklar fazla olabilir çeşit azdı
Yücelen Otel Akyaka,celia bramley,en,location hotel perfect relaxing time akyaka stayed end season shop closed pool cold even though weather perfect room clean way breakfast strangeusual omelette man good range cheese etc fruit juice flavoured teas melon toaster
Yücelen Otel Akyaka,Agnė Domarkaitė-Sugintė,en,thinking lot decided share bad massage experience hotel guest hotel booked medical massage seemed like good hotel masseuse yearold man beginning seemed friendly harmless first really massage masseuse kept putting loads loads oil rinsing towel rubbed parts little bit time seemd like touching sometimes made think really appropriate touch really massaging lifted legs behind cover bottom pulling back towel showing discomfort point started making weird noises grunting yes yes asked turn put much oil breasts even though wanted cover done massaged face trying cover breasts finally started saying massages women everyday no problem could relax everything unprofessional bit inappropriate professional would noticed body point stiff piece wood froze said very good answer said normal good ok still could believe happening could decide  wanted cover eyes abd massage breasts finally managed say top horrible experience pay tl worst experience life would want woman go sharing exprience even though quite hard
Yücelen Otel Akyaka,ratih indriastuti,en,beginning arrived bit skeptical car park narrow somehow managed parked hospitality good person charge ready hospitalize guesses room clean even satisfied room position able recommend room us room exactly front swimming pool nice others foods nice also breakfast fresh dinner even went restaurant breakfast reasonable prices delicious tables sheets always clean
Yücelen Otel Akyaka,brookeerol,en,ordinary hotel extraordinary beautiful place hotel great story architecture type people attracted years come designed one wellknown architects name nail cakirhan awarded several times unique architecture shapes whole hotel rooms even whole village akyaka owner great story hotel well know writers visitors continues honor died people work extraordinary helpful food great views restaurant coffee shops great best hotel area without doubt
Yücelen Otel Akyaka,Vera Fofonova,en,example great hospitality hospitality returned hotel travelling lot say really impressed warm hospitality staff really amazing mustafa belma co thank lot merit comfortable shuttle time room accounting wishes even heated attentive delicate polity men served breakfast sincerely smiling hotel including women cleaning room good breakfast really like serve local tasty food olives backed house bread mandarins cheese local marmalades etc coffee option improved important many people room wooden room traditional style hotel lot flowers mandarin trees small stream fishes ducks near sea forest hotel authentic turkey best sense season november great choice people like crowd warm shaming cozy water even warm enough swimming favorite trip turkey
Ala Butik Hotel,Mustafa Usta,tr,akyakada cana yakın sıcakkanlı işletme sahibi karşılaşacağımı düşünemezdim i̇şletme sahibi erdal küçükodabaşının ilgi samimiyeti teşekkür ederim kısa akyaka turunda otel seçimini son dakikaya bırakmak zorunda kalmıştık google üzerinden bulduğumuz ala buti̇k oteli temizliği konumu fiyatı seçtik i̇yi seçmişiz memnun kaldık kesinlikle dostlarıma tavsiye edebileceğim otel temiz sıcak samimi denize yakın tesis
Ala Butik Hotel,Şenol ERŞAHAN,tr,eylül ortasında eşim gece konakladık konum müthiş odalar yeterli yeni çarşaf yastık kılıfı almaları gerekiyor temiz olsada lekeler iz bıraktığı görünmüyor sahipleri alakalı oda kahvaltı fiyat performans oteli
Ala Butik Hotel,Canan,tr,önemlisi konum harika gün konakladık arabayı kullanmamıza kalmadı yere yürüyerek gidebilirsiniz merkezi odaları geniş temiz odalarda klima akıllı tv öğlen sıcağını içeride atlatmak harika sesten rahatsız oluyorsanız caddeye bakan odalarda rahatsız olabilirsiniz pencereler sesi baya kesiyor hemen yakınında market kafe pub yemek yiyebileceğiniz yerler fiyatlarına bakmanız lazım bazıları gereksiz pahalı sahile dakika yürüme mesafesinde hayvan dostu işletme memnun kaldım kesinlikle tavsiye ederim
Ala Butik Hotel,Gozde Arya,tr,akyakada kalmak şans yorumlara bakarak tercih ettik i̇yi̇ki̇ güzel seçim yapmışız önemlisi arabaya ihtiyacımız otel tertemiz erdal bey son derece anlayışlı kibar beyfendi şiddetle tavsiye ederim
Ala Butik Hotel,Ferhat Ağa Akyürek,tr,konumu güzel otel temizligi çok odaları geniş ferah fiyat performans oteli kahvaltı verilmiyor malesef buzdolabına küçük su koymuyorlar an önce dolaba su koymalarını rica ederim gece gece çıkıp su almak hiç güzel olmuyor otel işletmecilerine ilgilerinden ötürü teşekkür ederim
Ala Butik Hotel,Thorsten Sund,en,lovely hotel hotel location great close center akyaka min away beach foot hotel manager mr erdal made us feel familiar stuff friendly helpful room clean hygienic ist pleasure stay fancy boutique hotel delicious traditional turkish breakfast served golden roof restaurant away hotel enjoyed moms handmade marmelades fresh scrambled eggs honey excellent selections restaurant nearby street noisy weekend overall come
Ala Butik Hotel,49FLAWLESS,en,nice clean rooms short stay
Ala Butik Hotel,Yasar Ozcelik,en,super
Ala Butik Hotel,Mustafa Usta,en,could imagined would encounter friendly warm blooded business owner akyaka would like thank owner business erdal küçükodabaşi interest sincerity leave hotel selection last minute short tour akyaka chose ala boutique otel found google due cleanliness location price im glad chose pleased definitely hotel recommend friends clean warm friendly close sea facility
Ala Butik Hotel,Şenol ERŞAHAN,en,stayed one night wife mid september location terrific rooms adequate need buy new sheets pillowcases time time even though clean look nice stains leave marks owners caring relevant bed breakfast full price performance hotel
Yelken Hotel Akyaka,Mehmet Kasım Başer,tr,tarihinde günlük kişilik odaya oda kahvaltı giriş yaptık otel anladığım kadarıyla eski akyaka evlerinden esinlenerek eski akyaka konağında ufak dokunuşlar yapılarak yapılmış mimari yapı taş ahşap üzerine kurulmuştur küçük havuzu saat arası açık halk plajına orman plajlarına azmak nehrine yakın yaya dakikada ulaşmak mümkün karşısında migros yakınında restorantlar büfeler giysi takı üzerine satış mağazaları kafe barlar otele kafe bar bulunmaktadır etrafında butik otel mevcut sakin huzurlu yer kaldığımız oda havuzun yanında oda çarşaflar havluları temizdi wc banyo temizdi günde oda genel temizliği yapılmakta çarçaflar değiştirilmektedir otel adet yataklı adet yataklı adet yataklı adet yataklı toplam yataklıdır otel full dolu olduğunda kaldığımız oda dışındaki odaları inceleme şansım kaldığımız sürece ailece rahat ettik aileye uygun otel resimde görüleceği arası verilen kahvaltı güzel doyurucu yemek çevrede keseye uygun restorantlar mevcuttur i̇şletme sahibine çalışanlarına teşekkür ederim
Yelken Hotel Akyaka,PES TÜRKİYE,tr,eşimle gece kaldık oda temizliği iyiydi odalar küçük odada vakit geçirmek içinizi daraltabilir akşam yatmak için kullanacaksanız konumu aşırı kahvaltı fotosunu attım yanında sınırsız çay ekmek alabiliyorsunuz kahve yoktu söyleyince veriyorlar mı orasını bilemem otelin hemen aşağısında sol tarafta  mantıcı kesinlikle mantı yemeden dönmeyin derim bu arada otelin önünde park alanları haftaiçi olduğu için mi bilmiyorum çok rahatlıkla yer bulduk hiç park sorunu yaşamadım havuzu çok küçük aile girmeye çalışırsa çok daralırsınız denize konumu yürüme mesafesi olduğu için denizi tercih etmek çok mantıklı
Yelken Hotel Akyaka,Ebru Mutlu,tr,kişi gece konakladık otel evet fotoğraflardan küçük birinci katta havuza bakan odadaydık sabah da kahvaltı başladığı hareketlilik müzik açılıyor uyku bölünüyor ses yalıtımı gece pubın bas sesi geldi otelle memnun kaldığım kahvaltısı konumu temizlikteki personel ablalar çalışanlar güleryüzlü değillerdi
Yelken Hotel Akyaka,yeşim acar,tr,tarihinde giriş yaptık tatil planı yapmadan rastgele girdik gözlemim odaları ferah temiz havuz manzaralı odasını seçtik konumu mükemmel yerde heryere yürüyerek ulaşabilirsiniz otoparkı memnun araba park sorunu bence karşılama güzeldi güleryüzlüydü bende apart sahibi gereken herşey yapıldı barı büyük avantaj ortam sessiz sakin
Yelken Hotel Akyaka,Can Köşker,tr,odalar inanılmaz küçük bavulu yerleştirmekte zorluk yaşadık günlük tecrübemiz sonucunda yıldız verebildik özellikle bar içki pahalı normalin katı havuzu inanılmaz küçük kahvaltı güzel hazırlanıyor beğendik odalara girmiyorum yan yana kucak kucağa odalarla yatmak isteyenler buyursun gelsin
Yelken Hotel Akyaka,Terri SA,en,nice hotel definitely need room back front rooms noisy bars street dogs decent breakfast coffee available
Yelken Hotel Akyaka,Hamza Na,en,hotel unique atmosphere stuff waw friendly helpful clean room well organized recommend try
Yelken Hotel Akyaka,Clive Notley,en,excellent room first class quality good price
Yelken Hotel Akyaka,Hasan Baldan,en,amazing stay location center everything staff quite helpful
Yelken Hotel Akyaka,Fiona McArthur,en,beautıful place classy
Moğla Taşhan otel,Fidan Canik,tr,kesinlikle tavsiye etmiyorum kahvalıda zeytinyağlı limonu bulundurmayan evden getirip eve geri götürüyorlar diyen hizmet anlayışına sahipler kahvaltı alanı göstermiyor kendimize havuz kenarında yer bulduk gece kalacağız çocuğumuz bizle yatabilir diyoruz telefonda bugüne hiç otelde benzer yaklaşım görmeedim müşterinin  kararıdır hayır kalamaz onaylamıyoruz yorum ldık telefonda konuda alttan alıp kisilik oda tuttuk gecede girmemize rağmen odadan  çıktık  aralarında  konuşmalarına yol açtı son nokta ayrıldıktan odada son derece eğreti duran merdiven vidasi  hesap sormaları anda ses duyuldu yaptığım açıklamaya itibar edilmeyip hayır öyle mimarım gün kontrol ediyoruz diyerek yalancılıkla itham edildim konuşma kayıt tehdit edildim hayatımda böyle muamele görmedim yurt içi yurt dışında çok otelde kaldım işletmeye gitmeyi kimseye tavsiye etmem
Moğla Taşhan otel,Büsra Baykan,tr,odalar inanılmaz şirin tertemiz odalar ufak konaklamak ideal fazlasına eksiği ufakta gardorabı olmadanda konum köy ortasında korunaklı etrafı kapalı hotele gidiş yolu sağlı sollu ağaçlık hotel yokmuş temizlik önemli gerçektende tertemiz kesinlikle tavsiye ederim
Moğla Taşhan otel,Kidsteen club,tr,bugün i̇lginç deneyim yaşadık ailem otel aile oteli odalar sade temiz sahipleri çalışan arkadaşlar cana yakın insanlar otel doğanın içinde vaha öğlen istemeyerek olaya şahit olduk gece otelde konaklama yapan kişiler çıkış saatinde ısrarla otelden çıkmak istemediler otel sahipleri çalışanlar büyük sabırla çıkış saatinin geçtiğini kaldıkları odaya rezervasyon boşaltmaları gerektiğini anlattılar kalanların uçakları saat teymiş saate çıkmayacaklarmış dünyada otelde kaldıklarını ağıza alınmayacak küfürlerle oteli rencide ettiler arkadaşlara oteli kötüleyen yorum yazdırmaya tehdit ettiler ellerinden gelen çirkef yanlış davranışları gösterip oteli alt üst edip giderkende pis çocuk bezini otelin havuzuna atıp gittiler gelenler arapça ve türkçe konuşuyorlardı otel sahiplerini çalışanlarını gerçekten sabırları sakin kaldıkları tekrar tekrar kutluyorum maalesef kuralları bilmeyen görgü görenek içinde insanları kınıyorum
Moğla Taşhan otel,Hakan Akdeniz,tr,odalar temiz öncede kalmıştık konum içerde kalıyor önemli di konaklama kaldık gün geçirmek isteyenler sessiz sakin gelen misafirler genel etrafı gezmek geldiği havuz kalabalık olmuyor problem kahvaltı özensiz vasat diyebilirim dışardan içecek yemek getirmek yasak edilmiş saçma geldi küçük su veriliyor mt bim su yemek fiyatları uçmuş tost butik otellerde konaklama yaptım şekilde fiyatlar karşılaşmadım son gidişim konaklama yapmam
Moğla Taşhan otel,Merve Gübeş,tr,memnun kaldığımız yer bahçesi güzeldi kahvaltı yeterliydi odalar küçüktü sıkıntı bizimle ilgilenen bardaki beyefendi kibar ilgiliydi teşekkür ederiz
Moğla Taşhan otel,Barbara Lawrence,en,unique quaint hotel beaten path gulcin one owners ali went way make us feel welcome room lovely next time well rent suite collapsible staircase amazing grounds fabulous theres plenty parking hidden gem well definitely return
Moğla Taşhan otel,Nushin Satkin,en,inn fleas bedbugs low service middle nowhere unreasonable price
Moğla Taşhan otel,cenk özcan,en,super
Moğla Taşhan otel,Fidan Canik,en,definitely recommend service approach even include olive oil lemon breakfast says bring home take back home one showed us area breakfast found place pool said phone stay night child sleep us never seen similar approach hotel today customers decision received comments phone saying cannot stay approve took seriously booked room people even though checked 11pm left room instead even caused talk among finally left asked account staircase screw makeshift room explanation suddenly heard sound taken account accused lying saying cant like im architect check every day threatened conversation recorded also treated never seen treatment life stayed many hotels home abroad would recommend anyone go establishment
Moğla Taşhan otel,Büsra Baykan,en,rooms incredibly cute spotlessly clean rooms small ideal accommodation need thing lacks small wardrobe without location middle village sheltered surrounded closed area road hotel lined trees sides hotel cleanliness important sweat really clean definitely recommend
Koparan Apart,Akif Keles,tr,akyakada tatilimizin güzel geçeceğini bilsek tatilimizi uzun ayarlardık otele girdiğimiz anda güleryüzle karşıladılar farklı oda tipleri hepsini teker teker gösterdiler odaları göstermeden para istemediler otelde ücretler girişte alınıyor bi bahçe katındaki odayı tuttuk odanın baştan aşağı tertemizdi akyaka evimiz sene geleceğiz inşallah bahçesi begonvil ağacı deniz manzarası ferahlığı şeyiyle aile apartı herkese tavsiye ederim akyakaya yolunuz düşerse mutlaka uğrayın
Koparan Apart,Seda Gökçe,tr,google yorumları otel fotoğraflarına bakarak aynı gün içinde rezervasyon yaptık karşılamaları yaklaşımları güzel yardımcı olmaya çalışıyorlar odalarına özen göstermeleri gerekiyor verdikleri odada klozetin üzeri tavan belli tadilat açıktı görüntü değildi durumda başka boş oda varsa orayı göstermeyebilirler odayı tuttuktan fark edip değiştirmek istedik farklı odayı verdiler odada hijyen eksikti pimapen kapıyı silebilirler silmemişler üzerinde kıl tüy buzdolabının üstünde lekeler mevcuttu odada kurutma makinası yoktu banyo küçüktü boyunda insan klozette rahat edemez mesela kalacağım deneyim yaşamadım maalesef
Koparan Apart,Mehmet Ertunc,tr,eylül yılının ikinci haftasında annem kardeşim eşim muğla akyakada tatil koparan apart oteli tercih ettik i̇yi tercih etmişiz koparan apartın işletmecileri ali bey oğlu umut misapirverliğin üzerinde ilgiyle karşılandık taraf dağ manzaralı tarafı deniz manzarası odaya yerleştik bizimle güzel ilgilendiler tarif edilemez i̇nanın reklamlarını yapmıyorum gelin görün yaşayın son körfezde deniz kenarına gittik yaşlı annem eşin hemen katlanır sandalye temin ettiler i̇yi hala günümüzde güzel insanlar teşekkürler koparan apart oteli̇n i̇şletmeci̇leri̇ ali̇ bey oğlu umut i̇yi varsınız  bi̇zde güzel i̇nsanlar hala aramızda di̇yebi̇leli̇m
Koparan Apart,mustafa akterlık,tr,konumu merkeze uzak odalarda havlu çarşaf tuvalet kağıdı eksikti verdikleri odalardan birinde pencere yoktu ışık almıyordu telefonla rez yaptıracaksanız mutlaka oda fotoğrafı isteyip rezervasyon yaptırın geçerken uğrayıp gece konaklayacagız seçmiştik odaları görünce pişman olduk sonrasında kalırsanız kalın üslupla karşılaştık nakit ödeme anlaştık vergi veriyorlar nakit aldıkları paradan düşünmedik
Koparan Apart,Eda Nur SAYGI,tr,eylül ayında gün konaklama yaptık kaldığımız kötü yer diyebilirim kaldığımız oda nevresimler temiz çok pis kokuyordu akşam vakti çocuğuma duş aldırmak istediğim sıcak su yoktu hamam böcekleri banyo oda geziyordu gereken yerler priz yoktu fotoğraflardakiyle alakası gideceklere asla tavsiye etmiyorum
Koparan Apart,Andaç Görgülü,en,reserved days vacation owner hotel rude adults age boys gave us mattress style bed asked fee normal bed business owners efforts talk rudeness hotel owner says favor cheap burned tl deposit ran away hurry
Koparan Apart,Onur Kapucu,en,turkey trip visited akyaka decided stay night found apart young man replies fast gave us nice room upstairs woke morning amazing view hotel clean bad comfortable recommend visitors book enjoy holiday
Koparan Apart,Adrian Stere,en,wonderful stay koparan apart hotel akyaka staff friendly helpful room spacious clean location perfect exploring town beach breakfast delicious varied terrace lovely view garden would highly recommend place anyone looking relaxing comfortable accommodation akyaka
Koparan Apart,User,en,happy find lovely place even though late last minute uhmet house manager welcomed us even waited us arrived would get lost service care excellent room large suite full balcony kitchen like others said beautiful view quiet peaceful going stay one day stayed three people made us stay uhmet father ali truly connect guests made stay special would travel far come visit stay
Koparan Apart,Альбина Сидорович,en,amazing experience friend room small cozy enough place two person view magical wake every morning give gratitude opportunity see umut owner hotel buckets person whole akyaka believe mewe didn’t find anyone needed somethingumut always beside solved problem thank much hospitality kindness heart
portofino apart,Elif Bozdağ,tr,havuz katında odada kaldık kaldığımız odanın duvarlarında simsiyah küf rutubet sebebiyle odadaki koku yoğundu cam kapıyı açarak uyumaya çalıştık odada bıraktığımız eşyalar nemden ıslandı i̇nsanları koşullarda ağırlamak üstelik fiyatı uygun sayılmaz fiyatlara gidilebilecek başka yerler dışında konumu güzel işletmeci hanımefendi nazik
portofino apart,Ümit Özdüzgün,tr,odalar yenilenmesi temizliğe önem verilmesi gerekiyor perdeler odayı güvenli hissedeceğiniz biçimde kapatmıyor oda çarşaf temizliği
portofino apart,SEVGI EREN,tr,akyaka merkeze yakın konumda uygun fiyatlı apart otopark sorunu apartman önüne aracınızı koyabilirsiniz çalışan bayan nazik yardımsever sorun çözücü odada klima ocak buzdolabı tv mevcut yeterli i̇nternet wifi mevcut mükemmel çekiyor banyoda sıcak soğuk su mevcut banyo gideri akyakaya gelirseniz çekinmeden kalabilirsiniz
portofino apart,Serhat KAR,tr,hizmet bağımlısı değilim yattığım odadaki deterjan kokusu geçtikten rutubet küf kokmamasını banyo tavanında boya olmasını bekliyorum odanın ışıklarının beyaz güzel şaka burayı öven insanların nerelerde konakladığını merak ediyorum son işletmeyle alakasız gece  balkonda ilginç şarkıları telefonundan dinletip hoparlörde uzunca telefon görüşmesi yapan kitleye selamlar
portofino apart,Gözde Gökçayır,tr,bahçe katındaki odada kalmayın odayı geniş seçtim fark ettim oda nemli küflüydü banyonun tavanında sıva yoktu nemden küften görünüyordu odamız bahçe katında temizlik odasının hemen yanındaydı temizlik odasını görünce çarşaflarda yatamadım odamızda elektrikli diş fırçamı unutmuşum i̇şletmeyle iletişime geçtiğimde odada bulmadıklarını söylediler unuttuğuma eminim
portofino apart,Mary -,en,one worst experiences ever room pool level dirty mouldy hair dirt everywhere especially bathroom duvet apparently unwashed balcony door could barely opened closed pipe air conditioning system bathroom dripped litres water every day fridge didnt work freezer compartment top dying cockroach kitchen morning absolutely worth money two positive things managers friendly air condition worked doesnt make experience
portofino apart,Mustafa A,en,excellent place stay great value receptionist polite helpful location great position tucked away hustle bustle town centre rooms decent size clean pool perfect size kid friendly positioned well pleasant place stay family highly recommended
portofino apart,Tyler W,en,nice place really enjoyed conversation owner nail nice enough take ride sidecar motorcycle super cool guy staff friendly checked us thunderstorm great price comfy beds pool looked nice didnt use really beautiful beach nearby rahat beach thank recommendations nail top notch places memorable trip stay back soon
portofino apart,Stepanka Blazejova,en,great place stay akyaka beautiful sea view bay nice swimming pool friendly atmosphere spacious rooms hospitable helpful staff definitely come back
portofino apart,Ersin Genel,en,tried help deal problem caused cancel reservation found another place stay family rooms smaller saw web
Egehan Otel,Ecem Karatasoglu,tr,kaldığım fiyatperformans otellerinden birisiydi çalışanlar otelin sahibi güler yüzlü yemekler güzel türk yemekleri yemekteki meze çeşitleri fazla karnımızı güzel doyurduk önemlisi otel odalar temiz oda içi mobilyalarklimatelevizyon vb yeni rahat ettik asansör konusunun geliştirilebileceğini düşünüyorum asansör kişi alıyor yavaş çalışanlara otel sahiplerine işlerini severek teşekkürler
Egehan Otel,Esra Şamlıoğlu,tr,otel konumu güzel bi yerde odaları tatlı güzel dizayn edilmiş rahat ettik otel sahibi birhan hanım i̇lkem bey annesi adını hatırlayamadım tatlı güleryüzlü insanlar burdanda onlara tekrar teşekkür etmiş olayım kahvaltısına bayıldık kendimizi evde bahçemizde kahvaltı yapıyormuş hissettirdi kesinlikle gözünüz kapalı tercih edebilirsiniz
Egehan Otel,Ethan O'Connell,tr,kaldığım fiyat performans oteldi konumu önünden dolmuşlar geçiyordu online siteden rezervasyon yaptım uyguna geldi havuzu bahçesi otoban manzaralı gün boyu ses olabiliyor odalar temiz bakımsızdı puan kırdım çocuklu ailelere uygun
Egehan Otel,Esen Kurt,tr,antalya yolculuğumuzun kaliteli güzel durağı teşekkür ederiz odalar temiz çalışanlar güler yüzlü fiyat makul hayvanseverler hoşumuza gitti aylık bebeğimizle konakladık memnun kaldık
Egehan Otel,İsimsiz Soyisimsiz,tr,annemle gittiğim turun seçtiği oteldi gece kaldık otelin asansörü yavaştı akşam yemekleri yumurta salatası pembe turşu haricinde iğrençti lobisi koridorları şahaneydi odalar güzeldi duşkabini küçüktü otelin dışı manzarası mükemmeldi
Egehan Otel,ariw,en,dirty noisy smells nasty surprises
Egehan Otel,Patrick Jolibert,en,good location mugla center
Egehan Otel,Muhammed Huseyin,en,bad
Egehan Otel,Greennature Travel,en,nice hotel
Egehan Otel,Özgür Aydemir diyarbakır,en,super
Padok Premium Hotel & Stables,Joy Moon,tr,ağustos ağustosta güzel tesiste konaklama şansını elde ettik resepsiyonda göksun hanımla gitmeden konuştum sesi candan kibar ilgiliydi mutlu oldum gittiğim zaman güzel yemşeşil alanda müstakil harika villalar ağaçların içinde atları sevenler aynı zamanda binicilik sporunun yapılabildiği atların bakıldığı güzel tesis gördüm saygın nezih asil aile güzel ailede yetişen pırıl pırıl güzel genç beyefendi gökhun bey kardeşim hanımefendi göksun hanım kardeşimde tanıştım eğitimleri bildikleri yabancı diller sporcu kimlikleri mütevazilikleri görgülü gerçek türk ailesi gelenek göreneklerine yetişen harika evlatlar abartmıyorum herkese kesinlikle hayatlarında mutlaka uğramalarını tanışmalarını tavsiye ediyorum canı gönülden zamanda güzel aileyle tanışmak azaldı olmasaydı göksun hanımla tanışmamız otele gelmeden hafta aradığımı ulaşamadığımı ilettim grubun geldiğini söyleyip özür diledi andan soluksuz nefis ilgilendi aradığımda aile güzel şekilde suit oda ayarladı gittik babam yaşlı katlı olmasın dedik sefer yeni odalar bulmaya çalıştı memnun etmek sıkılmadan insan sevimli güleryüzlü hanımefendi kibar sonuna sevgi sabırla ilgilenir misafirlerle hayran kaldım başta çalışanlarından kat görevlisi türkan hanım yardımcı konuda mesaisi bittiği saatlerde geldi yardımcı i̇lknur hanım arzu kardeşimiz dörtlüktü naçizane kahvaltı salonlarının büyük olmasını arzu ederdim çeşitleri gün farklı olacak şekilde düzenlense muhteşem zaman karşılarına güzel insanlar çıkmasını diliyorum zamanda zor bulunan yeri muhteşem güzellikte ülkemize layık kaliteli evlat yetiştirdikleri aileyi anne babayı naçizane tebrik derin saygılarımı sunuyorum durmadan güzelim ülkelerini terkedip bencilce başka ülkelere sürekli yerleşen gençler vatanlarını atatürkümüzün kurduğu şehitlerin kanlarını döktüğü güzelim yurdumuzu kalıp güzelleştirip atamıza şehitlerimize layık vatandaşlar kendilerini düşünen zaman sınıf vatandaş olacakları başka ülkeler başka topraklar başka kültürler hevesli vefasız gençlerin bence atamıza asla layık değiller ülkemize yüzyıllarca gelişmemiş eğitimsiz kalitesiz sürü başıboş kimliksiz insanları alıp güzelim ülkemizin şehitlerimizin zorluklarla kanlarıyla kazandırdıkları topraklarımızı satanlara herkese rabbim zaman fırsat vermesin diliyorum napolyonun güzel deyişi varmış askerini sevmeyen başka ülkenin askerini sever acı umarım göksun hanım gökhun kardeşim asil gençlerimiz mucice çoğalırlar herşey ömürleri boyuncu gönüllerince inşallah
Padok Premium Hotel & Stables,Emre KUL,tr,tavsiye rezervasyon yapmayacağımı öğreten otel odalarda lambalar çalışmıyor genel anlamda konforsuz otel köy içinde bulunuyor at binmek isteyenler gidebilir hobi sahipleri kesinlikle tercih edeceğim konaklama yeri kahvaltı sınıfta kaldı bahçesinde sürü tavuk gezinmesine market yumurtası yedik personeller başarılı niyetli asansör bozuktu valizleri merdivenle yukarı ç0ıkardık yoldan karnımız aç geldik yemek işimizi yemek sepetinden halletmek zorunda kaldık olsan kaç puan verirdin otele
Padok Premium Hotel & Stables,Muharrem Okumuş,tr,eylül ayında gece kaldık sezon sonu kaynaklı düşündüğüm boşluk kapanmayan balkon kapısı çalışmayan kettıl sabah aç bırakılan atların çıkardığı gürültü uyanma alarm kurmadan güne başlamanıza yardımcı sakin fiyat performans oteli i̇lk gün çıkış günü kahvaltı farklılığı düşündürücü
Padok Premium Hotel & Stables,Ersan Çeliker,tr,i̇ş geldiğimizde plansız şekilde ekibimle konaklamak durumunda kaldık odalar temiz kesinlikle güzel çalışanlar sahipleri özel insanlar i̇stemeden ufak sıkıntı yaşattım anl anlayışlılar durumun içinde  kalsam muhtemelen konaklayan misafire tepkim çok sert olurdu odayla ilişik ekibimin yaşattığı sıkıntı söz konusu olmasına rağmen çok anlayışlılar gerçekten güzel insanlar saçma sapan fiyatları sessiz güzel yer hayvanlarla aranız iyi değilse isminde stables yazan yere gitmeyin zahmet köpek kedi girişte sevgi ölüyorlar tatlılar anlatamam kabul ederler mi bilmem her şey için teşekkürler
Padok Premium Hotel & Stables,Murat Yaz,tr,köpek korkusu fobisi olanlar kesinlikle gitmesin çocukların vardı otele girerken tedirgin oldular lobide tane köpek karşılıyor sorduğunuz bişey yapmaz deniliyor akşam racıma giderken lobide bekliyorlardı kapıdan çıkmadan köpeklerin bişey yapıp yapmayacağını sordum bişey gidin denildi kapıdan çıktım adım attım köpekler arkamdan çıktı bi anda koşmaya başladı saldırdı bende korku arabanın kaputuna çıktım sonuç kaput göçtü sesleri duyunca resepsiyondakiler geldi bişey yapmaz bişey yapmaz lafla e dedim aldırdı geldiniz sesi duyunca işte öyle yapıyor e arabam olucak cevap böyle rezillik arabada hasar oluştu korktuğumuz yanımıza kaldı kesinlikle tavsiye etmiyorum özellikle çocuklu aileleri dikkat edin tatiliniz zehir olmasın
Padok Premium Hotel & Stables,Petar Popovic,en,arrived day long drive marvelous afternoon visited stables wonderful horses enjoyed coffee sunset swim literally everything seemed we enjoyed short stay get good rest long drive 11pm someone entered room didnt open door screamed bed wait minute repairman repairing broken door lock strange surprise half hour forgot nightmare started full construction crew started renovations midnight loud tools possible mean bedtables moving guys reception disappeared hours since repair crew don’t understand english pretending don’t understand word stop get sleep take nap bench finished 2am never similar experience place really wonderful stay quite nightmare
Padok Premium Hotel & Stables,Mohamed Elsayed,en,one best places ive ever went life staff friendly helpful room greatly organized bathroom great good water pressure totally woth experience
Padok Premium Hotel & Stables,John Mitchell,en,first class stables immaculate housekeeping beautiful horses everything stables polite attentive staff real sanctuary
Padok Premium Hotel & Stables,Mustafa Zafer Sunu,en,excellent place surrounded pine forest also quality equestrian club thank
Padok Premium Hotel & Stables,mustafa zafer sunu,en,excellent hotel equestrian club surrounded forest sich near bay gökova
ÇALCALAR OTEL,Merve Uluğ,tr,odalar harika tertemiz akyakaya yakın arabanız varsa akyakadaki pis butikler tertemiz otelde kalın arabayla dk içinde akyakadan otele varmış oluyorsunuz personeller güleryüzlü özellikle sesimden hasta olduğumu anlayan melda hanım hemen sıcak karışım yaparak masamıza getirdi kendisine teşekkür ederim sadece melda hanım tercih edeceğiniz yer yolum muğlaya düştükçe kalacağım yer belli
ÇALCALAR OTEL,Turgut Küçük,tr,akyaka civarında konaklama yeri ararken bulduk gece konaklama yaptık aile odasında kaldık kişi dar söyleyebilirim temizliği çalışanların güler yüzü isteklere hızlı cevap vermeleri gerçekten güzeldi konumu itibari hava temiz rahat uyunuyor akyakaya dk mesafede kahvaltı dahildi kahvaltısı güzeldi başarılı temiz çalışanlara sahip işletme özetleyebilirim
ÇALCALAR OTEL,Ahzibi,tr,güzel tertemiz bi odamız yemekleri bi harikaydı sorun balkonun yanında restoran bacası ses rahatsız edici hemde balkondan yemek kokuları içeri siniyor yazık numaralı oda kaldık
ÇALCALAR OTEL,Mehmet Can Çayır,tr,ailecek gece aile odasında konaklama yaptık otel güzel temiz yeni anlatılmaz ışıl ışıl parlıyor dekorasyon kusur göremedik odalar tertemiz çalışanlar teşekkürü hak ediyor i̇lgili güleryüzlü kibar çalışanlara sahip otel konumu anayol üzerinde hemen karşısında akaryakıt istasyonu mevcut otele restorant cafeterya market hizmet alanları gece ye hizmet veriyor akşam yemeğini otelde yedik fiyatlar normal ürünler cidden lezzetli balkonları güzel ailecek aşırı memnun kaldık tavsiye ederiz
ÇALCALAR OTEL,FAHRETTİN ÇORAK,tr,otel fethiye datça marmaris yol ayrımından yaklaşık metre ileride yol üzerinde bulunmaktadir otelin altında süpermarkette aradığınız herşeyi bulabileceğiniz marketi yanında bal satışı yapan bal marketi aile odasında kaldık odalar geniş ferah tertemizdi minibar su bırakılmış ayrıca çay kahve setup vardı yeteri dolap askı mevcuttu banyoda sabun duş jeli saç kremi odalarda terlik mevcut kahvaltısı lezzetli yeterli sunulan ürünler gerçekten kaliteli sabah kahvaltısında servis veren hanımefendi güleryüzlü profesyonel hanımdı akşam yemeklerinde ayrıca burayı seçtik çünkü mutfak ekibi gerçekten iyi iş çıkartıyor lezzetli sunumu güzel ürünler fiyatlar çok pahalı değil akşam yemeğinde günün menüsü çıkartılıyor gece konaklayıp günübirlik marmaris akyaka bozburun datça gittik datca saat sürüyor önünde geniş otoparkı eksileri balkon kapısında sineklik banyo havluları için yeterli askılık otel girişindeki tekerlekli sandalye tekerlekli valiz çıkartmak için kullanılan rampanın hemen önüne masa koyulmuş yer sıkıntısı olmamasına rağmen masa koyulmuş anlamadım banyoya kulak pamuğu koyulabilir
ÇALCALAR OTEL,Liane E. Fujita-Ahmed,en,didnt stay hotel although wish could rather ate çalcalar restaurant stumbled upon restaurant chance actually looking place playground year old antsy toddler saw playground immediately made u turn made way arrived noticed restaurant open well year old went wild playground sat placed food order didnt know expect restaurant located far away major city people say luckiest people restaurant magnificent food delicious portion sizes generous staff kind friendly surrounded beautiful green mountains driving way please stop enjoy delicious enjoyable meal restaurant regret çok teşekkürler çalcalar restaurant
ÇALCALAR OTEL,Angelina ___,en,pleasant friendly staff wonderful clean apartments honey mentioned separately soo delicious
ÇALCALAR OTEL,Pekka Rantanen,en,known çalcalar hotel new clean friendly service two shops connected hotel one selling honey local products one groceries restaurant cafe downstairs need car get
ÇALCALAR OTEL,Archer,en,clean spacious room shower good water pressure rooms share balcony cannot leave door open good breakfast ok restaurant prices lot reasonable accommodations restaurants area mini fridge safe would stay yes
ÇALCALAR OTEL,Zhan Ince,en,wonderful restaurant even 10pm restaurant open food delicious kids also enjoyed everything freshly prepared new building clean deserts also chefs welcome gesture wonderful place stay enjoy staff friendly helpful highly recommend everyone
Meltem Hanım Konağı butik otel ve Restoran,gur can,tr,fethiyeye giderken durak seçtiğimiz otel aklımızdan çıkmadı konaktan çevrilmiş içerisi eski tarihi kokusu konak kaldığımız odada rahat uyku çektik ula küçük yer meydanda güzel restoranda öğle yemeği yedik uygundu akşam yemeğinde ciğer yoğurtlamayı yedik otel yemeğide hoştu akyakaya arabayla kısa sürede geçebiliyorsunuz yolum düşerse gitmek isteyebileceğim yer otelde kaldık hiçbirinin tarihi dokusu içimize işlememişti
Meltem Hanım Konağı butik otel ve Restoran,Sedat Can Durgut,tr,tarihi meşhur ula mimarisi evden çevrilmiş mükemmel restore edilmiş butik otel odaları mükemmel dizayn edilmiş güleryüzlü mükemmel hizmet anlayışı mutfağı güzel lezzetli otel sahibi mehmet beye ilgisinden teşekkür ederiz
Meltem Hanım Konağı butik otel ve Restoran,Berfin Yaman,tr,banyosu küçüktü duşa kabin kırık duş başlığı bozuktu odaların dekorasyonu tuvalet banyo küçük bakımsız kahvaltısı fena değil otelin restoranı akşamları otelde kalanlar dışında müşterilere açık gece vakti restoran gürültüsü odalara geliyor koşullara pahalı otel
Meltem Hanım Konağı butik otel ve Restoran,Ömer Karakuş,tr,tarihinde ayrı aile konakladık temiz yatak ekipmanları sıcak su klima kahvaltı güzeldi otantik havaya sahip gönül rahatlığıyla konaklanabilir
Meltem Hanım Konağı butik otel ve Restoran,Seda Akkaya,tr,akşam yemeği geldiğimiz mezelerine özelliklede yoğurtlamasına bayıldığımiz mutfağına fiyatlarına güleryüzlü personeline özelliklede atmosferine bayıldığımız mekanın başarılarının devamını diliyoruz emeğinize sağlık çevrede mekan fiyatlar süpersiniz
Meltem Hanım Konağı butik otel ve Restoran,Kim Hausmann,en,authentic delicious turkish food owner speak little english accomodating loved meze köfte even got us baklava street rooms super cute cozy loved stay definitely recommend staying eating
Meltem Hanım Konağı butik otel ve Restoran,I_HKY,en,loved vibes place village owner doesnt speak english hes helpful trying help every way could help room good clean mattress comfy toilet bit tight
Meltem Hanım Konağı butik otel ve Restoran,Тимур Шипилов,en,large servings delicious prices good beautiful place
Meltem Hanım Konağı butik otel ve Restoran,Gül Demirtaş,en,superrrrrrrrr
Meltem Hanım Konağı butik otel ve Restoran,Masked Tarot,en,stunning beautiful decor lovely
Mercan Apart Akyaka,AU,tr,oda mobilyaları fiyata eskiydi sahile yakın diyorlar uzak sıcakta gidip gelmek işkence yol tenha korku yaratıyor barı akşam açık
Mercan Apart Akyaka,Sercan Türkmenel,tr,mercan apartta menekşe odalarından birisini verdiler gerçekten güzel odaydı oda denmez daire şeklindeydi oda temiz verildi bahçesinde pembe pembe çiçekler oda içerisinde koltuk büyük buzdolabı mutfak rahat edilebilecek yer düşünüyorum sıkıntı gece klima sularının damlama sesi geliyordu unutmadan ikinci sıkıntı kaldığımız apartta internet çekiyordu genel telefon hatlarınında interneti çekiyor kahvaltı yemek kendiniz gitmeden istediğiniz alışveriş yapabilirsiniz yan apartta kalan kişiler mangal yaktılar rahatlar sonuç gönül rahatlığı gidilip kalınacak yer çalışan kişilerde güzel davranan insanlardı
Mercan Apart Akyaka,Burcu Aybike Gürbüz,tr,astım hastası eczacıyım muğlada gidiş dönüşlerde akyakada mutlaka konaklarız dönüşte konaklamak agodadan otel seçmiştim mercan apart akyaka otelin papatya adlı odasına girdiğimde ağır koku karşıladı sigara düşündüm banyo odada tavanlarda küf fark ettim koşullarda bırakın astım hastasının sağlıklı insanın kalmasına imkan otelden çıkış yaparken iptal etmelerini rica ettim otel sahibi seher hanım odanın durumunu sağlıksız odada kalınamaz bulmadığını belirtti fotoğrafları ekliyorum bakarsınız otelin oda fiyatı try yüksek beklentiyle gelmedik sağlığımı tehdit odada konaklamam mümkün otelin kusuru faturası kesilmemeli düşünüyorum malesef müsait başka odaları yokmuş otel sahibi otelinin odasının kusurlu olmadığını sağlığımı tehdit etmesine odada kalmıyor oluşumu iptalini istememizi adaletsiz buldu azından başkalarının sağlığını tehlikeye atmamaları adına denetim rica ettik sonucunu bekliyoruz malesef otel sahibi otelde iç hastalıkları uzmanı reklamı yapmasına küf nedir aspergillus nedir astım nedir habersiz agodada sorumluluğu otele bırakıyor rezervasyon yaptırmamanızı öneririz
Mercan Apart Akyaka,Sinem Şen,tr,odaların temizliği yeterli değildi dolap rafları toz içindeydi mecburen silip eşyalarımızı yerleştirmek zorunda kaldık sildiğimiz mendil siyah olmuştu oda ışıklandırması yetersizdi konumu güzeldi sessiz sakindi arabayı park etme konusunda sıkıntı yaşamadık i̇lave askı havlu talebimizi hızlıca karşıladılar
Mercan Apart Akyaka,Sueda Bingöl,tr,gecelik tatil konakladık odalar temizdi memnun kalmadığımız konumu güzel çarşının dışında yere yürüme mesafesinde tekrar akyakaya gelirsek konaklama başka yer aramam teşekkür ederiz
Mercan Apart Akyaka,Kiarash Ghasemlou,en,kind host clean good price
Mercan Apart Akyaka,Vivien Godlington,en,fantastic host lovely home
Mercan Apart Akyaka,Doğan Dilek,en,gut
Mercan Apart Akyaka,AU,en,room furniture little old compared price say close beach far away going back forth heat torture road lonely creating fear also bar open evening
Mercan Apart Akyaka,Sercan Türkmenel,en,gave one menekşe rooms mercan apart really nice room fact even called room form flat room given clean pink flowers garden armchair large refrigerator kitchen room think comfortable place problem dripping sound air conditioning water night forget second problem internet connection apartment stayed low general internet connection phone lines low breakfast meal shop wish without going people staying apartment next door barbecue comfortable result place go stay peace mind employees well behaved people
Nehir Apart Otel,hatice kara,tr,konumu güzel akyaka merkezde azmakın kıyısında dışında hizmet arabayı çekecek yer kalabalık otelin yeri oda kahvaltı tuttuk odalarda tane bardak tabak yoktu gece gün kaldık odamız temizlenmedi kahvaltı gün aynı tabağı verdiler çocuklar yeter gün aynı yemek mi dediler konumu yerde hizmetler yoktu
Nehir Apart Otel,Tufan,tr,akyakada azmak nehrinin kenarında güzel butik nehir otel aile işletmesi temiz odaları güleryüzlü çalışanları fiyat performans oteli oda kahvaltı hizmeti veriyor kahvaltı açık büfe kahvaltıdan yeterli lezzetli küçük problem yaşamadık otopark akyakada genel problem ayrı tutuyorum i̇yi tatiller diliyorum geleceklere
Nehir Apart Otel,Elif,tr,konumu merkezi çalışanları güler yüzlü memnun kaldığımız işletme özellikle mis kokulu çarşaflarımızda uykuya dalmak odalarımızın banyolarımızın mis temizlik konusunda mutlu
Nehir Apart Otel,Suzan Bilen,tr,ağustos arası balayı oteli konakladık temiz otel i̇lgililer konum kafeler barlara yürüme mesafesinde kalabalık içinde olalım istemedik nehrin hemen dibinde güzeldi genel memnun kaldım kahvaltı içinde tercih ettik yeterli teşekkür ediyorum
Nehir Apart Otel,Ebru TAN,tr,güzel yorum yapanları okudukça hayretler içinde kaldım odalar sivrisinekten geçilmiyor güler desen kahvaltımız dedi peynir zeytin getirdi eklemek istediğiniz ücretli dedi gitmeyin gitmek isteyenleri göndermeyin
Nehir Apart Otel,Mary Brown,en,supper
Nehir Apart Otel,hatice kara,en,location beautiful center akyaka banks river service place park car space crowded hotel stayed bed breakfast wasnt even glass plate room stayed nights days room never cleaned gave plate breakfast every day kids said enough enough meal every day location good services
Nehir Apart Otel,Tufan,en,beautiful boutique nehir hotel edge azmak river akyaka family business clean rooms friendly staff perfect price performance hotel provides room breakfast service breakfast adequate delicious better buffet breakfasts experience slightest problem parking general problem akyaka keep separate wish happy holiday come
Nehir Apart Otel,Elif,en,location central staff friendly satisfied establishment especially falling asleep fragrant sheets cleanliness rooms bathrooms made us happy
Nehir Apart Otel,Suzan Bilen,en,stayed honeymoon hotel august clean hotel relevant location within walking distance cafes bars didnt want many crowds nice right bottom river overall satisfied preferred breakfast quite sufficient thank
Verde Suites Akyaka,Özge Tunç,tr,güzel deneyimdi dublex evde konaklama yaptık aşağıya dublex yatak odası konaklama yaptığımız evde mutfak banyo tuvalet ihtiyaçlarınızı karşılayacak personel yardımcı konuda ev tertemizdi havuzu güzel yeterliydi merkeze km araç gitmek kolay herşey teşekkür ederiz harika deneyimdi
Verde Suites Akyaka,Burçin Erol,tr,fotoğraflarda detay görmediğimiz kişi evi kiraladık ters dubleks alt katlar rutubetli havasızdı büyük odanın banyosunu kullanamadık yer su gider ters tarafa konulmuş eğim terste kaldığı su banyonun dışına taştı asla su gitmedi söylememize sezonun bitmesini beklediklerini söylediler gün boyunca banyoyu kullanamadık rutubetten koridor duvarları küf olmuştu evde yatak olmasına kişi salonda rahat oturamadık giriş kapısında sineklik yoktu sebeple kapıyı kapatmamız gerekti genel ev konforlu değildi umarım sorunları çözerler mutlaka teyit ediniz
Verde Suites Akyaka,Tuğba Doğan,tr,olumlu yönler evin konumu merkezden uzak olması sebebiyle güzeldi kalabalıktan gürültüden uzaklaşmış oluyorsunuz merkeze ayrıca arabayla 5dk yakınlıktaydı havuzu temizdi ev temizdi evle sorunda hemen destek alabildik ilgililerdi olumsuz yönler asla verdiğimiz parayı hak etmediğini düşünüyorum dublex kat daireleri bilemem ters dublexler cidden triplex villadan bozma ayrı daire gidibiydi alt kat komple rutubet inanilmaz soğuktu astımı arkadaşımız zorlandı duvarlardan eve girdiğinizde kokudan anlayabiliyorsunuz i̇nternet kötüydü elektrikli ocak şalteri attırdı alt kattaki ebeveyn banyosunun gideri yanlış yere yapıldığı banyo sular altında kaldı duvarlar ince oldugu diğer dairelerdeki sesleri duyduk çamaşır makinası bilmemiz gereken detayi aktarmamışlardı
Verde Suites Akyaka,Çağıl Şahin,tr,temiz güzel dizayn edilmiş otel kahvaltı mutfakta araç gereç aileler dubleks daireler konforlu havuz manzara güzel aynı şekilde konumda hemen akyakanın girişinde vıcık vıcık kalabalıktan uzakta güzel yerde yazlık havası bence üstelik otele fiyat şahane teşekkürler
Verde Suites Akyaka,erhan taşpınar,tr,konum yukarda hakim tepede yer alıyor odalar olanaklar tertipli düzenli temiz tesis ev hissiyatını fazlasıyla yaşatan atmosferi gönül rahatlığı gelip günlerce konaklama yapılabilir çalışanlara tesis sahiplerine teşekkür ederiz
Verde Suites Akyaka,Reza Fatemy,en,akyaka seems like beautiful peaceful place ideal relaxation stayed two nights found room service excellent room clean
Verde Suites Akyaka,Ceren YILDIRIM,en,stayed verde suites nights really enjoyed rooms clean cozy thing roof top rooms wouldnt comfortable tall people everything perfectly fine pool nice clean views incredible every angle either mountains sea location good quiet highly recommend
Verde Suites Akyaka,Neda Salehi,en,place like dream coming view stunning stayed apt delux2 apartment modern clean exactly like pictures would definitely come back would recommend everyone
Verde Suites Akyaka,Matt Suppelsa,en,really excellent place beautiful modern spacious rooms pool area also great would definitely recommend
Verde Suites Akyaka,Viktor Brezitskiy,en,reality fully corresponding expectation photos previous reviews strongly recommend place
Petek Hotel,ijlal aydeniz,tr,eski otelmerkezi konumu güzel yere yakınfiyat uygun rahat ettiğimiz kalmayı tercih ettiğimiz otelde son kaldığımızda resepsiyon görevlisinin kaba davranışı rahatsız olduk yanımızda konuğumuzla eşyaları yerleştirip çıkacaktık açıklama yapmış olmamıza ikiüç dakika arayla kapıyı hızlıca çalarak misafirimizin odayı terketmesi istendiböyle davranışla yerde karşılaşmamıştımköklü otele yakışmadı
Petek Hotel,Nazokat Nazokat89,tr,kilima eski ama normal yani idare edilir oda temiz banyo falan özelikle yapılmış hijyen aile içinde uygun biz kaldık odada 2kisilik 1kisilik ayrı yatak vardı kahvaltide normal çeşitleri bize sıcak lar falan ama önemli tereyağı reçel
Petek Hotel,Gezgin Gezen,tr,merkeze yürüyerek dakika çevrede türlü ihtiyacınız mağazalar mevcut otopark bulunuyor sıkıntı odalar eskimiş kahvaltı vasatın vasatı omlet göz yumurta yapmıyorlar kaşar peynir merkezi konum sebebiyle tercih edilebilir çevresi sessiz tekrar gelsem tercihim olmaz
Petek Hotel,Mustafa Keskin,tr,geç saatte acil durum yer ihtiyacımız personel ihtiyaçlarımızı karşıladı konum ulaşımı kolay park yeri sıkıntılı özel park yeri olmadığını bilemiyorum acil durumum caddeye park etmem gerekti
Petek Hotel,aydın özyıldız,tr,i̇lgi alaka hizmet kahvaltı emsallere başarılı bence fiyatperformans oteli
Petek Hotel,Zeynepgül Atsız,en,rude staff tried make reservation night staff told condescending way made reservation day well could would told emergency didnt plan staying mugla end couldnt reservation beforehand insisted booked room day got lectured hotel staff thank much
Petek Hotel,David Beiner,en,lady reception unfriendly bit rude wait minutes help almost scolded asking help lost hour recommend hotel ever regularly coming international friends
Petek Hotel,Asad Ullah,en,one best hotel id stayed rooms cozy clean service good staff people nice
Petek Hotel,Jules and Rob Frape (Walking Terra Firma),en,warm roomy fantastic breakfast spread
Petek Hotel,Arıkan Sırakaya,en,average clean hotel less
Alp Suites Pinehill,Ozlem ILICA,tr,akyaka sahiline uzak noktada arabasız denize gidemezsiniz kıyıdan serin sinek böcek odalar dublex temiz geniş ferah salondaki l koltuk ta kullanılırsa kişi rahatlıkla konaklayabilir apart mutfakta gereken eşyalar çamaşır bulaşık makineleri kahvaltı yemek otelse kahvaltı apart fiyatlar nedir gecelik konaklama kişi  nakit ödedik eylül sonu not kasım ayı tekrar geldik odalar tertemiz düzenli muntazam zevkli döşenmiş yeni tekrar geleceğim akyaka daki evimiz teşekkürler yusuf bey
Alp Suites Pinehill,Büşra Dcg,tr,odalar temiz düzenli ihtiyacınız olabilecek kahve fincanından tutun bulaşık deterjanına çamaşır bulaşık makinesi konum arka tarafta kalıyor yerini bulurken zorlandık uç kısımda verimli park alanı açısından gece domuzlar iniyor korkuttu zararsızlar kapı girişinde otomat içecek kutusu dışında yiyecek içecek denize giderken yolda kahvaltı yapıp gittik akşam yemeğini çarşı yedik bahçe havuz mevcut oda içinde giderlerden kaynaklı koku ara ara konakladığımız oda zeminde çift kişilik üst katta kişilik yataklı ayrı banyo mevcut balkonlu balkon ambiyansı ayrı güzeldi teşekkürlerimi sunuyorum keyif aldık
Alp Suites Pinehill,Gokhan Ozsoy,tr,odada kaldık odalar ters dubleks oda yarı bodrum katta oda mutfak zemin kattaydı durum odaları serin uzun süreli kalımlarda sıkıcı olabilir açıkçası durumu gidince gördük sorun yaşamadık dıışında eşyalar vs herşey fotoğraflardaki odalar temiz otopark sorunu merkeze uzak arabasız sahile inemiyorsunuz problem yaratıyor genel olarak memnun kaldık
Alp Suites Pinehill,Gözde Sucu,tr,tesadüfen internet üzerinden bulduğumuz konaklama yeriydi gitmeye karar verdiğinizde konum yollanarak hemen yardımcı olundu hafta sonu eşim oğlumla numaralı odada konakladık memnun ayrıldık odalar fotoğraftaki eşyalar modern güzel yataklar rahattı klima kullanmadık hava güzeldi sebeple klima hakkında yorum yapamayacağım genel durumdan anladığımız kadarıyla klimadan memnun kalacaktık havuzu küçük keyifliydi keyif aldık tekrar gitmeyi düşünüyoruz çevremize gönül rahatlığıyla öneriyoruz sessiz sakin tatil isteyenler temizliğe rahatlığa önem verenler kesinlikle burayı tercih etmeli
Alp Suites Pinehill,Fatih Aytek,tr,kaldığımız daire ters dubleks idi i̇ki aile kaldık aile rahatlıkla kalabilir tane yatak odası tane banyosu ev temiz eşyalar yeni sayılır sıkıntısız ufak bi sıkıntıda hemen isteğimizi getirdiler ormana sıfır havası güzel nemsiz geceleri serin memnun kaldık eksiği manzarası dert değildi
Alp Suites Pinehill,Louise Garrett,en,lovely apart hotel short walk middle village longer walk bars sea side great rooms clean tidy helpful staff onside parking excellent double glazing bring ear plugs morning cockrale may date cooking pot
Alp Suites Pinehill,Phantom Of Cydonia,en,although size design rooms good staff behavior lack catering products complete disappointment also bad rooms basement despite negativities enjoyable stay
Alp Suites Pinehill,susan lee blunschi,en,alp suites pinehill perfect quiet relaxing spot holiday unexpectedly extend stay manager yunus could helpful yunus extremely helpful many requests always available help smile rooms comfortable kitchenettes needed
Alp Suites Pinehill,Марк Астапенко,en,hotel great get different rooms great bite kitchen cafe delicious cheesecakes yunus helped us lot times like clean room get wonderful time mark daniel tatiana eduard
Alp Suites Pinehill,Natalie Figanblat,en,stayed tiny house alp suites weeks view amazing staff good good service helped everything needed great vacation amazing place fantastic people recommend heart sure back
Teras Tepe Apart,ümit Samimi,tr,otelin manzarası güzel işletmesi gerçekten kötü haftadan kalıyorsanız aradaki günler size temiz havlu verilmiyor odanız temizlenmiyor telefonla arayarak öğrenebilirsiniz yazın musluklardan deniz suyu akıyor dişinizi fırçalayamazsınız duş aldığınızda yıkanmamış olacaksanız telefonla arayarak teyit edebilirsiniz çocukla gidiyorsanız tehlikeli yere bağlı ağızlıksız yasaklı ırkta köpekler işletme bahçesinde benzeri sorunları işletmeciye iletip geri bildirmek isterseniz mahalle ağzıyla karşılık alırsınız özellikle işletmeci kısa boylu kadın i̇şletmeye cevap fark ettiyseniz hayır gece konaklıyorsanız odanızı ikinci gün temizleriz size temiz havlu veriririz dememiş yanıtında hayır musluktan tuzlu su akmıyor dememiş dişinizi fırçalamak işletmeden fahiş fiyata su almanız gerekiyor i̇sterseniz arayın sorun cevap vermeyecekler belli eski yorumlarda başkaları dile getirmiş köpek köpek işletme mevzuatına uygun şekilde bağlı kimseye saldırmadı dememişbunun yalan söylemeyi tercih etmiş doğrusu köpek aylık köpek otel işletmecisi köpeklerinin yaşından bağımsız otel bahçesinde başı boş köpek bırakamaz arkadaşlar yaşattıkları özür dileyeceklerine size karşı manipülasyon yapıyorlar gelip yorum yazarak cevap vermekle uğraşırsınız
Teras Tepe Apart,Zeynep Akdağ,tr,eşimle kısa konaklama yaptığımız halde memnun kaldık tatlı aile işletmesi doğayla iç içe harika deniz manzarasıyla ruhunuzu dinlendiriyorsunuz çalışanları güleryüzlü tatlılar kötü yanı otele yaklaştığınızda stabilize yol çıkarken zorlanıyorsunuz otel sahipleri yol yapılacağını söyledi sakin dinlendirici tatil istiyorsanız düşünmeden gelebilirsiniz
Teras Tepe Apart,Hüseyin Ercan,tr,kurban bayramında akyaka merkeze alternatif tercih ettiğimiz apart şirin aile işletmesi lokasyon akyaka merkeze araçla yaklaşık dklık kıvrımlı gidiş yola sahip otele yaklaştığınızda anayoldan orman yoluna taşlık yaklaşık metrelik yola giriyorsunuz aracınız araziye uygun değilse canınız sıkılabilir durumun işletme alakası olmadığını öğrendik otelin özelliklerine gelecek olursak samimi aile işletmesi konuda yardımcı olmaya hazırlar odaların büyüklüğü mutfak içeriği nispeten yeterli balkon manzarası güzel çeşme suyu tuzlu aktığı yanınıza içme suyu almanızı öneririm wifi kahvaltı köy kahvaltısı şeklinde yeterince lezzetli doyurucuydu tavsiye edilir
Teras Tepe Apart,merve öner,tr,balayı geldik huzurlu ormanla iç içe bi yer deniz manzarasıyla kahvaltı keyifli gelince nilüfer ablanın köfte ekmeği yemeden dönmeyin aşırı lezzetli i̇şletmeciler dürüst samimi misafirperverliklerine bayıldık konumu yüksekte toprak yol zorlayıcı temizlik hijyen ortalamada
Teras Tepe Apart,Osman Erdem Ekinci,tr,i̇şletmenin yönetimi son derece kötü temizlik konusunda büyük eksikler odalar yeterince temizlenmiyor musluklardan tuzlu su akıyor denizden çıktıktan tuzlu suyla duş almak zorunda kalıyorsunuz arazi aracı olmayanların otele ulaşması imkansız yol dik toprak otel içerisinde serbestçe dolaşan köpekler mevcut i̇şletmecilere şikayet ettiğinizde saygısızca cevaplarla karşılaşıyorsunuz örneğin köpeği bağlamaları gerektiğini söyledim bana köpeği keseyim mi yanıt verdiler
Teras Tepe Apart,Önder Eryüz,en,road place unpaved poor want visit car service stay place stay dining table terrace full dirt uncleaned also handful dust top refrigerator may see photos view main patio see hanging washed clothes socks underwear pants etc drying understand level professionalism so called hotel
Teras Tepe Apart,ümit Samimi,en,view hotel nice management really bad stay less week given clean towels room cleaned days find calling summer sea water flows taps cannot brush teeth washed take shower also confirm calling us going children dangerous dogs banned breeds tied place without muzzles business yard want report similar problems manager give feedback receive response neighborhood especially short woman manager response business noticed say staying two nights clean room second day give clean towels response say salt water flow tap brush teeth buy water business exorbitant price call ask want wont answer thats obvious others already mentioned old comments say dog dog kept accordance business regulations attack anyone instead chose lie honest dog months old dog hotel operator leave stray dogs hotel garden regardless age dog friends instead apologizing put us manipulating come comment try respond
Teras Tepe Apart,Zeynep Akdağ,en,even though short stay wife pleased sweet family business rest soul wonderful sea view surrounded nature staff friendly sweet bad thing stabilized road approach hotel difficulty getting hotel owners said road built want quiet relaxing holiday come without thinking
Teras Tepe Apart,Hüseyin Ercan,en,apartment chose alternative center akyaka eid aladha cute family business location minute drive center akyaka winding oneway road approach hotel enter stony road meters main road forest road vehicle suitable terrain may get bored learned situation nothing business features hotel friendly family business ready help every way size rooms kitchen content relatively sufficient balcony view nice since tap water salty recommend take drinking water wifi breakfast village breakfast delicious satisfying enough recommended
Teras Tepe Apart,merve öner,en,came honeymoon peaceful place surrounded forest breakfast enjoyable sea view dont leave without eating nilüfer sisters meatball bread extremely delicious operators honest sincere loved hospitality location high altitude dirt road bit challenging average terms cleanliness hygiene
APART 48,esra evdan (Faydalı yorumcu),tr,gece konakladık mutfak eşyaları tava vs aşırı eski yağ katmanları oluşmuş çöpe atarsınız derece oda tahta kurdu vs vardı sanırım her yerimiz şişti kaşıntı ayrıldık geçti kaşıntılar hijyen oda konumda araba kurtarıyo özen gösterilmeli
APART 48,Hatice Kılıç,tr,gece konakladık ihtiyacımız temizdi eşyaları eski banyosuna bakım gerekli halı yoktu konum denize uzaklık açısından geride kalıyor arabayla sorun olmuyor güzeldi tavsiye ederim
APART 48,Hüsamettin Yardım,tr,kibar misafirperver karşılandık yeri merkeze ters noktada ulaşım arabanız varsa zor odanın manzarası güzel odalar yorulmuş bakıma ihtiyaç duyuyorlar çarşaf kılıflar temiz odalar olabilirdi fiyat performans
APART 48,Musa ANBAR,tr,akyakayı tepeden gören gürültü sinek şikayeti yaşatmayan ev konforunda temiz ferah apart
APART 48,BİR İSİ,tr,manzara apart sahibi dışında kötüydü mutfakta tava tencere temizlik kötü heryer dökülüyor du
APART 48,h.kudret ekmekçi,en,super
APART 48,esra evdan (Faydalı yorumcu),en,stayed nights kitchen utensils pans etc old layers oil throw away think woodworms etc room swollen itchy left itching went away hygiene room rescue car care must taken
APART 48,Hatice Kılıç,en,stayed nights everything needed clean furnishings bit old bathroom needed maintenance carpet location little behind terms distance sea problem car nice recommend
APART 48,Hüsamettin Yardım,en,greeted politely hospitably place little opposite center car transportation difficult view room nice rooms bit tired need maintenance sheets covers clean rooms could better price performance
APART 48,Musa ANBAR,en,clean spacious apartment comfort home overlooking akyaka without noise fly complaints
Santo Akyaka Home,Duygu Akpinar,tr,bugüne gördüğüm kötü konaklama yeri puan fazla temizliğinden şüphe edip evimden getirdiğim havlumu serip uyudum mikrop kaparım korkusu havuzuna girmedimklima kötü havalandırma rutubet kokuyor mini şampuan saç kremi kurutma makinesi geç duş sıcak su akmadi korkunç yer duşakabin yoktek gece yatmak kullandık yüzden başta önemsemedik arabada uyusaymisiz para vermezdik rahat uyurduk
Santo Akyaka Home,Elif,tr,gece kalacaktık apartı görünce gece kaldık banyosu sıkıntılı duşa kabin rutubetli havasız hali maalesef sene önceki anneannemin evindeki banyoyu anımsattı kısacası memnun kalmadık belirteyim son katta teras katında kaldık orası böyleydi odaları farklıdır ilgilenen hanımefendi asil biriydi aparttan çıkarken gidene yolcu güler yüzle uğurladı teşekkür ediyorum hanimefendiye işletmeler yakışır
Santo Akyaka Home,Ece Selvi,tr,i̇lk yorumları okuduğumda korkarak gittim sorun yaşamadan keyifli şekilde tatil yaptık istediğinize bağlı yer fiyat performans istiyorsanız uygun temiz yer küçük havuzu çatı katında konakladık manzarası harikaydı kliması sorunsuz çalışıyordu önemlisi yaz sıcağında buydu sakin ortamı güzeldi teşekkür ederiz
Santo Akyaka Home,Neslihan Kirman,tr,gece konakladık konforlu değildi oda rutubet kokuyordu camı açsak sineklik yırtıktı açamadık odayı teslim aldığımızda içeride kaç tane sinek nevresimler dışında odanın temizliğinden memnun değildik konum güzel dışında memnun kalmadık
Santo Akyaka Home,YKAB B.,tr,amatörce işletilen otel müşterilerini zan altında bırakacak tavır avranışlar sergileyen sanki bedava konaklıyormuş tavır içerisinde çalışanlar tarafından yönetiliyor odaları çok bakımsız kullanılan eşyalar çok eski oda bildiğiniz rutubetli evcil hayvan dostu olduğunu söyleyen hayvanı başına odada bırakmamanız yazın sıcağında yanınızda sürüklemeniz gerektiğini belirtiyorlar güzel tarafı akyakada olması mükemmel manzaraya sahip olması
Santo Akyaka Home,Altın Savaş,en,clean elegant
Santo Akyaka Home,Duygu Akpinar,en,worst accommodation ever seen even point much doubted cleanliness laid towel brought home went sleep didnt go pool fear catching germs air conditioning bad ventilation smells damp mini shampoo conditioner dryer provide hot water late shower terrible place doesnt even shower cabin used one night sleep didnt care first wish slept car wouldnt spent money nothing would slept comfortably
Santo Akyaka Home,Elif,en,going stay nights saw apartment stayed night bathroom difficult shower cabin damp stuffy unfortunately reminded bathroom grandmothers house years ago short satisfied however let also point stayed terrace floor last floor thats maybe rooms different good thing lady took care noble person saw us left apartment bid farewell smile thank much better businesses would suit lady
Santo Akyaka Home,Ece Selvi,en,read first comments scared enjoyable holiday without problems depends want want price performance affordable clean place small pool also stayed rooftop view great air conditioner working smoothly important thing summer heat opinion calm environment nice thank everything
Santo Akyaka Home,Neslihan Kirman,en,stayed one night comfortable room smelled damp opened window fly screen torn could open received room already flies inside apart linens satisfied cleanliness room location nice apart satisfied
Mevsim Apart,ahmet yüce,tr,akyadaki aileler güzel apart gürültü sessizlik hakim ula evleri konseptinde yapılmış apart limon mandalin ağaçları içindeki apartın içinde tüplü ocaktan tava bardağa çamaşır makinasına ev gereçleri aile uygun keyifli yakındaki zincir marketlerden uygun fiyatlı alışveriş imkanı lokantalarda yenebilecek uygun pizza dürüm yoğurtlu karışık kızartma keçi sütlü dondurması sarıyer börekçisi kokoreç güzel çarşamba günleri kurulan halk pazarı mutlaka ziyaret edilmeli plaja mt azmak nehrine mt yürüyüş mesafesinde sabahtan kalabalık olmadan öğlene plajı akşamları azmak nehrini tavsiye ederim öğleden plaj kalabalıklaşıyor plaj mtde boy veriyor taş kum plaj mavi bayraklı plajda duş vs imkanı belediye şemsiye şezlong alıyor i̇sterseniz kuma oturun plaj çocuklar uygun azmak tur teknesi gökova tekne turları keyifli sabah gün doğarken orman tarafında yürüyüş imkanı mevsim otel apart sahipleri murat mehmet beylere teşekkürler
Mevsim Apart,Sedat Avcı,tr,güzel apartdenize m yüzden yere yürüyerek gidiyoruz azmak tekne turu dibimizde balık tutmak
Mevsim Apart,BİRAZ BİLGİ,tr,güzel bi apart 300m deniz yere yürüyebiliyosunuz gittim sizde deneyin
Mevsim Apart,ahmet yüce,en,nice apartment families akya silence noise apartment built concept ula houses apartment surrounded lemon tangerine trees household appliances tube stove pans glasses washing machine suitable enjoyable family affordable shopping opportunities nearby chain markets best things eat restaurants pizza wraps mixed fries yoghurt goat milk ice cream sarıyer börekçisi kokoreç delicious public market held wednesdays definitely visited meters beach meters azmak river recommend beach morning noon without crowded azmak river evening beach gets little crowded afternoon beach meters sandy beach without stones shower facilities etc blue flag beach municipality charges tl umbrellas sun loungers sit sand want beach suitable children azmak tour boat gökova boat tours enjoyable possible walk around forest sunrise morning thanks mevsim hotel apartment owners murat mehmet
Mevsim Apart,Sedat Avcı,en,nice apartment meters sea walk everywhere river boat tour right next us including fishing
Mevsim Apart,BİRAZ BİLGİ,en,nice apartment meters sea walk everywhere went try
Balèze Boutique Hotel,Elif Torun Arı,tr,otele sene eşimle evlenmeden yeni açıldığı gitmiştik odalar ferah modern dizaynlı ve nespresso kahve makinesi bulunuyordu emre bey çok misafirperver ağırlamıştı havuz başı çok sakin huzurluydu havuz başına servis edilen yemek içecekler lezzetliydi dağ manzarası eşliğinde sabah kahvaltılarını hiç unutamıyorum ayrıca sef sabah taze ekmekler servis ederdi fesleğenli pancarlı değişik tarifli ekmekler deneyimlemiştim çok beğendiğimi söyleyince şef geceden ekmekleri buzluğa koyup ayrılacağımız zaman evimize götürmek için vermişti nazik düşüncesi karşısında mest olmuştuk sene ailece gitmek geldi içimizden heyecanla aradım oteli ama küçük çocuğumuzu kglik yorkshire terrier köpeğimizi ortak alanlarda arabasından çıkarmayacağız dememize rağmen kabul edemeyeceklerini söyledi emre bey hatırladığım kadarıyla otelde kediler köpek vardı öyle bi ortamda köpeğimi sorumsuzca otelin içinde serbest gezdirmezdim durum çok üzdü böylesine güzel hatırladığımız otelin evcil hayvan kabul etmemesine üzgün şaşkınız yorumu dikkate alip do not accept the pets konseptini bian önce değişirler
Balèze Boutique Hotel,Levent Yavuz,tr,baleze otel adresim keyifli hafta günümü geçiriyorum odaların konforu yatakların yastıkların otel odasının üstündeki rahatlığı kahvaltının muhteşemliği sevgili yusuf müdür başta misafirlerini memnun etmek ellerinden gelen herşeyi yapan ekip anlatmakla bitmez teşekkür ederiz ekipçe ailece sık sık sizlerleyiz herkese tavsiye ediyoruz
Balèze Boutique Hotel,Deniz UNAL,tr,geçtiğimiz hafta eşimle unutulmaz tatil deneyimi yaşadığımız baleze hotelde konakladık otelin sunduğu hizmetler misafirperverlik gerçekten etkileyiciydi otele adım attığımız andan personelin güleryüzlü karşılaması ilgisi mutlu otelin odaları son derece konforlu modern şekilde dizayn edilmişti temizlik konusundaki titizlikleri takdire şayandı özellikle yatakların rahatlığı odaların ferahlığı sayesinde evimizde hissettik sabah kahvaltıda taze yiyecekler sunuluyor olmasının yanında ürünlerin özenle hazırlanması lezzetli tatilimizi unutulmaz kıldı otelin sunduğu olanaklar mükemmeldi havuz alanı geniş temizdi azmak nehrine sahile yakınlığı sayesinde keyfini doyasıya çıkardık harika hizmetlerin yanısıra otelin konumu avantajlıydı merkeze turistik yerlere kolayca ulaşabilmemiz tatilimizi eğlenceli hale getirdi özetle baleze hotel konaklama yeri aynı zamanda rahatlık lezzet huzur dolu tatil cenneti muhteşem tatil deneyimi yaşamasını kesinlikle tavsiye ederiz yelda hanım yusuf bey çalışanlara nezaket ilgilerinden teşekkür eder başarılarının devamını dileriz selamlar sevgiler
Balèze Boutique Hotel,Gökhan Kulay,tr,balayı tatilimizde otelimiz tercih edip gittik yusuf bey iletişime geçtik sağolsun yardımcı resepsiyonda duran yusuf bey yunus bey nazik kibar insanlar burdan teşekkür etsem azdır otele gelince otelin temizliği odaların dizaynı odaların şartları çalışanların güleryüzü ilgisi vb beklediğimizden iyiydi akyakada yapılabilecek tekne turu restoran kafelere yürüyüş mesafesinde otelin artısı havuzu temiz çevresi düzenli sabah kahvaltılarında serpme kahvaltısı ürünler lezzetli akşam yemeği yemediğimiz konuda yorum yapamıyorum akyakaya gidildiğinde gönül rahatlığıyla tercih edebileceğiniz butik otel düşünüyorum
Balèze Boutique Hotel,Demet Kınık,tr,merhaba akyakaya gittim balezee butik otele girdiğim andan nokta atışı yaptığımı hissettim gerek konum karşılama otelin kalitesi kahvaltısı önemlisi temizliği mükemmeldi azmak nehrine adım merkeze yürüme mesafesinde araç kullanmadık bahçe katı odalar çocuklu aileler ideal otel girişinde güleryüzüyle karşılayıp bilgilendiren otel sorumlusu yusuf beye teşekkür ederim akyakaya balezee butik otel seneye görüşmek
Balèze Boutique Hotel,Oli Frape,en,wife returned first ever visit akyaka first stay balèze boutique hotel everything stay excellent hotel really clean tidy modern setting beautiful views surrounding mountains tall trees fantastic made feel peaceful breakfast day great staff alongside days exploring local area also happily spent several days relaxing quietly pool hotel short walk local restaurants bars riverside beach didnt need travel anywhere foot highly recommended
Balèze Boutique Hotel,Serhat Sermen,en,super clean friendly hotel great location negative feedback breakfast everyday tired trying cold gözleme every morning also please try add meat options like sucuk sosis salam plan overall
Balèze Boutique Hotel,ajw 921,en,last minute booking could asked better moment walked door greeted pleasant helpful professional staff room excellently designed super comfy would highly recommend
Balèze Boutique Hotel,Cem Haybat,en,best hotel akyaka without doubt amazing rooms pool salt water system enjoy delicious cocktails pool frida highly recommended cocktails stayed one week enjoyed every day highly recommend
Balèze Boutique Hotel,Christine Uebelhoer,en,one best hotels ever stayed turkey excellent service super friendly staff smile face fantastic rooms lovely interieurs amazing breakfast buffet outstanding hospitality would recommend anyone stay place garden room almost direct access pool mins walk beach side definitely come thank much
Orkide Apart Hotel,fatih şen,tr,i̇brahim abi sağolsun beyefendi insan akyakada tatil güzel oteldir fiyat performans otelidir tatlıdır akyakanın doğasına uygun atmosfere sahiptir otellere boş yere fazla para vermeye değmez geleceğiz
Orkide Apart Hotel,fizik fizik fizik,tr,sahile uzak işletmeci i̇brahim bey yardım odaklı odalarda klima mevcut özellikle mutfak işe tüp yemek masraflarını azaltıyor malum ülke şartlarında marketlere yakın konumda mekan
Orkide Apart Hotel,nazif akman,tr,akyakanın giriş temiz güzel yer ibrahim beyin ilgi alakası teşekkür ederiz odalar temiz rahattı gönül rahatlığıyla tercih edilebilir
Orkide Apart Hotel,Meltem Apaydın,tr,ağustos ailece yetişkin çocuk olarak bir gece konakladık odada çift kişilik yatak dışında banyo mini buzdolabı mutfak açılır kanape bulunuyor odaların dekorasyonu eski temiz konumu güzel merkezde biz memnun kaldık özellikle işletme sahibi i̇brahim abinin samimiyeti sohbeti yardımseverliği takdire şayan teşekkür ederiz
Orkide Apart Hotel,askurtcan,tr,eski konak tarzı apart eskiyi hatırlatıyor i̇brahim bey cana yakın samimi karşılaşmasıyla mutlu teşekkürler
Orkide Apart Hotel,avigail lew,en,recommended stayed nights came back another week apartments really comfortable everything needed atmosphere really cozy people hotel kind peaceful felt really comfortable
Orkide Apart Hotel,Jacob Kogan,en,totally solid clean comfortable hotel affordable compared others area air conditioning worked well water heater shower refrigerator kept water bottles super cold comfy bed nice little balcony clean accommodation around
Orkide Apart Hotel,Mert Akça,en,gave two stars working air conditioner room overall small furnitures super old shower inside toilet
Orkide Apart Hotel,levi Rocks,en,hello ibrahim funny nice guy good stay hotel thank hospitality ola levi
Orkide Apart Hotel,Chris Monck,en,stayed night everything need within metresfor price fantastic value money booking next time visit akyaka
Ayka Otel,ih hakan,tr,kahvaltısı temizliği güzel çalışanlar güleryüzlü konumu güzel şikayet edeceğim nokta olabilir öne bakan balkonlu odalar doldu sürekli alt kat odaları verme eğilimi ısrarla birde geceden başka yere bakalım zaman mesajıyla havuza bakan balkonlu oda boşalmış oldu iptal edildi tekrar planlandı tarzı söylendi tatil süresince alt katta kalmadık tavır hoşuma gitmedi dışında dediğim genel güzeldi
Ayka Otel,sefa aslan,tr,misafirperver müşteri dostu harika işletmecileri tertemiz otel kahvaltıları leziz konum denize dakika yürümede azmak nehrine uzak ilaçlamayla baş edilmez dönemlerde sivri sineklerden korunmanızı sağlıyor i̇şletmecisi esra hanım güleryüzü yardımseverliğiyle tatilimizi güzelleştirdi
Ayka Otel,meltem yurtbekcisi,tr,oteli akyaka giderken yolda bulduk tesadüfen aradık yer söylediler vardığımizda odayı görmek istedik son oda kalmış alt katta kadarını beklemiyordum odaya girince beğendik hemen tuttuk beyaz sabun kokusu yer tertemiz kahvaltısı süper lezzetli otoparkı bulunması akyaka harika durum sahile yakın beğendik teşekkür ederiz herkese tavsiye ederiz
Ayka Otel,Meltem Güner,tr,mis doğada çiçekler içinde tertemiz otel odamız son derece konforluydu nefis açık büfe kahvaltısı misafirleri ismiyle hatırlayan güleryüzlü hizmet veren esra hanım personele teşekkür ederiz akyaka tercihimiz olacak
Ayka Otel,Alper Karakaya,tr,günlük konaklamamız boyunca ufak olumsuzluk karşılaşmadık otelin konumu denize dk yürüme mesafesinde yeşillikler arasında oda temizdi çalışanlar güler yüzlü yardimseverdi yolumuz tekrar akyakaya düşerse ayka hoteli düşünmeden tekrar tercih ederiz
Ayka Otel,Selin İçgören Kıran,en,beautiful place stayed one night wish could stay rooms clean gorgeous view breakfast buffet delicious hotel staff nice kind see next year ayka
Ayka Otel,monica anderson,en,lovely little hotel room fine looked onto wall one night would asked change longer room spotless air conditioning fridge kettle included pool small lovelylocation fab couple minutes beach lovely beach thing disappointed breakfast told went breakfast things available took till till everything laid dont know bad morning day
Ayka Otel,Monica Mader,en,small rooms noise transfer bedding turkish style light top blanket location made hustle en route nice footpaths swimming holes nice staff
Ayka Otel,chris barrow,en,definitely back breakfast die lovely little family run hotel went april pool filled imagine pool garden would lovely easy walk town
Ayka Otel,Ali R. AKIN,en,ayka hotel hidden gem akyaka friendly staff clean rooms delicious breakfast perfect location near beach restaurants highly recommend
Kerme Ottoman Palace,Abdullah Taşdemir,tr,i̇ş seyahatim sonrası otelde günlük konaklama fırsatım genel deneyimlerimden bahsedecek olursak otel azmak nehrinin sıfır konumunda yer almakta otele giriş yaptığımda gece vakitleri sebebiyle lobide çalışan personele çay içebileceğim yer sormuştum otelin hizmeti olmadığını size özel çay demleyebileceğini söyledi müşteri memnuniyeti aldı otelin konsepti güzel kahvaltı oda temizliğinin üzerinde durulması gerektiği kanaatindeyim otel çalışanları alakalıydı teşekkür ediyorum
Kerme Ottoman Palace,Seda Mert Saz,tr,ağustos eylül arası konaklama fırsatı bulduk otele yoğunluk akyakaya yoğunluk fazlaydı oteldeki personel eksikliği yoğunlukta ekstra dikkat çekti otele giriş yaptığımızda odanız temizlik kokuyor olabilir giriş yaptık odaya girdiğimizde nem kokusu karşılamıştı klozete hususi temizlenmiş kağıdı konulmuştu içerisi pisti hemde kıllar banyo temizlenmemişti havlu değiştirilmişti günlük lira verdiğimiz bi otelden temizliği görmek mutlu etmedi buzdolabının buzluğu kırıktı dolabı açtığımızda ekstra uğraşıyoduk ertesi gün sabah da denize giderken oda temizliği istediğimizi belirttik akşam odaya geldiğimizde odamız temizlenmemişti i̇lk önceliği çıkış odalara tanıdıklarını söylediler odadan çıkış saati sorunları söylemek karşımızda yetkili birisini bulamadık otoparkı deniliyor sözde otele otoparka günübirlik gelenler park müşterileri park yerini kullanamıyor kahvaltısı güzel zengindi konumu güzeldi gecelik uygun fiyata güzel yerlerde kalınabilir
Kerme Ottoman Palace,Semra Demir,tr,i̇lk otelde tiksinerek mecburen uyudum otel berbat temizlik odaya girdiğinizde duvarda öldürülmüş sivrisinek izleri değiştirilmemiş lekeli çarşaflar banyodaki gider tıkalı yer küf duş almak isterseniz ayak bileklerinize su sifon kırık sineklikler yırtık avizelereki örümcek ağları tozlarıda görünce geldim diyorsunuz asla asla tercih sebebi olamaz bi güne otel pansiyonda kaldım pis olanını görmedim havuzda temizlenmiyor sanırım içinde sayısız yabancı cisim cümle özetlersek paranla rezil istemiyorsan tercih edilmez hijyen sıfır
Kerme Ottoman Palace,Zeki D.,tr,otel fiyasko resepsiyondaki yasin kardeşime üzerinden veriyorum inanılmaz yaklaşım konuşmaya sahip otele fazla giriş yaptığımda rezervasyon biriminin son kalan odayı ayırdığı söylendi yerleştim oda kapı kulpundan belli içeride telefon küçücük oda rahatsız oldum yasin kardeşim farklı odaya aldı oranında banyosu akıyormuş sorun dedim yardımcı sonuçta sabah kahvaltı indiğimde kahvaltının başlayacağı söylendi is seyahatinde olduğumdan erkenden yapmam lazım bekledik misafir geçe girdik hala yükleniyordu kahvaltılar beyfendinin çıkıp başlıyor kahvaltı bekleyince rahatsız oluyoruz dedi bizde denildi desekte umursamayıp rahatsızlığını dile getirip gitti orta yaşlarda adamdı çok terbiyesizceydi genel anlamda rezildi diyebilirim gecelik binin üstünde ödeme yapıldı i hak etmiyor
Kerme Ottoman Palace,Serpil Mutlu Kırlı,tr,temizliğe önem veren oteli tercih etmesin şimdiye kaldığım otellerden pis olanıydı rahatsız edici olanı banyonun pis küflü havasız eski başka pis bakımsız başka konu günlük rezervasyonumuzu günde tamamlayıp otelden çıktık hayal kırıklığı zaman kaybı oteldeki personel sayı yetersiz işe koşmaktan yorulmuşlar belli resepsiyondaki arkadaşı elinde tamir aleti yeri tamir ederken tabakları taşırken görebilirsiniz temizlik personeli yerleri süpürdüğü süpürgeyle masa üzerindeki kırıntıları süpürebiliyor günde şahit oldum otel konum akyakanın güzel yerinde yere yürüme mesafesi diyebilirim
Kerme Ottoman Palace,M A,en,akyaka packed weekend hotel calm staff welcoming helpful sleep quality good little bit old recognise clean breakfast good good spot day two getaway perfectly situated hotel
Kerme Ottoman Palace,No Name,en,ate margherita pizza place wasn’t tomato basil served pastry pizza prefer eat place
Kerme Ottoman Palace,salih karagoz,en,nice detailed decoration based ottoman style everyday may notice new beautiful details ceilings chairs lobby great history lovers great location river beach quite enough sleep well nice beds friendly people nice pool mountain view loved great breakfast recommendations please fix restrooms dont fit nice hotel disgusting bathrooms maintenance overall ottoman means look like ottoman style necessarily old used serve dinner would love go back despite downsides
Kerme Ottoman Palace,tugba balci,en,reserved rooms paid deposit due forest fires cancelled reservation request deposit back hotel staff said dont reservation make payment still chasing money stay somewhere else save depozito ödedik ama hala geri almaya çalışıyoruz sakın sakın kendinize yazık etmeyin gidin kamp kurun kafanız rahat eder
Kerme Ottoman Palace,Idetek UK LTD,en,obviously time passed hotel hotel getting older necessary maintenance keep good condition staffs like robot forget smilling face even eye contact saying hi good morning cleaning low find cigaret disposal flower basket balcony breakfast quite poor comparing price lighting room awful thanks restaurant along azmak river despite costs saved time akkaya ergin
Alp Suites Lavanta,Kerem Köylüer,tr,otel güzeldi sahile yürümeniz gerekmiyor odalar kaldığımız yer rahattı puan olmasının nedeni odamdaki klimanın çalışmakta güçlük çekmesi su akıtması çıkış saatinin bilmediğimiz geç kalmıştık hızlı çıkmamız müşterinin geldiği söylendi çıkış saatini bakmamızı istediği yerde giriş saati yazıyordu bilmem farkında giriş saati te yapılıyor
Alp Suites Lavanta,Aleyna Güner,tr,kız arkadaş konakladık fazla alp suites lavantada resepsiyon yüzden aramanız gerekiyor girmeden bekletmeden geldiler temizdi rahat ettik ihtiyacımız olduğunda rahat ulaştık hemen ilgilendiler kişi salonda koltukta yattı rahat söyledi i̇htiyacımız yokuş merkezden dönüşte rahatlıkla yürüdük yere çamaşır teli değişebilir birazcık pas yapmış dışarıda kalmaktan doğal idare ettik
Alp Suites Lavanta,Doruk,tr,konum akyaka sahilden yokuş yukarı yürümeniz gerekiyor fazla uzak otopark sıkıntısı otelin önündeki sokağa park edebiliyorsunuz otelden sorumlu kişi ilgiliydi şeye ihtiyacınız zaman hemen geliyor odada adet klima serin çıkış saati otellere erken çıkış yapacağınız gün saat odadan ayrılmış olmanız gerekiyor
Alp Suites Lavanta,Recep Taha,tr,hizmetiniz i̇çin teşekkür ederiz güler yüzlü çalışanlarınız hizmetiniz konumunuz harika odalar özenle temizlenmiş konumu gerçekten harika yıldızı hak ediyorsunuz teşekkürler
Alp Suites Lavanta,sirius,tr,hijyen hizmet kaliteli sahile yürüme mesafesinde süper pişman olacağınız yer değil kesinlikle
Alp Suites Lavanta,Vladimir Zlatov,en,modern comfortable apartments far beach main street bars restaurants quiet place host friendly responsive would definitely come back
Alp Suites Lavanta,Mücahit Uçkun,en,clean new rooms close beach
Alp Suites Lavanta,Kerem Köylüer,en,hotel nice everything dont walk beach rooms place stayed comfortable reason points air conditioner room difficulty working leaking water late know checkout time told customer come could leave quickly checkin time also written asked us check checkout time dont know aware checkin time done
Alp Suites Lavanta,Aleyna Güner,en,stayed three girlfriends one alp suites reception lavanta call entering came without waiting clean felt comfortable needed something able reach easily took care us immediately one person slept sofa living room said comfortable things needed bit hill way back center walked everywhere easily laundry wire could change made little rust left outside naturally managed
Alp Suites Lavanta,Doruk,en,terms location walk little uphill akyaka beach far parking problem park street front hotel person charge hotel attentive comes right away need something cool air conditioners room checkout time earlier hotels must leave room oclock day check
Keramos Pansiyon Akyaka,Ekim Ayçiçek,tr,günlük konaklama deneyimimiz nehirin yanında plaja dk yürüme mesafesinde harika yer havuzu yeterli derinlikte güzeldi odalar çiçek tertemiz kusur bulamazsınız i̇şletme sahiplerinin tavırlarından otele akrabamın evinde konaklamış hissettim kesinlikle tavsiye ederim
Keramos Pansiyon Akyaka,Eda Nur ARSLAN,tr,burayı tercih etmemizin sebebi temizliği ön plana çıkmasıydı geldiğimizde gördük gerçekten temiz işletmeydi rahat ettik havuzu yeterliydi azmak nehrine 5dk halk plajina 10dk yürüme mesafesinde etrafında büfe market i̇htiyaçlarınızı giderme noktasında zorluk çekmiyorsunuz güvenlik açısından içimiz rahattı i̇şletme sahipleri fatma teyzeye i̇lhan amcaya kaan beye gösterdikleri nezaketten samimiyetten anlayışlarından ötürü teşekkür ederiz
Keramos Pansiyon Akyaka,Sati Demirtas,tr,odalar temiz düzenliydi mutfak kısmında ihtiyacınız mevcut denize yakın yürüme mesafesinde sıklıkla tercih ettiğimiz apart apart sahipleri sıcakkanlı insanlar özellikle kaan beye ilgi alakasından teşekkür ederiz
Keramos Pansiyon Akyaka,Engin Aşam,tr,gezerken şans eseri bulduğumuz yerden memnun kalarak ayrılacağımı düşünmezdim odalar temiz eviniz hissetmeniz düşünülmüş aile yeri balkonları geniş odasında çift kişilik yatak odasında tane açılır çekyat mevcut nevresimler yastık kılıfları tertemizdi konumu azmak nehrine dk yürüme mesafesinde yakınında market var önünde otoparkı var sahibi i̇lhan bey resepsiyon görevlisi kaan bey güler yüzlüler müşteri misafir davrandılar kesinlikle fırsatçılık yapmayan hakkı alan işletme tutumlarından teşekkür ediyorum
Keramos Pansiyon Akyaka,Ezgi Shaw,tr,eylül başında gün keramos apartta kaldık odalar temizdi aile yeri güler yüzlü yardımseverdi havuz temizdi merkezi baya lokasyon süperdi gideceğiz kaan beye teşekkürler
Keramos Pansiyon Akyaka,Ekim Ayçiçek,en,day accommodation experience great place minutes walk beach next river pool nice sufficient depth rooms clean flower cannot find single flaw due attitude business owners felt staying relatives house rather hotel definitely recommend
Keramos Pansiyon Akyaka,Eda Nur ARSLAN,en,first reason chose place stood cleanliness arrived saw really clean business felt comfortable pool sufficient minutes walking distance azmak river minutes walking distance public beach many kiosks markets around difficulty meeting needs also comfortable terms security would like thank owners business aunt fatma uncle i̇lhan mr kaan kindness sincerity understanding
Keramos Pansiyon Akyaka,Sati Demirtas,en,rooms clean tidy everything need kitchen close sea within walking distance apartment often choose apartment owners friendly caring people would especially like thank mr kaan interest interest
Keramos Pansiyon Akyaka,Engin Aşam,en,never thought would leave place found chance traveling rooms clean everything thought make feel like home perfect family place double bed one room large balcony sofa beds room bed linens pillowcases immaculate location minute walk good azmak river market nearby also parking lot front owner mr i̇lhan receptionist mr kaan friendly treated us like guests customers business engage opportunism gets deserves would also like thank attitude
Keramos Pansiyon Akyaka,Ezgi Shaw,en,stayed keramos apart days beginning september rooms clean since family place everyone friendly helpful pool also clean center quite good location great go thanks kaan bey
Hamle Hotel,Mustafa ŞAHAN,tr,dün yazmıştımda adet olmuş yanlışlıkla ikisinide silmişim otelin konumu temizliği personeli harika gün kaldım kişi çocuk otel sessizdi ful dolu olamsına inanın kahvaltıda görebiliyoruz i̇lk gün tesepsiyona sıvı sabun eksilmiş dedim deniz dönüşü sıvı sabunu tamamladıkları duş başlığının kenarından su akıtıyordu söylememiştim onuda yenisiyle değiştirmişlerdi kahvaltıda yeşil zeytin beğenmiştim personel arkadaşa sordum tedarik edebiliriz hemen müdürlerine sormaya gitti müdire hanım canan hanımı mutfağa giderken gördüm sonrasında yanımıza gelerek resepsiyona adresinizi bırakın kargo göndericem size dedi gitti aradan dk geçmedi elinde bir kavanoz hazırlanmış zeytin getirdi çok çıkış günümüzdü mutlu jestiyle teşekkürler kahvaltıda yan masanın tabaklarını toplayan personel cemal bey ismini sordum teşekküre tmekiçin tabakları toplarken müşteri anda dönüp kekmekte getir oğlum dedi oğlu olmadığını anlayınca cemal beyde bende oğlunuz sayılırım getiriyim ekmek demesi hoştu samimi ilgililer sağolsunlar uzattım anektotlar önemlidir bende yorumlara bakıp önemsiyorum sonrakilerin işine yarar umarım teşkkürler hamle hotel
Hamle Hotel,Hüseyin Akif Sak,tr,otelin yönleri temiz oluşu konumunun oluşu sakin oluşu ara başka konaklayan yok mu düşündük havuzda tertemizdi kahvaltı yeterliydi bence çalışanlarda işini ciddiyetle yapan insanlar asansörsüz bilerek satın aldım üzen baharda satın almama anki fiyatından ödemiş olmamdı genel akyakadaki konaklama fiyatları yerlere yüksek
Hamle Hotel,Damla Narin,tr,merhabalar kişi gece kaldık konumu hizmet anlayışları gerçekten iyiydi butik otel konumu otelin düzeni çok merkeze çok yakin nehre plaja çok yakin havuzu tertemizdi çalışanlar çok anlayışlı güler yüzlülerdi otelin resimlerden çok güzel söylemek isterim çok ta sakin dinlendirici bahçesi çok memnun kaldık herşey teşekkür ederiz
Hamle Hotel,Esra Rüzgar,tr,gece kaldık aile odasında kaldık oda otele büyüktü wc kapısında dil yoktu havlu sıkıştırarak kapattık akşam kahve içmek istedik olumsuz yanıtla karşılaştık garipti çarşıya çok yakın yürüme mesafesiydi bırde kahvaltısı çeşit doyurucuydu orta halli konaklama
Hamle Hotel,Onur Erden,tr,rezervasyon yapmadan yorumlara baktım olumsuz yorumlar kafamı karıştırdı rezervasyon yaptım ailemle geldiğimiz hamle hotelden memnun ayrıldık heryer tertemizdi personel ilgiliydi havuz pırıl pırıldı kahvaltı yeterliydi ürünler tazeydi canan hanım personele teşekkür ederiz geleceğiz öneririz
Hamle Hotel,Mohammad Majumder,en,booked economy room included breakfast experience good breakfast average repetitive every day lift carry two small two large pieces luggage third floor one staff member helped us one large bag rest manage service poor asked table one staff member told us room old clean didnt clean every day change towels regularly someone values hygiene aware bathroom quite dirty lacked shower gel requested cleaning second day receptionist told us would clean two days despite us paying every night positive aspect location everything else lacking economy room outdated made poor materials cleaning service inadequate breakfast subpar couple staff members seemed unhelpful indifferent
Hamle Hotel,Zülfü Altungök,en,made reservation hamle hotel hotel  unfortunately faced issues due staffs lack professionalism however hotel manager ms canan professional kind patient understanding pleasant made us overlook shortcomings provided us necessary treats made things easier us honeymoon couple made us happy pool beautiful one best akyaka swim pool without goggles without hurting eyes enjoy pool comfortably without overwhelmed chlorine swimming sea entering pool provides great comfort relaxation normally never swim pool without goggles swim pool hamle hotel definitely place tried given chance many areas improve open development highly recommend giving chance would especially like thank hotel manager ms canan great holiday ‍
Hamle Hotel,Nadia Sofinskaya,en,stayed two times personnel nice theres pool breakfasts great cleaning three days considering modest price great accessibility town centre restaurants minor inconvenience
Hamle Hotel,Fatty Tuna,en,staying every time come kite closest get want walk kite spot min walking cross river ignore loads garbage left behind tourists hotel everything need quiet small pool offers turkish breakfast eggs cheese veggies sweets
Hamle Hotel,Mohamed Mostafa,en,gave us bad back room seen view old furniture organized put luggage next day replace room pool view room refurnitured one internet working part hotel replaced room near recipients wifi working gave us gifts check little bit far see shops staff youth little experience one recipient arrived taking ages answer phone small old inch tv
Alp Suites Mandalin,Cem Sungur,tr,mandalin lavanta suistslerinde konaklama yaptım toplamda gece kaldım mekan tertemiz ev konforu dolu plaja yüzülebilecek konumlara mesafesi yürüyerek dakika arasındaydı sabah denize girip şezlonga yerleşip eve gelip alıp tekrar şezlonguma dönebilecek konum i̇htiyacım buydu suitin çeşmeleri sorunsuzdu duş almak kolay keyifliydi i̇şletme sahibi anlayışlı çözüm odaklıydı teşekkür ederiz gelsem kalırım
Alp Suites Mandalin,W3rzs,tr,güzeldi gittiğim gün gerçekten memnun kaldık yatak kalitesi eşyaların temizliği herşey muazzam
Alp Suites Mandalin,Rialsigma,tr,odalar temiz ferah hizmet iyiydi çalışanlar saygılıydı gece kaldım fiyatı uygundu
Alp Suites Mandalin,Tuğba Kablan,tr,yere yürüme mesafesinde önceliğinizse akyaka ev konforu sağlayan işletme kaldığımız suit temiz özenle tasarlanmıştı güvenle konaklayabilirsiniz
Alp Suites Mandalin,Omer Kafli,tr,muhteşem konaklama ailenizle güzel tatil güzel konaklama yapabileceğiniz mekan tavsiye ederim
Alp Suites Mandalin,Yiğit Can Kazanç,en,spent days family years old daugther loved stay owneroperator ver responsive quick always aims highest quality even provided brand new iron asked house bit compact small air condition every room living room also dont spend much time inside house vacation also location pretty close beach centrum literally walk minutes everywhere free parking spot inside garden one negative side find cleanliness improved its like needs improvement sink bathroom stylish easy use thansk stay recommend hope come back next year
Alp Suites Mandalin,Дарья Макарова,en,stayed apt nights new years holiday great beautiful bright useful flat everything working air conditioner ok heating night potbelly stove cosy evening friendly nice manager
Alp Suites Mandalin,NKW RB,en,nice duplexbut improve cleaning bit deserve star rating
Alp Suites Mandalin,Денис,en,nice place spacious rooms room fireplace prepared call receptionist phone arrive phone number sign name hotel
Alp Suites Mandalin,Utku,en,cozy interior design flaws spotted much noise neighboring rooms close proximity bars much noise nights wifi pretty slow table balcony large enough people
Tuna Otel,Haşim Gökgöz,tr,otel harika denecek düzeyde danışmadan kumral uzun saçlı hanım asık suratlı odalar ses yalıtımlı banyo wc temiz yeni yatakları rahat merkeze uzak dk marmarise
Tuna Otel,Aziz Cevahirli,tr,odaları düzenli konforlu çalışanları aşırı açık büfesi hijyenik lezzetli kaliteli otel
Tuna Otel,Nilay Yurdagelen,tr,i̇ş seyahatim konaklama yaptığım tuna otelden memnun ayrıldım özellikle personel arkadaşların rica etmiş olduğum konuda ekstra yardımcı olmaları seyahatimi rahat geçirmemi sağladı özellikle neşe hanıma teşekkür ederim sık seyahat bence otel konumu odaları kahvaltı seçenekleri yeterli
Tuna Otel,habip SÖZÜER,tr,hizmet güleryüz hijyen teşekkür ederiz kapının önündeki siyah dubalar kaldırılır güzel girişi dar
Tuna Otel,Berfin Gerger,tr,tuna otelde gün kaldım memnun kalmadım güler sıfır muğla tuna otel
Tuna Otel,S Aslam,en,checked morning really nice clean hotel spacious rooms good location edge muğla easy get away checkout safe car parking would given breakfast bit let staff excellentvery helpful
Tuna Otel,I_HKY,en,good room lil bit smaller pictures dunno wheres room located rooms  like
Tuna Otel,Volkan DELI,en,rooms ok clean comfortable breakfast meals could better well served
Tuna Otel,hamad alhajeri,en,nice clean hotel stayed one night
Tuna Otel,Ashraf Moussa,en,good location spacey rooms modern decoration poor breakfast
Otel Arın,IRmak FATURA,tr,i̇şletmecileri insan evladı ülkemizde insanlardan kaldı oteli yolda aramama olabilecek güzel odayı vermişler genelde tatil beldesi otelleri odalarını kakalar geç saatte geldim işletmeci gitmeden klimayı açmış odamı havalandırmıştı odam tertemiz ferah dekorasyona sahip otelden ev yatağım rahat i̇lk kez otele ödediğim paraya üzülmüyorum i̇şletmeciye teşekkür etsem az saatler süren yolculuğun yorgunluğu atılabilirdi
Otel Arın,Halil Ozan Özkök,tr,ölçekte konaklama beklenebilecek olanaklar fazlasıyla sağlanıyor güzel balkonlu odalarından birinde kalmak keyifliydi
Otel Arın,Emre Işık,tr,kız arkadaşımla beraber gece konakladık konumu gerçekten olabilecek güzel yerde odaların temizliği harikaydı gönül rahatlığıyla konaklayabilirsiniz
Otel Arın,Nur Çiloğlu,tr,konum mükemmel çarşının cafelerin hemen dibi otel güzeldi gece konakladık temizdi sahibi tatlı biriydi uygun fiyatlı güzel
Otel Arın,Gamze,tr,akyakanın merkezinde gece konakladığımız otel bölgede kaldığımız temiz otel aynı zamanda gerçekten konumu temizliği misafirperverlikleri puandan fazlasını hak ediyor
Otel Arın,IRmak FATURA,en,managers truly human beings people left like country even though looked hotel road gave best room possible usually resort hotels poop rooms arrived late manager turned air conditioner ventilated room left room clean spacious like home hotel bed comfortable first time dont regret money paid hotel cannot thank operator enough way relieve tiredness journey lasted hours
Otel Arın,Halil Ozan Özkök,en,facilities one would expect accommodation scale provided excess enjoyable stay one rooms beautiful balcony
Otel Arın,Emre Işık,en,stayed girlfriend nights location truly best place possible cleanliness rooms great stay peace mind
Otel Arın,Nur Çiloğlu,en,location perfect right next market cafes hotel nice stayed one night clean owner also sweet person nice affordable
Limon Apart,Sibel Filiz,tr,akyakaya geliyoruz tesadüfen bulduğumuz limon apartta tekrar konaklamayi isteriz yatakları yuvarlak oda çarşaflar tertemiz sade zevkli büyüleyici dekorasyonu teras odada kaldık denizi avucunuzun içinde hissedebileceğiniz romantik ortamı özlem hanıma güler yüzü misafirperverliği teşekkür ediyoruz gönülden tavsiye ederiz
Limon Apart,Seda Gökçe,tr,akyakaya geldim ikinci günümüzde şanslıydık limon apartı bulduk tekrar gelirsem arayışa girmeden direkt geleceğim yer temizliği odaların özenli güzel dizaynı konumu ideal özlem hanıma güler yüzü tatlı dili teşekkür ederiz
Limon Apart,Aykut Büyükaydin,tr,son derece güzel nezih ortam oda içeriği tertemiz yeniydi terasta manolya isimli odada kaldık manzarası harikaydı araç park alanları bulunuyor güleryüzlü hizmet teşekkürler
Limon Apart,ÖZLEM HAKLI,tr,giriş katta sandal isimli odada yetişkin çocuk 10y 4y kaldık oda temizdi yuvarlak yatak büyüktü koltuk genişti güzeli odanın dışında kullanabileceğimiz masa yemek alanı azmak nehrine markete araba indik yürüyerek uzak fiyatına memnun ayrıldık
Limon Apart,Sibel Deniz,tr,akyakanın güzel apart oteli diyebilirim eşimle gece kaldık görüştüğümüz hanımefendi naif kibardı odamız internetteki fotoğraflarla birebirdi yatağı otel konforunda rahattı oda o kadar güzel temiz rahat kullanımlı bi odaydı ki müsaitliği olsaydı gece kalmak istediğimiz bi yer memnun kaldık kesinlikle tavsiye ediyorum işletmesine teşekkür ederim güzel kullanım alanı sağladıkları harikasınız
Limon Apart,Bas Osman,en,room splendid extremely clean nice sea view price realy correct breakfast two points share one appartment high city thus walk quite bit sea second asked owner possible leave appartment around 6pm flight tickect said check max 30pm even season working days half hotel totally empty
Limon Apart,Valerija Buric,en,great apartment nice really helpful owner pleasant stay cats peeking windows hard get used plus cat lovers proximity center nice definitely would recommend
Limon Apart,Kralina Jewellers,en,friendly land lady clean stylish rooms quite spacious recommended
Limon Apart,Vinzenz P,en,flexible helpful looking forward book
Limon Apart,Sibel Filiz,en,coming akyaka first time would love stay limon apart found chance beds round room linens clean decoration simple tasteful charming stayed terrace room romantic atmosphere feel sea palm hand would like thank ms özlem smiling face hospitality recommend wholeheartedly
Hotel Grand Azmakhan Spa & Wellness,Onur Turgut,tr,i̇şim gereği haftanın günü seyahatteyim otelde kaldım boş otel görmedim boş müşteri anlamında düşünmeyin hizmetlerinde büyük boşluklar odaya girdim üçüncü katta kalıyordum balkondan içeriye kedi girmeye çalıştı hadi kapıyı kapattım i̇nternete bağlanayım dedim ortada şifre gece duş alayım dedim sıcak su resepsiyonu arıyım dedim telefon soğuk soğuk duş aldım sıcak içeyim dedim odada su kettle bardak kaşık kahve çay kahvaltıya indim dışarıda yere oturdum kahvaltım geldi çay almaya gittim baktım tane kedi kahvaltımı benle paylaşıyor anlayacağınız hizmet konusunda sıkıntılı otel
Hotel Grand Azmakhan Spa & Wellness,Faruk Yılmaz,tr,salı girişli perşembe çıkışlı grand hotel azmakhan spa and wellness oteline rezervosyonumuz odaya giriş yaptığımızda yatakta karınca belirdi gözümüze problem etmedik akşam yatacağımız sırada karıncalar fazlalaştı yatağın belirli bölümlerini sardı resepsiyonu arayıp oda değişikliliği talebinde bulunduk beyefendi arkadaşımız odayı kontrol edeceğini söyledi odaya geldiklerinde başka odamız kalmadı iade yapamayacaklarını söylediler ellerinden gelen çarşaf değiştirmek süpürge temizleyen arkadaş odalar normal bahçe katı geliyorlar dedi otel sitelerine belirtselerdi karıncalı odalar diye temizleyip gittikten tekrar ortaya çıktı karıncalar tatil zehir km yol gelip hayal kırıklığı yaşadık otel üzerinden oteli satın aldık acenteye şikayeti bildirsekte onlarda yardımcı olmadılar
Hotel Grand Azmakhan Spa & Wellness,Aybegüm Karakurum,tr,kahvaltı standart heryerde şekilde personeller herhaldeçok fazla konuşmuyorlar konuşmadık desek yeridir lokasyon ciddi park yeri sorunu odada tuvalet kağıdı bitti tuvalet kağıdı istedik geldi nedeni soruldu komik odamız köşe odaydı perde lekeliydi dökülmüş belli yeni leke temizlenme zahmetine girilmemiş yastık kılıfımda kıllar vardı iyiki yanimda kendim getirmişim odanın balkon teli yırtıktı baya hemdea çamadık sinek problemi genel azmak kenari olduğu için duvarda örümcek ağı temizlenmemiş ben geçirmişim açıkçası gelmem
Hotel Grand Azmakhan Spa & Wellness,Onursal Ozbek,tr,küçük dar odalar son derece kaba ukala personel ekstra kahvenin bedelini resepsiyonda barda almak istediler i̇tiraz edince küfür yemediğimiz kaldı akyakada otelde kaldım kötüsü diyebilirim
Hotel Grand Azmakhan Spa & Wellness,rabia gülaçtı,tr,bugün otelinizde yaşadığım deneyimle memnuniyetsizliklerimi dile getirmek istiyorum otelinizin müşteri memnuniyetine yeterince önem vermediğini durumun müşteri deneyimimizi olumsuz etkilediğini üzülerek belirtmeliyim yaşadığımız sorunlar otelinizin kurumsal yapısındaki aksaklıkların sonucu çözülmeden müşterilere yansıtılmıştır tür sorunların çözümü öneri telafi teklifi sunulmaması yaşadığımız hayal kırıklığını derinleştirmiştir otelden beklentimiz konaklamamız sırasında oluşabilecek aksaklıkların hızlı etkili şekilde çözüme kavuşturulmasıdır otelinizin konuda yetersiz kaldı müşterilere karşı anlayışlı çözüm odaklı yaklaşım sergilenmesi gerektiğini düşünüyorum otelinizde geçirdiğimiz zamanın beklentilerimizi karşılamaması hayal kırıklığına uğradık
Hotel Grand Azmakhan Spa & Wellness,Baris Kahraman,en,nice place nice location
Hotel Grand Azmakhan Spa & Wellness,Onur Turgut,en,travel almost every day week job ive stayed many hotels never seen hotel empty one say empty dont think terms customer huge gaps services entered room staying third floor cat tried enter balcony come closed door tried connect internet password wanted take shower night hot water things happen thought id call reception phone either took cold shower thought id drink something hot water kettle cups spoons room neither coffee tea went breakfast sat somewhere outside breakfast arrived went buy tea saw three cats sharing breakfast see problematic hotel terms service
Hotel Grand Azmakhan Spa & Wellness,Faruk Yılmaz,en,reservation grand hotel azmakhan spa wellness hotel tuesday checkin thursday checkout entered room ants appeared bed didnt mind going bed evening ants increased number covered certain parts bed called reception requested room change gentleman friend said would check room came room said another room could give refund could change sheets vacuum friend cleaned said come rooms normal garden floors wish stated hotel websites rooms ants cleaning leaving ants appeared holiday poisoned came km away disappointed bought hotel otelz even though reported complaint agency help either
Hotel Grand Azmakhan Spa & Wellness,Aybegüm Karakurum,en,breakfast standard standard everywhere guess staff good dont talk much fact safe say didnt talk location good serious parking problem room ran toilet paper asked toilet paper times arrived asked funny room corner room curtain stained new stain shed us effort made clean hairs pillowcase im glad brought balcony screen room torn couldnt open flies general edge spider web wall hadnt cleaned ive seen obviously wont come back
Hotel Grand Azmakhan Spa & Wellness,Onursal Ozbek,en,small cramped rooms extremely rude arrogant staff wanted charge cost extra coffee reception bar objected receive swear words stayed many hotels akyaka years say worst
Akyaka Villa Marine Otel & Restoran,Kelebegin Isleri,tr,akyaka villa marine otelde geçirdiğimiz gece beklentilerimizin ötesindeydi hijyen sunduğu olanaklar açısından son derece memnun kaldık odalar tertemizdi özenle hazırlanmıştı otelin hijyen konusundaki hassasiyetini gösteriyor lokasyon otel akyakanın sakin huzurlu atmosferinin ortasında yer alıyor denize yakın çevredeki doğal güzellikler tatilimizin keyfini artırdı otelin büyük artılarından çalışanlarının güler yüzlülüğü yardımseverliği özellikle berfin hanım tatlı samimi tavırlarıyla konaklamamızı keyifli hale getirdi sorumuza çözüm bulmak içtenlikle çaba gösterdi yunus emre beye özel teşekkür etmek isteriz konuda yardımcı tatilimizin sorunsuz geçmesini sağladı akyakada sakin huzurlu tatil arayanlar villa marine oteli gönül rahatlığıyla tavsiye ediyorum otel olanakları çalışanların misafirperverliği sayesinde unutulmaz deneyim yaşadık i̇lk fırsatta tekrar konaklamayı düşünüyoruz
Akyaka Villa Marine Otel & Restoran,İlhan Kazgan,tr,şanslıymışız düşündük aklımız buraya yönlendirdi muhteşem konaklama yaşam alanı güzel tatilimizi anılarımızı huzur emniyet içinde yaşadık sevgili işletme sahibi pınar hanım ekibiyle beraber ruhumuzu bedenimizi besledik pandemiyle beraber gelişen evden çalışma modeline uygun merkez burayı seçersenizyakın güzelliklere ulaşmak güzel seçim azmak deresine yakın muhteşem manzara büyük yüzme havuzu eğitimli nazik güleryüzlü çalışkan personel işletme sahibinin nezaket zerafetini yansıtıyor kahvaltı mükemmelçocuku aileler yüzme havuzu oyun alanları doğa mükemmelruhunuzu beslemek istiyorsanız aç gidin derim restaurant müdürü arzu hanım mutfak çalışanı berfin hanımla bahçıvanımızla sıcak karşılayan resepsiyonist arkadaşımızla çalışanlarla güzel anılarımız görevlerinin yanında dostlukları arkadaşlıklarıyla mutlu olduk mimari yapı tasarım işletme anlayışı harika fiyatlar uygun benzer deneyim yaşamamıştık mutluyuz sonsuz teşekkürler i̇nşallah tekrar geleceğiz sevdiklerimize tavsiye ediyoruz başarılarının devamını dileriz
Akyaka Villa Marine Otel & Restoran,Selmy Selo,tr,otelin konumu sakin yerde sıcak samimi ortamından yazlık evinize gelmişsiniz hissediyorsunuz odalar temiz balkonlar ferah kahvaltı çeşidi zengin önemlisi ekip son derece güler yüzlü akşamları havuz başında oturup manzaranın keyfini çıkarabilirsiniz herkese tavsiye ederim minik teşekkür notu otelden çıkış yapacağımız gün soğuk algınlığından rahatsızlanmıştım otel ekibi yardımcı yardımseverliklerinden akyaka villa marine otel ailesine sonsuz teşekkürlerimi iletiyorum
Akyaka Villa Marine Otel & Restoran,Erhan Kirmizitoprak,tr,odalar son derece temiz hijyenik kahvaltı sıcaklar gün değişti reçeller ev yapımı otel sahipleri bizimle aynı kahvaltıyı yapınca çocuklarına yedirince içimiz rahatladı samimi sıcak bi ortamı personel güleryüzlü özellikle suna berfin hanım ilgiliydiler özellikle teşekkür ediyorum evlilik yıldönümü almıştım keyifli huzurlu bi haftasonu geçirdik marine otel ailesine teşekkür ederim
Akyaka Villa Marine Otel & Restoran,m gunay,tr,akyaka villa marinede eşimle gece konakladık gerçekten muhteşem deneyim yaşadık otelin manzarası muazzam azmak kıyısındaki konumu sayesinde güzel manzara serin atmosfer sunuyor yere yürüme mesafesinde büyük avantaj otel çalışanları yardımseverdi kahvaltıda yediğimiz lezzetli çeşitler yeterliydi kahvaltıyı salata çeşitleriyle renklendirmelerini gün farklı sıcak hamurişi servis etmelerini sevdim kesinlikle tavsiye ediyorum
Akyaka Villa Marine Otel & Restoran,Nadia Hamidi,en,officially favourite place holiday ive gone twice summer already family already making plans visit next summer summers hotel beautiful wonderful location makes hotel special staff everyone amazing kind attentive felt comfortable happy food great especially breakfast rooms comfortable views incredible pool area perfect familyfriendly definitely visiting hotel thank much making holiday special
Akyaka Villa Marine Otel & Restoran,Sercan,en,thank much osmans wonderful hospitality family memorable time handmade manti turkish ravioli absolutely delicious handmade köfte truly best weve ever felt privileged experience authentic delightful flavors
Akyaka Villa Marine Otel & Restoran,Maskeli Dörtler,en,peaceful place close river
Akyaka Villa Marine Otel & Restoran,Jozef Benoy,en,rooms nice spacious friendly staff beds however use improvement
Akyaka Villa Marine Otel & Restoran,Niu Wang,en,perfect place families kitesurfers friendly staff lovely breakfast go akyakaban villa marine best place recommended
Alp Suites Safran,sirius,tr,fiyat aldığımız hizmete kaliteye göre süperdi eşimle geldik pişman olmadık uyuya kaldığımız için zamanında çıkıs yapamadık rağmen anlayışla karşıladılar
Alp Suites Safran,Ra Mo Peker,tr,geç çıkmamıza izin verildi fiyatları uygun çalışanları güler yüzlü yardım sever günlük haftalık daire mükemmel
Alp Suites Safran,Kenan Beğ,tr,konum hemde hizmet birde diyer yerler dk geldimi hemen kapı calıp hadi çıkın diyen geç çıkmamıza rahmen anlayışla karşıladılar
Alp Suites Safran,Gamze Elveren,tr,gün kaldım mükemmeldi yemek içecek hizmet mükemmel aile yeri memnunuz
Alp Suites Safran,Gizem Bolluk Akel,tr,yeni villaların yapıldığı sessiz sakin bölgede yer alıyor araç varsa lokasyon şahane merkezin kalabalığından uzakta tepeye yer alıyor aracınız tercih etmemelisiniz yakın market vs yürünecek mesafede etrafı açık ferah ferah balkonda oturabiliyorsunuz derece sıcakta klima açmadan uyuyabildik villa katlı katında daire üst katta kaldık nolu daire daire katta kapınızdan girince daireye girmek merdivenleri aklınızda bulunsun yüzden nolu daire tercih edilebilir handikapı arabayı park ettiğiniz yerden bina girişine merdiven falan çocuklu ailelerin dikkat gereken son derece modern döşenmiş yepyeni temiz banyo büyük kolaylık villanın yeterince büyük havuzu genelde kullanmıyor havuz temiz manzara efsane gökova ayaklarınızın altında
Alp Suites Safran,Sal Schmidt,en,beautiful modern stylish accommodation akyaya mulga beautiful coastal town bordered mountains sea creek byzantine homes akyaka another new part turkey us two hours south bodrum alp suites delivered twobedroom apartment perched side hill surrounded mountains beautiful views across valley gökova bay castle currently restored design byzantine yet interior stylish beach house think whitewash floors extensive artwork classic interior styling well equipped cooking home spacious kitchen floor ceiling windows enjoy view short stroll away approximately minutes çay creek beautiful waterside restaurants supermarkets however markets lack fresh produce meat need visit centre town min walk min drive loved views two full showers plenty hot water thing minor cleaning sunbed simply stunning large shared pool length sally enjoyed laps soaked sun apartment better suited car however handled dined twice magical halils place approximately minutes walk walked centre akyaka truly beautiful quaint town full byzantine architecture crystal clear waters birdlife engulfed forest pine trees mountains lovely beach something everyone apartment suited holidaymakers lacked work area us digital nomads work comfortably
Alp Suites Safran,Lana Aksel,en,great boutique hotel opening soon
Alp Suites Safran,sirius,en,price great service quality received came wife regret couldnt check time fell asleep still understood
Alp Suites Safran,Ra Mo Peker,en,allowed leave late prices affordable good employees friendly helpful daily weekly apartment perfect
Alp Suites Safran,Kenan Beğ,en,location service good also unlike places one knocks door tells us get even though left late understanding
villa vali Akyaka Apart,Nihal Güngör,tr,gece kalacağımız bungalov kıraladık temiz sakindi yataklar rahat araba park imkanı ertesi gün gemi turu yaptık akşam arabamızı bırakabildik teşekkürlery ine gelirsek havuz kenarında oda tutarız
villa vali Akyaka Apart,ali deveci,tr,merhabalar akyaka tatil planı yaptığımızda googleden bulup güzel yorumlardan etkilenip burayı tercih ettik kişilik ailemizle aile akyakada ideal ortam temizlik çarşısı yürüme mesafesinde yüzmek azmak nehrine yakın tekrar gelirsem kesinlikle kalırım güzel anılarla ayrılıyoruz akyakadan
villa vali Akyaka Apart,L uyar,tr,villa vali hayatımda unutamayacağım zamanlar geçirmemi sağladı sessizliğin huzurun adresi diyebilirim hijyenik otantik odaları havuzu tertemiz bahçesi konumu heryerden ulaşımı yakın yer güvenlik hizmet kalitesi açısından yüksek apart villa diyebilirim tavsiye ederim teşekkürlerimi sunuyorum saygılarımla
villa vali Akyaka Apart,Cumali Çelik,tr,bungalov kiraladıktan duşa girdiğimizde giderin tıkalı farkettik gideri açmak gelip ilgilendiler anahtar sorduğumuzda anahtarın olmadığını söylediler iademizi alıp çıkış yaptık aynı fiyata yer bulup konakladık
villa vali Akyaka Apart,Melike Müftüoğlu,tr,bağımsız mutfaksız bungolovlarda gece konakladık bungalovlar müstakil girişi verandasında oturma alanı konforlu konaklama sağlıyor odalar temiz bakımlı merkeze yürüme mesafesinde kadriye hanıma teşekkür ediyoruz
villa vali Akyaka Apart,Ayse Kucukyilmaz,en,hotel quite nice well looked family runs lovely location one farthest away beach distances small walk river cool generally satisfied
villa vali Akyaka Apart,Louise Luther,en,although staff welcoming helpful rooms nothing like pictures portrayed small shabby worn hook railing holes sealed haphazardly living room unpainted patches nothing like expected although outside gardens pool luscious lovely relaxing felt severely ripped  night turkey unfortunately son got electric shock loose wiring bedroom sidelights health hazard needs addressed left nights found place much nicer much cheaper
villa vali Akyaka Apart,newyork longislanders,en,tek kelime ile harikaydı perfect totally private two bedroom bath kitchen everything need cook living room balcony table outside balcony breakfast lunch dinner place two pool several patio everyone gathering bunch places property chose anyone comfort ever go back muğla know go
villa vali Akyaka Apart,Krzysztof,en,stayed nights nice room welcoming people thing concerning slightly laud ac hence stars
villa vali Akyaka Apart,Tarkan Yildiz,en,oasis
Carissa Otel,Enes Taha,tr,muğlada kalınacak otel diyebilirim seyahatimizde mutlaka tercih ettiğimiz otel çalışanlar güler yüzlü odalar temiz bahçesi yazları müthiş şiddetle tavsiye ederim
Carissa Otel,Ali Balıkçıoğlu,tr,yeni tesis numarada kaldim çok yüksek tavan ferah geniş odaydı duş tuvalet pırıl pırıldı odada tv karşısında kocaman koltuğun olması evimde hissettirdi klima da  oldukça sessiz çalışıyor otel için bence çok önemli kahvaltı güzel yeterli
Carissa Otel,ERDAL ERDOĞAN,tr,otel şehir merkezine yakın konumu güzel sessiz sakin otel giriş katı standart odalarda kaldık bahçeye açılan sürgülü camları sandalyenizi çıkarıp bahçede oturma keyfine ulaşabilirsiniz otopark sorunu çalışanlar samimi güleryüzlü yardımcı konusunda niyetleri güzel fiyat performans değerlendirmek lazım fiyatına yeterli otel resepsiyon geniş ferah genelde sabit müşterileri belli kahvaltı yelpazesi geniş doyurucu
Carissa Otel,Muhammed Kucukıbıs,tr,carissa otel kaldım güzel temiz otel çalışanları yardım sever otelin lokasyonu nu sevdim ulaşım kolay merkeze yürümek yada araç gitmek kolay olabilirdi kapalı havuzu bence harika olurdu
Carissa Otel,Esra Erkeskin,tr,ağustos giriş ağustos çıkış yaptık iş muglaya geldim hafta kaldım temizlik konusunda titizim rahatsız lik duymadım rahat kullanışlı odalar banyo süper çalışanlar samimi güler yüzlü insanlar
Carissa Otel,Sarazei SIMI,en,peace nice comfort hotel location bad car beside new building construction may wake early noise breakfast standard lady needs improve performance stop hitting table gathering empty dishes morning please nervous keep yelling reason reason anyone felt worrying yell us reason preferred breakfast outside need spend morning time stressful things generally good hotel going exclude morning breakfast morning construction
Carissa Otel,Fatih OZ,en,totally unplanned came across hotel everything feels looks brand new design furniture gorgeous staff kind breakfast superb impressed wife couldnt stop talking definetly recommended
Carissa Otel,mohamed talaat,en,good service clean coffee bad
Carissa Otel,yusuf Elmaz,en,güzelmiş
Carissa Otel,Hasan Karsi,en,perfect
Hotel Caretta,Yunus Emre İlhan,tr,günlük akyaka turumuzda konakladığımız hotel konumu muazzam yerde yere yakın konumdan akyakada yürüyerek gidemeyeceğiniz yer hotel personeli güler yüzlü yardımseverdi günübirlik kalacağımız beklentimiz yoktu kaldığımız odanın temizliği konusunda memnuniyetsizlik yaşadık banyosundan dayanılmayacak derecede kötü kokular geliyordu bizlere kapılarını açtıkları özellikle alp beye personele teşekkür ederiz
Hotel Caretta,ALI BURAK BEYAZKILINC,tr,yaklaşık gece kaldık odalar temiz hizmet mükemmeldi sabahları ablamız özgür bey yanlış hatırlamıyorsam uzun saçlı zaman halimizi hatımızı sorup yardımcı oldular kahve ısmarladır geceleride yıldız alp bey zaman bizlere neşeli sohbeti eşlik sonraki ziyaretimizde kesinlikle aile sıcaklığında oteli tercih edeceğiz
Hotel Caretta,Cuneyt Demirsoken,tr,tesise yabancı değildik kısa süre ara vermek zorunda kalmıştık sağlık sebeplerinden günler aylar yıllar geçmiş caretta caretta otel sami bey önderliğinde alp bey özgür bey idaresinde aynı kalite samimiyet sıcaklık aile ortamı devam ediyor bu mütevazi işletme gerçekten turizm büyük kazançiyi varsınız caretta caretta ailesi akyaka size sonsuz teşekkürlerimi sunuyorum eşsiz tatil imkanı aileme sunduğunuz için sağlıkla afiyetle devam
Hotel Caretta,Beyza Kurar,tr,özgür bey alp beye herşey teşekkür ederim ilgililer güler yüzlüler şans eseri bulduk bulmuşuz hijyen çarşaflar havlular kar beyazı mis korkuyorlardı konum harika yer sabah kahvaltısına gittiğimiz yerden memnun kaldık özgür bey alp bey yardımcı ablalarda güler yüzlüler seneye tekrar akyakaya gidersek yerimiz belli caretta hotel 
Hotel Caretta,Taner Toksoy,tr,i̇ki gece geçirdik konumu çarşının içinde yere yakın temiz fiyatı uygun i̇şleten arkadaşlar memnun kaldık
Hotel Caretta,Yunus Sahin,en,local nice however plan sleeping early would recommend another place throughout night would also hear people noice outside prices upper side area rooms okay fridge room
Hotel Caretta,Selin Seylan,en,want center stay clean reliable place choose place without hesitation owners sweet caring people thank everything super carrette family
Hotel Caretta,Volkan Bozkurt,en,best hotel stay akyaka friendly warm reception also clean peacefull rooms
Hotel Caretta,Yusuf Agdere,en,central location clean spacious rooms
Hotel Caretta,Yunus Emre İlhan,en,hotel stayed day akyaka tour location magnificent place close everywhere place akyaka cannot walk location hotel staff also friendly helpful since staying day didnt high expectations little dissatisfied cleanliness room stayed unbearably bad smell coming bathroom would like thank especially mr alp staff opening doors us
Demircioğlu Park Hotel,Fazıl Kavukoğlu,tr,tarihinde düğünümüz sebebi gece konaklama yaptık muğla nın yeni oteli biliniyor asla gelin damata özel oda belirttiğim halde odamızda ufak hazırlık yoktu yatak çarşafımız yırtık türk kahvesi rica ettik verilmedi verdiğimiz paranın karşılığı hizmeti alamadık banyo malzemeleri kalitesiz özetle muğlada yaşayan demircioğlu otel rakamlara kalmayı kimseye tavsiye etmem sağolsun buzdolabına adet su koymuşlar es geçmeyelim
Demircioğlu Park Hotel,Burak Mehmet Küçükoğlu,tr,i̇şim fazla seyahat ediyorum demircioğlu park otelde aldığım hizmetten memnunum uzun konaklama yapıyorum spor salonu kapalı havuzu spa merkezi mutlu işim sonrasında sunulan imkandan faydalanıyorum kahvaltı yemek konusunda zengin menü sunuyorlar otel müdüriyeti çalışma ekibine teşekkür ediyorum güleryüzlü zaman küçük jestlerle karşıladıkları
Demircioğlu Park Hotel,Muhammet Göçer,tr,uzun süredir konaklama yaptığım otel sık tercihtedir ailemle konaklama yapıyorum gerek hizmet temizlik personelin ilgi alakası evimden farksız hissettiriyor resepsiyon yeşim hanım gözde hanıma güler alakası içim teşekkür ederim oda temizliğinde sevban hanım garson ceyhun bey e hizmetlerinden teşekkürlerimi iletiyorum
Demircioğlu Park Hotel,Ömer Mut,tr,koca otelde seyyar ütü gece geç gelip erken çıkacaksanız ütünüzü getirmenizi tavsiye ederim banyomdaki fan kapanmıyordu gece çalıştı oda eskimişti çalışmayan aydınlatmalar tekrar tercih edeceğimi sanmam
Demircioğlu Park Hotel,Celikyurekli Celikyurekli,tr,odalar güzel temiz otelde starbucks va rotel müdürü serdar bey nazik staff mükemmel ihtiyacınız varsa yardımcı olmaya çalışıyorlar kesinlikle muğlaya geldiğinizde kalınması gereken yer
Demircioğlu Park Hotel,Gillian Lynch,en,beautifully kept youre getting luxury hotel basic price indoor swimming pool saunasteam room included price rooms spacious big comfy beds everything need breakfast also included enough set day lastly staff especially young lad reception friendly helpful oh also good position center town shops amenities easily walkablei would definitely recommend staying
Demircioğlu Park Hotel,Pat richardson,en,absolute luxury came mugla first time wont last enjoyable day booked hotel wonderful everyway staff lovely breakfast attentive lovely turkish breakfast would highly recommend hotel pat alan richardson five stars
Demircioğlu Park Hotel,Nina,en,nights business trip good location great clean bed helpfull staff super shower breakfast next door cafeadorable waiters cool modern designwould definitely go back
Demircioğlu Park Hotel,Kataruna,en,havent seen luxurious hotel thing didnt like copied id card computer check
Demircioğlu Park Hotel,Dem&Der Kardeşler,en,hotel beautiful big rooms center mugla find restaurants walking free car park breakfast good
BEACON HILL SUITES,Şeyda Şahin,tr,otel manzarası güzel butik otel kendinize özel villa kiralamışsınız rahat tatil yapıyorsunuz bebekle özellikle rahat ettik havuza açılan odalar sayesinde bebeğiniz uyurken bahçede vakit geçirebilirsiniz plaj mevcut arabayla gitmek zorundasınız yeme içme mekanları aynı şekilde arabayla gidildiğinde konforlu otel dik yokuş üzerinde otelin güzel odaları varken denk gelen oda dezavantajlıydı maalesef kahvaltı alanının alt katı ek kulübe yeri oda yapmışlar insanlar kahvaltı yaparken direkt ses geliyor sabah  uyuyabilmek mümkün bebeğimiz sese uyanan bebekti söyleselerdi sorun etmeyip sessizlik rica ettiğimiz batuhan bey sağolsun elinden geleni tekrardan ilgisi teşekkür ediyoruz oda sayısı sayesinde otelde vakit geçirdiğiniz kendinize özel havuzuymuş gün kaldık günde otelde gündüz yalnızdık bebeğimiz uyurken kahve havuz keyfi yapabildik sakin sessiz kafa dinlemelik yer böcek arı şeyleri sorun ediyorsanız hazırlıklı gitmelisiniz çevresi orman ağaçlık bolca sinek arı mevcut batuhan bey ilgiliydi düşünemediğimiz düşünüp hizmette asla kusuru yoktu güler yüzü hizmeti teşekkür ediyoruz
BEACON HILL SUITES,Gülşah Sertbaş,tr,otelden sabah ayrıldık kelimeyle i̇yi̇ ki̇ dedik eşim çocuğumuzla konakladık manzarası konumu odaları kahvaltısı personelin yaklaşımı özellikle batuhan beyin ilgisi alakası yeme içme mekan tavsiyeleriyle memnun sonsuz teşekkürler ailece gönül rahatlığıyla tatil yapabileceğiniz temiz işletme tekrar gelmek dileğiyle
BEACON HILL SUITES,Ercan Bozbola,tr,günlüğüne akyakada kalmamız gerekiyordu internette karşıma çıkan yüksek puanlı yorumları yüksek otel tercih etmiştim ankaradan saatlik yolculuk sonrası otelin girişindeki zorlu rampayı tırmanırken eşim demeye başlamıştık çalışanların özellikle batuhan beyin samimi sıcak karşılaması gerçekten hala insanlar kaldı mı dedik odamızı konumunu huzuru görünce i̇şte dedik odalar tertemiz butik otel gerçekten herşey sorunsuzdu tertemizdi odamızın kapısından adım sonsuz havuzu görünce gerçekten bayıldık havuzun başında yemek yemekte ayrı keyifti akyakaya ziyaretimizi güzelleştiren çalışanlara hayırlı bereketli kazançlar diliyorum rotam buraya düştüğünde muhakkak tekrar konaklayacağım adreslerden
BEACON HILL SUITES,İZMİR MAN İN İSTANBUL,tr,muhteşem manzara odalar banyo yeni temiz etrafı orman mimarisi inanılmaz kesinlikle tavsiye ediyorum basit eksikler odada çöp kovası gerekli balkonda çamaşır askılığı gerekli gece den dış kapının kapatıldığı haber verilmeli kahvaltı kalitesi arttırılmalı sabah aynı kahvaltı verilmemeli çay makinası yakına konmalı açık otoparka mıcır konmalı toz içinde bunların hiçbiri sorun teşkil etmiyor gönülden tavsiye ederim
BEACON HILL SUITES,Özge Topçu,tr,ağustos arasında numaralı odada konakladık çocuklu aileler doğrudan bahçeye açılan odalar kesinlikle harika manzara güzel otel sessiz sakin kahvaltısı harika temizlik yeterli yaşında çocuğumuzla rahat ettik batuhan beye naz pınar hanıma ilgilerinden teşekkür ederiz beacon akyaka gün geldi fazla zaman ayırmak gerektiğini anladık akyakadaki adresimiz belli
BEACON HILL SUITES,Selin Varwig,en,peaceful week beacon hill view valley amazing stuff friendly helpful 3rd year akyaka love location quiter yet min walking away village definitely come back
BEACON HILL SUITES,Pim Janssen,en,wonderful time staying spending days akyaka road hill quite steep rewarded beautiful view akyaka bay staff helpful friendly although staff spoke little english help google translate communication could still take place quite well recommended going akyaka
BEACON HILL SUITES,Saskia Rückel,en,friendly welcome hotel stuff rooms super clean nice facility also breakfast typical turkish view room amazing
BEACON HILL SUITES,Mhmd Sayegh,en,clean stuff friendly view wonderful
BEACON HILL SUITES,Сергей Куратович,en,best friends
Kiraz Cicegi Butik Otel Akyaka,Andaç Komaç,tr,kaldığımız oda genişti odada bulunan kapatılmış kapının arkasında mutfak sabah mutfak sesleri uyandık oda temizliğini beğenmedik yatak başlığı yoktu başınızı koyduğunuz duvarda bulunan rutubet rahatsız ediciydi dekor amaçlı konulan yastıklar kirliydi banyoda rutubet mevcuttu konumu merkezi sokak gürültülüydü kişi başı çocuk ayrı hesaplanmak verdiğimiz kahvaltı vasattı personeller güler yüzlüydü tekrar gelmeyi düşünmem
Kiraz Cicegi Butik Otel Akyaka,Okan Kam,tr,kaldığımız oda küçüktü minibar elbise dolabıaskısı yoktu otelin işletmecisi güler yüzlü hanımefendi bizimle ilgilendi kahvaltı sunumu harika çeşit yeterli ağır kahvaltıdan hoşlanmıyoruz odası küçük olmasa minibar elbise dolabı yıldızı sonuna hak eder gün boyu tütsü kokusu hoşumuza gitti ruhu otel
Kiraz Cicegi Butik Otel Akyaka,M. Ersin EKREM,tr,i̇lk yıldız vermiştim işletme sahibi doğrudan benimle iletişime geçti sıkıntılar üzerine konuştuk düşünceli nazik davranış sebebiyle puanımı yıldıza yükseltmem gerektiğini düşündüm otel akyaka merkezde kumsala otobüs durağına yakın çevresinde lokanta kafe bar bulunmakta oda temiz yatak rahattı kaldığım oda küçüktü uzun süreli kalınmaz odalar büyüktür bilemiyorum yaşadığım sıkıntı idaresel danışmak yetkili resepsiyondanışma masası maalesef girerken çıkarken zorluk yaşadım anahtarı teslim edemeden kaçar öylesine terk ettim oteli i̇nternet şifresini almayı unutmuşum gece aklıma geldi yetkili bulamadım i̇şletme sahibini gece yarısı aramam gerekti
Kiraz Cicegi Butik Otel Akyaka,Ümit Kök,tr,akyakanın merkezi konumunda bulunup yapmak istenilen faaliyete yakın konumda odalı şirin butik oteli̇şletme sahibi melis hanım mütevazi insan mütevaziliğinden ayrı teşekkürlerimizi sunarız biraz otelden bahsetmek istiyorum tasarımı enerjisi gerçekten etkileyiciydi enerji dolu çift odalarını gezip konaklama yaptığımız biliyorumşunlara deyinmek istiyorum otele giriş yapar yapmaz karşılayan gamze hanıma teşekkürlerimizi sunarız otele giriş yapar yapmaz güler yüzlü pozitif enerjiyle karşılandık otelin sabah kahvaltısı başka oteller değildi anne eli değmiş söyledikleri evinizde yaptığınız kahvaltı güzel kahvaltısı çeşitlilik çok bu tatilimizi neşelendiren kiraz çiçeği bünyesine teşekkür ederiz gönül rahatlığı seçip tatil yapabilirsiniz
Kiraz Cicegi Butik Otel Akyaka,Aysun GÖKALP,tr,eşim gofret gölgemizle güzel tatil yaşadık odalar temiz şirin mavi pembe oda aile odası oda kişi kalınabilir özellikle i̇şletmede çalışan kızımız gamzenin ilgisi alakası paha biçilemez özellikle belirtmeliyim gerçekten hayvan dostu otel akyaka şirin yer gidipde görmeyenlere akyaka yı tabiki kiraz çiçeği butik oteli tavsiye ederim otel sahibi melis hanımın annesinin ilgisinede teşekkür ederim herşey teşekkürler
Kiraz Cicegi Butik Otel Akyaka,gaia,en,expectations place reading many enthusiastic reviews unfortunately stay night disappointing owner kind meet needs arrived late evening gave us discount full price room euro breakfast cash even discount room totally overpriced small couldnt open luggage floor bed noisy door shower broken breakfast obtained clock small youd extra pay coffee never heard hard find parking im sorry cannot recommend
Kiraz Cicegi Butik Otel Akyaka,Andaç Komaç,en,room stayed large since kitchen behind closed door room woke sounds kitchen morning like cleanliness room headboard dampness wall laid head disturbing pillows placed decoration purposes dirty humidity bathroom location central street noisy breakfast paid tl per person calculated separately children mediocre staff good friendly wouldnt consider coming
Kiraz Cicegi Butik Otel Akyaka,Okan Kam,en,room stayed quite small minibar wardrobehangers manager hotel caring friendly lady took great care us breakfast presentation great variety small sufficient dont like heavy breakfast anyway room wasnt small minibar wardrobe would deserve stars also really liked smell incense throughout day hotel soul
Kiraz Cicegi Butik Otel Akyaka,M. Ersin EKREM,en,originally gave one star owner contacted directly talked problems thoughtful kind behavior thought raise score stars hotel center akyaka close beach bus stop many restaurants cafes bars around room clean bed comfortable however room stayed small cannot used long periods time maybe rooms bigger dont know problem administrative unfortunately authorized person receptioninformation desk consult difficulty entering leaving left hotel without even handing key running away forgot get internet password remembered night couldnt find official call business owner middle night
Kiraz Cicegi Butik Otel Akyaka,Ümit Kök,en,cute boutique hotel rooms located center akyaka close every activity want owner business melis caring humble person would like thank modesty would like talk little hotel design energy really impressive know personally visited rooms stayed energetic couple would also like say following would like thank ms gamze welcomed us soon entered hotel soon entered hotel greeted smiling face positive energy hotels breakfast served morning like hotels like mothers hand say nice breakfast like breakfast home lot variety would like thank cherry blossom making holiday little joyful choose holiday peace mind
Merve Han Residence Hotel,Aybüke Karaman,tr,otel üzerinden tesise standart oda gece tarihleri rezervasyon yaptık ertesi gün otele erken varma ihtimalimiz olmasından kaynaklı sabah erken saatlerde oteli arayarak erken check in konusunda destekçi olmaları konusunda ricada bulunduk tesise gittiğimizde yardımcı olunmadı girişteki deskte duran çocuk yüzümüze bakmadı hoşgeldiniz denmedi gittiğimizde kahvaltı saati olmasına kahvaltıya alınmadık ekstra ücret talep edildi ertesi gün başka misafirlere imtiyaz tanınarak kahvaltıya alındıklarına şahit oldumgiriş günü saat valizlerimizi otelde bırakarak otelden ayrılmak zorunda kaldık aynı gün akşam civarı otele geldiğimizde valizlerimizin odamıza alınmış olmasını beklerken resepsiyon emanet edilen kişi balkonu mutfağa bakan bodrum kat camsız odaya aldı odanın web sitesindeki görsellerle alakası oda pislik içerisindeydi su yoktu mutfak tezgahı bardak prizler duvardan sökülmüş sallanıyor mutfaktaki çeşmeden su gelmiyor musluk küf içinde banyo çeşmesi kırık çeşmelerden tuzlu su akıyordu duş odada kalmak istemediğimizi söyleyerek ücret iademizi talep ettiğimizde resepsiyonda duran esmer genç otelde yetkilinin olmadığını izinli söyledi koca otelde tane muhatap bulamadık otel müdürü muhattap bulamayacağınız otel hijyen sıfır sabah odamıza dolan iğrenç yağ kokusuna uyandık odamız mutfağın içinde acenteyi aradığımızda mesai saatleri içerisinde olmadıklarından yardımcı olamayacaklarını söylediler oteldeki resepsiyon görevlisi boş oda fiyat farkı odamızı değiştiremeyeceğini söyledi farklı otelde yer bulamadığımız mecburen otelde gün geçirmek zorunda kaldık sağlığınızı düşünüyorsanız tesiste kalmayın boş odaları olmasına mağdur edilerek leş odada kalmak zorunda bırakıldık tatilinizin zehir olmasını istemiyorsanız tesise gitmeyin paramızla rezil olduk
Merve Han Residence Hotel,Feyza Söylemez,tr,otel genel beklentilerimizin üstündeydi lokasyon azmak nehrine yürüme mesafesinde havuzu barını gün içinde kullanabilirsiniz akşam saatlerinde havuz bar kullanım dışı odaların temizliği günlük yapılıyor bunlara ek kahvaltı açısından beklentinizi düşük tutun maalesef doyurucu
Merve Han Residence Hotel,Emine Işık Şeker,tr,çıktığımız ege turumuzda azmak nehri ni görmek gittiğimiz akyaka dan soğudum otelin pislik içinde malesef yorum yapıyorum yapayım insanlar internetteki fotolara aldanıp gelmesinler mimarisi güzel azmak nehrinin dibinde akyaka sahile yürüme mesafesinde bahçesindeki begonviller harika yazdıklarım olumlu yönleri odaya girince ağır sinmiş sigara kokusu karşılıyor klozet oturma yeri çişten sararmış uzun uzun yıkadıktan kullandık tiksinirek yatak odasında yastığın üzerinde uzun saç kılı müşteriden mi kalmış kılıfı takan kişiden mi düşmüş bilemedim yataklar kötü sırt ağrısıyla uyandım ışıklar yanmıyor denecek sönük musluktan tuzlu su akıyor kahvaltı çeşit arayan değilim hijyen berbat durumda mimariyi pis tutarsınız anlam veremiyorum yazık
Merve Han Residence Hotel,Berna Ketir,tr,an kalıyorum musluktan akan sular sodalı azmak suyu sanırım tuzlu bahçesi konumu güzel çalışanlar saygılı banyonun muslukları küf geldiğimizde banyo üstün körü silinmişti lavabolar temizlenmemişti yerde lavaboda saçlar malesef temizlik konusunda sınıfta kaldı taharet musluğundan su akıyor duşakabinin kabini yerinden çıkmış kenara bırakılmış mi görüp tamir edelim demiyor aşağı katta ağır kimyasal koku odaya koku gelmiyor allahtan ha kat görevlileri olduğumuz odayı kısa yol kullanıyormuş odadayken bahçeden gelip kapıdan çıktı aşağı kattaysanız balkon kapınızı kilitleyin
Merve Han Residence Hotel,fatma gökmen,tr,kişilik oda kahvaltı lira verip kişi başı lira oteller karşılaştırma yapanların yorumlarının dikkate alınmaması gerekiyor yıllarca yıldız belek otellerine döktüğüm paralara acıyorum şekilde güzel konforlu yerleri fiyata gördükçe kahvaltı minimum yeterli odalar geniş yeterli havuz akyaka pansiyonlarının çoğundan büyük bahçesi güzel ağustos günlük tatili yoğun dönem olmasına çalışanların özverisi sayesinde saat odamız teslim edildi değerlendirme yapılırken verilen hizmet verdiğin ücret değerlendirmek gerekir teşekkür ediyorum merve han ailesine
Merve Han Residence Hotel,Roza Gazarian,en,avoid hotel looks fine outside horrendous inside service bad one seems care youre actually satisfied breakfast literally worst ive turkey enjoy one boiled egg two cheese slices room poorly cleaned water tea kettle make kitchenette theres absolutely nothing even single cup glass could go
Merve Han Residence Hotel,alparslan ege erdogan,en,good designed staff quite friendly pool clean rooms cool good foods tastes cool shows behavior turkish hospitality room kitchen could cook feeling quite good stating hotel good day
Merve Han Residence Hotel,Halit Demir,en,absolutely shocking dont know describe years experience hospitality never seen anything like room freezing cold looks like one touched since place opened bin left full pervious guest toilet disgusting staff quite friendly looks like theres hygiene breakfast class dirty plate smell disgusting egg know mean knife bunch dirt pervious service way
Merve Han Residence Hotel,Gokhan Aygun,en,family friendly staff helpful restaurant good akyaka even better double rooms small cleaning amenities need improved towels stained amenities bathroom strange smell
Merve Han Residence Hotel,Helena Ilves Aygun,en,family friendly hotel good facilities pool sauna childrens playground restaurant double rooms small family rooms good size breakfast rich delicious room amenities cleaning improved
XOX Apart Hotel,Can Kavanoz,tr,dairesinde kaldık hayatımda kaldığım temiz yerlerden mis i̇çi bakımlı eşyalar yeni mutfağı balkonu hafta sonu keyfi uzun tatilleriniz tavsiye ederim balkondan güzel deniz orman manzarası işletmecileri iletişim kolay kibarlar türlü ihtiyacınızda yardımcı oluyorlar kışın gelirseniz şöminesi var
XOX Apart Hotel,MELTEM ÖZER,tr,mart ayında yaptığımız konaklamadan memnun kaldık  bebeğimizle çıktığımız tatildi dolayısı mutfağı büyük avantajdı bebekten ötürü mutfakta ekipman mevcut bulaşık makinesi tablet üst katta kaldık şöminesi gittiğimiz dönem yağmurlu döneme denk geldi şömineyi kullandık hava serin gün konaklama konulan odun bence yetersizdi günlük odun gibiydi balkon manzarası güzel havadar odalar temizdi bebek temizlik önemliydi dezavantaj bebekli iseniz üst katı tercih etmeyin eşyalarla çocukla üst kata çıkmak zor teşekkürler
XOX Apart Hotel,Tahsin boztuğ,tr,akyakayı yaşamak harika hotel konaklama dinlenme meselesini eviniz çözebileceğiniz rahatlıkta i̇lgi alakaları i̇brahim bey ceren hanıma teşekkür ederiz dairelerde düşünülmüş resepsiyon girer çıkarken selamlaşıyorsunuz konumu süper xox hotelden akyakayı kurmuşlar dk uzaklıkta beğendik tekrarında düşünmeden tercihimiz olacaktır net tavsiyemdir sağlıcakla
XOX Apart Hotel,Dila Yurdatapan,tr,gün kaldık uzun süre konaklamak isteyenlere kesinlikle tavsiye ederim ince ayrıntısına düşünülmüş evinizin konforunu aratmayacak şekilde tasarlanmış en önemlisi temizdi
XOX Apart Hotel,NİHAL DOĞANER,tr,mayıs haziran aylarında ay süresince xox apart hotelin misafiri olduk yaklaşık akyakaya gelir otellerde konaklarız otelin sahipleri i̇brahim bey ceren hanımın konudaki yardımları nezaketleri personelin temizlik hijyen konusundaki titizlikleri güleryüzleri eşyaların odaların konforu kendimizi evimizde hissettirdi akyakaya gelmek isteyen herkese kesinlikle öneririz
XOX Apart Hotel,Susan Munns,en,large clean apartments mountain sea view good communication owners really friendly check mid stay clean fresh towels unexpected welcome quality appliances well equipped nicely situated supermarket excellent coffee shop free car park opposite plenty local restaurants artisan delibakery greengrocery nearby weve fallen love akyaka definitely return would definitely recommend xox apartments
XOX Apart Hotel,Serj Prikhodko,en,awesome apartments wonderful its rare find apartments spacious everything works good shape convenient location view good cleaning superb extra midway cleaning amazing host great welcoming people its good see places like owner holds higher standards ps winter comfortable warm
XOX Apart Hotel,Laska Nenova,en,fantastic two bedroom apartment bathrooms wc kitchen fully equipped common area large light and comfortable happy choice
XOX Apart Hotel,Sabri Gokmen,en,stayed nights group bedroom apartment rooms decent beds comfy hotel located central spot supermarket banks nearby rooms ac decent size kitchen available cooking well good accommodation
XOX Apart Hotel,Jose Manuel Ramirez,en,friendly helpful staff apartment equipment needed house top cleaning perfect stay really pleasant
Tuna Otel Rezidans,Tuncel YILDIRIM,tr,temmuz ayında gece kaldım gece klima bozuldu hamam odada yatmak zorunda kaldım i̇şletme sabahı bekleyeceğiz teknik ekibimiz yapabileceğimiz şeklinde yanıt verdi otel önünde bangır bangır halay müzikleri çalındı işletme uyarıda bulunmadı tavsiye etmem
Tuna Otel Rezidans,Mustafa Şan,tr,bayram tatilinde konaklamak oteli tercih ettik odaları güzel temiz aynı zamanda ferah eşyalar yeni kahvaltı yeterliydi memnun kaldığımız otel tavsiye ederim
Tuna Otel Rezidans,Muhammed Harputlu,tr,mitra tur geldiğimiz otel anlamıyla iş seyahat arabası bireyler güzel imkanlar sunuyor görev bazlı ülkemizin bölgelerinde otellerde bulunma imkanına sahip oldugumdan otel fiyat performans kalite açısından güzel kesinle tavsiye ediyorum yazıyı okuyup otelde kalanlar dua etsinler
Tuna Otel Rezidans,Şahin Şahin,tr,an oteldeyiz tertemiz mis personel muhteşem güleryüzlüler konuda yardımcı oluyorlar ayşe hanım önder bey personele sonsuz teşekkürler i̇yi buradayız
Tuna Otel Rezidans,Lara Tan,tr,sene sürekli gittiğimiz otel sene günden fazla kalamadık klima otomatik gece yarısı sönüyor kan ter içinde kalıp yatamadık umarım an sorunu hallederler
Tuna Otel Rezidans,A EH,en,stayed tuna hotel july long stay muğla hotel impeccable rooms nice clean well decorated enough space belongings cleaning crew hotel staff amazing attentive kind excellent hotel great customer service definitely stay muğla
Tuna Otel Rezidans,hgokturk,en,new one best hotel muğla province rooms quite wide new equipments othercomponents room new nothing happened disturb relaxing peacefull atmosphere ıs suitable families think good price benefit ratio
Tuna Otel Rezidans,Fion Low,en,room air cond function luckily weather hot price cheap walk room rate turkish lira
Tuna Otel Rezidans,Tuncel YILDIRIM,en,stayed nights july  night air conditioner broke sleep room like bath technical team wait morning operation replied theres nothing loud halay music played front hotel property give warning recommend
Tuna Otel Rezidans,Mustafa Şan,en,chose hotel stay holiday rooms nice clean spacious furnishings new breakfast sufficient hotel satisfied recommend
Anayurt Oteli Akyaka,İlknur Durmaz,tr,gece konaklama uyuyacağız uygun diyerek seçtik merkezde kimine konumu olabilir gecelik kaporayı hafta ödemiştik yorgun argın ellerimizde çantalarla karşılayıp düzgün merhaba demeden kalan ücreti almadan odaya çıkaramam diyen genç arkadaşımıza maruz kaldık tavır belli öğretilmişti tepki verince işletme sahibi sandığım hanımefendi buyrun çıkabilirsiniz dedi klozet temizlenmemişti küçücük oda banyo inanılmaz pisti buzdolabının arkasında çöpler yorgun olduğumuz yeni yer aramaya takatimiz kalmadığı mecburen kaldık anımızda nefret ettik araştırıp aynı fiyata tık üzerine temiz düzgün yer bulunabilir
Anayurt Oteli Akyaka,Elvan Yarar,tr,konum olmasına temizlik hijyen açısından berbat durumdaydı odaların camı penceresi sanırım yılı aşkın suredir temizlenmiyordu klima tozlu pisti açtığımızda üzerindeki toz toprak direk yatağın üzerine döküldü yatakların altları kenarları pislik icindeydi yastıklar kokuyordu uzerine tshirtlerimizi gecirerek yattık klozet pis ayak havlusu yoktu yorumlara tuttuğumuz otelden hayal kırıklığı ayrıldık bunca zamandır tatil yapıyoruz hic pis yerde kalmamıştık
Anayurt Oteli Akyaka,Özge Katırcıoğlu,tr,kaldığımız oda küçüktü odada havlu yoktu cm lavabo koymuşlar yüzünüzü yıkayamıyorsunuz derece küçük hizmet desen
Anayurt Oteli Akyaka,Janset Özden,tr,fiyat performans beğendik şeyin merkezinde kaldığı tatilimizi konforlu hale getirdi
Anayurt Oteli Akyaka,Sila Demir,tr,konumu süperdi kişi konakladık iyilerdi aşağıdaki özgür beye teşekkür ederiz odanın kliması iyiydi
Anayurt Oteli Akyaka,Emin Demirel,en,love u soytaş
Anayurt Oteli Akyaka,İlknur Durmaz,en,chose night stay thinking would sleep would convenient location center may good paid deposit night week advance subjected young friend welcomed us tired bags hands said could take us room without even saying hello without paying remaining fee attitude obviously taught reacted lady thought owner business said leave even toilet bowl wasnt cleaned tiny room anyway bathroom incredibly dirty trash behind refrigerator stay tired didnt strength look new place hated every moment little research find much cleaner neater place price click away
Anayurt Oteli Akyaka,Elvan Yarar,en,although good terms location terrible state terms cleanliness hygiene think windows rooms cleaned year air conditioner dusty dirty turned dust spilled directly onto bed bottoms edges beds filthy pillows smelled put tshirts went bed toilet dirty foot towels left hotel disappointment despite good reviews holidaying long never stayed dirty place
Anayurt Oteli Akyaka,Özge Katırcıoğlu,en,room stayed small towels room put cm sink cannot wash face small service pattern anyway
Anayurt Oteli Akyaka,Janset Özden,en,liked much terms price performance made holiday comfortable remained center everything
MSKÜ Akyaka Uygulama Oteli,Ertan Şentürk,tr,akyaka güzel temiz otel konaklama yapmadım odaları görme şansım temizliği güzel oda kahvaltı hizmet veriyor konum akyaka plaja uzak yerlerden otopark imkanı odalar sade yatak banyo alanından oluşuyor sezon sonu kişi oda kahvaltı  ücreti kamu çalışanı vs ek indirim söz konusu olabilir
MSKÜ Akyaka Uygulama Oteli,Cansu Ak,tr,i̇lk akyakaya gittik iki kişi gece konakladık ücret verdik oda temizdi büyüktü yatak korkunç derecede rahatsız ediciydi aşırı derecede ses çıkartıyordu sağa sola dönmeden uyumaya çalıştım nafile gece uyuyamadım dış kapısı camdan dışarıda ışık geliyor gece boyu gündüz olmuş aydınlıktı ışık aşırı rahatsız kahvaltısı güzeldi yatak ışıktan dinlenemedik bir tercih etmem önermem
MSKÜ Akyaka Uygulama Oteli,Türkçe Öğretmeni,tr,uygulama otelleri içinde fiyat pahalı otel yapılırken havuz planlansaymış kalitesine yakışır yer olurdu akyaka girişi dik rampada gece yabani hayvana rastlamadım uyarılar kahvaltısı yeşillik peynir zeytin kızartmalar tatlı simit türü vs standartın bir tık üzerinde odalar temiz giriş sonrası gün kalacaksanız temizleyen görevlilerden ekstra temizlik isteyin çıkarken temizlerler çalışanların öğrenci olmasını beklerdim değil sonuçta eğitim amaçlı yapılmış yer banyo dar küçük bahçesinde fazla kedi evet hayvanlar beslenmeli yeri olmalı i̇nsanlara atlıyorlar gelişmekte kurum personel sayısı artırılmalı birimler kontrolde olmalı restaurant menüsü fiyatında emin olun indirim olmalı çorba cacık parça tavuk olmamalı sonuçta kamuya kurum burası akşamları fix menüyle anki fiyatlari tercih olabilir i̇ki taraf memnun kalır
MSKÜ Akyaka Uygulama Oteli,omrfrksy,tr,sahile araç dk mesafede kliması odaları geniş yatakları berbat farklı odada kaldım i̇kisi kötüydü kahvaltısı açık büfe ortalama kalitede buzdolaplarını el temin etmişler odamızdaki çalışmıyordu resepsiyonu aradığımda dolabı ters çevirip süre tutmamı önerdi çözüm gerçekten işe yaradı
MSKÜ Akyaka Uygulama Oteli,bülent demirci,tr,fiyat performans beklenenin üzerinde otel üst katın deniz manzaralı odalarını isteyin kahvaltısı yeterli glutensiz mercimek ekmekleri diyetlere uygun temiz kaliteli güzel otel
MSKÜ Akyaka Uygulama Oteli,Ertan Şentürk,en,nice clean hotel akyaka didnt stay chance see rooms clean provides bed breakfast service location one farthest places beach akyaka parking facilities rooms simple consisting bed bathroom area end season room breakfast fee people additional discounts may available public employees etc
MSKÜ Akyaka Uygulama Oteli,Cansu Ak,en,went akyaka first time stayed one night two people paid tl room clean large bed terribly uncomfortable making excessive noise tried sleep without turning left right vain couldnt sleep night since outer door glass light coming outside bright daytime throughout night light bothered lot breakfast nice couldnt rest bed light wouldnt choose wouldnt recommend
MSKÜ Akyaka Uygulama Oteli,Türkçe Öğretmeni,en,slightly expensive hotel among practice hotels pool planned built would place worthy quality akyaka entrance steep ramp encounter wild animals night warnings breakfast includes greens cheese olives fried foods desserts bagels etc one tick standard rooms clean going stay days checkin ask extra cleaning cleaning staff otherwise clean leave expected employees students place built educational purposes bathroom narrow small many cats garden yes animals fed place jump people developing institution number personnel increased units control make sure discount restaurant menu price soup tzatziki piece chicken shouldnt public institution evenings fixed menu current prices may better choice parties satisfied
MSKÜ Akyaka Uygulama Oteli,omrfrksy,en,minutes away beach car air conditioning good rooms large beds terrible stayed different rooms bad breakfast open buffet average quality procured refrigerators second hand one room working called reception suggested turn cabinet upside keep way solution really worked
MSKÜ Akyaka Uygulama Oteli,bülent demirci,en,hotel expectations terms price performance ask sea view rooms upper floor breakfast quite sufficient suitable diets glutenfree lentil bread nice clean highquality hotel
NİL HOTEL,Ramazan Kaan Doğan,tr,ay öncesinden rezervasyon yaptırmıştım parasında gönderdim tatil gittiğimiz gün sabah girişler  denildi şuan müşteri denildi bizde te bekledik telefon açıp odanın tadilatı vermeyeceklerini söylediler mecbur bıraktılar baska oda verdiler oda nem saç kılları banyonun içini kendimiz temizlemek zorunda kaldık buzdolabı oda kokudan geçilmiyordu çalışanlarda güler yoktu bizimle resmen kavga ettiler paramızı iade etmelerini söyledik parayı vermediler asla tavsiye etmeyeceğimiz otel gelenler kesinlikle mağdur
NİL HOTEL,Dursun Deniz,tr,kahvaltısı odalardan temizlik herşey güzeldi yorumlara baktığım zaman içimde şüphe vardi otele vardıktan yorumların yanlış aile işletmesine denk geldiğimi fark ettim herşey için teşekkürler bir dahaki sefere görüşmek dileğiyle
NİL HOTEL,Nesli Bayat,tr,ayırdıkları odada tuvalet kokusundan durulmuyordu sonraki odada rutubet nem sigara kokusu bina eşyalar çok eskiydi odada ikram yoktu otele gitmeden günlük ücreti ödedik otele gittigimizde durumlarla karşılaştık sağlık sorunundan otelden çıkmak istediğimizi belirttik resepsiyondaki beyfendi asla anlayışla karşılamadı müdürünü aramadan gece otelde kalmaya mecbur tuttu sonrasında gece ödeme talep ettik sabah nakit vericeklerini kahvaltıyı güzel şekilde yapıp mağduriyet gidereceklerini söylediler kahvaltı kalitesizdi ödemeyi alana canımız çıktı asla güleryüzlü çalışanlar göremedik geçiştirildik resmen fotoğraflara aldanmayın asla tavsiye etmiyorum
NİL HOTEL,Gizem Avci,tr,fiyat bölgeye uygun otel bundadır hizmet ilgi gölgede kalmakta konum akyaka girişinde park problemi m yürüyerek azmaka çarşıya ulaşabilirsiniz odalarda dolap temizlik idare eder düzeyde sıcak su geç geliyor maalesef odamızda balkon yoktu sanıyorum odaya katılmış havasız deniz eşyalarınızı kurutmak problem kahvaltı görselde görebilirsiniz cüzi düzeyde maalesef odalarda azından adet su bulunabilirdi
NİL HOTEL,Hatice ÇELİK,tr,kesinlikle tavsiye etmiyoruz gece gittik oda çok kirliydi lavaboda saç yerlerde saç vardı çarşafta leke gece gittik olabilir dedik temizlik istedik ertesi gün hiçbirşey değişmemiş halının üstü aynı yerler toz içinde şampuan havlu hiçbirşey temizlik yapilsin lütfen dedim yerler çok kirli dedim surat yaptı resepsiyondaki uzun boylu çocuk geldik aynı kalmış şok oldum çıkışta temizlikçiye sordum dün temizlik yaptınız mı evet dedi yanımda çarsafımı yastık kılıfımı götürmenin rahatlığı kalabildim yani hijyen için asla tercih etmeyin konumu manzarasi güzel i̇lgi alaka sıfır
NİL HOTEL,Vedikuyilazhagan Muniraj,en,stayed week like ambiance lobby receptionists friendly helpful lucky pool summer cooks make food nice enjoyable surprised actually customise recipes food menu taste
NİL HOTEL,Megan Ezer,en,good family nice people good treatmentwill come back
NİL HOTEL,Tracey Saleh,en,amazing hotel quiet relaxing friendly staff rooms clean beautiful views rooms kettle fridges also give lifts marmaris day beautiful hotel back
NİL HOTEL,C A,en,bad treatment unmotivated staff dirty room dirty bathroom toilet
NİL HOTEL,Ramazan Kaan Doğan,en,first made reservation months advance sent money day went holiday told checkin would morning told customers waited called us said room renovated would give us forced us give us another room room damp hairy clean inside bathroom refrigerator room smelly employees friendly literally fought us told refund money give us money hotel never recommend come definitely suffer
Server Apart Hotel,Ertan Şentürk,tr,ekim ayının arasında konakladım bölgedeki temiz düzenli apart apart işletmecisi mehmet bey yardımcı apart binalarının bölgenin özelliklerine uygun güzel yapısı havuz olanağı bulunuyor konum migros marketinin yanı karşısı araç parkı uygun yerler plaja yaklaşık yürüme mesafesinde sıcak su temiz mutfak imkanı odaların balkonu ana caddede yer almasına gürültü kalabalık yoktu çift yatak konaklama odaları mevcut akyaka bölgesinde konaklama tercih olabilir fiyatı uygun uzak yerler bakımsız temiz konaklama yapmıyorsanız çadırda konaklama yapın farklı apartlara gitmeyin
Server Apart Hotel,Pınar Altunkaynak,tr,şuan otelimizin gününde hala konaklarken yazıyorum gün uzattık kalacağız otelin konumu merkezi yerde ihtiyaçlarınızi karşılayabileceğiniz market pastane atm cafe restoran yürüme mesafesinde havuzu temiz kullanışlı yeterli büyüklük ve oda temiz mutfağında türlü malzeme mevcut sahipleri azmak nehri plaja dk yürüme mesafesi dk araç mesafesi park sıkıntısı yok yatak rahat klima dolap ocak duş sorunsuz çalışıyor merkeze bakan numaralı odada kaldık havuz tarafinda çocuk sesi burayı tercih ettik sizde tercihlerinizi göre şekillendirebilirsiniz fiyat olarakta akyakanın uygunlarından diyebilirim teşekkürler
Server Apart Hotel,Elif,tr,server apart temiz odaların içinde ihtiyaç duyulan varhavlular çaycı elektrikli ocak çöp poşetleri sabun bulaşık deterjanı vs mevcut odada konakladığım yerdeki önemli yer banyo gittiğim yerlerde bakarim banyosu temizdi uygun fiyatlı konumu merkezde yemek market vs ihtiyaçlar akıllıca seçim havuzu temiz kendim gece havuz bakımı yapılırken şahit oldum sahibi beyefendi gözü gönlü tok beyefendi konuşurken anlamıştım konuda yardımcı sağolsun güler yüzlü karakterli işletme sahipleri kazansın memnun kaldım çevreme tavsiye ettim burda yer araştıran varsa kesinlikle öneririm
Server Apart Hotel,hakan,tr,an tatilimizin son günündeyiz gündür burdayız memnun ayrılacağız otel sahibi mehmet beye teşekkür ederiz güler yüzü yardımseverliği otel konumu cadde üzeri balkondan deniz görünüyor denize m araç park yeri sorun olmadı otelin önü müsait havuz yeterli temiz evin içi temizdi mutfak ta bardaklar yeni gibiydi pırıl pırıl sıcak su sorunsuz klimalar aktif çalışıyor buzdolabı soğutuyo dolaplarda askı olaymış tekrar gelmeyi isterim tabi oteli tercih ederim
Server Apart Hotel,Historya,tr,konumu güzel migros hemen yanında işletme sahipleri alakadar yardımsever odalar temiz şansımıza çocuk fazla havuzda durmadan zıpladıkları rahatsız edici şezlongda otururken devamlı sıçrayan sulara maruz kalıyorsunuz gelecek kişiler bence okul açıkken düşünmeli şansımıza çocuk bilinmez sonuçta işletmeci ikaz edebilir ailelerin vurdumduymazlığı etken b blok konumu blok havuz tarafına b blok yol tarafına bakıyor havuz isteyenler giriş katı düşünürse çocuk seslerini baz alın manzara seviyorum diyorsanız katlarını tercih edin sonuç güzel temiz aile işletmesi herşeye güzel mekan
Server Apart Hotel,Çağlar Ünal,en,rooms exceptionally clean stayed main building swimming pool behind building barbecue option available guests pool open common use stayed facility nights visit change dirties washed facility nice polite people go akyaka definitely meeting people running facilty
Server Apart Hotel,Elif Atila,en,recommendable use stay server apart every time visit akyaka clean comfortable rooms perfectly located next supermarkets restaurants parking zones achieve sea feet nice friendly staff members enjoyed stay server apart always leaving satisfied peaceful special thanks mehmet bey kind great human way thanks everything see hopefully soon
Server Apart Hotel,GD,en,nice pool flexible pricing
Server Apart Hotel,Milad Quraishi,en,poor room service rude staff
Server Apart Hotel,Ertan Şentürk,en,stayed october cleanest organized apartment area apartment manager mr mehmet helpful apartment buildings beautiful structure suits characteristics region pool facilities terms location next opposite migros market suitable places car parking approximately minute walk beach hot water clean kitchen rooms balconies even though located main street noise crowd variety accommodation rooms available including double single beds may first choice accommodation akyaka region affordable remote places neglected clean staying stay tent go different apartments
Menteşede Oteller | Karya Apart Otel,Bahadır Arda Durukan,tr,odanın temiz olmaması dışında problem çalışanlar güler yüzlüydü otelin konumu güzel yerde menteşede fiyat performans
Menteşede Oteller | Karya Apart Otel,Selim Acar,tr,odaları temiz mekanı güzel çalışan memnuniyeti ön planda gece konaklama yaptık güler yüzlü personel istediğimiz yere yakın muğla merkez konum güzel sonsuz teşekkürler bol kazançlar dilerim
Menteşede Oteller | Karya Apart Otel,Emin Acar,tr,odalar temiz güzel merkezi yer gün konaklama yaptık güzel bulduk personel arkadaşlardan memnun kaldık
Menteşede Oteller | Karya Apart Otel,Mcan Abak,tr,aralık tarihinde saat geç araç kalmadığı gece konaklamak istedik yorumlara güvenerek temizdir dedik gittik havlular temizdi battaniye çarşaflar yastık felaket kokuyordu ödeme yaparken resepsiyon görevlisi beyefendiye odayı temiz mi kontrol gönderdi kalanların dağınıklılığını toplamışlar marmaris akyaka liraya suit oda konaklayacakken pislik yer e lira istemeleri cabasıydı marmaris akyaka bodrum vs çevresinde apartlarda sık konaklayan hayatımın kötü deneyimini yaşadım teşekkürler kayra apart kesinlikle tavsiye etmiyorum fiyat performans elimden gelirse turizm bakanlığına aynı şekilde şikayette bulunacağım gelip son ay içerisinde misafir listemizde isminizi göremedik falan dersiniz bakın mehmet can abak yukarıda tarih verdim tavsiyem hatalı olduğunuzu kabul edip özür dilerseniz gelişirsiniz
Menteşede Oteller | Karya Apart Otel,Mervan Aykut,tr,eski arastada tarihi katlı yer gün kaldık gün çarşaf degişimi istedik çalışan arkadaşlar sağolsunlar odayı tertemiz yaptılar gün etraftaki pansiyonlara havlu tuvalet kağıdı şampuan hepsini günlük tamamlıyorlar kat oldugu yoldan ses geliyor rahatsız etmedi
Menteşede Oteller | Karya Apart Otel,ASHRAF EZZI,en,sample inside dirty old someone talking outside listening everything bad choice
Menteşede Oteller | Karya Apart Otel,Amasyali Tayfun,en,good room service
Menteşede Oteller | Karya Apart Otel,StaBiL “ZaFeRr” LiFe,en,perfect
Menteşede Oteller | Karya Apart Otel,Bahadır Arda Durukan,en,problem room clean staff friendly location hotel nice price performance good place
Menteşede Oteller | Karya Apart Otel,Selim Acar,en,rooms clean place nice employee satisfaction forefront stayed nights friendly staff close everywhere wanted muğla center good location thank much wish good luck
Hotel Yalçın,Kübra Özgüner,tr,gece gün konakladık sessiz huzurlu samimi otel konforu sunuyor çalışanların ilgisi yardımları teşekkür ederiz rahat edebilmemiz ellerinden gelen özeni gösterdiler konumu şehrin yürüyerek ulaşmak mümkün kahvaltısı yeterli doyurucuydu odaların lavabolarin temizliği kusursuzdu odada klima buzdolabı mevcuttu odamızın balkonu genişti ön tarafa bakiyordu güzel manzarasının tadını çıkardık araç park yeri bulunmuyor otelin yan sokaklarında daim yer bulabilmek mümkün memnun ayrıldık tekrar görüşebilmek dileğiyle
Hotel Yalçın,Red Mask,tr,şehir içi oteli sanırım firma misafirlerine hizmet veriyor yıldızlı otelmiş sanırım bakımsızlıktan yavaş yavaş çürümeye terk edilmiş otel kaldığım odada masa kırıktı üzerindeki kaplamalar kalkmıştı otelde öncede kalmıştım benzer farlklı bozulmalar mevcuttu
Hotel Yalçın,KADİR GÜLER,tr,odayı temiz bulmakla gece giriş yaptığım görevli ilgisizdi klimanın faydası yoktu görevliye söylememize düzeltilmedi dışarı odadan serindi gece sıcak uyuyamadım kaldığım aynı ayarda otellerin pahalısıydı tekrar kalacağımı düşünmüyorum
Hotel Yalçın,Gültekin H,tr,günübirlik ailecek konakladığımız muğlada tercih ettiğimiz oteldi i̇lgi alakaları nazik seviyeliydi resepsiyondaki beyefendiden oda içecek hizmetlerine bakan hanımefendiye otel sahibi beyefendiye yardımcı oldular çarşı merkezindeki otelimizden muğlada gezilecek yere yürüyerek ulaştık araç otel önü yan sokaklarda park yerleri mevcut kahvaltı hizmetleri mevcut doyurucu biten ürünü anında takviye ediyorlardı sürekli çay sıcak su kahve ikramı mevcut odalar temizdi sıcak su imkanı odada klima mevcut kısacası işini güzel yapmaya çalışan insana değer veren güvenilir müessesedir her birine teşekkür ediyoruz
Hotel Yalçın,GOHAR SEYEDI,tr,muğlanın şehir merkezinde odalar tertemiz çalışanlar fiyatları uygun herkese tavsiye ederim misafirperverliği hayati beye teşekkür ederim selamlar
Hotel Yalçın,Y Sr,en,nice breakfast high quality ambient
Hotel Yalçın,Mohammad Wadi Mari,en,great staying friendly nice staff
Hotel Yalçın,Aydın Aliş,en,perfect
Hotel Yalçın,İbrahim Tolgay Kerimoglu,en,super
Hotel Yalçın,Kübra Özgüner,en,stayed nights days offers comfort quiet peaceful friendly hotel first would like thank staff interest help best make us comfortable location good possible reach every part city walking breakfast sufficient satisfying cleanliness rooms sinks perfect room air conditioning refrigerator balcony room large facing front enjoyed beautiful view car parking place always possible find place side streets hotel left satisfied hope see
Lacivert Otel Akyaka,Nihal ATan,tr,konum akyaka merkezde uyumak otele gelebilirsiniz uyumak tutmuştuk ihtiyacımızı karşıladı yakınında eğlence mekanı ses geliyor müziği bitiriyorlar oda temiz dar uyuyacaksanız merkezi yer arıyorsanız kalabilirsiniz aracınız varsa metre uzaklığa park edebilirsiniz otelin sokağı dar
Lacivert Otel Akyaka,cem trzi,tr,akyakada çarşının içerisinde butik pansiyon aslında müstakil bina ufak bahçesi oturmalık mekan sahibi tatlı yardımsever teyzemiz torunuyla işletiyor kibarlar odalar gerçekten temiz kalmalık kahvaltı vs çarşının içi kahvaltı yemek alamazsınız gecelik oda fiyatı yüksek pişman olmazsınız tavsiye ediyorum ankaraya dönerken pazar sabahi teyzemiz kahvalti ederken ısrarla çay simit peynir yememi istedi teşekkür ettim samimiyeti gerçekten güzeldi
Lacivert Otel Akyaka,hasan deniz,tr,akyaka merkezde çarşı içinde denize metre uzaklıkta şirin mekan navigasyonla gelenler sokak trafiğe kapalı gözüktüğü önüne gelemeyebilir araçla önüne gelebiliyorsunuz odalar temiz wifi kendimizi güvende hissettiğimiz mekanda bahçede keyifli dakikalar geçirdik ablamıza caner beye son zamanlarda görmeyi özlediğimiz samimiyetleri gülen yüzleri teşekkürler
Lacivert Otel Akyaka,Ervin Biçer,tr,lacivert hotelde caner abi zülay teyze aile sıcaklığında hissettirdi tertemiz sakin otel merkezde yer alması sebebi yere kısa sürede ulaştık yaz akyakada kalacağımız yer belli
Lacivert Otel Akyaka,Merve ÖZTOPRAK,tr,odaları normale küçük sabah çıkıp gece geldiğimiz tercihte bulunduk yeterliydi i̇şletme sahipleri cana yakınlardı konumu merkezde rahat yürüyerek istediğimiz mekanlara ulaştık
Lacivert Otel Akyaka,Cansu,en,great experience stay akyaka location great its center walk everywhere cafes restaurants pubs close hotel lot options find seaside mins walk highly recommend go wood platforms forest host caner amazing person great hospitality kindest host ive ever seen room cute its enough couple days holiday really great garden read book drink coffee tea mandarin trees
Lacivert Otel Akyaka,Lila Raygoza,en,friend stumbled upon simple nofrills gem late night bus ride akyaka hotel reservation akayaka mesmerizing comfortable lacivert otel kept extending stay owner lovely flexible great place end trip
Lacivert Otel Akyaka,Nihal ATan,en,location center akyaka come hotel sleep already booked sleeping met needs entertainment venue nearby noisy stop playing music around room clean narrow going sleep looking central place stay car park meters away street hotel narrow
Lacivert Otel Akyaka,cem trzi,en,actually boutique hostel right bazaar akyaka detached building small garden seating owner place sweet helpful aunt runs grandson polite rooms really clean stay breakfast etc since inside market cannot buy breakfast nightly room price high wont regret recommend returning ankara sunday morning breakfast aunt insisted eating tea bagels cheese thanked sincerity really nice
Lacivert Otel Akyaka,hasan deniz,en,akyaka center cute place market meters away sea come navigation may able get right front street appears closed traffic come front car rooms clean wifi enjoyable moments garden felt safe many thanks sister mr caner sincerity smiling faces missed seeing lately
İzethan Hotel,Gizem Kaymakçı,tr,tur sebebiyle gece konaklama sağladım merkezi yerde bulunuyor dışarıda yemek yenebilecek kahve içilebilecek bilindik mekanlar mevcut otel yemekleri standart menülerdendi güzeldi oda temizdi ihtiyacımız olacak mevcuttu sıcak su klima iyiydi buz dolabı canavar çalışıyordu küçük balkonumuz özetle memnun kaldım
İzethan Hotel,Elif Erkan,tr,fotoğrafla alakası odalar aşırı eski toz içinde balkon izmaritler kapı zincir kilitle kapanıyor düzgün kapanmıyor çalışanlar yatacakları yeri gasp etmişsin davranıyor aynı fiyatlara ucuza yerlerde kalınır kesinlikle fotoğraflarla alakası kahvaltısında salatada böcek
İzethan Hotel,İrem Gürses,tr,tur gece otelde konakladık önceki kaldığımız otel kötüydü açıkçası otelin artı özellikleri ağır bastı konumu merkezi marketler kafeler mevcut birinci katta kaldık balkon temizdi gece balkonda oturduk nevresimler havlular göreceli temizdi sıcak su yemekler aç kalınmayacak şekilde güzeldi lezzetli yemekler beklememek gerekiyor kaldığımız akşam meyve tatlı yoktu buzdolabı çalışıyordu içinde soğuk su
İzethan Hotel,inci gökcen,tr,odalar temizdi yataklar rahat yedek yastik yorgan vardı yemekler kahvaltilar güzeldi ekip güler yüzlü turla gittik yorumlardan dolayı korkmuştuk çok güzeldi her şey ekibe teşekkürler
İzethan Hotel,Bilgen Akdemir,tr,dün şehir dışından gelen arkadaşımın kalması aradık oda söylediler otele gittik gece orda bulunan resepsiyonist oda klimasının çalışmadığını söyledi burnu havada çıktınız geldiniz tavrı cümleyi ifade küfür etmediği kaldı i̇ster tut tutma tavrından hoşlanmadık otelin vitrininde sabırlı hoşgörülü çalışan görmek isteriz
İzethan Hotel,Robert Hart,en,hotel comfortable quiet far center town star hotel paid tl single walk rate excellent quality
İzethan Hotel,Aiham Al Salahi,en,service hotel good well hotel clean prices cheap around single room middle city breakfast good
İzethan Hotel,Shiraj,en,well good place comfortable good time
İzethan Hotel,Osama Moussa,en,good hotel nice breakfast
İzethan Hotel,Ferhat Üney,en,i̇deal
YAKABÜK TİNY HOUSE PANSİYON,emre,tr,geçtiğimiz günlerde şahane yerde konaklama fırsatı yakaladık yakın arkadaş grubumuzla gittiğimiz yakabük tiny houseda güzel vakit geçirdik denize yakın saklı koyun sakinliği güzeldi günler vardık koy hissi yaşattı i̇skeleden denize girmek keyifliydi müge hanım alanda yardımcı memnun kaldık buraya geldiğinizde şehrin farklı bölgelerime gitmenize kalmayacak denizin hemen yanınızda evin manzarası rahatlatıcı şehirden uzak sakin tatil isteyen herkese öneririm
YAKABÜK TİNY HOUSE PANSİYON,Seyma Kacar,tr,gece tiny house kişi konakladık bulunduğu yerin sakinliği koya yakınlığı denizin güzelliği güzel vakit geçirdik ev sahibi müge hanım tatlı cana yakındı ihtiyacımızda yardımcı gezilecek yerleri yapabileceğimiz aktiviteleri detaylıca anlattı tatile giderken şehir merkezi plan yapmıştık tatil sırasında bulunduğumuz yerin güzelliğini görünce keyfini çıkardık ayrılmak istemedikçok güzel tatildi şehir kalabalıklığından uzaklaşıp kafa dinlemek isteyen kesinlikle burayı denemeli
YAKABÜK TİNY HOUSE PANSİYON,Emir Akkas,tr,merhabalar temmuz tarihi girişli gece konaklama yaptık konaklama memnuniyeti rahatı mükemmel ötesinde i̇ki dakika mesafede saklı koy denizi hemen tinyhouse altında ücretli şenzlongu beach mevcut işletmecisi burak bey yüzer iskelesi mevcut tinyhouse müge hanım an eksiğimizde sonsuz yardımcı yemek konusunda gelirken yanımızda içicek yiyecek getirmiştik geldiği i̇stanbula geri götürdük kaldığımız yer otel butik restorantı mevcut et ızgara çeşitleri balık hariç mevcut önemlisi ekonomik açıdan inanılmaz uygun sabah serpme kahvaltı öğlen soslu tavuk akşam jülyen et yedik hergün lezzette fiyata bölgede asla yer bulamazsınız önemlisi restaurantlarda geliştirmiş el lezzeti muazzam ahçıları sinem hanım gittiğinizde güler yüzündeki sevgiyi yemeklere kattığını anlayabiliyorsunuz otel restoran işletmesinde mert bey eşi özlem hanım ilgileniyor annesi halime anne babası hakkı baba evlatları gördükleri minnettarız aile çiftler önümüzdeki tekrar geliriz diyebileceğiniz yer diyebilirim müge hanım sonsuz teşekkürler sağlıcakla kalın seneye hafta haftalığına görüşmek üzere akkaş ai̇lesi̇
YAKABÜK TİNY HOUSE PANSİYON,Gökay Eren Aydın,tr,yakabük tiny house pansiyonda konakladığımız süre boyunca son derece memnun kaldık pansiyonun tiny house konsepti şirindi konforluydu müge hanım işletmenin detayıyla ilgileniyor konuklarıyla alakadar restoranda halime hanımın misafirperverliği hakkı beyin yemekleri gerçekten harikaydı mert bey konuda yardımcı tatilimizi keyifli hale getirdi i̇skelede burak beyin ilgisi hizmeti profesyoneldi ekip sayesinde kendimizi evimizde hissettik kesinlikle tekrar gelmek isteyeceğimiz yer
YAKABÜK TİNY HOUSE PANSİYON,süpriz süpriz sox,tr,merhabalar akyaka km mesafede doğa içiçe sessiz sakin güzel yer denize yürüme mesafesinde aile işletmesi i̇nsanlar güler yüzlü samimi yemekleri güzel ailece kaldık memnun ayrıldık tavsiye ederim
YAKABÜK TİNY HOUSE PANSİYON,emre,en,recently opportunity stay wonderful place great time yakabük tiny house went close group friends close sea calmness saklı bay nice days ones made us feel like bay belonged us also enjoyable swim pier ms müge helped us lot every field pleased come wont even need go different parts city right next sea view house also relaxing recommend everyone wants quiet holiday away city
YAKABÜK TİNY HOUSE PANSİYON,Seyma Kacar,en,stayed people tiny house nights great time calmness location proximity bay beauty sea owner ms müge sweet friendly helpful needs explained detail places visit activities could made plans city center went holiday saw beauty place holiday enjoyed never wanted leave nice holiday anyone wants get away city crowds relax definitely try place
YAKABÜK TİNY HOUSE PANSİYON,Emir Akkas,en,hello stayed nights checkin date july  first satisfaction comfort accommodation beyond perfect hidden bay sea two minutes away right tiny house beach paid sunbeds managed mr burak also floating pier tinyhouse ms müge helped us immensely whenever lacking came food brought drinks food us took back istanbul way came place staying hotel boutique restaurant grilled meat types except fish available importantly incredibly affordable ate mixed breakfast morning chicken sauce lunch julienned meat dinner every day never find place taste price region importantly amazing cook ms sinem improved best restaurants go tell puts love meals smiling face mert bey wife özlem hanım take care hotel restaurant business grateful mother halime father hakki seeing us children say best place families couples come back next year endless thanks ms müge  stay healthy see next year week weeks  akkas family
YAKABÜK TİNY HOUSE PANSİYON,Gökay Eren Aydın,en,extremely pleased stay yakabük tiny house pansiyon tiny house concept hostel cute comfortable ms müge interested every detail business cares closely guests halime hanıms hospitality hakkı beys food restaurant truly wonderful mr mert also helped us every aspect made holiday enjoyable mr buraks attention service pier also professional thanks whole team felt like home definitely place wed like come back
YAKABÜK TİNY HOUSE PANSİYON,süpriz süpriz sox,en,hello km away akyaka touch nature quiet beautiful place walking distance sea family business people smiling friendly food good stayed family left satisfied advise
Fabric Otel Akyaka,Egemen Utku Carık,tr,arkadaşım odada kişi kaldık kişi bile odada rahat edemedik odaya girdiğimizde duvarda sivri ölüsü çarşafda kadın saçları mevcuttu fiyat fazla bir şey beklememek lazım temizlik konusunda değilidi duşa kaiın kırık zaman duş alsam klozet su içinde kalıyor odanın bir kliması çalışıyor dieğri çalışmıyor avantaj konum
Fabric Otel Akyaka,Deniz Turgut,tr,apartın konumu merkezi odası temizdi sıcak su sorunsuzdu barı fiyatlar çevre barlara tık uygun müzik makul saatte kesiliyor rahat şekilde uyuyabiliyorsunuz tavsiye edilir
Fabric Otel Akyaka,ÖZGÜR ALTINSOY,tr,otel rezervasyonumu obilet uygulamasından yaptım konum güzel azmağa sahile yakın nolu odada kaldım odaları bilemem gecelik tlden gece rezervasyon yaptım odanın balkon demiri yerinden çıkmış yaslandığınız zaman demirin ucunun boşta görebilirsiniz tehlikeli bi durum balkonda aydınlatma namına lamba direk duşa kabinin kapısı tv çalışmıyor konaklamamı gecede sonlandırmama yetip arttı
Fabric Otel Akyaka,aynur özden,tr,konum harika bi yer yorumlara bakanca korktum anormallik yoktu odalar temizdi istediğimiz zamanda temizlediler müzik sesinden uyuyamadım demiş alt katın bar tutuyorsun müziğe katlanacaksınve olunc müzik sesi falan gelmiyor burda yer gece kaldım geyet güzeldi zorlandığım nokta bebeğim gayretli sürekli düştü oda küçük
Fabric Otel Akyaka,feisreanti Tvaradze,tr,yorumlara baktım şaşırdım fiyata yer bulamazsınız ferah kocaman odalar merkezde balkonlu temiz diyebiliriz yorum yaparken fiyat performans değerlendirin bizde şaşırmayalım
Fabric Otel Akyaka,rolandheming,en,great place drink game pool darts staff super friendly accommodating music best akyaka opinion big screen redbull tv games havent stayed hotel cant come get street thriving night maybe better suited night owls party goers
Fabric Otel Akyaka,Egemen Utku Carık,en,friend stayed people person room even people couldnt feel comfortable room entered room dead body wall womens hair sheets shouldnt expect much price wasnt good terms cleanliness shower bowl broken whenever take shower toilet bowl stays inside one air conditioner room works advantage location
Fabric Otel Akyaka,Deniz Turgut,en,location apartment central room clean hot water problem free bar prices seem little affordable compared surrounding bars music stops reasonable hour sleep comfortably recommended
Fabric Otel Akyaka,ÖZGÜR ALTINSOY,en,first made hotel reservation obilet application location beautiful close river beach stayed room dont know rooms made reservation nights tl per night balcony iron room come welding place lean see end iron free dangerous situation something lighting balcony lamp direct shower shower cabin one door one work tv work enough end stay night
Fabric Otel Akyaka,aynur özden,en,great place location scared looked comments nothing abnormal rooms clean cleaned wanted someone said couldnt sleep music see bottom floor bar endure music turn dont hear music everywhere place stayed nights fine thing hard time baby diligent kept falling room small
HAFIZOĞLU OTEL,Cesarine Silavuvu,tr,harika karşılama
HAFIZOĞLU OTEL,Cesarine Silavuvu,en,wonderful welcome
Akyaka Azmak Apart,Duygu Kesici Bostan,tr,normalde gün rezervasyon yapıp güneşde uzanmayı planladığımız muğla tatilimize akyakada apart başladık eşim kişi olduğumuzu söyleyince otel tipi odanın uygun olacağını söyleyip oma rez yapmışlardı gittiğimizde tatilin günü kocaman hayal kırıklığı yaşadık giriş katta sözde balkonu  fazla ödediğimiz depodan bozma odaya girdik oda tıklım tıkış girdiğiniz anda rutubet kokusu yüzünüze vuruyor alerjik astımım oda değiştirmek istedim sağolsun beyefendi yardımcı olmaya çalıştı büyük odalarda yer belirtti ancak yer aradaki fiyat farkını vermeye değer bulmadım ki bu fiyata yerler bulduk sonra bırakın güne uzatmayı odaya girer girmez yeni yer aramaya başladık gün kalmazdım ödemesini yapmıştık maalesef temizlik konusunda iyi değildi yastık kılıfları sarı sarı lekeliydi temiz kokmuyordu değiştirmediklerini düşünüp gece yeni yastık kılıfı istedik banyodaki sabunluktan elimi yıkamaya tiksindim öyle pis eskiydi yani konumu tam azmak kenarında çarşıya yakındı resepsiyondaki beyefendi ilgiliydi aksilikler olunca birinin önemi kalmıyor tatilimizin günü tadımızın kaçması yeni yer bulma stresi cabası kısacası vasatın altındaydı ertesi gün çıkış yaptık üst katları bilmyorum giriş katı durumlar bunlardı
Akyaka Azmak Apart,ferah ongun,tr,temizlik hastası söylüyorum odalar tertemiz havlular kar beyaz duvarlar mis banyo şahane numara alanyadan kişi geldik aparta girmeden korkmuştum misafirlerime mahcup olmaktan odayı görünce içimde kelebekler uçuştu misafirler mutlu mutlu personel sabah kahvaltısı nehir kenarı kahvaltı tavsiye ederim
Akyaka Azmak Apart,Genç İnşaat,tr,i̇ki aile gidiyorsanız nolu odayı isteyin parası gidin gerçekten değer bölge yerli turiste hizmet ettiğinden fiyatlarda uygun otel için verdiğiniz paraya gerçekten değiyor otelden bugün çıktık sıfır sorunla odayı temizlemişler yeni oda olmuş personel güler yüzlü odanın manzarası pansiyonun konumu vs mükemmel teşekkürler herşey için
Akyaka Azmak Apart,MakeUp Buse,tr,azmak nehrinin dibinde aile oteli kaldığımız oda küçüktü sezonda son dakika bulduk büyük odaları varmış fiyat performans oteli akyaka vakit geçirmek istiosanız herşeyin dibinde
Akyaka Azmak Apart,Recep Demiral,tr,otel konumu azmak nehri yakın merkeze yürüme mesafesindedir standart yer özen gösterilmeliydi oda havalandırılırken sineklikleri açık bırakmışlar durumda içeriye zararlı böceklerin girmişti çocuklarla olunca sıkıntı durum fark sorun çıkmadan konakladık yol üstü akyakaya uğrayacaklar tercih edilebilir otel gece tercih ettik
Akyaka Azmak Apart,tayfun kesgin,en,looking cool hot summer day arpund degrees c august place boat tour exotic river flows sea mustdo river tempurature cool degrees mind stream though boats freuquent
Akyaka Azmak Apart,İsmail Şiriner,en,perfect place swim leave self river enjoy cold sweet water
Akyaka Azmak Apart,Mehmet Gencer,en,place awesome river need new cook good things olur table omelette orange juice
Akyaka Azmak Apart,Nadir Kaplan,en,nice palace relaxeting human
Akyaka Azmak Apart,Serhat Yüngül,en,isnt best place isnt worst either
Tuncer Otel,Doğan Parlak,tr,öncede gelmiştim yenilenmiş güzel olmuş ekonomik olacakta çevreye
Tuncer Otel,Esin Sakar,tr,yeni kaldım fiyat performansı içi iyidi
Tuncer Otel,Tuna Teker,tr,fiyatı uygun eski otel etrafında kıraathane kurşunlu cami meydanına yakın
Tuncer Otel,Serkan Donmez,tr,merkezi ekonomik ihtiyaçları karşılıyor sahibi ali abiye saygılar aynı zamanda güvenli
Tuncer Otel,asuman köse,tr,çaresizlikten kaldığımız yer bir kalır mıyım kesinlikle hayır
Tuncer Otel,Doğan Parlak,en,ive renovated nicer economical good environment
Tuncer Otel,Esin Sakar,en,stayed new price performance interior good
Tuncer Otel,Tuna Teker,en,price affordable old hotel many coffee houses around close kurşunlu mosque square
Tuncer Otel,Serkan Donmez,en,meets central economic needs respect mr sahibi ali also safe
Tuncer Otel,asuman köse,en,place stayed desperationwould stay absolutely
Gokturk Otel,Kübra Kalkandelen,tr,harika gece gün geçirdik otelden yere kımıldamaya ihtiyaç gün öncesi şezlong servisini kullanmıştık oteli keşfedince hemen akyaka merkezdeki konaklamayı muhteşem otele çektim harika koyda denizi tertemiz kafa dinleyebiliyorsunuz hizmet sunuluyor kahvaltısı bonkör ana yemekleri lezzetliydi akşam iskeleye kurulan masalar sabahtan istediğiniz balığı söylerseniz tazecik geliyor önünüze mezeleri ana yemekleri lezzetli özellikle kızartmaları hafif genelde tercih etmem dışarıda kızartma yemeyi evde hafif lezzetliydi çalışanları saygılı güler yüzlü oda tertemiz rahat konaklama imkanı sunulmuş teşekkürler
Gokturk Otel,Melis Hacic,tr,kahvaltı yetersiz eksikti zeytin kasesinin içinden kullanılmış zeytin çekirdeği çıktı reçellerin yarısı yoktu kıl kahvaltı karşılamadaki elemanın iletişimi kötüydü otelin konumu manzarası numara içeride eksik duş havlusu baş havlusunun dışında el silmek havlu yoktu saç kremi makyaj pedi falanda yoktu ertesi gün gelen oda servisi dünden kalan havluları değişmemişti söyledik değiştiler ekstra havlu olmalı
Gokturk Otel,Unique,tr,otelin plajını kullandık kişi başı harcama limiti anlaşarak içeri girdik hayatımda kötü mutfağı işletme görmedim dalga geçer önümüze dondurulmuş pizzayı ısıtıp getirdiler lira aldıkları pizza bimden alınmış pizzaydı resmen saat durup kaçtık fazla psikolojimiz bozulmasın hayatım boyunca tatil beldesinde rezillik görmemiştim aklı gitmesin yanından geçmesin
Gokturk Otel,Melek Özer,tr,mükemmel akyaka sevdiğimiz bi yer marmarise gitmeden gün burda geçirelim dedik yan tarafı yorumları görseli iskelem oteldi düşüncemiz başka yer arayışınada girmedik baktık iskelemde yer yokmuş arayışa geçince göktürk oteli keşfettik dedik iskelemle yan yanalarmış dedik göktürk öncellikle konum mükemmel yerdi denizin güzelliği sabah gittiğimizde deniz tarafı güzel bi oda verdiler tertemizdi kahvaltısı yeterli lezizdi resmen buram buram huzur kokuyordu keyif aldık mesafe yakın olsak kaçıp kaçıp gelsek dedim arkadaşıma bi gün yanlız kalmak istesem kesinlikle buraya gelirim güzeldi etrafta bol bol gülen yüzler işini layıkıyla yapan personeller hepinize tekrar tekrar teşekkürler akyakayı seven yerim belli umarım görüşürüz atmosferi yaşarım
Gokturk Otel,Akin Durmus,tr,günübirlik denize girmek gittik şezlong ayrı ücret alınyor harcasanız yan yana oteller anlaşmış aralarında belli yemekler güzel değildi pişmemiş pizza geldi karpuzun tadı kötüydü şikayetimizde ciddi alınmadı tavsiye etmem
Gokturk Otel,Tumer Gundem,en,friendly hotel beautiful spot akyaka staff polite view sea gorgeous rooms clean nicely decorated wood stone mostly ideal swimming sun bathing relaxing peaceful place romantic fair price enjoy
Gokturk Otel,YOUSEF ALREFAEI,en,location good sea front stuff respectable helpful room wide clean internet good breakfast turkey enough sea view car parking available hotel good relaxing family
Gokturk Otel,Gokce Uraz,en,nice view quiet near sea closed harbour beautiful view brand new boutique hotel friendly staff pleasure eat lovely breakfast night dinner near seaside patio morning went swim sea lovely clean able see bottom hotel bed room nice would recommend everyone passing
Gokturk Otel,Tugba Yilmaz,en,little heaven akyaka details rooms amazing stayed hundreds hotels stars chain hotels one uniquely beautiful
Gokturk Otel,Sarah,en,beautiful hotel lovely staff peaceful quiet spot overlooking bay would definitely recommend
Yenice Vadi,Gamze Öyünç,tr,ozellikle ayurvedik masaj yapan pelin hanjmjn masajlarini oneririm calisan ozge hanim volkan bey cok yardimci sicaklardi dogasi hakkina soylenecek birsey mukemmel halinde retreat kamplarina gelen misafirler uzere yer tanitma oryantasyonu yapilmali dusunuyorum hayvan sever hayvanlara muhtesem bakildigini gordum uygun fiyatli herseyi cok lezzetli guzel havuzu dogal kuyu suyu rahat free ortami muhtesem akyakaya gelince villa velide kalmak istiyorum
Yenice Vadi,Erdener Gönenç,tr,yolu kötü yenice köyünün içinden araç genişliğindeki labirent yollardan geçmeniz gerekiyor tabelalar yetersiz apple maps konumuna güvenmeyin google maps derece yorumları okuyunca pazar günü gezmek restoranı denemek gitmiştik yönetimin yakın zamanda el değiştirdiğini dışarıdan müşterileri kabul etmediklerini inziva konaklayan müşterilere hizmet verdiklerini söylediler bilginin internet belirttiler dönünce web sitelerinde instagram sayfalarında bilgi bulamadım kapıdan döndüğümüz hizmet kalitesi vb konularda yorum yapamayacağım konaklama iyi olabilir günü birlik gitmeyi düşünüyorsanız gitmeyin arayın
Yenice Vadi,Hülya Batman,tr,gidip içmiştik yollar dar olmasına yer güzel misafirlerimizle fethiyeden geldik girişte dışarıdan müşteri kabul etmediklerini söylediler gün gelip dönen insan oluyormuş söylediler internetten güncelleyip insanları mağdur etmeyin
Yenice Vadi,Meltem Ahmet,tr,yollar git git bitmedi vardığımızda güzel yerle karşılaşmak şaşırttı tepeden tırnağa şaheser ince ayrıntıda özen yemekler harika hizmet kusursuz doğal müze vadinin yerleşim alanlarına uzak sessizlik gece gökyüzündeki manzara avantajlı
Yenice Vadi,Ahmet Akçadağ,tr,özel gruplar uygun ortam sessiz sakın doğal
Yenice Vadi,Fiona Pannell,en,husband held wedding august whole experience perfect staff bent backwards make event special husband friends family best time everyone remarked incredible find made wedding cant recommend enough holiday special event
Yenice Vadi,Tony Raven,en,eco hotel went breakfast yummy lovely atmosphere worth try
Yenice Vadi,Gracy Matta,en,place natural organic heaven food unbelievably amazing staff friendly great service owner earth soul ready tailor needs activities way extreme ends pool nicely built natural pond stayed tree house amazing outdoor area jacuzzi seating area fire pit one night organized light fire pit us actually personalized bbq door premises room privacy bliss property
Yenice Vadi,Tuncer A. Oguz,en,stayed times yoga practice days place pretty cool enjoyed view nature environment rooms pretty clean nature big yoga space handle around people easily service foods awesome like way team catch names recognize people definitely revisit village
Yenice Vadi,Casper Da Silva Lima,en,rate everything stars everything amazingly good amazingly beautiful pond swim cute mallard ducks swimming pond love nice waiters serve delicious food food also best good sigara borek give chocolate spread well thanks yenice vadi restaurant team making luxury restaurant staff
Yakabük Otel & Restaurant,Ebru Evcimen,tr,aile geldiğimiz harika oteli herkese tavsiye ediyorum doğa  kalbinde odaları deniz manzaralı geniş konforlu 5dk yürüme mesafesinde gizli koydan denize girebilirsiniz harika yer ayrica yakinında turnali koyu akbük koyu akvaryum koyu oralaradan denize girebilirsiniz restoranda yemek isterseniz yemekler lezzetli güleryüzlü misafirperver işletme sahiplerine teşekkür ederizt am fiyat performans oteli seneye mutlaka tekrar geleceğiz arkadaşlarım memnun kaldılar
Yakabük Otel & Restaurant,Ezel Uysal,tr,güzel aile oteli tatlı insanlar işletiyor hemen aşağısında saklıkoy egenin temiz sıcak denizi mutlaka ziyaret etmeniz gereken tesis memnun kalıcağınızdan emin olabilirsiniz really family hotel really cool people are owner you feel like at home there is very close public beack its called saklıkoy really hot and clean sea i would highly reccommend
Yakabük Otel & Restaurant,Nefize Boylu,tr,şirin otel güzel aile işletiyor i̇şletme sahipleri güler yüzlü cana yakın içten insanlar restauranttaki yemekler lezzetli otele gelmiş biliyor olsaydım günlük tatilimin hepsini otelde geçirmek isterdim
Yakabük Otel & Restaurant,goksel ilgin,tr,i̇nanılmaz makul fiyata muhteşem kahvaltı yaptık i̇şletmeci aile güleryüzlü ki ören akyaka yolunda kahvaltı yapılacak yer
Yakabük Otel & Restaurant,Burakhan Çetinkaya,tr,kahvaltı uğradık deniz manzarası eşliğinde güzel bi kahvaltı yaptık fiyat performansı kahvaltı yeterli aile işletmesi güler yüzlü samimi davranışları teşekkür ederiz
Yakabük Otel & Restaurant,Hasan Oz,en,push much change room airconditioning working breakfast poor beach chairs charged expensive
Yakabük Otel & Restaurant,tayfun kesgin,en,looking budget accommodation place basic rooms need refurbishing yet spacious terrace great view find great wild beach minutes breakfast food offer bothing write home family runs hospitable warmhearted better try nearest gözleme restaueant place lunch dinner
Yakabük Otel & Restaurant,Ebru Evcimen,en,family recommend wonderful hotel everyone heart nature rooms sea views spacious comfortable great place swim hidden bay within minutes walking distance also turnali bay akbük bay akvaryum bay nearby swim want eat restaurant food quite delicious diverse would like thank friendly hospitable business owners perfect priceperformance hotel definitely come next year friends pleased
Yakabük Otel & Restaurant,Ezel Uysal,en,nice family hotel sweet people run saklikoy perhaps cleanest warmest sea aegean facility definitely visit sure satisfied really nice family hotel really cool people owners feel like home close public beach called saklıkoy really hot clean sea would highly recommend
Yakabük Otel & Restaurant,Nefize Boylu,en,cute hotel run nice family owners business friendly sincere people food restaurant delicious come hotel known would wanted spend entire day holiday hotel
Ersöz Butik Otel,mehmet sutcu,tr,totelya otel kesi̇nli̇kle tavsi̇ye ederi̇m akyakaya gelecek olanların tercihi isterim butik otel kahvaltı çalışıyorlar gün konaklamak gelmiştik gelmeden arayıp küçük köpeğimiz belirttik hayır demeyip misafir ettiler gün ücretini ödeyip denize indik yanımızda köpeğimiz plaja almadılar akyaka küçük yer plajı kalabalık çarşısı küçük alışmışız sene bodrumun kalabalığına eşimle tekrar bodruma gitmeye karar verdik yetkili beye söyleyince dedi ücretimizi geri iade akyakayı sevebilseydikte kalsaydık hitap etmiyor totelya otel kesi̇nli̇kle tavsi̇ye ederi̇m temiz hesaplı yer kahvaltısı efsane güzel organik
Ersöz Butik Otel,Emre Akar (zurrani),tr,adı butik bi otel kaldigimiz oda küçüktü gecelik konakladığımızdan problem olmadı eminim ihtiyaca göre odası vardır sahile yakın tüm yerleşimler sahile yakın güzeldi sevdik kahvaltı standart
Ersöz Butik Otel,Engin Tutlu,tr,mekan akyaka daki mekanlar mimari açıdan güzel özel mekanı yeni devraldığını söyleyen bahadır bey nezaketli çalışanların odanın özelliklerinin iyileştirilmesi gerekir
Ersöz Butik Otel,Yusuf Avseren,tr,beklentiye değişir butik pansiyon oteller karıştırmayın sahibi çalışanları güler yüzlü cana yakın gece uyuyayım duşumu alayım kahvaltımı yapıp gezmeye giderim diyorsan iyi
Ersöz Butik Otel,Nazlı Cengiz,tr,temiz odaları çalışanları güleryüzlü güzel aile işletmesi beklentiniz yüksek değilse ideal yer yere yakın özellikle arabanız varsa dilediğiniz koya gidebilirsiniz
Ersöz Butik Otel,Ricardo Martinez Reques,en,great owner called atatalya everything perfect come back sure stay akyaka
Ersöz Butik Otel,mehmet sutcu,en,definitely recommend totelya otel would like choice come akyaka boutique hotel work breakfast included came stay days called came stated small dog say hosted us days paid fee went sea let us beach dog us akyaka small place beach crowded bazaar small used crowds bodrum every year wife decided go bodrum told officer said course refunded fee wish liked akyaka stayed appeal us definitely recommend totelya hotel clean affordable place especially breakfast legendary good everything organic
Ersöz Butik Otel,Emre Akar (zurrani),en,name suggests boutique hotel room stayed little small since stayed one night problem im sure room every need close beach settlements close beach beautiful loved breakfast standard
Ersöz Butik Otel,Engin Tutlu,en,place like places akyaka beautiful special terms architecture mr bahadır says taken place attentive polite features staff room need improved
Ersöz Butik Otel,Yusuf Avseren,en,varies depending expectation boutique hostel confuse allinclusive hotels owner staff friendly friendly want sleep night take shower breakfast go walk
Göktürk Butik Otel,Zuzu Baramundi,tr,gündür otelde konaklıyoruz eşimle günümüz senelerdir alışık olduğumuz tatil köyü konseptinden sıkılıp butik otel deneyimlemek istedik endişeleremiz otele girdiğimiz andan endişelerimiz son buldu otelin mimarisi denizi plajı muhteşem herkese tavsiye ederim meryem hanım yunus dilarayada ilgilerinden sonsuz teşekkürler
Göktürk Butik Otel,hüseyin civelek,tr,değişmeyen kalite müşteri memnuniyeti yaz buraya çekiyor birlikte sezonlara göktürk otel
Göktürk Butik Otel,Zuzu Baramundi,en,staying hotel days wife days got bored holiday village concept used years wanted experience boutique hotel worried moment entered hotel worries ended hotels architecture sea beach magnificent recommend everyone endless thanks meryem hanım yunus dilara interest
Göktürk Butik Otel,hüseyin civelek,en,unchanged quality customer satisfaction years attracts us every summerto many seasons together göktürk hotel
Mira Apart,Hasan arslan,tr,sevinç hanım mehmet bey mükemmel insanlar geçirdiğimiz günü evimizde hissettik evin temizdi mutfak gereçleri yeterliydi denize dakika yürüme mesafesinde deniz temiz berrak akyakaya km mesafede yol virajlı dar dikkat etmek kesinlikle herkese tavsiye edebilirim sevinç hanım mehmet beye teşekkür ediyoruz
Mira Apart,Zübeyde KOCAER,tr,mehmet bey sevinç hanımın ev sahipliğinde güzel tatil yaptık i̇kisi misafirperver insanlar evin temizliği güzelliği mükemmel konum güzel yerde i̇çinizin rahat edeceği apart tavsiye ederim
Mira Apart,Süleyman Doğruyusever,tr,kesinlikle temiz kusursuz tatil seneye kesinlikle gideceğimiz yazlığımız sevinç hanım teşekkür ederiz
Mira Apart,yiğitcan Erova,tr,ailemle gece konakladığımız mira apartta güzel karşılandık mehmet bey sevinç hanım kültürlü sohbet nezih insanlar konaklamamız ikramları güler yüzleriyle evimizde hissettirdiler ufak tefek mutfak eksiklerimizi cömert biçimde bizlere temin ettiler bahçelerinden biber patlıcan vb ikramlarda bulundular konaklamamız boyunca müşteri misafir ağırladılar uzun lafın kısası huzurlu şekilde istirahat edeceğiniz bakir nezih yer arıyorsanız burayı muhakkak tercih etmenizi öneririm
Mira Apart,Kayhan Şahlanan,tr,halinde temiz apart sahipleri düzgün insanlar ailecek rahat edebilirsiniz
Mira Apart,Anton Lapushkin,en,nice place warm sea delicious food hospitable people far kitespot recommend families
Mira Apart,Hasan arslan,en,ms sevinç mr mehmet excellent people felt like home six days spent house clean kitchen utensils sufficient minutes walk sea sea clean clear km away akyaka road winding narrow careful definitely recommend everyone thank ms sevinç mr mehmet everything
Mira Apart,Zübeyde KOCAER,en,nice holiday hosted mr mehmet ms sevinç hospitable people cleanliness beauty house perfect also beautiful location apartment feel comfortable advise
Mira Apart,Süleyman Doğruyusever,en,definitely clean perfect holiday summer house definitely go next year thank much ms sevinç
Mira Apart,yiğitcan Erova,en,welcomed well mira apart stayed family nights mr mehmet ms sevinç cultured pleasant decent people stay made us feel home treats smiling faces also provided us small kitchen needs generous manner peppers eggplants etc gardens offered refreshments hosted us like guests customers throughout stay long story short looking pristine decent place rest peacefully definitely recommend choose place
Lena Apart,Serkan Gökay,tr,sahile uzak olmayı dert etmiyorsaniz rahatlikla kalabileceğiniz apart sahipleri alper bey annesi guleryuzlu insanlar metre yetişkin havuzunun yanına sene çocuk havuzu açmışlar yaşındaki oğlum havuzda güzel vakit geçirdi odalarda temiz havlu nevresim takımları mevcut ön tarafa bakan odaların balkonundan deniz görülüyor yatak cekyatlar rahattı eksi gördüğüm yanlar klimalar eskimiş zaman zaman performans düşüp yetersiz kalıyor buzdolabı küçük kalıyor odalara büyük buzdolabı koymuşlar rezervasyon yaparken sormanizda fayda titizseniz mutfak eşyanızı getirmelisiniz
Lena Apart,Ahmet Türkoğlu,tr,i̇şletme sahibi i̇smihan hanım alper bey inanılmaz güleryüzlü misafirperver eşyalar yeni kaliteli oda temizliği havuzu sabah temizleniyordu havuz temizliği başarılı sessiz rahat tatil ideal marketlere dk yürüme mesafesinde
Lena Apart,zeyneb Türkday,tr,akyaka tatilimize gün müsaitlik bulabilip geldiğimiz apart girişte alper bey karışladı samimi alakalı bey güzel bi işletme havuzu normalde kullanmayı düşünmüyorduk güzeldi havuzu kullandık odamız temiz düzenliydi eşya cezveye gün kalacaktık uzatıp gün kaldık çamaşırlarımızı yıkamaya verdik sağolsun katlayıp oda kapımıza bırakmışlar gerçekten memnun ayrılıyoruz konumu yukarda rahatsız etmedi araba dk sürüyor aşağı inmeniz gitsek bi konaklarız
Lena Apart,Burcu Tezel,tr,akyakanın hemen girişinde aile işletmesi anne oğul güler yüzlü samimiydiker odalar tertemizdi mutfak eşyaları yeterliydi havuzu kullanmadık hijyenik yeterli ölçülerde gözüküyordu uygun temiz konaklama tercih edebilirsiniz
Lena Apart,Gökhan Celep,tr,ağustos  kişi gece konakladık konum merkezden yukarıda keşmekeşten uzak ferah ortamda kalıyor konum numara odalardan demiz manzarası ferah görüntü içinizi rahatlatıyor plaja gitmek istemezsemiz güzel havuzu buda artı lenaya yazıyor alper annesi hanım efendi herşey ilgileniyor herşeye hakimler odalarda temiz içeride temel ihtiyaçları karşılayacak her türlü ekipman aile pansiyonu tavsiye ederim
Lena Apart,Serkan Gökay,en,apartment stay comfortably dont mind far beach owners mr alper mother caring friendly people year opened childrens pool next meter adult pool yearold son great time pool clean towels bed linens rooms sea visible balcony rooms facing front bed mattresses comfortable downsides see air conditioners bit outdated performance drops time time insufficient refrigerator small rooms large refrigerators ask making reservation meticulous bring kitchenware
Lena Apart,Ahmet Türkoğlu,en,owner ms i̇smihan mr alper incredibly friendly hospitable furniture new high quality room cleaning good pool cleaned every morning pool cleaning also successful ideal quiet comfortable holiday minutes walking distance markets
Lena Apart,zeyneb Türkday,en,came apartment day akyaka holiday could find availability mr alper met us entrance friendly caring gentleman nice property normally think using pool nice used pool well room clean tidy every item even coffee pot going stay days stayed days gave laundry washed thank folded left room door left really satisfied thing location little bother us takes minutes get car go stay
Lena Apart,Burcu Tezel,en,family business right entrance akyaka mother son smiling sincere rooms clean kitchenware sufficient use pool seemed hygienic sufficient size convenient clean consultation choose
Lena Apart,Gökhan Celep,en,stayed nights august group people since located little center stays spacious environment away hustle bustle location top notch sea view spacious view rooms puts ease dont want go beach nice pool plus lena writes alper mother take care everything control everything rooms clean kinds equipment meet basic needs recommend full family pension
Feron Otel,Selin Sur,tr,akyaka merkezde temiz rahat odaları otel kahvaltı klasik standart kahvaltı tabağı şeklinde sahilde veriliyor kötü diyebilirim hemen karşıdaki barda gece ye canlı müzik sessizlik isteyenler olumsuz olabilir genel memnun kaldım
Feron Otel,Selin Beşirli,tr,eylül ayında eşimle konaklamıştık oda temiz yeterliydi kahvaltısı yeterli güzeldi kahvaltı sahildeki beachte veriliyor güzeldikonum heryere yakındı memnun kaldık ayşe hanımın ilgisi teşekkür ederiz
Feron Otel,songül tuncer,tr,odalar temiz konum merkezi fazla gürültülü denize restorantlara yürüme mesafesi tercihimizdi otel kesinlikle konaklama hizmet vermeli aradaki fiyat farkı kahvaltı gereksiz yetersiz kahvaltı tabağı üstelik hijyen sıfır kabuklu yumurtalar peynirlerle temas halinde aynı tabakta paketli reçeller konaklama ücret ödemiş olsaydık emsal fiyatlı oteller aradaki fark keyifli kahvaltı yapılabilirdi
Feron Otel,DİLMEN,tr,geçen hafta kişi ailecek standart oda ayırtıp gittik otel temiz çok merkezi yerde görevliler seviyeli düzgün insanlar bizim kaldığımız oda kişi idare eder genişlikte idi televizyon buzdolabı küçük dolap su isterseniz ücretli diyorlar otopark sorunu günlüğü  otopark var sahile metre sabah erkenden kalkıp yer kiralamınız lazım tıklım tıklım deniz çocuklar güzel m gidiyosun su dizlerinde büyüklerin yüzmesi imkansız suyu kirli sahilin ötesi azmak deresi cazibesi yok son yerlilerinin söylediği buraya gelecekseniz nisan mayıs yada eylül ekim i̇nşallah yorumlar faydalı
Feron Otel,okan güven,tr,eşimle günlük akyaka bölgesine gittiğimizde başka otel düşünmüştük orası dolu feron oteli önerdi i̇şletmecisi nezih bayan odalar temiz akyaka nin merkezinde tercih edeceğim
Feron Otel,Onur Uzun,en,clean cheap central
Feron Otel,Selin Sur,en,hotel clean comfortable rooms center akyaka breakfast served beach form classic standard breakfast plate say neither good bad live music night bar right across street may negative want silence generally satisfied
Feron Otel,Selin Beşirli,en,stayed wife september room clean adequate breakfast sufficient good us even better breakfast served beach location close everywhere satisfied thank ms ayşes interest
Feron Otel,songül tuncer,en,rooms clean location central even though noisy preference within walking distance sea restaurants hotel definitely serve accommodation price difference quite unnecessary breakfast inadequate breakfast plate moreover zero hygiene shelled eggs contact cheeses packaged plated jams paid accommodation could much enjoyable breakfast difference similarly priced hotels
Feron Otel,DİLMEN,en,last week booked standard room people went family hotel clean central location staff decent people room stayed large enough people television refrigerator small water cupboard say paid want parking problem parking lot tl per day meters beach get early morning rent place crowded sea nice children go meters water knees impossible adults swim water dirty beyond beach azmak stream charm lastly locals say come aprilmay septemberoctober hope comments useful
Marina Port Otel Akyaka,müge öztürk,tr,temmuz gecesi gece konakladık odalar genel temizdi yorumlarda odalara eşlik edilmediği yazıyordu bizde şekilde deneyimledik resepsiyon odalar arasında marina yaklaşık metrelik yol eşyalarımızı kendimiz götürdük odayı kendimiz bulduk birinin eşlik olabilirdi durumun çalışan eksikliğinden kaynaklandığını düşünüyorum resepsiyonda kişi güleryüzlüydü sabah kahvaltı restoran kısmına gittik orası herkese açık kafe konsepti gerçekten şık mekan kahvaltı hizmet yazık kötü dışardanda insanları kabul ediyorlar kahvaltı arka masamızdaki aile dışardan gelmişti memnun olmadan kalktı bizde oturduktan yaklaşık dk tabaklarımız geldi çay ekmek geç geldi söylemek durumunda kaldık gelen ekmek nemliydi fotoğraftada göreceğiniz kahvaltı gerçekten başarısız kesinlikle iyileştirilmesi gerekiyor
Marina Port Otel Akyaka,Melike Mutlu,tr,giriş saatinde odaya giriş yaptık hala eski misafirlerden kalan bardaklar duruyordu tekstil ürünleri değişmemişti odanın lambası çalışmıyordu bu kontrol edilmemiş lamba gün bozuldu oynatarak yapmaya çalıştık otel hakkında olumlu söyleyebileceğim durum konumu konumu gerçekten harika arabasız gelecekseniz özellikle çünkü her yere yürüyerek ulaşabiliyorsunuz özetle civarda ucuza tatlı pansiyonlar varken önermeyeceğim bi otel
Marina Port Otel Akyaka,Batuhan Bahadır,tr,çalışanlar genel güleryüzlü olmasına berbat deneyimdi gecelik fiyat gözönüne alınınca berbat sayıları yetersiz olduğundandır insanlarla tartışıp zehir etmeden tatilimizi geçirmeye çalıştık geldiğimize pişman olduk otopark araba koyulabilecek alan yakındaki otoparklar 400tlgün yarı fiyata anlaştıkları otopark varmış sormadan bilgi veren odaya girdiğimizde yerler temizlenmemişti tekrar temizlenmesini istedik söyleyişimizde saatler temizlendi gün oda temizliği yapılmadı çöpler alınmadı çöpümüzü poşetlerin ağzını bağlayıp oda kapısı önüne koyduk ertesi sabah aldılar sanırım odada resepsiyona ulaşılabilecek telefon kahvaltı otel içerisinde anlaşmalı cafede veriliyor restorantta normalde kahvaltı satın aldığınızda kızartma vs geniş serpme kahvaltı verilirken otel müşterilerine haşlanmış yumurta domates peynir zeytin reçelden oluşan büyük şehirlerdeki simit cafe’lerde “hızlı kahvaltı” “basit kahvaltı” isimlerle satılan kahvaltılardan geliyor rezalet durum deluxe odaların hemen altında cafebar bulunduğu gün boyu oralarda çalan müzik odanın içinde çalıyor gece 12ye odanın içinde rahatça uzanmanın dinlenmenin imkanı wifi bulunmasına şifresini vermelerine cihazla giriş yapamadık son “marinaport ofis” isimli wifi giriş yapabildik sanırım kullandıkları wifi şifresini biliyor müşteri olanı bilmiyor yanlış şifreyi söylüyorlardı baştan dediğim çalışanlar güleryüzlü sayılır otel dezorganize odaların bi kısmı bi tarafta bi kısmı tarafta deniz kenarından geçiliyor kahvaltı edilen yer dışarda alakasız
Marina Port Otel Akyaka,Gamze Gül Akınsoy,tr,akyaka tatilimizde tavsiye üzerine kaldığımız otelde memnun kaldık güler yüzlü nazik tavırları misafirperverlikleri başta meltem hanıma tevfik beye buse hanıma personele teşekkür ederiz kendimizi evimizde hissettirdiler otele gelince konumu muhteşem manzarası iyiydi odamız tertemizdi denize açılan balkonunda sabah kahvelerimizi keyifle içtik otelin havuzuda temiz güzeldi güvenlik konusunda ufak endişemiz gezilecek yerler konusunda yardımcı oldular isteğimiz güler yüzle samimiyetle karşılandı keyifli tatildi tekrardan teşekkür ederiz kısa zamanda tekrar görüşmek dileğiyle
Marina Port Otel Akyaka,vikipedy,tr,gün öncesinde telefonda ye kapıda ödemeli rezervasyon yaptırmamıza şekilde kapora istememelerine otele geldiğimizde kapora yatırmadığımız yer olmadığını söylediler km yol geldik oda sebebi odayı pahalı satmak istemeleri size yardımcı olalım dedikleri otelin geceliği allah razı şaka geçin klimalı yerde oturup otel arayın isterseniz dediler akşam üzeri oteli başka biriymiş aradığımızda yer gecelik fiyatının belirttiler otelin konumu görünümü rezalet deneyim
Marina Port Otel Akyaka,sam akhan,en,wonderful stay beautiful seaside hotel akyaka location perfect right sea offering stunning views peaceful atmosphere staff friendly attentive always ready assist rooms clean comfortable making truly relaxing experience highly recommend hotel anyone looking serene getaway sea
Marina Port Otel Akyaka,Aybigem Sert,en,stay marina port nothing short perfect sincere attention friendly staff sparkling cleanliness throughout comfort wellappointed rooms made unforgettable moments amidst akyakas enchanting landscapes location convenient easy access everything marina port truly values guest satisfaction see attention detail everywhere wholeheartedly recommend special place anyone looking discover
Marina Port Otel Akyaka,Joshua Gitli,en,nice experience hotel new big room great goes breakfast sevil ozan friendly thanks everything
Marina Port Otel Akyaka,müge öztürk,en,stayed one night night july rooms generally clean written comments escort rooms experienced way marina reception rooms road meters took belongings found room would better someone accompanied think due lack employees one person reception attentive friendly went restaurant section breakfast morning cafe concept open everyone really stylish place unfortunately breakfast service bad accept people outside breakfast family back table come outside got dissatisfied sat plates arrived minutes later tea bread arrived late tell times bread moist see photo breakfast really unsuccessful definitely needs improved
Marina Port Otel Akyaka,Melike Mutlu,en,entered room checkin time still glasses left previous guests textile products changed lamp room working even checked lamp broke every day tried fix moving say positively hotel location location really great especially come without car reach everywhere foot summary hotel would recommend much cheaper hostels nearby
Acar Pansiyon,Pınar Dedeoglu,tr,fethiye’ye tatile giderken akyaka mevkiinde aracımız bozuldu küçük çocuğumuzla yolda kaldık aracımız sanayiye çekildiğinde parça beklememiz gerektiği erken ertesi güne aracımızın teslim edilebileceğini öğrendik akabinde google haritaya pansiyon yazdığımda acar pansiyonu gördüm yorumlarına baktım güzel yorumları görünce aradım fatih bey açtı telefonu durumumuzu anlattım pansiyona ulaşım sağlayabileceğimizi sordum fatih bey geçmiş dedi küçük çocuklarımızın öğrenince otobüs taksiyle uğraşmayın özel durum yaşamışsınız mağduriyetinizi görebiliyorum diyerek niyetiyle bulunduğumuz yerden pansiyona getirebileceğini söyledi eşimi sanayiden yol kenarından alarak acar pansiyona getirdi sağolsun odalar temizdi ki zaten güleryüzlü yardımsever karşılamanın peşi sıra odaların temizliğini görünce mutlu oldum her odada klima vardı ertesi sabah otel sahibi i̇smail beyin çay ikramı ulaşım konusunda sağladığı kolaylıklar sayesinde kabusa dönüşmesi muhtemel günümüz tatlı anıya dönüştü aracımızın bozulması fatih bey otel sahibi i̇smail beyin empatik yardımsever tavırları sayesinde günlük macera dolu akyaka tatiline dönüştüailecek pansiyon tatili düşünürsek tercih edeceğimizden şüphem yok dünyada hala iyi insanlar varmış dedirten insanlığa umudumu yeşerten tatlı tecrübeyi yaşamamıza vesile olduğunuz teşekkür ederiz sağolun iyi varsınız fatih beyin işini hakkını vererek severek titizlikle çalışması takdire şayandı
Acar Pansiyon,Özlem Kayar,tr,başta emine hanım çalışanlar güler yüzlü misafirperver evimizde hissettirecek güzel temiz herşey düşünülmüş misafirleri rahat ettirmek icin güzel manzara karşısında güler yüzlü sohbet eşliğinde kahve ikramınızın hatırı sonsuz teşekkürler açar pansiyon kayar ailesinden sevgiler
Acar Pansiyon,Özge Akyel,tr,emine ablam başlasam bilmiyorum gerçekten telefonla aradığımda emine ablanın sesini duymam yetti enerjiyi yakalamak için sanki ailemden evinin birine geldim içtenlik samimiyet işletme yerinde görmedim işini güzel yapan mükemmel çift emine abla i̇smail abiyi tanidik sizi apartın konumuna temizliğine manzarasına fiyatina diyecek laf huzurla ayrildik gitmek istemedik en kısa zamanda gelmek istiyorum tekrar yolunuz akyaka düşerse düşünmeden tercih edeceğiniz yer aparttan fazlasi i̇yi yollarımız kesişmiş çok keyif aldım
Acar Pansiyon,Gamze Ünal KARA,tr,geçtiğimiz hafta gün eşim arkadaşlarımızla konakladığımız harika yeri sevdik emine abla fatih beyin ilgileri gerekse odaların temizliğinden tutun otantik güzel tasarımına rahatlığına bayıldık kendinize yer hissedeceğiniz acar apart pansiyonu kesinlikle öneriyorum
Acar Pansiyon,Nurşen Dikmen,tr,akyakaya yaz kış gideriz emine abla hamile geldiğimde tanıştık apart temiz temizlik önemli müşteri ilişkileri odaları büyük yukarda havası basık akyakaya geldiğimizde başka yerde kalamıyoruz şimdi çocuğumla geliyorum evim rahat ediyorum
Acar Pansiyon,Pınar Dedeoglu,en,going holiday fethiye car broke akyaka stranded small children car towed industrial park learned wait parts car could delivered next day earliest typed hostel google map saw acar pension looked comments called saw good comments fatih bey answered phone explained situation asked could get hostel first mr fatih wished speedy recovery learned small children said dont bother buses taxis experienced special situation see grievance said could bring us hostel good intentions wife picked us roadside industry brought us acar pansiyon thank rooms clean addition friendly helpful welcome happy see cleanliness rooms room air conditioning next morning thanks tea service transportation facilities provided hotel owner ismail bey day likely turn nightmare turned sweet memory breakdown car turned adventurous akyaka holiday even day thanks empathetic helpful attitudes mr fatih mr ismail hotel owner considering family hostel holiday doubt choose makes say still good people world gives hope humanity thank much allowing us sweet experience thank glad also admirable mr fatih worked diligently lovingly devotedly job
Acar Pansiyon,Özlem Kayar,en,staff especially ms emine caring friendly hospitable beautiful clean everything thought make guests feel home service coffee smile pleasant conversation front beautiful view appreciated forever thank açar pension love kayar family
Acar Pansiyon,Özge Akyel,en,sister emine really dont know start enough hear emine sisters voice called phone catch energy like came one familys homes never seen sincerity sincerity business perfect couple emine sister ismail brother job well im glad met nothing say location cleanliness view price apartment left great peace even didnt want go want come soon possible happen akyaka place choose without hesitation apartment im glad paths crossed enjoyed much
Acar Pansiyon,Gamze Ünal KARA,en,loved wonderful place stayed wife friends days last week loved attention emine sister fatih bey well cleanliness rooms well authentic beautiful design comfort definitely recommend acar apart pension feel like place
Acar Pansiyon,Nurşen Dikmen,en,always go akyakaya summer winter met sister emine came pregnant apartment clean cleanliness important us customer relations good since rooms large upstairs atmosphere stuffy come akyaka cannot stay anywhere else coming child feel comfortable like home
Cumba Apart,Zeynep Umutlu,tr,mis temizlik kokusuyla ayşen hanımın gülen yüzüyle herşey güzeldi kendi evimiz gibiydi rahat ettik çok teşekkür ederiz
Cumba Apart,Osman Nuri Kundakçı,tr,akyakaya gelince lokasyon kalabileceğiniz yer kahvaltı vs beklentiniz olmasın toz hassasiyetimiz oda tozlu bulunduğu konum güzel yere ulaşım kolay dışında övülecek yanı
Cumba Apart,Yasemin aydın,tr,eşim yaşındaki kızımla rahat konforlu sorusuz konaklama yaptık i̇şletme sahibi ayşen hanımın güler yüzü ilgisi bizleri memnun odaların genişliği hijyeni işletmenin konumu keyifli tatil arayışında olanlar kaçırmayacak fırsat odada unuttuğum takılarımı adresime eksiksiz sorunsuz ulaşmasını sağladıkları teşekkür ederim dürüsüt yardım sever yaklaşımları memnun düşünmeden tercih edebilirsiniz
Cumba Apart,Murat Çokpınar,tr,odalar kişilik konaklama rahat ferah konforlu sahibi kibar sorunlara karşı yardımcı apartın konumu merkezi akyakadaki ilgi noktalarına ulaşımı kolay gelinecek mutlaka kalacağım yer olacak
Cumba Apart,Ecem ÖZATAY,tr,ayşen hanıma teşekkür ederiz bayram tatili boyunca çatı katında kaldık misler gibiydi yeri otelin kaldığımız oda arka tarafa bakıyordu bayramda aşırı kalabalık akyakanın gürültüsünden etkilenmedik teşekkürler
Cumba Apart,T.I.Y.,en,great hotel good location walking distance beach hotel cosy quiet even far restaurants pubs neighborhood rooms back mountain view front ones big balcony face street big moderate size friendly owner makes feel home would recommend place everyone would like enjoy beach night life akkaya also try kite surfing since takes minutes drive beautiful kite beach
Cumba Apart,Ozge Canli Neumann,en,end september hotel run kind women really cozy place located centrally rooms facing back silent
Cumba Apart,Zeynep Umutlu,en,everything nice smell cleanliness like missy smiling face ms ayşen like home felt comfortable thank much
Cumba Apart,Osman Nuri Kundakçı,en,comes akyaka place stay location dont expect anything like breakfast sensitive dust room dusty however location nice easy reach everywhere nothing praise
Cumba Apart,Yasemin aydın,en,comfortable comfortable questionfree stay wife yearold daughter pleased smiling face interest owner business ms ayşen size rooms hygiene location establishment opportunity missed looking pleasant holiday would also like thank much ensuring jewelry forgot room delivered address completely smoothly pleased honest helpful approach choose without thinking
Limon Otel,görkem yılmaz,tr,odayı yatmadan yatmaya kullandığımız ihtiyacımızı gördü beklentiniz yüksekse memnun kalmazsınız fazlasını vadetmiyor konum denize yakın merkezi sokağında yer alıyor merkezde gece müzik seslerinden uyuyamayabilirsiniz kahvaltı yan taraflarında yer alan cafeyle anlaşmışlar kahvaltı kişiye fark ödemiştik kahvaltısız oda alsaymışım paraya yerlerde kahvaltı yapabilirdik kahvaltısı vasattı paraya değmedi açıkçası
Limon Otel,Abdurrahman Özel,tr,genel manada memnun olduğumuz yaşadığımız ufak eksiklikleri göz ardı puanı verdim plaja yakın yeterli temizliğinin özellikle kahvaltısının doyurucu noktada etkili dışında eksik fön makinesinin çalışmaması çıkışta belirttik muhtemelen ilgilenilecektir akşam saatlerinde sıcak suyun yeterli gelmemesini ifade edebilirim genel anlamda memnun kaldik tavsiye ederim
Limon Otel,Burak Yıldız,tr,gece konakladığımız şirin otelden memnun kaldık deluxe odayı tercih ettik oda balkon caddeye arkaya bakıyordu akşam geceleri sessiz olmasını sağladığı iyi otel merkezde konum harika civardaki gezilecek yere yakın otelden dkda yürüyerek azmak kenarına ulaşabiliyorsunuz otelin bulunduğu sokakta barlar yemek kahve yerler idondurmacılar market ihtiyacınız mevcut gelmeden merkezi bilmiyorduk akyakayı otelin çevresine kurmuşlar resmen odalarda havlu havlu terlik şampuan duş jeli sabun saç kurutma makinesi ihtiyacınız mevcut tercih etmedik günlük kat hizmetleri ücretsiz var balkonunda bank masa mevcut tatillerde balkonda vakit geçirilmiyor geçirmek isterseniz alan yeterli yolumuz akyakaya düşerse düşecek beğendik kesinlikle tercihimiz olacak
Limon Otel,Serhat Duman,tr,fiyat performans otel merkezin hareketliliğin ortasında heryere yürüme mesafesi azmak plajda yüzmek dakika yürümeniz yeterli yemek eğlence mekanları merdivenlerden inmeniz yeterli balkondan baksanız ufak tefek detaylara takılmam temiz kliması yatayım derseniz fazla düşünmeyin
Limon Otel,Kübra ERKARA,tr,akyakada konum merkezi azmak nehrine plaja kordona yürüyerek ulaşım sağlayabiliyorsunuz otel eglence mekanlarının cadde üzerinde yer alıyor arka cepheye bakan odada kaldık cadde gürültüsü duymadık araç park problemi bulunmakta aracınızı cadde üzerinde biyere park etmelisiniz eşyalarınızı indirmek otel önünde kısa süreli duraklama yapabilirsiniz personel güleryüzlü yardımsever genel otelden memnun kaldığımızı söyleyebiliriz
Limon Otel,kaan duruk,en,say sure place literally inside touristic street ypu visit akyaka fun never ends although noise little much wanted peace visit came bars pubs wonderfull dining places nearby enjoy visit overall recommend limon otel
Limon Otel,Marco Vadacca,en,hotel one main street akyaka plenty bars pubs restaurants nearby well located spent one night room quite small
Limon Otel,Cem A.,en,limon otel located charming street street akyaka find comfy beds clean rooms also hotel keepers kind always eager help problem limon hotel definitely  option akyaka
Limon Otel,serkan aksehirli,en,conveniant location restaurants bars beaches nearby clean rooms aircondition tv fridge balcony new decoration new equipment value money
Limon Otel,görkem yılmaz,en,since used room bedtime met needs expectations higher satisfied doesnt promise located close sea central street since center may able sleep music night made agreement cafe next door breakfast paid extra breakfast people wish taken room without breakfast could breakfast better places money breakfast mediocre frankly worth money
KÖRFEZ OTEL & RESTAURANT,Ahmet Çevik,tr,otel mi oteli otel mi buraya ruhsat verende denetlemeyende sorunludur özet yorucu yolculuktan ailecek geldik hatamız girdiğimiz yere yorgunlukta yatak görünce hemen tutmamız odalara girdik kapıları kapattık korku filmi başladı odaya oropark tarafına kapı koridiordan kapı geçtiği koridormuş aynı zamanda elleri poşetli alışveriş yapmış kişiler daldı dak gerçekten gol priz yatakların yanında uzatma  priz istedik emekli öğretmen adile isimli olgun yaşlı hanımdan verdi sağolsun prize takamadık taktık patladı prizi tutunda elleri yıkamak zorunda kaldık çamur pislik belli yağmurda kalmış priz kablosunu yatağa geçirmek yatak başlığını hafif öne çektim aman allahım böcekler koşmaya başladı odalar pis taraf toz yere basamıyorsun odalarda pi̇s berbat koku dk durabildik yorgun geldiğim duş alayım dedim havada sıcak otel terliği sabun şampuan oda allahın suyu geldi rahatladım havluyu alıp silinince kokudan hemen atmak zorunda kaldım duştan çıktığ yan odada çoklar arıyorlar kokudan duramıyoruz pencerenin dışında kadın sürekli birileriyle kavga ses içerde bahçeye otopark yere masa tv atmış öğretmen teyzemiz öğretmen ısınmıştım güvenmiştim dedim otel bakalım gidelim i̇stanbula dediler ödeme yaptın dedim önemli durulamaz yaşlı kurt ödemeyi odaya girmeden aldı belli olacaklar hakkında deneyimli ödedik farklı birisinin iban nına attırdı dekontu gösterdik  dedi valzileri topladık çıktık bahçe otopark giriş dedim gidiyoruz çocuklar mutlu dedim kibarca kırmamak ısrar dedim hocam öğretmen di kırmak istemiyorum dedi temizliği içimden dedim teyze yaptırsaydın temizliği topladık açtığımız valizleri keyfimiz kaçtığı akyakayı gidelim dedik güzel yerden mahrup olduk aslında doğru i̇stanbula gece yolculuk yapmam normalde can sıkıntısı gece geldik dedim tmm kes duş aldım kes gerisini iade et hellalleşelim ses çıkarmadı bende çıktım hemen kaçarcasına sinir stresle çıkarken oğlumum sözlüğü kaybolmuş bulmadık aradım telden gözlük odalara bakabilir misiniz baktı sağolsun dk geri aradı yarın tel vereceğim ara iade dedi ertesi gün bugün aradım has isminde iban verdiği kişiymiş hesabını kullanıyormuş doğu şiveli kardeşimiz dedi  iade et dedi adile  konuşun aradım adile hocamı hocam helalleşecektik çirkinleşmeye başladı kapattım teli geri aramaya başladı engelledim maliye turizm cimer vb bildireceğimi söyledim özet güzel beldeye yakışmıyor güzel ülkeye yakışmıyor yazık otel mi ey turizm bakanlığı çocukların çektiği fotolar ekte
KÖRFEZ OTEL & RESTAURANT,AYKUT İMANCI,tr,otel fiyat performans tercih edilebilir kahvaltısı doyurucu çalışanlar gerçekten işini güzel yapıyorlar şuana gittiğimiz oteller içindeki temiz butik otellerden otele girdiğiniz temiz kokuyu alıyorsunuz konum marmaris yoluna yakın akyakaya araçla gidebiliyorsunuz yakının balık alternatif yeme içme yerleri
KÖRFEZ OTEL & RESTAURANT,Kezban KAYA,tr,otel işletmesi iğrenç olabilir zorunda olmasak asla kalmayacağımız yerdi verdiğimiz paraya acıdık kaldığımız oda aşırı bakımsızdı rahatsız edici koku gece aşırı sesli ortamı gece mecburiyetten geldik işlemleri hemen yapmamış olsaydık asla kalmazdım gece boyu uyumadık sabah erken saatlerde terk ettik duş tuvalet yerde cam açılmıyor çöpün üzeri açık fiskiyeden su gelmiyor dedik yan odada duş alın dendi ertesi güne ilgi duş alamadan çıktık asla tercih etmeyin güleryüzlü içeride mutlu etmeyecektir yazıktır günahtır gece otele geldik sabah erkenden çıktık sizce helal mi
KÖRFEZ OTEL & RESTAURANT,Cansu Dolapçı,tr,otel işletmesi iğrenç olabilir zorunda olmasak asla kalmayacağımız yerdi verdiğimiz paraya acıdık kaldığımız oda aşırı bakımsızdı duş tuvalet yerde cam açılmıyor çöpün üzeri açık çöpleri almaya gelen odada balkon havlular mayolar asla kurumuyor dibimizde bar müzik sesi aşırı rahatsız müzik bitse çalışanların sesleri bitmiyor kafa dinleyecek rahat edilebilecek yer deği̇l
KÖRFEZ OTEL & RESTAURANT,Seda Oral,tr,normalde gün kalmak akyakaya gelmiştik güzel görünce gün kalmaya karar verdik otele gelecek olursak pahalı seçenek arasında güzel alternatif nispeten hesaplı diyebiliriz adile hanım güler yüzlü cana yakın personel kahvaltı akşam yemeği olmadığından otelde zaman geçirmiyorsunuz otelin yanında canlı müzik yapan mekanlar olduğundan sesten rahatsız olabilirsiniz manzaralı odada şarabımızı içerken canlı müziği dinlemeyi tercih ettik tercih edilebilir denize adım nehirde dakika yürüme mesafesi çarşının içinde tatlı otel temiz ve hijyenik klimalar tv çalışıyor
KÖRFEZ OTEL & RESTAURANT,Ahmet Çevik,en,hotel kind hotel hotel like license place inspect problematic summary came family tiring journey mistake tired first entered place saw bed immediately grabbed entered room closed doors horror movie started door park side room door corridor turns also corridor everyone passes people shopping bags hands burst min really goal sockets asked threeway extension socket next beds mature old lady named adile retired teacher gave us thank couldnt plug socket exploded plugged wash hands holding socket anyway mud dirt obviously left rain pulled headboard slightly forward pass plug cord towards bed oh god insects started running rooms dirty dust everywhere cannot step floor dirty terrible smell rooms could stay minutes since came tired decided take shower air hot hotel slippers soap shampoo room fortunately gods water good felt little relieved took towel wiped throw away immediately smell many people call us next room came shower cant stop smell woman outside window constantly fighting someone thinking sound inside teacher aunt thrown table tv gardenparking area actually teacher warm confident said either look hotel lets go istanbul said paid said doesnt matter cant stopped old wolf took payment entering room obviously experience would happen paid transferred someone elses iban showed receipt said okay packed suitcases went gardenparking lotentrance whatever said going kids happy said politely offend insisted said teacher teacher dont want offend said cleaning cost tl said auntie wish cleaning done us packed suitcases feeling sorts decided leave akyaka actually devastated beautiful place straight istanbul dont normally travel night arrived night boredom said ok took shower tl cut return rest lets say hello didnt make sound went immediately running away leaving anger stress sons dictionary lost couldnt find called looked see wire glasses could look books thank called back minutes said give call tomorrow call refund called next day today person named person iban given using account brother eastern accent said told return talk adile han called teacher adile teacher going say goodbye started get ugly turned phone started calling back luckily blocked also told would inform finance tourism finance etc summary suit beautiful town suit beautiful country shame hotel ministry tourism attached photos taken children
KÖRFEZ OTEL & RESTAURANT,AYKUT İMANCI,en,hotel preferred terms price performance breakfast satisfying employees job really well fact one cleanest boutique hotels ever visited enter hotel smell clean smell location close marmaris road go akyaka car fish alternative eating drinking places nearby
KÖRFEZ OTEL & RESTAURANT,Kezban KAYA,en,hotel business disgusting place would never stay didnt felt sorry money paid room stayed extremely neglected disturbing odor extremely noisy environment night came one night necessity done procedures immediately would never stayed sleep night left early hours morning said window shower toilet area open garbage open water fountain told take shower next room interest next day left without taking shower never choose friendly make happy inside pity sin arrived hotel morning left early morning think halal
KÖRFEZ OTEL & RESTAURANT,Cansu Dolapçı,en,hotel business disgusting place would never stay didnt felt sorry money paid room stayed extremely neglected windows shower toilet cannot opened garbage uncovered one even comes pick garbage balcony room towels swimsuits never dry bar right next us sound music extremely disturbing even music ends voices employees end short place rest mind comfortable
KÖRFEZ OTEL & RESTAURANT,Seda Oral,en,normally came akyaka stay one day saw beautiful decided stay days hotel say nice alternative relatively affordable among expensive options ms adile cheerful friendly staff since breakfast dinner spend much time hotel anyway since venues live music next hotel may disturbed sound preferred listen live music drinking wine room view may preferred steps sea minutes walking distance river sweet hotel bazaar also clean hygienic air conditioners tv working
Gaye Apart Hotel,ZÜBEYDE ACABEY,tr,yorumlardan yola çıkarak gittiğim memnunum kaldım tertemiz ütülü çarşaflar pikeler mutfak araç gereçleri araç gereçleri işinizi görecek konum sessiz doğayı sevenle mükemmel azmak nehrine metre denize yürüme mesafesi dk bim yakininda yeşillikler çiçekler içinde apart
Gaye Apart Hotel,Aykut Eren Öztürk,tr,apartın dış görünüşü güzel bahçesi bakımlı evin içine girince işler değişiyor rutubet duvarlarda dolap içlerinde fark edilir derecede görünüyor evin içi bakımsız temizlik yüzeysel yapılıyor aspiratör yağ içinde buzdolabının üstü pis duruyor banyoda duş başlıkları berbat durumda su çıkması gereken yer dışında yerden çıkıyor yıpranan şeylerin değiştirilmesi gerekiyor apartın konumu güzel dış görüşünüşe gösterilen özen kesinlikle evlerin içine gösterilmiyor yönlerden yazılan yorumları apart sahiplerinin dikkate alması gerekiyor güzel tesis ilettiğim konularda önlem alırlarsa gerekli tamir tadilat sağlanır apart otele şekilde bakımsız odalar yakışmıyor
Gaye Apart Hotel,berru erdoğdu,tr,rezalet gecelik yer ayırtmıştık arabamız bozulduğu arabayla dağda kaldık buraya gidemedik ücret iadesi istediğimizde yapamayacaklarını söylediler eylüle gelebileceğimizi söylediler gün gelmek istediğimizi söylediğimizde yer bahaneler uydurdular parayı verin zaman dediğimizde tekrar parayı vermediler an gitmek istediğimizde yer diyorlar berbat işletme berbat işletmeci asla gitmenizi önermem
Gaye Apart Hotel,Atilla Genez,tr,tatil dediniz mi akla gelen yerlerden mutlaka akyaka olmalıdır doğasıyla havasıyla insanı kendine büyülemektedir yanında konaklayacağınız yer önemli konum olarakta merkezi konumda güzel olacaktır sürekli akyaka gaye aparta gitmekteyiz gaye aparta gittiğimizde kendimizi evimizdeymişiz hissediyoruz gerekse çalışanlar gerekse işletme sahibinin sıcakkanlılıkları içten samimiyetleriyle bizleri mutlu gaye aparta teşekkürler ederiz akyaka gelecekseniz mutlaka gaye aparta kalmanızı tavsiye ederim konum harika daireler güzel apartın dış kısmı güzel mutlaka gelmelisiniz ailecek çalışıyorlar ailenizle beraber gelmeyi düşünüyorsanız gaye aparta gelin bi sonraki tatilimizde görüşmek
Gaye Apart Hotel,Cansu KARAMAN,tr,i̇lk gittimiz zaman anlaşmazlık yaşadık telafi ellerinden geleni yaptılar odalar temiz oradaki aşırı nemden mutfak dolapların içi rutubet kokuyor denize çarşıya dk yürüme mesafesinde bahçe katı odasında konakladık küçük çocuğunuz varsa bahçe katı odalar çocuklu aile güzel bebek arabası engelli birey rampası arabayla zorlandık gece çocuğum ateşlendiği ilaca ihtiyacımız pansiyon sahipleri ilaç bulmamıza yardımcı
Gaye Apart Hotel,Mateiu Catalin,en,arrived last night disapointed hot water heat pillows blankets dirty dusty covers beds even clean arrived place stinks like animals lived dors closing well dont look photos even close
Gaye Apart Hotel,Shahab Ud Din,en,amazing place live summers winters house well furnished addition owner friendly price quite normal beautiful place like suggest renting apartment  floor enjoy tea outside view every morning magnificent place one live forever one go beach walking minutes markets accessible great short long stay may sometimes face hot water issue wifi issue solved time time
Gaye Apart Hotel,Zahid Ali,en,living past months owner cooperative rooms well furnished hot water available winter terrible wifi connection
Gaye Apart Hotel,Vilém Fabiánek,en,nice place crush expect internet warm water tap
Gaye Apart Hotel,Erkan Demirbaş,en,quite location akyaka rooms bit tired ok price
Dedeoğlu Apart,Ferhat Sanli,tr,detaylı inceleme yorumun devamı dokunun daireli yeni dedeoğlu apartmanı yeniköyde bulunabilecek sakin apartmanlardan sene ev arkadaşımla beraber kaldım evimize geldiyse genişliğinden bahsetti ev sahibimiz nurcan şermin abla kusurlarımız olduğunda güler yüzlü sevecen tavırlarla bizimle ilgilendi kimler kendinizi muğladaki öğrencilerle aynı kefeye koymadan objektif görüşle sessiz kiracı olduğunuzu düşünüyorsanızduvarlar ses geçiriyor gerçekten sakin bi ortamda yaşamak istiyorsanız köteklinin çilesinden sıyrılmak isteyenler mükemmel yer i̇nternet i̇nternet fiber altyapılı mbps kullandık den aşağı inmedi muhtemelen e destekliyor port yetersizliğinden sene başında problem olmuştu hafta konuya nurcan abla sağolsun el atıp aynı hafta internetimiz bağlanmıştı internet bağlama işini kesin karar aldığınız anda araştırmaya başlayın isıtma isıtma işiyle dışarıdan gelen birisinin gelip ilgilendiği söylendi zaman gereken zamanda açık değildi soğuk zamanların ında açıktı sağolsunlar ev içinde soğuktan bahsedip gidip uyarmadan sesimizi duyup hemen açtıkları olmuştu ulaşım gideceğim yerlere zaman geç kalan olduğum yolda harcadığım süreleri genelde ölçen biriyim evmeydan durak hızlı adımlarla deparla dk normal hızda dk evson durak göbek hızlı adımlarla deparla dk normal hızda dk geç kaldığınız zamanlarda cedit market meydandaki durağa gidin otobüsün son duraktan kalkıp meydana ulaşması dakika arası sürüyor ör son duraktan kalkış meydan durağına ulaşıyor elektriksu su faturası hikmetse ayda üstünde gelebildi elektrik malesef pahalı kişi i sporcu i bilgisayar oyuncusu şofpen fırın su ısıtıcı laptop masaüstü oyuncu bilgisayarı genellikle gün açık buzdolabı çamaşır makinesi elektrik faturası geldi elektrik normaldir alışık olmadığım ücretti bonus fen lisesinin yolundan gelirken apartmana varmadan hemen öncesinde köy evi i̇nek keçi tavuk besleyen aile siparişle keçi inek sütü alabilirsiniz özel tavsiyem deneyeyim çıkarım diyip rahat davranmayın sözleşme imzalıyorsunuz durduk yere problem olmayın kararlı saygılı biriyseniz hayat size güzel
Dedeoğlu Apart,Kemalettin Surucuoglu,tr,güleryüzlü hizmet aile ortamı müthiş
Dedeoğlu Apart,Şener Beryüz,tr,muhteşem apart sevgi ve güleryüzlü hizmet herkese tavsiye ederim
Dedeoğlu Apart,Merter Sağlar,tr,güler yüzlü temiz güvenilir insanlar
Dedeoğlu Apart,The Anarcshit,tr,yarım yıldız seçeneği vermek zorunda kaldık
Dedeoğlu Apart,Ferhat Sanli,en,tap detailed review rest comment new dedeoğlu apartment flats one quietest apartments found yeniköy one year stayed roommates everyone came house talked spaciousness hosts nurcan şermin always took care us smiling caring attitude even flaws think quiet tenant objective view without putting category students muğla walls transmit lot sound perfect place want live really quiet environment want get away hustle bustle kötekli internet internet fiber infrastructure used mbps never went probably supports bit problem beginning year due port insufficiency weeks finally thanks sister nurcan even took care issue internet connected week however start researching internet connection soon make final decision heating said someone outside came took care heating work wasnt always open supposed cold time thanks times talked cold home heard voice answered immediately without warning transport since im always late destinations im usually someone measures time spend road homesquare stop brisk steps sprint min normal speed min homelast stop middle brisk steps sprint min normal speed min late go stop square cedit market takes minutes bus depart last stop reach square example departure last stop reaches square stop electricitywater reason water bill tl times months unfortunately electricity expensive people athlete computer gamer water heater oven kettle laptops desktop gaming computer usually day refrigerator washing machine always tl electricity bill arrived electricity may normal fee used bonus come road science high school village house reach apartment building family raising cows goats chickens order goat cow milk specific advice dont act casually saying ill try ill take signing contract dont problem reason determined respectful person life good
Dedeoğlu Apart,Kemalettin Surucuoglu,en,friendly service family atmosphere awesome
Dedeoğlu Apart,Şener Beryüz,en,wonderful apartment love friendly service recommend everyone
Dedeoğlu Apart,Merter Sağlar,en,friendly clean reliable people
Dedeoğlu Apart,The Anarcshit,en,since half star option give
MERKEZ APART PANSİYON,HavliAliko 321,tr,güzel yer pisti yatak kötüydü havlu sabun vb yoktu yinede güzel davranıyorlar tabiikide ters davranırsan ters davranırlar
MERKEZ APART PANSİYON,Melisa Patron,tr,muğlada gördüğüm kötü pansiyon kimseye tavsiye etmiyorum sakın ha parkta yatın kalmayın oda verdikleri yerde köpek yatmaz ters ters konuşmalar müşteri gelmişiz ters konuşuyorlar patronun oğlu burnunu karıştırarak atar el mahkumuz paramızla rezil olduk kötü deneyimdi yolunuz düşerse içeri girmeyin kaçın derim merkez apart pansiyona sakın gitmeyin
MERKEZ APART PANSİYON,Sefik Aydogan,tr,gördüğüm kötü pansiyon kimseye tavsiye etmiyorum oda verdikleri yerde çatal bıçak pişirmek gaz doğalgaz yemek yiyemedik i̇lgi alaka sıfır ters konuşmalar müşteri gelmişiz ters konuşuyorlar
MERKEZ APART PANSİYON,Mehmet Demir,tr,kötü deneyimdi aracımız bozulduğu muğlada gece konaklamak zorundaydık buraya geldik odası aşırı pisti yatakta uyumak getirdigimiz havluları serdik sabun çöp kovası yoktu birde para verdik gerekirse arabada kalın dışarda kalın buraya asla gelmeyin
MERKEZ APART PANSİYON,Yusuf Seymen,tr,ay yerleştim buraya muğla yapılaşma sorunu biçim yerse yerlerde fırsatçı ev sahipleriyle dolu çöp daire apartlar uçuk fiyatlarda ekonomik uygun tarihi yapısı sakin doğa ortamı sunuyor kalınabilecek uygun yer azından dışarıdan gelen vatandaşlara hizmet sunuyor millet sokakta kalacak memnunum temizlik konusunda yorumlarda kirada duran kişilerde baksınlar para veriyoruz durdukları yeri satın aldıklarını zannetmesinler temiz bıraksınlar
MERKEZ APART PANSİYON,Yakup Bulum,en,name
MERKEZ APART PANSİYON,HavliAliko 321,en,nice place bit dirty bed bad towels soap etc wasnt still behave nicely course act wrong treat wrong
MERKEZ APART PANSİYON,Melisa Patron,en,worst hostel ever seen muğla recommend anyone dont sleep park stay dogs sleep place give room backwardly backhanded conversations came customers talking backwards bosss son picking nose us making us feel like prisoners embarrassed money bad experience ever come across suggest dont even go run away go merkez apart pension
MERKEZ APART PANSİYON,Sefik Aydogan,en,worst hostel ive ever seen dont recommend anyone cutlery gas natural gas cooking place call room couldnt eat zero interest talk backhandedly came customers
MERKEZ APART PANSİYON,Mehmet Demir,en,bad experience stay one night muğla car broke came room extremely dirty used towels brought bed sleep soap trash nothing paid tl necessary stay car stay outside never come
Berlin Apart pansiyo,Mehmet Ali ÇAKIR,tr,fiyat anlamında gerçekten uygun gecelik rakama kaldım kişi gittim duş tuvalet ortak kullanım odalar ayrı yol üstü dinlenmek yeterli minibüs güzergahı anayolun yanında yıldız düştü derseniz çarşaf pike olabilirdi dışında güzel herşey
Berlin Apart pansiyo,Serkan Uzar,tr,bayram mecbur kaldım gece geç uykum geldiği fazla yol gidemedim başka yer bulamadım perişan olduk lavabolar wc kağıdını geçtim el sabunu yataklar toz revan içinde yabancı uyrukluların toplama kampı gibiydi
Berlin Apart pansiyo,NAJIB Garad,tr,arkadaşlar tavsiye etmiyorum türkiye otel bulmadım tuvalet ortak insan rahat almaz hemde odaların içinde kötü böcek vardı gece uyuyamadım kötü ısırıyordu vücudum yanıyor gerçekten elemana söyledim böcek müşteri getiriyor dedi ilaç yapın dedim yaparız bilmem diyor
Berlin Apart pansiyo,Veli Tolay,tr,rezalet oda vs kokuyor ev odasinda ayrı kişiler adam gecelik güne bakarak para alıyor burda kalanın kendine saygısı yoktur günlük para verip gün çıktım görsün puan verdim
Berlin Apart pansiyo,Mr Anonim,tr,otel kötü günlük kaldik verdik banyo tovalet ortak saçmalık ortak alanda banyo felan yapilmaz pislik içindeysi heryer tavsiye etmem parasına
Berlin Apart pansiyo,Ahmed ali,en,absolutely disgusting place hygiene smell disgusting every apartment persons apartment shower washing machine kitchen want live take shower time shower free washing clothes schedule inmates miss time wash clothes days kitchen always disgusting clean lose lot money food restaurants racist people especially arabs africans türk dont live cheaper take private apartment friends places city ever one room
Berlin Apart pansiyo,sayed mohammad safwan,en,one worstmanagement mugla city
Berlin Apart pansiyo,Aziz Rehman,en,live months apartment
Berlin Apart pansiyo,Sahra Moqim,en,amazing
Berlin Apart pansiyo,Rahman Karizwal,en,great hotel
Akyaka Apart Konaklama,İbrahim Çelik,tr,yılı temmuz ayında kayınbiraderimin tavsiyesi üzerine gittik bizde memnun kaldık melek hanım güler yüzlü yardımsever pansiyon temizdi konum noktada tekrar gideceğiz nasipse
Akyaka Apart Konaklama,Serkan YEŞİLTEPE,tr,ailece çocuk kişi gece keyifle huzurla konakladık gezilecek yerler konusundaki tavsiyeleri hüseyin beye özellikle ismi melek melek eşine teşekkür ediyoruz mi son kısımda bahsedeceğim özellikle aparttan bahsedeyim kalmayı düşünen misafirler odalar tertemiz çocuklu aileler özellikle çarşaf yastık pike getirmeyin yanınızda kuru temizlemeden tertemiz gelmiş serilmişlerdi odada salonda kliması çalışıyor merak etmeyin yeterince bardak fincan tabak tenceresi mini buzdolabı ocağı çaydanlığı çamaşır makinesi önemlisi çocuğumuz park yatak mama sandalyesi hazırlamıştı melek hanım apartta kalıp otel ortamına yorum yapanları dikkate almayın azmak deresi dakika plaj fazla dakika yürüme mesafesinde eşyalarımı fazla olduğundan aracımızla indik plaja paralı otoparklar hemen plaj arkasında kaç sokak arkasında arabayı rahatça park yapabilirsiniz küçük tavsiye size kesinlikle tekne turuna çıkmalısınız özellikle incekum sedir adası kleopatra plajı harika şimdi melek dediğimi yazayım apartta km kalmışken aracımız bozuldu yolda çekiciyi beklerken yol kenarında melek hanım aracıyla hızır yetişti imdadımıza eşim çocuğum anne babamı alıp götürdü evine ağırladı güzelce aklım onlarda kalmadan bende aracın çekilmesi işlemlerini rahatça hallettim dediğim kocaman yüreği adı melek insan akyakayı sizleri sevdik bizleri güzel misafir ettiniz apartınızda ilgilendiniz sorduğumuzda görüşmek dileğiyle hoşçakalın
Akyaka Apart Konaklama,Aleyna Aleyna,tr,yildir gidiyoruz gittiğimizde güler tatlı dille karşılaşıyoruz evimiz güvenle gidiyoruz denize yakınlığı markete yakınlığı vs rahat ettiriyorakyaka civarı deniz koylara kolaylıkla erisebiliyoruz herkese tavsiye ediyoruz melek hanım tanımışız varsınız
Akyaka Apart Konaklama,Tugce Dayıoglu,tr,arkadaş kattaki dairede kaldık herseyiyle aşırı memnun ayrıldık evden konum azmak’a plajlara marketlere restaurantlara yürüme mesafesi yakın ev içerisinde odada klima fazlasıyla ihtiyacınızı karşılayan ev melek hanım sıcakkanlı konuda yardımcı düşünmeden seneye tekrar buradayız
Akyaka Apart Konaklama,Yağmur Özer,tr,akyaka apart konaklama koy plajlar marketlere yakınlığıyla tatilimizi keyifli hale getirdi apartta gerekli eşyalar kolayca temin edildi temiz oluşu kolay konumu memnun kaldık güzel tatilimize ev sahipliği melek hanıma teşekkür ediyorum
Akyaka Apart Konaklama,İbrahim Çelik,en,went july upon recommendation brotherinlaw pleased ms melek friendly helpful hostel clean good location go possible
Akyaka Apart Konaklama,Serkan YEŞİLTEPE,en,family people including children stayed happily peacefully nights would like thank mr hüseyin especially wife whose name melek advice places visit talk specifically last part let briefly talk apartment guests planning stay rooms spotless especially families children like us bring sheets pillows blankets nothing dry cleaned laid dont worry air conditioning every room living room works enough glasses cups plates pots also mini fridge stove kettle washing machine importantly us ms melek even prepared playpen high chair child please ignore stay apartments comment hotel environment azmak stream minutes away beach minutes walking distance since lot belongings went beach car paid parking lots right behind beach park car easily streets back little advice definitely go boat tour especially incekum sedir island cleopatra beach wonderful let write say like angel km away apartment car broke waiting tow truck ms melek came rescue vehicle like hızır took wife child parents away first hosted home without losing mind easily completed towing vehicle operations said angelic person big heart loved akyaka much hosted us well apartment took care us every time asked goodbye hope see
Akyaka Apart Konaklama,Aleyna Aleyna,en,going years every time go greeted smiling faces sweet words go safely home proximity sea proximity market etc makes us comfortable easily access seas bays around akyaka recommend everyone ms melek glad met glad
Akyaka Apart Konaklama,Tugce Dayıoglu,en,two friends stayed apartment  floor left extremely satisfied everything location close azmak beaches markets restaurants air conditioning every room house house meets needs ms melek friendly helped us lot every matter next year without hesitation
Akyaka Apart Konaklama,Yağmur Özer,en,akyaka apart accommodation made holiday enjoyable proximity bay beaches markets necessary items apartment easily obtained pleased cleanliness easy location would like thank ms melek hosting beautiful holiday
Yener Apart,Cihan Gokce,tr,yorumlar konumu tercih ettik fevkalade güzel nostaljik i̇şletme sahibi gönül hocam nazik ilgi kendimi mutlu huzurlu hissettim sonsuz teşekkürler şükranlarımı sunuyorum park sorunu fiyatlar makul temiz denize yürüme mesafesinde direk halk plajına çıkıyorsunuz odalar geniş ferah güzel balkonları şiddetle tavsiye ediyorum
Yener Apart,Aslıhan Acarer,tr,temmuz tarihlerinde eşim oğlumla konakladık memnun kaldıkoncelikle konumu iyidenize yürüyerek dk kisa mesafedekum plaj deniz sığyüzme bilmeyen küçük çocuğu olanlar idealmarketcaferestoran ihtiyaç duyulacak mekanlara yakınayrica azmak nehrine yürüyerek dk kısa mesafedenehirde tekne turu keyif vericiodalara gelirsek temiz düzenli araç gereç yeterliydi sahibi gönül hanım nazik ilgiliydi beklentilerimizi karşılayan tatil oldutekrar yolumuz düşerse tercih ederiz
Yener Apart,Omer Can Capar,tr,tertemiz mukemmel konaklamaydi apart sahibi teyzemizi cok sevdik akyakada evimiz diyebiliriz artik
Yener Apart,Kaan Bardakci,tr,fiyatı konumuna aşırı uygun ailecek gelmeyi düşünüyorsanız tatlı butik apart rahatlıkla tercih edebilirsiniz sahibi tatlı teyze tekrardan gitmeyi düşünüyoruz
Yener Apart,Beliz Yegencik,tr,odalarda temizlik probleminden ziyade içinin eşyaların eski büyük problem i̇lk gece yastıklar taş gibiydi sahibi teyze verdiği sözü unutuyor sebeple rezervasyonda sıkıntı yaşadık fiyatı uygun
Yener Apart,Cihan Gokce,en,chose comments location extraordinarily beautiful nostalgic owner business gönül hodja kind caring felt happy peaceful express endless thanks gratitude parking problems prices reasonable clean within walking distance sea go directly public beach rooms large spacious beautiful balconies course highly recommend
Yener Apart,Aslıhan Acarer,en,stayed wife son july pleased first location good minutes walking sea sandy beach sea shallow even ideal cannot swim small children close places need markets cafes restaurants also short minute walk away azmak river boat tour also enjoyable rooms clean tidy equipment sufficient us owner ms gönül also kind caring holiday met expectations come back would choose
Yener Apart,Omer Can Capar,en,clean perfect stay loved apartment owner aunt much say house akyaka
Yener Apart,Kaan Bardakci,en,price extremely affordable considering location thinking coming family sweet boutique apartment easily choose owner sweet aunt thinking going
Yener Apart,Beliz Yegencik,en,rather cleanliness problem rooms bigger problem interior furniture old especially first night pillows hard stone also owner aunt forgets every promise made reason lot trouble making reservation price affordable
Akyaka Yeşil Apart,Bülent,tr,başka apartta çocuklarımız havuza sokulmayıp kaba davranılınca harika işletmeye geldim resepsiyonda genç arkadaşa tane çocuğumuz gün kaldığımız apartı çocuklarıma kötü davranıldığı terk ettiğimi söyleyince genç arkadaş çocuk dostu işletme minik arkadaşlar gönüllerince eğlensin dediler haklı çıktılar evlatlarımız unutamayacakları tatil yaşadılar sayelerinde havuzdan çıkmadılar doyasıya eğlendiler lokasyon konumda azmak nehrinin dibinde bim deniz hemen yanında yere yürüme mesafesinde odaları tertemiz geniş ferah müşteri memnuniyeti üst seviyede memnun kaldık yeni arkadaşlarda edindik akyakaya geldiğimde tekrar gönül rahatlığıyla tercih edeceğim işletme herkese tavsiye ederim tereddüt etmeden tercih edebilirsiniz
Akyaka Yeşil Apart,Gizem Özen,tr,son dakika planı gidip boş oda müsaitliği gece konakladık fiyat performans şeklindeydi aile işletmesi şeklinde konum iyiydi azmak nehri yakını denize restaurantlara vs yürüme mesafesi odanın büyüklüğü rahat hareket şekilde iyiydi oda temizdi balkonu plaj ürünlerimizi kurutacağımız kurutma aparatı mevcut klima eski çalışır durumdaydı otel sessiz sakindi kahvaltısı klasik yeterliydi israf olacak gereksiz yoktu tuzlu tatlı sıcak soğuk meyve çay kahve vs düşünülmüş bence beklentisi farklı yeterliydi koridorda rutubet kokusu gibiydi odada rahatsız olacak koku yoktu
Akyaka Yeşil Apart,Yasemin,tr,çocuklarımız eşim mükemmel gün geçirdik çocuk dostu sevecen mükemmel hizmet anlayışı dörtlük işletme gün kaldık memnun kaldık çocuklarımız gönüllerince eğlendiler düşünmeden tercih edebilirsiniz konumu yere yürüme mesafesinde odalar geniş tertemiz fiyatları uygun memnun kaldık herkese tavsiye ederiz
Akyaka Yeşil Apart,Ozan Mert GÖKTÜRK,tr,güzel otel işletiliyor personel kahvaltı karın doyurucu olmasına israf abartı konum mükemmel temizlik bakım kabul edilebilir düzeyde ayrıntıyı bulmadığımı söylemem gerekir örneğin çekmecelerin dolapların içi belli epeydir temizlenmemişti banyoda paslı yüzeyler mevcuttu yoğun dönemde konaklamış olmamız kusurlara göz yumdurur emin değilim özenli olunabilir
Akyaka Yeşil Apart,Serpil Çorlu,tr,eşim yaşında kızımla gece kaldık inanılmaz memnun kaldık konumu kahvaltısı mükemmeldi kahvaltıda menemen yapmalarına şaşırdım lezzetli yeterli kahvaltısı oda küçüktü yetti büyük odaları fiyat performans oteli tekrar gelirsem tercih sebebim olacak
Akyaka Yeşil Apart,Laura Ciobanu,en,recommend hotel room clean comfortable big balcony front pool little noise morning room near breakfast area price rest things recommend location good breakfast ok everyday samewith turkish delights watermelon ness caffe black teathe hotel near city center arrive easy everywhere need akyaka thanks staff recommend us go good city thank
Akyaka Yeşil Apart,Marisa Matis,en,clean place friendly stuff enough breakfast location perfect quite near river restaurants markets boat trips minutes walking sea beach
Akyaka Yeşil Apart,Sina Ebrahimi,en,good akyaka type hotel
Akyaka Yeşil Apart,Thomas Hardiman,en,nice place
Akyaka Yeşil Apart,Bülent,en,told young friend reception two children left apartment stayed one day children treated badly another apartment young friend said childfriendly business let little friends fun much want right children never unforgettable holiday thanks never left pool fun location good bottom azmak river right next bim sea within walking distance everywhere rooms spotlessly clean large spacious customer satisfaction highest level pleased made new friends come akyaka love business would prefer comfort recommend everyone choose without hesitation
Dinlen Apart Otel,mehmet mercan,tr,buzdolabı petekler mutfak dolabı internet sorunlu fiyatı yerlere amlamsızca fazla
Dinlen Apart Otel,mehmet mercan,en,refrigerator radiators kitchen cabinet internet problematic price ridiculously high compared places
Akyaka Tatil Apart,Besim Vişne,tr,geçtiğimiz hafta tatil apart otelindeydik konumu temizligi çalışanların ilgisinden memnun kaldıktam aile ortamı i̇şletme sahipleride ilgililerdi güler yüzlü insanlardı ilgilerinden dolayı teşekkür ediyorum ben eşimle yana senede nisan ekim sonları akyaka tatile gideriz sefer tatil apartta kaldık memnun kaldık tekrar görüşmek dileklerimle çalışmalar diliyorum
Akyaka Tatil Apart,Başak Doğan,tr,odada kaldık odaya verdik çarşaflarda lekeler arabadan çarşaflarımızı aldık ertesi gün çıkış yaparken görevlilerden çarşaflarınızla gelmişsiniz diye tuhaf tepki verdi çarşafların lekeli söyledim yaptığı açıklama çarşafların temiz önceki müşterilerin çarşafa salçasinek ilacı şeylerle kirletttiğini seferinde verip yeni çarşaf alacağız oldu önceki müşterinin müşterinin sorunu değildir işletmeci fevri tavırlar yapıcı dil kullanılmalı odaların hijyenine dikkat edilmeli haricinde evet işletmenin konumu güzel fiyatı ortalamanın altında
Akyaka Tatil Apart,Gültekin Akçakavak,tr,akyakada azmak kenarında mükemmel manzarası işletme aile işletmesi evimizde hissettirdi güler yüzlü yardımsever işletmecileri odaları temizdi yeni tadilat yapıldığı belliydi yolunuz düşerse mutlaka uğramanızı tavsiye ederim bahçedeki çiçeklere bitkilere ayrı parantez açmak istiyorum bahçede oturup zaman geçirmesi keyifli tavsiye ederim
Akyaka Tatil Apart,Elif Guvenc,tr,azmak kenarında tatlı aile işletmesi kız küçük otel odasında kaldık küçük kullanışlı odaydı fiyata azmak kenarında küçük ada bulması zor yatıp güvende hissetmek birebir otoparkları büyük avantaj gönül rahatlığıyla tavsiye ederim
Akyaka Tatil Apart,Berkay,tr,azmağın konumunda olmasına gram geliştirememiş aile yeri güleryüzden yoksun sıfır hizmet kiraladıkları oda muhtemelen mutfaktı odaya günlük rakam istiyorlar güzel konumda işletmeyi hale getirdiniz paranızı çöpe atmamanızı tavsiye ederim
Akyaka Tatil Apart,Krzysztof Korona,en,wonderful stay hotel staff friendly room clean wellappointed overall atmosphere hotel relaxing thank
Akyaka Tatil Apart,Ozzy the Wizard,en,enjoyed stay top floor window facing river first thing saw every morning river beautiful eucalyptus trees location perfect owner friendly apartment everything needed
Akyaka Tatil Apart,Alina Jendrzejek,en,great place perfect location heart akyaka next azmak river walkable distance beach lot shops restaurant available around room well equipped newly renovated apartament lovely balcony beautiful view river perfect rest evening nice helpful service highly recommend
Akyaka Tatil Apart,Ken James,en,great place stay staff owners can’t enough tatil conveniently situated restaurantsbarsbeach surrounding town
Akyaka Tatil Apart,Murat alagöz,en,best holiday clean quiet peaceful holiday must
Akyaka Apart Pansiyon,Ayael İldan,tr,telefonla görüşme yaptım kaba be sorunlu işletme yanlış anlamışlar kaporamı alıp iade etmediler dekont yanlış tarih atmışım yeri ayırırken sözlü belirtmiştim geldiğim tarihi kesinlikle bulaşmayın helal etmiyorum
Akyaka Apart Pansiyon,ali çınar,tr,harita üzerindeki yeri yanlış işaretlenmiş telefonla arayınca merkeze uzakta yerin konumuna yönlendirildik geldiğimizde verilen oda bodrum katta penceresiz zindan odaydı geç saatte geldiğimiz gece konaklayıp sabah çıkış yaptık
Akyaka Apart Pansiyon,Nihal Kılıçaslan,tr,kesinlikle tavsiye etmiyorum kirli apart yorumda temiz yazan insanlarla farklı yerlerden mi bahsediyoruz düşünüyorum ücretini ödediğim halde kirliliğinden geceyi geçirmedik başka aparta geçtik
Akyaka Apart Pansiyon,Enes Koseoglu,tr,personel mekan güzel konum çalışanlar ilgisiz kaba olunca memnun kalamıyorsunuz gecelik konaklama kabul etmiyorlar gece temizlik sıfır odalar güzel temizlik kötü olunca içiniz rahat şekilde konaklayamıyorsunuz tavsiye etmem
Akyaka Apart Pansiyon,Göknur Dursun,tr,güzel heryere yakın işletme sahibi güleryüzlü ilgileniyorlar odaları harika beğendik tavsiye ederiz
Akyaka Apart Pansiyon,Ayael İldan,en,made phone call rude problematic business misunderstood took deposit tl refund thought put wrong date receipt verbally stated date arrival booking place dont get involved dont condone
Akyaka Apart Pansiyon,ali çınar,en,location map marked incorrectly called directed location far center room given arrived windowless dungeonlike room basement floor since arrived late stayed night checked morning
Akyaka Apart Pansiyon,Nihal Kılıçaslan,en,definitely recommend dirty apartment wonder talking different places people wrote clean comments even though paid fee stay night pollution moved another apartment
Akyaka Apart Pansiyon,Enes Koseoglu,en,staff concerned place nice location good employees indifferent rude happens cannot satisfied accept one night stay least two nights cleanliness zero even rooms nice cannot stay comfortably cleaning bad recommend
Akyaka Apart Pansiyon,Göknur Dursun,en,nice close everywhere owners friendly take care rooms great liked much recommend
Yeni sıtar apart,Elif Sarı,tr,i̇ğrençti son gidilecek yer gelmeyin kapılar kapanmıyor gürültülü havuzu kirli hijyenik gelmenizi onermem kapılardan sesler geliyor çoçuklar gelinebilecek yer şekilde gelinicek yer gereksiz yere pahalı memnun olmadık gelmenizi önermeyiz
Yeni sıtar apart,Yavuzhan Krbr,tr,fotoğraflarını attıkları odadan başka odaya yerleştirildik küçücüktü bavul açmaya yer yoktu duş perdesi kopmuş tamir edilmek alınmak banyoda bırakılmış haldeydi örümcekler temiz değildi
Yeni sıtar apart,Oğuzhan YANAR,tr,kalacak yer gece kaldık sakin merkez gürültüsünden uzak yer balkonu cok keyifli i̇dare havuzuda mevcutodada eşyalar bakımlı olabilir temizlikte sorun yoktu tekrar tercih ederim
Yeni sıtar apart,yeolirswq0,tr,kötüydü gelmenizi önermeyiz havuzu pisti eşyalar kırık havalandırmadan garip rahatsız edici sesler geliyor duvarların belirli yerleri çatlak kapılar kapanmıyor dış kapıyı zor kapattık mutfağın musluğu arızalı gereksiz yere pahalı hiç beğenmedik gelmenizi önermem
Yeni sıtar apart,Mustafa Demirci,tr,herşey guzeldi odalar temiz değildi yüzme havuz vardı
Yeni sıtar apart,Elif Sarı,en,disgusting last place go dont even come doors dont close loud also pool dirty hygienic recommend come sounds coming doors place come children fact place come way unnecessarily expensive happy recommend come
Yeni sıtar apart,Yavuzhan Krbr,en,placed different room one posted photos tiny almost room unpack shower curtain broken left bathroom instead repaired taken spiders wasnt clean
Yeni sıtar apart,Oğuzhan YANAR,en,stayed one night accommodation nice place away noise quiet center balcony pleasant also swimming pool furnishings room could little wellmaintained problem cleaning would choose
Yeni sıtar apart,yeolirswq0,en,bad recommend come pool dirty furniture broken strange disturbing sounds come ventilation certain parts walls cracked doors close difficulty closing outer door kitchen tap faulty unnecessarily expensive like recommend come
Yeni sıtar apart,Mustafa Demirci,en,everything fine rooms clean swimming pool
Renklice Apart Evler,Ersan Özmen,tr,nurgül hanıma nezaketi güler yüzü yardımları teşekkür ederiz temiz ailece kalınabilecek yer gün kaldık döneceğimiz güne çarşaflardan havlulardan odalardan temizlik kokusu gitmemişti
Renklice Apart Evler,Durmusali öz,tr,eylül gece konakladık dairede ihtiyaç olacak herşey ocak çamaşır makinesi kahve makinası tost makinası vs akyaka ortam güzel buranın konumu plaja yürüme mesafesinde bi sessiz sahilin kalabalık gürültüsü kuş sesleriyle huzur içinde dinlenebilirsiniz
Renklice Apart Evler,Berfin İpek,tr,renklice apart uzun konaklama uygun hafta kaldık tadına doyamadık denize yürüme mesafesinde ev sahibiyle hızlı iletişim kurabiliyorsunuz akyakaya geldiğinizde konaklamanızı tavsiye ederim
Renklice Apart Evler,murat dibek,tr,tertemiz aile ortamı denize metre yürüme mesafesinde gülnihal hocam samimi güler yüzlü i̇lgi alakasından teşekkür ederiz
Renklice Apart Evler,Serdar Bengi,tr,ormanın içinde koyu gölge denize yürüme mesafesinde metre sessiz sakin sincap akyaka özel bülbül sesleri huzurlu ortamda mangal keyfi yapabilirsiniz
Renklice Apart Evler,Ersan Özmen,en,first would like thank ms nurgül kindness smiling face help clean family friendly place stay stayed days day returned smell cleaning disappear sheets towels rooms
Renklice Apart Evler,Durmusali öz,en,stayed nights september apartment everything need stove washing machine coffee machine toaster etc akyaka already beautiful terms environment location place within walking distance beach quiet crowded noise beach rest peacefully sounds birds
Renklice Apart Evler,Berfin İpek,en,renklice apartment suitable long stays stayed week couldnt get enough within walking distance sea communicate quickly owner recommend stay come akyaka
Renklice Apart Evler,murat dibek,en,clean family environment meters walking distance sea teacher gülnihal sincere smiling thank interest interest
Renklice Apart Evler,Serdar Bengi,en,also enjoy barbecue peaceful environment sounds squirrels nightingales special akyaka meters away dark shade forest walking distance sea
Akyaka apart mera,Ebru KIROĞLU,tr,bayram tatili arkadaşımızın ayırttığı yerdi gittiğimizde orayla ilgilenen kişinin başka daire verme çabaları gördüğümüz dairedeki eşyaların facia görünümleriyle dumura uğradık sonrasında fotoğrafları gösterilen daire boşaltılıp yalap şalap temizlik yapılarak verildi eşyalar eski çarşaf pikelerin rengi siyaha yakın griydi çift kişilik yatağın sürekli gıcırtısından çöküklüğünden gece boyunca uyku uyumadık kişilik yataklar idare ederdi sanırım arkadaş çocukları uyudular şekilde mutfak eşyalarına gelirsek temiz hijyenik kağıt tabak bardak vs alıp idare ettik duşa girip yıkanmak istediğinizde taktıkları elektrikli alet gün boyunca binanın şalterlerini attırıp elektriksiz bıraktı hepimizi lik pet şişelere musluktan güneş enerjisi ısınan suyu doldurup şekilde duş almak zorunda kaldık dönem itibari park yeri bulmakta sıkıntı çekmedik konuma gelince denize yakın yerler mevcut temizlik eşyalar hizmet bakımından tavsiye edebileceğim tekrar gidip kalabileceğim yer
Akyaka apart mera,Kubra Turkeli,tr,apart konum yerde otopark problemi temiz düzenliydi merdivenleri dik katta olduğumuzdan çocuklarla eşyalarla inip çıkmakta zorlandık balkonu evdeki elektrik düğmelerinin salonda bulunuyor yerde toplanmış odalar i̇şletmeciler ilgiliydi yardımcı oldular
Akyaka apart mera,Mehmet Deniz,tr,teras katında kaldık sıcaktı eski i̇ki tane klimayla zar zor serinletebildik evi klima oda sıcak kaldı ara katlarda sorun olmayabilir eşyalar eski fiyatına ev beklerdik temizlikte sorun yoktu i̇şletmeciler düzgün insanlar odalardan büyük manzarası arabanız varsa konumu
Akyaka apart mera,İrfan TANRIVER,tr,odasının birinde pencere yoktu odaya vantilatör koymuşlar genel güzel eşyalar temiz ev hijyenik banyo tuvalet kullanışlı bahçesi personel migros dk yürüme mesafesinde çamaşır makinesi bulaşık makinesi i̇ki oda salonda kilima ütü masası kerem bey dursun beye teşekkür ederim seneye buraya gelmeyi düşünüyorum
Akyaka apart mera,bilal çağrı orhan,tr,mükemmel hizmet kiralık villada konakladık gökhan bey babası durmuş bey ilgiliydi evimizdeymiş rahat ettik villa tertemizdi ihtiyacımız herşey herşey teşekkür ederiz seneye görüşmek
Akyaka apart mera,Mert Akça,en,big room nice scenery really nice location two air conditioners downside whenever move bed makes loud noises
Akyaka apart mera,Ebru KIROĞLU,en,place booked friend holiday went stunned efforts person taking care place give us another flat disastrous appearance furniture flat afterwards flat whose photos shown us vacated thoroughly cleaned given us furniture old color sheets quilts gray almost black sleep nights due constant squeaking collapsing double bed single beds okay think friends children slept somehow kitchen utensils clean hygienic bought paper plates cups etc made wanted take shower wash electrical device installed tripped switches entire building left us without electricity days fill liter plastic bottles water heated solar energy tap take shower way period trouble finding single parking space location places closer sea place would recommend stay neither terms cleanliness furnishings service
Akyaka apart mera,Kubra Turkeli,en,apartment good location parking problem clean tidy stairs little steep since 4th floor little difficulty getting children belongings balcony electrical switches house located living room collected one place including rooms operators interested helpful
Akyaka apart mera,Mehmet Deniz,en,stayed terrace floor hot could barely cool house two air conditioners one old room without air conditioning still remained hot may problem intermediate floors items old expected better house price problem cleaning operators also decent people one rooms large good view car location also good
Akyaka apart mera,İrfan TANRIVER,en,window one rooms also put fan room generally beautiful furniture clean house hygienic bathroom toilet useful garden staff caring migros minutes walking distance washing machine dishwasher air conditioning two rooms living room ironing board would like thank mr kerem mr dursun im thinking coming next year
Sezgin Apart,Sefer Yeşil,tr,gelmiştik beğenmiştik telefon numarası  bulamıyoruz
Sezgin Apart,Sefer Yeşil,en,came liked much cant find phone number
Ceylan Apart,Meric Riza,tr,güzel odada klima mutfak ayrı güzel kişilik aile rahat kalır zorlar iseniz alır denize yakın tane balkon balkonda kişilik masa
Ceylan Apart,Ahmet Icelli,tr,bayram zemin katta kaldık üst katlar bilmiyorum eşyalar  kalma sanırım dolaplar haşat müşteri ilgi alakaları sıfır plaja yakın merkezi
Ceylan Apart,Sümeyra Kaynar,tr,güleryüzlü insanlar ihtiyaçlarınızı karşılama çabası içindeler zeyyat bey tuncay hanım içindeki eşyalar kullanım açısından yeterli sinek vs sitelerde fotoğraf göremedim gittiğimde tatmin edici ortamla karşılaştm denize yakın plajın dibinde
Ceylan Apart,Necat Sertkük,tr,fiyat sahipleri sempatik insanlar temiz kullanışlı oda balkonda kahvaltı klimalı yapı eski mutfak temiz kullanışlı mangal yapabiliyorsunuz tavsiye ederim
Ceylan Apart,serdar akçay,tr,name
Ceylan Apart,Meric Riza,en,nice air conditioning every room separate kitchen nice family stay comfortably even push hard even take two balconies near sea table people balcony
Ceylan Apart,Ahmet Icelli,en,stayed ground floor holiday dont know upper floors like think furniture  cupboards destroyed customer care good close beach central
Ceylan Apart,Sümeyra Kaynar,en,friendly people trying meet needs mr zeyyat ms tuncay items inside sufficient use flies etc could see photos sites went found satisfactory environment bottom beach close sea
Ceylan Apart,Necat Sertkük,en,price good owners friendly people clean useful room breakfast balcony airconditioned building old kitchen clean useful barbecue recommend
Ceylan Apart,serdar akçay,en,affordable price compared akyaka close beach people trustworthy helpful great large families furnishings old beds misused came even smell urine receive attention left since family unit prices determined according number visitors usually affordable photos bit misleading next waste unit hotel dont know cause problems parking general problem area hope information want stay
Akyaka Özgem Apart Otel,fatih yılmaz,tr,akyaka konaklama planimiz yoktu yorulduk gece kalmak istedik farkli apart bakmıştik begenmedik özgem apartin onunden geciyorduk anda velhasil cok begenerek gecirdigimiz muhtesem gece yasadik şöyle temizlik muazzam ortam müthiş limon mandalin ağaçları bahçeli havuzu müthiş odalar konforlu herşey ince detayina dusunulmus mutfaktaki tüm araç gereçlerden tutun banyoya konulmuş fön makinesine kadar ki heryer genelde dandik saçma sapan minik kurutma  koyar çok memnun kaldik konumuda süper azmak  herşey için teşekkülerr özge hanım kiymetli anne babasi
Akyaka Özgem Apart Otel,Ezgi Şimşek,tr,özgem apart akyakada kaldığımız süre boyunca kendimizi evimizde hissettik apartın temizliği düzeni konforu beklentilerimizin ötesindeydi odalar geniş ferah ihtiyacımızı karşılayacak şekilde donatılmıştı sessiz sakin ortamda doğanın içinde huzurlu vakit geçirdik akyakanın güzelliklerine kolayca ulaşabildik apartın sahipleri son derece misafirperverdi teşekkür ederiz kesinlikle güvenebileceğiniz aile apartı akyakada konaklayacaklar kesinlikle tavsiye ediyorum
Akyaka Özgem Apart Otel,BİLAL SOĞANCI,tr,çocuğumuzla kişi günlük marmaris akyaka tatili yaptik temmuz temmuz arası ozgem apart aile işletmesi sıcak yaklaşımları gelen misafirlere kendimizi evimizde hissettik ihtiyaç olduğunda hemen yardımcı olmaya çalıştılar odalar temizdi klima sorunsuz çalışıyordu kalabalık olduğumuz buzdolabı önemliydi oda güzeldi aile gittik güzel tatil geçirdik sene ozgem apart ailesine teşekkür ederiz herkesi tavsiye ediyorum aytica akyaka güzel yer gezdiğimiz yerlerin merkezinde konumdaydi marmaris merkeze dk akbuk oren koylarina dk dk civarında bölgedeki koyu gezme şansımız son akyaka giderseniz tekne turu yapmanızı öneririm konuda iyiler
Akyaka Özgem Apart Otel,Ömer YILMAZLAR,tr,işletme sahibi özgem hanım eşi emrah bey e ilgi alakaları teşekkür ederiz ilgililer girişte size samimiyeti sıcaklığı hissettiriyorlar odalar temiz bahçesi kelime şirin otantik akyaka kalmak gönül rahatlığı tercih edebilirsiniz numara yıldız aile işletmesi
Akyaka Özgem Apart Otel,Hatice Yanıkoğlu,tr,yaşındaki oğlumuzla beraber gittik bebekle gidilebilecek bi apart aile apartı arkada bahçesi havuzu çocuklar ufak oyun alanı güvenilir temiz odalar temiz ferahtı açıdan memnun kaldık sürekli akyakaya gideriz apartta kaldık akyakadaki evimiz özgem apart sevdik sahipleri tatlı insanlar ilgileri alakaları iyiydi memnun kaldık herkese öneririm
Akyaka Özgem Apart Otel,Zeynep Ceren Kiziltunc,en,rooms cozy silent economic service available done attentively
Akyaka Özgem Apart Otel,Zahid Ali,en,one best apartment akyaka
Akyaka Özgem Apart Otel,fatih yılmaz,en,actually didnt plan stay akyaka tired wanted stay night looked different apartment didnt like passing özgem apartment moment short wonderful night enjoyed much follows cleanliness magnificent environment wonderful gardens lemon tangerine trees pool wonderful rooms comfortable everything smallest detail thought appliances kitchen blow dryer bathroom everywhere cheesy ridiculous little dryer puts pleased location super azmak minutes thank everything ms özge precious parents
Akyaka Özgem Apart Otel,Ezgi Şimşek,en,felt home stay özgem apart akyaka cleanliness order comfort apartment far beyond expectations rooms large spacious equipped meet every need peaceful time nature quiet calm environment able easily reach beauties akyaka owners apartment also extremely caring hospitable would like thank family apartment definitely trust definitely recommend stay akyaka
Akyaka Özgem Apart Otel,BİLAL SOĞANCI,en,year day marmaris akyaka holiday group people children july july ozgem apart complete family business guests warm approach good felt home whenever need immediately tried help rooms clean air conditioner working smoothly refrigerator important us crowded room nice went two families nice holiday year thank ozgem apart family recommend everyone aytica akyaka beautiful place central location places visited minutes marmaris center chance visit many bays region around minutes minutes akbuk oren bays finally go akyaka recommend take boat tour good
Esen Apart,firat altunyurt,tr,akyaka esen otel apartta gece kaldım kalabalık aileler ideal adet kişilik adet kişilik yatak yanında adet sedir sedirlerde yatma imkanı apart tripleks odalar önlü arkalı basamak sayısı üstte teras balkon oda büyüklüğünde mutfak sedir masa sandalyeler geniş alan olası yağmur soğuğa karşı tekne tenteleri donatılmış kapattığınızda kış bahçesi kahvaltı yemek eşsiz deneyim yanında kalabalık misafirlerin vakit geçirmeleri ideal apartta dolap ayna vs bol miktarda sıvı sabun bulaşık deterjanı sünger aygaz ocağı tava tencere çatal kaşık bardak bıçak üstteki yatak odasının tavanı ahşap tavanlar yüksek klima açmadan rahat rahat uyuduk inanılmaz temiz yer pırıl pırıl tuvaletler yıldızlı otel tuvaleti yağmur yağarken teras mutfakta deniz çamlık manzarasında kahve içmenin verdiği mutluluk günlük dinlenmeye değer içimiz buruk ayrıldık
Esen Apart,Cansu Sarıkavaklı,tr,i̇lk geldiğimiz andan birgül abla aşırı ilgiliydi yardımcı bizimle ilgilendi temiz yer gönül rahatlığıyla gelebilirsiniz birgül ablaya sonrasında fırat beye teşekkür ederiz
Esen Apart,Açelya Atakişi,tr,dörtlük hizmet sunulan muhteşem yer bizleri evimizde hissettiren fırat bey hatice hanıma tatilimiz süresince bizimle ilgilenen birgül hanıma teşekkürlerimi sunuyorum
Esen Apart,Orkun Sayıcı,tr,gönül rahatlığıyla kalabileceğiniz tertemiz apart sene gideriz sene odaları yenilemişler bayıldık fırat bey hatice hanım ilgililer fırat beyin rehberlik hizmetinden memnun kaldık yardımcı
Esen Apart,sema meydan,tr,akyakadaki apartta ailemle harika konaklama deneyimi yaşadık doğayla iç içe huzurlu ortamda dinlenmek ideal yer odalar temiz konforluydu ihtiyaçlarımızı karşılayacak şekilde düşünülmüştü konumu merkezi sahile restoranlara yürüme mesafesinde kesinlikle tekrar geleceğiz herkese tavsiye ederiz
Esen Apart,Dominika Nowak,en,thank wonderful stay spent days esen apartment owner fırat mrs birgül helpful problem delivering needed apartment spacious clean view sea hope come back
Esen Apart,firat altunyurt,en,stayed akyaka esen hotel apartment nights ideal crowded families double beds single bed well sofa beds also possible sleep sofas apart like triplex since rooms front back fewer steps terrace balcony top size two rooms kitchen sofas table chairs large space equipped boat awnings possible rain cold close becomes like winter garden unique experience breakfast dining addition ideal crowded guests spend time together plenty wardrobes mirrors etc apartment liquid soap dishwashing detergent sponge aygas stove pans pots cutlery glasses knives everything upper bedroom wooden ceiling ceilings high slept comfortably without turning air conditioner incredibly clean everywhere sparkling toilets like star hotel toilets happiness drinking coffee terrace kitchen view sea pine trees raining worth day rest frankly left heavy heart
Esen Apart,Cansu Sarıkavaklı,en,birgül attentive moment first arrived helpful took care us clean place come peace mind first would like thank sister birgül mr fırat everything
Esen Apart,Açelya Atakişi,en,wonderful place excellent service every aspect would also like thank mr fırat ms hatice made us feel home ms birgül took care us holiday
Esen Apart,Orkun Sayıcı,en,spotlessly clean apartment stay peace mind go every year also renovated rooms year loved mr fırat ms hatice caring also pleased mr fırats guidance service helped us lot
Can Apart ( Akyaka ),Onur BEKTAŞ,tr,akyaka üzeri saat geç konaklamak istedik tesadüfen içeride baktığımız yerleri begenmeyip çıkarken fark girdik kişi kaldık çoğumuzun evinden temizdi banyo mutfak yatak çarşaflar hersey efsane temizdi mutfak araç gereçlerinde hersey türk kahveniz varsa cezve fincanları odamız havuza bakıyordu güzel görünüyordu havuza girmek kısmet muhtemelen keyifli olurdu gelirsem kalacağım oteldir yıldızı şartlarla veriyor ilgilendirmez yıldızdır reception teşekkürler
Can Apart ( Akyaka ),Ayşe Devret,tr,aile ideal mekan temizlik konusunda iyiler yemeğinizi kendiniz isterseniz mutfak araç gereçleri içinize sinerek kullanabileceğiniz temiz yeni konum marketlere kolayca ulaşılabilmesi konfor yaz ailecek gittik kardeş ailelerimiz gitmiştik güzel tatil çocuklar eğlendi havuzun keyfini çıkarttılar gitmek isteyenlere tavsiye ederim
Can Apart ( Akyaka ),Leman Şıhca,tr,puan üzerinden veriyorum yıldızlı otel gibiydi i̇şim gereği fazla otellerde kaldım muhteşem temizlik görmedim çarsafların mis kokusu banyo duşakabinin banyodan temiz oluşu havuzun klor oranının harika oluşu bir gece kalıp marmarise gidecektik gece kaldık hiç dönmek istemedik kendı evimizin rahatlığı temizlik yapan ablanın resepsiyonun aile hissettirip konudaki maksimum yardımcı olmaları cıdden güzel bır aile kazandık dıye düşünüyorum herşey muhteşemdi teşekkürler
Can Apart ( Akyaka ),Murat Önder,tr,sakin temiz güzel ferah ortam apart havuzu temiz ozellikle çocuklu aileler ideal akyaka genel çevre yerlere bakîr ekonomik aracınız varsa marmaris vs yerlere yarım saat mesafede canapartin hemen altında karşısında  şok marketler lazım herşey elinin altında tavsiye edersiniz tabiki ederiz aile çocukla gittik keyifliydi odada klima tv wifi ayrı konfordu teşekkürler canapart
Can Apart ( Akyaka ),Sinem Arslan,tr,abim ablam geldiğim akyaka tatilinde mükemmel tatil yaşadım tabi sebebi konakladığım can apartın büyük etkisi i̇lgi alakaları başta neşe hanım çalışan personele teşekkür ederim zaman geldiğim önceliğim zaman can apart olacaktır kesinlikle herkese tavsiye ederim
Can Apart ( Akyaka ),Onur BEKTAŞ,en,since late akyaka wanted stay chance didnt like places looked noticed way stayed people cleaner houses bathroom kitchen bed linens everything legendary good clean everything kitchen utensils need turkish coffee even coffee pots cups room overlooking pool looked nice didnt chance swim pool would probably enjoyable come hotel stay dont care gives star conditions stars also thanks reception
Can Apart ( Akyaka ),Ayşe Devret,en,first ideal place families good cleaning even want cook meals kitchen equipment clean new use peace mind addition easily accessible markets also comfort went family summer went siblings families nice holiday kids lot fun enjoyed pool recommend want go
Can Apart ( Akyaka ),Leman Şıhca,en,give points like star hotel stayed hotels lot due job never seen magnificent cleanliness smell sheets bathroom shower cabin cleaner bathroom chlorine content pool great going stay night go marmaris stayed nights want return comfort home cleaning sister reception made us feel like family helped us every way really think gained beautiful family everything wonderful thank
Can Apart ( Akyaka ),Murat Önder,en,clean beautiful spacious environment apartment pool clean ideal families children akyaka generally untouched economical surrounding places car half hour away places like marmaris etc a101 şok market opposite canapartin everything need fingertips would recommend course went two families two children enjoyable air conditioning tv wifi every room another added comfort thank monster
Can Apart ( Akyaka ),Sinem Arslan,en,perfect holiday akyaka brother sister course reason apart stayed great impact would like thank staff especially ms neşe interest concern priority always apart every time come definitely recommend everyone
İnci Apart,Selin Gülşen,tr,lokasyon gece mekanlardan gelen sesi dert etmiyorsanız fiyatı uygun telefonda verilen fiyat nakitmis kart geçmek isteyince fiyat farkı istendi odalar yenilenmemis bakımsızdi oda temizliği zaman yapılmış bilmiyorum eşyalardaki tozdan silmeden elleyemedik yeri banyoda klasik otel banyosu kokusu özet memnun kalmadık
İnci Apart,Tolgahan Emir,tr,odalarda şampuan içme suyunun olmaması yaşadığım deneyim değildi nakit fiyatta anlaşılmıştır denilip nakit talep gerçekten mantıksız odalar küçük tuvaletin temiz olmasını beklerdim konumu merkezidir
İnci Apart,ENBİYA KAHVECİ,tr,i̇nci apartta geçirdiğimiz konaklama deneyimi olumsuzdu odada kaldık odalardan birinde yatak düzenleme yapılmamıştı tvnin üstü tozla kaplıydı yatakların yanlarında toz topakları birikmişti duşa kabinin kapısının yarısı eksikti durum rahatsızlık verici güvensizdi havlular temizlenmemişti dolabın içi bakımsız kirliydi genel temizlik standartları yetersizdi yüzden konaklama yapmayı düşünenlere dikkatli olmalarını tavsiye ederim
İnci Apart,Bahri Kara,tr, kaldık güzeldi çarşaflar yastıklar havlular temizdi tüp bitti hemen taktılar televizyon kumandası yoktu hemen temin ettiler yıldızlı otellerde kaldım parasına iyiydı hoşuma giden tarafı sabaha çıt sesi yoktu güzel saat uyku uyudum gün boyunca işletmelerin saat kapatmaları hoşuma gitti sessiz sakin teşekkürlet inci apart
İnci Apart,TAHİR KÜÇÜK,tr,apartın konumu ağustos ayında arka tarafa bakan numaralı odada kaldık odada geçmeyen rutubet kokusu duşakabin pisti camların alt kısmı lekeliydi yatak kötüydü sebepten çekyatta yattık apartta çamaşır makinesi yoktu çamaşır yıkama hizmeti bulunmuyordu çamaşır büyük sorun yakın yerde bulamadığımız acil şeyleri elde yıkamak zorunda kaldık aynı paraya güzel apart bulabilirsiniz tavsiye etmiyorum
İnci Apart,Ayyüce Kaytazcı,en,nice apart nice service one problem ceiling low feels like coffin group people room may narrow unfortunately something apartment staff solve
İnci Apart,Nedzhmie Yusufova,en,amazing stay inci apart thanks mr mustafa lovely wife sincere recommended amazing local attractions showed us around even booked table local restaurant us arrived late night rooms hotel furnished modest traditional furniture vintage pieces gave cosy authentic feel balcony great spot us morning coffee chill hotel located centre akyaka easily accessible car need park large car park behind hotel located pedestrian street cant get directly vehicle looking real turkish hospitality experience look
İnci Apart,M1000,en,bad hotel
İnci Apart,Selin Gülşen,en,location good dont mind noise venues night price affordable price given phone cash wanted use card price difference asked rooms renovated years poorly maintained dont know room cleaning done couldnt touch place without wiping due dust furniture bathroom classic hotel bathroom smell summary satisfied
İnci Apart,Tolgahan Emir,en,lack shampoo drinking water rooms experience really unreasonable demand cash saying cash price agreed upon rooms small expected toilet cleaner location central
Gökova Şemkin Apart,Fatih Tuğran,tr,şemkin apart gün geçirdim güzeldi herşey evimde rahat ettim konfor ev dizaynı hoşuma gitti ev girişi araba girişi alçak yapılabilirdi yere değebilir yere yakın arabalar misafirperverlik samimiydi elektrikli süpürge koyarsan eve numara eksik söyleyebilirim dışında herşey güzeldi son ekleyebileceğim cumartesi günleri halk pazarı kuruluyormuş buraya hoşuma gitti mutlaka gezin hemde aparta herkese i̇yi mutlu tatiller
Gökova Şemkin Apart,irfan Yakisir,tr,ağustos ayı başında gece konakladım i̇nsan evinden rahat edebileceği yer adet klima internet mutfak gereçleri fazlasıyla mevcut bulaşık makinesi ev yeni yapılmış konum sakin heryere rahat ulaşım mert beye misavirperverliğinden teşekkür ederim inşallah tekrar görüşmek dileğiyle
Gökova Şemkin Apart,Kenan Bulut,tr,şemkin apartta gece gün konaklama gerçekleştirdim süre evimden rahat ettim desem yeridir odalar mutfak resimdekilerden büyük içeride kolaylık sağlayacak teknolojik aletler mert beye teşekkürlerimi iletmek istiyorum yeniden görüşmek dileğiyle
Gökova Şemkin Apart,coşkun arslan,tr,doğa iç içe keyifli huzurlu tatil yapabileceğiniz yer gezilebilecek yer aracınız kolayca ulaşabilirsiniz
Gökova Şemkin Apart,ZEKİ KAYA,tr,kalmaktan tereddüt etmeyin belkide bölge yapacağınız seçim olabilirbenim gece kaldıkbu bölgeye geldim rahat ettim evim kadardoğa içinde huzurlubahçeliestetik döşenmiş ev i̇şletmeci mert bilgilikültürlü anlayışlı yardımcı teşekkür ederimkaldigimiz evden sabah koşusu düzenli şekilde yaptım yakınında pazar yerifırınmarketler akyaka merkeze 5km civarında
Gökova Şemkin Apart,Fatih Tuğran,en,spent days şemkin apart nice everything comfortable home comfort home design liked house entrance could made little lower car entrance six touch ground cars close ground hospitality good friendly also put vacuum cleaner house say number missing everything great lastly add public market held saturdays really liked definitely visit soon aparta nice happy holiday everyone
Gökova Şemkin Apart,irfan Yakisir,en,stayed nights beginning august place one feel comfortable home air conditioners internet kitchen utensils including dishwasher house newly built location quiet easy reach everywhere would like thank mr mert hospitality hope see
Gökova Şemkin Apart,Kenan Bulut,en,stayed şemkin apart nights days must say felt comfortable home time first rooms kitchen larger pictures technological devices inside provide convenience would like thank mr mert hope see
Gökova Şemkin Apart,coşkun arslan,en,place pleasant peaceful holiday surrounded nature easily reach every place visit car
Gökova Şemkin Apart,ZEKİ KAYA,en,dont hesitate stay maybe might best choice make region like stayed nights area times first time felt comfortable like home peaceful aesthetically furnished house nature manager mert knowledgeable cultured understanding person helpful thank regularly ran morning house stayed market place bakery markets nearby also around 5km akyaka centre
Palmiye Apart Otel,Elif Gargili,tr,balayı durağımız akyakada konaklamış olduğumuz palmiye apart otelde hijyen temizlik düzen eksiksiz araç gereçler çok güzeldi tatilimizi eksiksiz şekilde tamamlamamizi sağladı kaldigimiz apart otel azmak nehrinin bakış açısında eşsiz manzara keyfi sürdük havasi doğası konumu inanılmaz bi yer ilgili alakalı olmaları ekstra hoşumuza gitti bizlerle başından sıcak kanlılığı güler yüzüyle kıraç bey ilgilendi eğer yolunuz düşerse yada kararsız kaldiysaniz mükemmel yer şiddetle tavsiye ederim yüzünden dönmek zorunda kaldık hemen arkamızdan ailemize aynı yerde oda ayarladık sizlere tavsiye ederim kıraç beye teşekkür ederiz
Palmiye Apart Otel,osman onur mercan,tr,aile işletmesi nezih guzel ortam şeniz eşi mine hanım tarafindan isletilmekte maskotlari leke adinda şirin köpekleri hayvan sevmesenizde leke yi kesin seveceksiniz odalar temiz iceri girince hijyeni hissediyorsunuz havuz kucuk goruyor şeniz bey sürekli temizlenmekte bakimlari yapilmakta ellerinden gelen tum yardimi yapmakta gidilecek yerler hakkinda yonlendiriyorlar bahcede mangal istediginiz zaman size atesi yakip hazir halde birakiyorlar girişte güler yüzü dövmeleriyle karsilayan kıraç temizligi ihmal etmeyen ablamiz apart konum carsinin icinde her yere yürüme mesafesinde yer buradaki güleryüzlü insanlar diyebilirim ailecek güzel gün gecirdik tesekkurler tekrar gorusmek uzere
Palmiye Apart Otel,ibrahim Ethem Pirçek,tr,temizlik hijyenden memnun kaldık apartın balkonundan azmak manzarası harika işletmeci şeniz beye teşekkür ederim konuda yardımcı
Palmiye Apart Otel,Esra Kartal,tr,hijyen konusunda eksik yer apart kiralıyorsun otel odasından farkı çamaşır bulaşık makinası fiyat performans yetersiz tavsiye etmem
Palmiye Apart Otel,cadi cadi,tr,evinde hissetmek isteyenlerin tercihi olmalı bence adamımız atmadan araçtan iner inmez ilgilenmeleri bagaja yardımları  artıları almak pilaja yakın avantaj tabiki kısacası konumuyla odalarıyla isletmesiyle temizliğiyle mükemmel di nasip yazı görüşmek dilegiyle
Palmiye Apart Otel,Fırat Can Öncü,en,clean peaceful place service owner employees good best choice want go vacation
Palmiye Apart Otel,Elif Gargili,en,second honeymoon stop akyaka stayed palmiye apart hotel nice hygiene cleanliness order complete equipment enabled us complete holiday completely apart hotel stayed right viewpoint azmak river enjoyed unique view nature location havasi incredible place liked attentive attentive mr kıraç took care us beginning warm bloodedness smiling face happen road undecided perfect place highly recommend return work immediately arranged room family place recommend thank much mr kıraç
Palmiye Apart Otel,osman onur mercan,en,family business decent nice environment run ms şeniz wife mine mascot cute dog named leke even dont like animals definitely love leke rooms clean already feel hygiene enter pool small works constantly cleaned maintained mr şeniz help give directions places visit barbecue garden whenever want light fire leave ready kıraç entrance welcomes smiling face tattoos sister neglect cleanliness apart location located bazaar within walking distance everywhere say smiling people nice days family thank see
Palmiye Apart Otel,ibrahim Ethem Pirçek,en,pleased cleanliness hygiene view river balcony apartment wonderful thank much manager mr şeniz helped us everything
Palmiye Apart Otel,Esra Kartal,en,place lacking hygiene rent apartment different hotel room washing machine price insufficient terms performance recommend
Uğurevler Apart,Nezahat Kizilbag,tr,i̇şletmeciler ilgili sıcak insanlar temiz nezih huzurlu yer aynı evinizdeki çamaşır bulaşık makinesi çeşit mutfak eşyası mevcut bahçesi büyük ayrı ayrı oturma barbekü yapma imkanı memnun kaldık kesinlikle tavsiye ederim
Uğurevler Apart,Ceren Sandıklı,tr,gün ailecek kaldık aileler uygun yer türkan hanım eşi şeyimizle ilgilendi klima korkmuştuk geceleri üşüyorsunuz evin içi zaman serin içerisinde size lazım olacak mevcut teşekkürler
Uğurevler Apart,Mehmet Güralp,tr,türkan öğretmenimiz uğur abimiz tanıdığımız ender güzel insanlar sohbetleri ilgileri güler yüzlü candan bahçesindeki organik meyvelerden ikramları güzel demli çay ikramı vs say say bitmez herşey teşekkür ederiz konaklama tercih temiz evinizde hissedeceğiniz yer uğur evler apart
Uğurevler Apart,salih şahin,tr,temiz nezih yer hatice hanım ailesi sıcak kanlı evde çamaşır makinası buzdolabı tv mutfak malzemeleri kılıf kıyafetinizi alın evinizde davranın seneye görüşmek
Uğurevler Apart,ersen tetik,tr,kalmadım gittim gördüm full eşyalı ev yer ula denize yaklaşık km fiyat değer mi değmez mi karar verin
Uğurevler Apart,Nezahat Kizilbag,en,operators caring warm people clean decent peaceful place like home laundry dishwasher kinds kitchen utensils everything garden large separate seating barbecue opportunities pleased would definitely recommend
Uğurevler Apart,Ceren Sandıklı,en,stayed family days suitable place families ms türkan husband took care everything afraid air conditioning even get cold night always cool inside house everything need inside thanks everything
Uğurevler Apart,Mehmet Güralp,en,teacher türkan brother uğur rare beautiful people met pleasant conversations interest smiling faces cordiality treats organic fruits garden nice brewed tea etc countless thank everything uğur evler apart clean place choose accommodation feel like home
Uğurevler Apart,salih şahin,en,clean decent place ms hatice family friendly everything home washing machine refrigerator tv kitchen supplies cover take clothes treat like home see next year
Uğurevler Apart,ersen tetik,en,didnt stay went saw fully furnished house location km sea price tl decide whether worth
Mevsim Apart - Akyaka Apart,Kadir Darı,tr,artıları sahile yürüme mesafesi apartın ara sokakta oluşu gece sessizlik sağlıyor migros şok dk mesafede dairede çift klima sıcak soğuk su ayarı yeterli balkonu geniş ferah kisi konaklamada yeterince rahat sinek problemi yok camlar sineklikle kapanmış durumda eksileri kahvaltı alıyorsanız beklenti içine girmeyin kahvaltıda ekmek çıkana soğuk ekmek var pogaca çıkıyor bitiyor görevli arkadaş mt den seslenip oda numaranızı soruyor ben sayede kaldığını öğrendim çorba su kahvaltı deği lkahvaltıdan beklentiniz olmasın apartlarda mutfakta bulaşık sabunu banyoda el sabunu şampuan yok talep ettiğiniz aparta vermiyoruz denip çözüm sunulmuyor apart içinde çalışan karşılaşsanız hemen kafalarını çevirip işlerine devam ediyorlar bir günaydın hosgeldiniz iyi akşamlar duymak zor internet çekim kuvveti üst katlar zayıf apart sahibi murat beyin işi severek belli fakat çalışanlar belirtmek zor
Mevsim Apart - Akyaka Apart,Cem ÖZTÜRK,tr,son gidiyoruz kişi yaşında kız oğlum büyük erkek kuzenleri eğleniyorlar apart dairelerin konumu güzel beklentilerimizi anlamıyla karşılıyor tavsiye ederim
Mevsim Apart - Akyaka Apart,Emre Köroğlu,tr,huzurlu sakin apart odalarda imkanlar mevcut plaja yakın yürüyüş mesafesinde türlü ihtiyacınızı elinizin altındaymış temin edebileceğiniz mükemmel lokasyonda
Mevsim Apart - Akyaka Apart,Ceyhan Çalışır,tr,eviniz rahat edebileceğiniz ortam
Mevsim Apart - Akyaka Apart,kaplan mustafa kaplanoglu,tr,güzel konuma sahip hoş konaklama yeri
Mevsim Apart - Akyaka Apart,Kadir Darı,en,pros walking distance beach fact apartment side street provides silence night migos shok minutes away apartment double air conditioning hot cold water settings sufficient balcony large spacious comfortable enough people stay fly problem windows closed fly screens cons youre getting breakfast included dont expect much breakfast includes cold bread bread comes pogaca leaves ends staff calls meters away asks room number way learned everyone staying soup water included breakfast dont expect much breakfast apartments dish soap kitchen hand soap shampoo bathroom request say dont provide apartments anyway solution offered encounter employee apartment immediately turn heads continue work difficult hear good morning welcome good evening internet gravitational force weak upper floors obvious owner apartment mr murat enjoys job difficult express employees
Mevsim Apart - Akyaka Apart,Cem ÖZTÜRK,en,weve going last two years people girl son aged two older male cousins ​​are lot fun location apartments nice fully meets expectations advise
Mevsim Apart - Akyaka Apart,Emre Köroğlu,en,peaceful quiet apartment facilities available rooms close beach within walking distance perfect location needs fingertips
Mevsim Apart - Akyaka Apart,Ceyhan Çalışır,en,environment feel comfortable like home
Mevsim Apart - Akyaka Apart,kaplan mustafa kaplanoglu,en,nice place stay beautiful location
Akyaka Zeytin Apart,Merve Demirağ,tr,apart temiz sessiz balkonu mevcut azmak nehrine yakın sevdiğim yanı diyebilirim eylem hanıma nezaketi misafirperverliği teşekkür ederim tekrar gelince tercih edeceğim apart
Akyaka Zeytin Apart,Ferda Akgül,tr,eylem hanım şeker zarif insan sevdik kibarapartın konumu enfes akyakanın göbeği denize restaurantlara azmaka yere dk yürümeniz yeterli arkadaş kaldık keyif aldık odaları büyük olabilirdi konumda takılacak durum herşey teşekkürler
Akyaka Zeytin Apart,Alâattin Zafer,tr,çarşının göbeğinde gürültüden uzak butik gümüş takıcıdan tutunda yeme içme yerlerine mevcut önemli özelliği temiz bakımlı i̇lgilileri tebrik ediyorum dezavantajı küçük sıkıntı yaratacak derecede tavsiye ederim rahat edeceksiniz i̇yi tatiller
Akyaka Zeytin Apart,sibel serçe,tr,sahipleri odaları inanılmaz temiz insanlar akyaka’ya gelirseniz kalabileceğiniz nezih uygun fiyatlı apart
Akyaka Zeytin Apart,Muammer Mert Atalar,tr,tertemiz mis işletme gönül rahatlığıyla gidip kalın
Akyaka Zeytin Apart,Derviş kayımbaşıoğlu,en,host kind welcoming great time zeytin apart strongly recommend everyone wants feel like home
Akyaka Zeytin Apart,Merve Demirağ,en,apartment clean quiet balcony say close azmak river favorite part would also like thank ms eylem kindness hospitality apartment choose come
Akyaka Zeytin Apart,Ferda Akgül,en,ms eylem sweet elegant person loved much caring polite location apartment wonderful heart akyaka minutes walk sea restaurants azmak everywhere stayed friends enjoyed much rooms could bigger location big deal thank everything
Akyaka Zeytin Apart,Alâattin Zafer,en,heart bazaar somehow away noise everything boutiques silver jewelers eating drinking places nearby important feature clean wellmaintained congratulate involved downside little small enough cause problem recommend comfortable nice holiday
Akyaka Zeytin Apart,sibel serçe,en,owners rooms incredibly clean nice people decent affordable apartment stay come akyaka
Elçin Kız Öğrenci Apartı,İhsaniye Tekeci,tr,temiz güvenli aileler özel kız apartı derslikleri 5dk yürüme mesafesi üniversite bitişiğinde herkese tavsiye ederiz
Elçin Kız Öğrenci Apartı,Emir ege Balandı,tr,üniversitenin bitişiğinde fakültelere dakika yürüme mesafesinde lokasyonu güzel temiz güvenli kız öğrenci aileleri bulunmaz kız öğrenci apartı sahipleri mehmet bey hale hanıma verdikleri hizmetten teşekkür eder kız öğrenci ailelerine tavsiye ederim
Elçin Kız Öğrenci Apartı,Nurcan Dedeoğlu,tr,güvenli temiz kız öğrenci apartı kız öğrenciler bulunmaz yer lokasyonu süper tavsiye ederiz
Elçin Kız Öğrenci Apartı,Beyza Nur Gzkçk,tr,güvenliği temizliği fakültele yakınlığı süper kız ailelerinin gözü kapalı güvenebileceği apart elçin sorunsuz kalıyoruz son senemizdede elinle devam
Elçin Kız Öğrenci Apartı,Neşet Kütük,tr,güvenlik huzurlu yer arıyorsanız yerdesinizgözünüz arkada kalmadan huzur içinde uyuyabilirsiniz
Elçin Kız Öğrenci Apartı,Erkan Çiftçi,en,super
Elçin Kız Öğrenci Apartı,İhsaniye Tekeci,en,clean safe special girls apartment families minutes walking distance classrooms next university recommend everyone
Elçin Kız Öğrenci Apartı,Emir ege Balandı,en,adjacent university minutes walking distance faculties location nice clean safe unique female student apartment families female students would like thank owners female student apartment mr mehmet ms hale service provided us years recommend families female students
Elçin Kız Öğrenci Apartı,Nurcan Dedeoğlu,en,safe clean female student apartment unique location female students highly recommend
Elçin Kız Öğrenci Apartı,Beyza Nur Gzkçk,en,apartment ambassador whose security cleanliness closeness faculty trusted blindly girls families staying without problems years continue help last year
İNCİLİ PANSİYON-OTEL-APART,Yağız Özdemir,tr,eşimin google üzerinden bulup iletişime geçmesiyle bulduk güleryüzlüler oda tamamiyle tertemizdi kapıyı açar açmaz hijyenik atmosfer yüzünüze çarpıyor fiyat bölge apartlarına uygun aracınızı park etmek bölgede kolay sahile yürüyerek gidilebiliyor çarşının merkezinde büyük avantaj diyebilirim eşimle memnun kaldık sonraki tatilimizde tercihimiz muhakkak incili apart olacak teşekkür ediyoruz
İNCİLİ PANSİYON-OTEL-APART,Aziz Öztürk,tr,i̇şletme sahipleri gerçek esnaf kibar temizler hala öncelik müşteri diyebilen yer gece konakladım akkaya tekrar gidersem kesinlikle başka yer aramam i̇lginiz teşekkürler
İNCİLİ PANSİYON-OTEL-APART,D Ö,tr,tane pansiyon gezip tatilimizin gecesinde misafir olduk i̇clerinde temizi burasıydı diyebilirim mis kokuyla karşıladılar i̇şletmecisi cana yakın hanımefendi gelsek tercih edeceğimiz yer teşekkür ederiz
İNCİLİ PANSİYON-OTEL-APART,Kübra Demir,tr,herşey güzeldi gelirken hijyenik olabileceğini düşünmemiştik i̇şletme sahibi duygu hanım fırat bey ilgililerdi teşekkürler
İNCİLİ PANSİYON-OTEL-APART,Ayşe Kart,tr,genç çiftimizin işlettiği pansiyon temizdi güleryüzlü canayakın çiftimiz konuda yardımcı olmaya çalıştılar ilgileri teşekkür ederim gidersek kalacağımız mekan konum akyaka girişinde kalıyor azmağa yakın yerler pahalı park sorunu sokaklar dar ücretli otoparklar sakindi
İNCİLİ PANSİYON-OTEL-APART,Yağız Özdemir,en,found wife found google contacted us caring friendly room completely clean soon open door hygienic atmosphere hits face price affordable compared apartments region parking car easy area walk beach say great advantage center bazaar wife pleased next holiday definitely i̇ncili apartment thank
İNCİLİ PANSİYON-OTEL-APART,Aziz Öztürk,en,owners real tradesmen polite clean still place puts customers first stayed one night go akkaya definitely look another place thanks attention
İNCİLİ PANSİYON-OTEL-APART,D Ö,en,visited hostels stayed one night holiday say cleanest place welcomed us sweet smell manager also friendly lady come would place would choose thank
İNCİLİ PANSİYON-OTEL-APART,Kübra Demir,en,everything beautiful came didnt think would hygienic owners business ms duygu mr fırat attentive thanks everything
İNCİLİ PANSİYON-OTEL-APART,Ayşe Kart,en,hostel run young couple clean smiling friendly couple tried help everything thank interest go place stay located entrance akyaka places close river expensive parking problem streets narrow paid parking lots place quieter
Yatu Apart Otel,whete wolf,tr,kahvaltısı harika
Yatu Apart Otel,Dante Alighieri,tr,denenmeli
Yatu Apart Otel,H.Tarık ALTUNTAŞ,tr,temiz
Yatu Apart Otel,Guney Ozbek,tr,mugladaki evimiz
Yatu Apart Otel,whete wolf,en,breakfast great
Yatu Apart Otel,Dante Alighieri,en,must try
Yatu Apart Otel,H.Tarık ALTUNTAŞ,en,clean
Yatu Apart Otel,Guney Ozbek,en,house mugla
belgin pansiyon,Betül Engin akyaz,tr,uzun yoldan akyakaya gitmek isterken maalesef geç saatlere kaldık kalacak yer yorumlara bakarak gittiğimiz belgin apart ahmet bey ilgiliydi geç saatte yolda bırakmadı klimalı odada kaldık odalar wc temiz  yolunuz düşerse mutlaka gidin fiyat uygun teşekkürler belgin apart
belgin pansiyon,Yıldız Alfıstık İşcan,tr,gece konaklama gittim odalar kullanışlı temiz çarşaflar pırıl pırıl eksikleri tatilciler öğrenciler düşünülmüş evet yeri sapa durumda ulaşım sağlanabiliyor i̇şletme sahibi ahmet bey yardımsever sonraki ziyaretimde tercihim olacaktır
belgin pansiyon,Kürşat Duran,tr,muğlada fiyata kalabileceğiniz mükemmel yer banyo tuvalet içinde özellikle işletme sahibi ahmet bey yardımcı sonraki tatillerimde konaklayacağım yer bilirim
belgin pansiyon,Merve Mercan,tr,konum sınava gireceğim okulla mesafesi dk sadace bildiğiniz tarlanın ortasında apart yapmışlar etrafında hastane emniyet olmasına gelişmemiş yemek söylem gelmedi düşünün başka yerden söyledim odalar normal temiz kötü olmaması yeterliydi fiyatı uygun gidip kalınabilir mi kesinlikle evet
belgin pansiyon,MSTERSND,tr,gerçekten temiz odaların içi otelin dışı ayrı bi güzel gün kaldık yardımcı oldular pansiyonlara gitmek buraya gidin pansiyonların yorumlarına puanlarına baktığınızda diğerlerinin kötü anlışılıyor
belgin pansiyon,Warda Gaaz,en,far away bus station
belgin pansiyon,Betül Engin akyaz,en,wanted go akyaka long way unfortunately stayed late went belgin apartment based reviews place stay mr ahmet attentive leave us stranded even late stayed airconditioned room rooms wc clean ever come across sure go price affordable thank belgin apart
belgin pansiyon,Yıldız Alfıstık İşcan,en,went one night stay rooms convenient clean sheets sparkling course shortcomings designed students holidaymakers yes location little way transportation possible case owner business mr ahmet interested helpful choice next visit
belgin pansiyon,Kürşat Duran,en,excellent place stay muğla price bathroom toilet included especially owner mr ahmet good person helps say place stay next holidays
belgin pansiyon,Merve Mercan,en,location minutes away school take exams know built apartment middle field developed even though hospital security around imagine didnt even mention food said another place rooms normal clean fact wasnt bad enough price affordable go stay definitely yes
Günışığı Apart,Sema Kapusızoğlu,tr,ağustos sonu günlük yer ayirtmistik geldiğimiz gün akyakayı evi görür görmez tatilimizi uzatma kararı aldık nurcan hanım eşi işletiyor sıcakkanlı yardımsever insanlar sahile uzak araçla geleceksiniz rahat edersiniz sahile uzak olmasını sevdik kıyı şeridindeki kalabalık gürültülü ortamdan uzak dağ esintileri muhteşem akyaka denizini seyrederek konakladık kahvaltıda kitesurf yapanları görmek huzur verici tertemiz yeni güzel nevresim çarşafınızı getirmenize bembeyaz pırıl pırıldı mutfak araç gereçleri sorunumuz çatı katı dairesinde çamaşır makinesi olmamasıydı dairelerde varmış apart bim  şok uygun fiyatlı marketlere yakın hemen dibinde fırın akyakada restoranlar pahalı turistik yerlerdeki fahiş fiyat uygulaması buralara yansımamış gelmeyi düşünenlere tavsiye ederim memnun kaldık şimdiden tekrar gelmeyi düşünüyoruz
Günışığı Apart,Kadir Bulut,tr,akyakaya muğladan girince hemen sağdaki sokakta bulması kolay aynı tarzda inşa edilmiş katlı yapılar arasında sırada hemen yakınında fırınkafe gözlemesi tatlı marmaris kurabiyesini deneyin büyük süpermarket yürüme mesafesinde sahile uzak dolasıyla araçla gelecek olanlara tavsiye olunur aşağıdaki sezon kalabalığından uzak bina yeni dıştan yöre mimarisine uygun ahşap aksamlı özellikle balkonu havuzu apart inşa edilmiş yönetici profesyonel sakin hanımefendi mesela akşam buçukta tüp bitince hemen yenisini çıkardı daire küçük kutu kompakt yatak odası mutfaklı oda banyo balkon çift kişilik yatak çekyat katlanmış vaziyette yedek yatak sıcak su mini buzdolabı klima mutfak gereçleri li set üstü aspiratör sandalye masa balkonda portatif masa çamaşır askılığı duşakabin klozet vs ütü apartın ayrı interneti konforu etkilemeyen ufak tefek arızalar girişi ayrı resepsiyonu görüyor ağustos günlüğüne verdik girerken nakit eylül ayı girince e indi sakin şehir olunca nolu odaya mahsus güvenlik açığını ciddiye almadık balkona hırsız gelir mi kedi geldi ha evcil hayvan istenmiyor son yanınızda çakmak bulunsun
Günışığı Apart,Mustafa Ulu,tr,akyaka tercih edilebilir bi yer yılı kurban bayramında yer bulamadığım kalmıştım tercih edilme nedenleri sahipleri güleryüzlü fiyatları uygun akyaka ölçeğinde odaları temizdi kaldığımız odanın bahçe kati yaz ay i nedeni bi kaç böcek muhtemelen bahçeden odaya girmişti konum akyaka nin girişinde sahile yaklaşık dakika yürüme mesafesinde konum sıkıntı olabilir tabiki fiyatın düşük olmasına bi etken kapsamda tercih edilebilir bi yer pişman olmazsınız
Günışığı Apart,Serkan Günal,tr,akyaka girişinde marketlere merkeze yakın yürüyüş mesafesinde otopark sorunu apart tertemiz kullanışlı balkonları mükemmel tavsiye edilir
Günışığı Apart,Kerem C. K.,tr,sıkıntısı denize erişimin zorluğu uzak olmasının getirdiği haftanın günü rahat park fırsatı iyiydi eşyaları baştan aşağı yenilemiş apart kaldıklarimiz arasında iyilerinden güler yüzlü işletmecisiyle gönülleri kazanıyor akyaka gelirseniz tabi arabanız varsa tercih arabasiz deniz çok zor km ye yakın yokuş sonrası ulaşılıyor
Günışığı Apart,Sema Kapusızoğlu,en,booked two day stay end august soon saw akyaka house day arrived decided extend holiday ms nurcan husband run friendly helpful people comfortable drive little beach liked far beach stayed away crowded noisy environment coastline watching mountain breezes magnificent akyaka sea peaceful see people kitesurfing breakfast everything clean new beautiful dont even need bring duvet cover sheets pure white sparkling also kitchen utensils problem washing machine penthouse flats apartment close affordable markets bim  şok bakery right next restaurants akyaka expensive anyway exorbitant price practices touristic places yet reflected recommend thinking coming pleased already thinking coming
Günışığı Apart,Kadir Bulut,en,enter akyaka muğla first street right easy find ranks first among storey buildings built style bakerycafé right nearby try marmaris cookies good sweet large supermarkets within walking distance little far beach recommended come car thus away season crowds building new externally compatible local architecture wooden parts especially balcony doesnt pool built apartment manager professional calm lady example tube ran half past evening immediately took new one apartment small course compact like box bedroom room kitchen bathroom balcony double bed sofa bed folded spare bed hot water mini refrigerator air conditioning kitchen utensils piece stove top aspirator four chairs table portable table clothes rack balcony shower cabin toilet etc yes ironing apartment separate internet also minor malfunctions affect comfort much separate entrance sees reception paid tl per day august cash checkin september entered dropped quiet city even take security vulnerability specific room seriously wondering thief would come balcony cat came oh way pets wanted finally lighter
Günışığı Apart,Mustafa Ulu,en,preferable place akyaka stayed eid aladha could find place reason choosing owners friendly prices affordable rooms clean akyaka scale reason room stayed garden floor summer insects probably entered room garden akyaka location may problem terms location approximately minutes walking distance beach entrance city course low price also factor preferable place context regret
Günışığı Apart,Serkan Günal,en,entrance akyaka close markets center within walking distance parking problem apartment clean convenient balconies perfect recommended
Günışığı Apart,Kerem C. K.,en,problem difficult access sea due distance easy park every day week apartment completely renovated top bottom one best stayed also wins hearts friendly manager come akyaka course car good choice without car sea difficult km reached steep hill
Akasya Apart Otel (Akyaka),Fatma Yumuk,tr,bayram tatilinde gün konaklama tercih ettik kişilik odada kaldık yeterliydi tertemizdi annem titiz birisidir beğendiyse beğenir savaş beyin ilgi alakası teşekkür ederiz dahaki tatil yerimiz tercihimiz olacaktır
Akasya Apart Otel (Akyaka),nagihan,tr,muğlanın güzel ilçesi akyakadaki akasya apart otel tatil vazgeçilmez mekanım diyebilirimakasya apart otelde kaldığımda otelin işletmecisi savaş bey ailesi çalışanlarının göstermiş oldukları güler anlayış ilgi alakaları aşırı derecede mutlu etti bu yüzden zamanki mekanım akasya apart otelde içiniz rahat şekilde evinizdeymişsiniz güzel konfor tatil geçirebilirsiniz temizlik açısından üzerinden puan veriyorum ilgi alaka anlayış güler önemli hepsini otelde yaşadım denize yürüme mesafesinde otel marketler yakın şok  bim dakikalık yürüme mesafesinde akyakanın meşhur odun ateşindeki sıcacık ekmeklerin pişirildiği kahvaltılıkların semaverden çay içebileceğiniz fırın dakikalık yürüme mesafesinde akasya apart oteli tercih edenler mutlu şekilde ayrılacağına kalbimle inanıyorum dahaki tatilde burayı tekrar tercih edeceğinizden kesinlikle eminim ben sağlık çalışanı şehrin gürültüsünden nefes almak istediğimde huzuru yaşadığım çam ağaçlarının yemyeşil güzelliği eşsiz kokusunun denizin masmavi görselliği tertemiz sahili mekan gördüğüm güzel yer akasya apart otel diyorum akasya apart ailesine vermiş oldukları hizmetlerden güler yüzden teşekkür ediyorum
Akasya Apart Otel (Akyaka),AYŞEGÜL BİLİR,tr,öncelikle samimi güleryüzlü işletme olduğunu söylemeliyim tavsiye üzerine gittik çok memnun kaldik konaklama için gittik çok guzel dostlar edindik kendimizi evimizde hissettik odalar mutfak banyo heryer tertemiz düzenliydi i̇lgi alaka çok iyiydi selahattin abi eşi harika insanlar artik muglaya gittigimizde tercihimiz akasya apart olacak herkese tavsiye ediyoruz
Akasya Apart Otel (Akyaka),MURAT ÇETİNKAYA,tr,akyaka gözü kapalı kalabileceğiniz apart temizliği konforu evinizi aratmayacaktır odaya girdiğinizde temizliği günlük yaşam gerekli türlü eşyanın düşünülüp hazır bulunması güzel akyaykaya girişte yer alan aparttan yürüyerek rahatlıkla yere ulaşabilirsiniz i̇ki gece kaldığım apart akyakaya gittiğimde tercihim olacaktır gönül rahatlığıyla tavsiye edebilirim
Akasya Apart Otel (Akyaka),Endam Azik,tr,sakin konumda güzel aparttı temiz odaların temizliği personelin ilgisi iyiydi sağolsunlar i̇şletmeci savaş beye teşekkür ediyoruz ilgi alakası iyiydi
Akasya Apart Otel (Akyaka),Berkay Tekin,en,extremly clean friendly staff peaceful environment feel like home
Akasya Apart Otel (Akyaka),Fatma Yumuk,en,chose day stay holiday stayed room people quite sufficient everything spotless mother bit meticulous likes everyone like would like thank mr savaş interest concern first choice next holiday destination
Akasya Apart Otel (Akyaka),nagihan,tr,muğlanın güzel ilçesi akyakadaki akasya apart otel tatil vazgeçilmez mekanım diyebilirim akasya apart otelde kaldığımda otelin işletmecisi savaş bey ailesi çalışanlarının göstermiş oldukları güler anlayış ilgi alakaları aşırı derecede mutlu etti bu yüzden zamanki mekanım akasya apart otelde içiniz rahat şekilde evinizdeymişsiniz güzel konfor tatil geçirebilirsiniztemizlik açısından üzerinden puan veriyorum ilgi alaka anlayış güler önemli hepsini otelde yaşadım denize yürüme mesafesinde otel marketler yakın şok  bim dakikalık yürüme mesafesinde akyakanın meşhur odun ateşindeki sıcacık ekmeklerin pişirildiği kahvaltılıkların semaverden çay içebileceğiniz fırın dakikalık yürüme mesafesinde akasya apart oteli tercih edenler mutlu şekilde ayrılacağına kalbimle inanıyorum dahaki tatilde burayı tekrar tercih edeceğinizden kesinlikle eminimben sağlık çalışanı şehrin gürültüsünden nefes almak istediğimde huzuru yaşadığım çam ağaçlarının yemyeşil güzelliği eşsiz kokusunun denizin masmavi görselliği tertemiz sahili mekan gördüğüm güzel yer akasya apart otel diyorum akasya apart ailesine vermiş oldukları hizmetlerden güler yüzden teşekkür ediyorum
Akasya Apart Otel (Akyaka),AYŞEGÜL BİLİR,en,first must say sincere friendly business went based recommendation pleased went accommodation made great friends felt home rooms kitchen bathroom everywhere clean tidy interest good brother selahattin wife wonderful people every time go mugla choice akasya apart recommend everyone
Akasya Apart Otel (Akyaka),MURAT ÇETİNKAYA,en,apartment akyaka stay blindfolded cleanliness comfort good home enter room nice clean items necessary daily life thought ready easily reach anywhere walking apartment located entrance akyaykaya apartment stayed two nights first choice go akyaka recommend peace mind
Gülemce Apart & Villas,Döndü Bilgili,tr,akyakada kalabiliriz araştırma içine girdiğimizde gülemce apart önerileri dikkatimizi çekti aile işletmesi yerde karşılamaları sıcak samimiydii̇smail bey gezi rotası çıkardı gezmeyi seven aileyiz sayesinde dolu dolu geçen tatilimiz odalara dışardan ayakkabı girilmemesi sevdiğim yönüçok temiz ihtiyaç mutfak eşyası herşey yeterliydi gülemce ailesine gönüllü rehberliği sıcacık samimiyetleri teşekkür ederiz akyakada tatil isteyenlere düşünmeden gidin görün derim
Gülemce Apart & Villas,Reyhan Kaya,tr,kesinlikle tavsiye edebileceğim tertemiz mekan i̇şletme sahibi emekli ögretmen i̇smail hoca eşi gülşen hanım samimiler üstelik i̇smail hocam gönüllü rehberlik yapiyor nasıl gitmeliyim soru işaretiniz kalmıyor keyifli tatil geçirmek isteyenler gönül rahatlığıyla tercih edebilirler
Gülemce Apart & Villas,Asli oz,tr,akyakaya gelen kaldığım temiz güzel işletmeydi akyakada otelde konaklamış keşfettiğim temiz huzurlu konforlu yer kendimi evimde hissettigim yerdi eminim sizde konakladiginizda fazlasını hak göreceksiniz
Gülemce Apart & Villas,Elif Şahin,tr,tertemiz nezih bi yer i̇smail bey müşterilerine aile ortamı sunuyor memnun kaldık seneyede inş aynı yeri düşünüyoruz tercih edenlerin asla pişman olmayacağı ihtiyaçlarınızı karşılayabileceğiniz çarşıya yakın bi apart teşekkür ederiz
Gülemce Apart & Villas,Şennur Cömert,tr,apart villas sahiplerinin sıcak kanlılığına bayıldık ev rahatlığında mis sessiz sakin lüks apart gönül rahatlığıyla düşünülmeden tercih edeceğeniz doğru adres herşey teşekkürlerr
Gülemce Apart & Villas,Sebnem USLUER ARSAL,en,stayed lovely apart week husband enjoyed every minute location definitely convenient able go oludeniz iztuzu incekum beaches within mins car also located centre akyaka allows hang night easily walk bars restaurants apart drive mins owner family apart lovely family made us feel welcome would like thank ismail gulsen omer great hospitality room clean everything needed room felt like home highly recommend lovely place prefer homelike place located heart beautiful beaches
Gülemce Apart & Villas,Melis Çuhadaroğlu,en,stayed three days vacation lovely wonderful rooms comfortable clean kitchen every equipment visitors would like cook environment warm friendly i̇smail abi running place family welcomed us kind considerate manner cannot reiterate enough wonderful suggested stops including beaches restaurants activities trip since local akyaka years attest place recommended tourists difficulty communicating since i̇smail abi english teacher fluent like native happy chance spend vacay
Gülemce Apart & Villas,Meral Guvercintasi,en,hotel clean comfortable peaceful place owners hotel welcoming friendly kind wonderful holiday hotel one favourite hotels i’ve stayed
Gülemce Apart & Villas,Kemal Kumcu,en,apart villas
Gülemce Apart & Villas,Döndü Bilgili,en,started researching could stay akyaka gülemce apart suggestions caught attention first welcome place family business warm friendly mr i̇smail prepared travel route us family loves travel full holiday favorite aspect cannot enter rooms shoes outside clean everything sufficient including kitchen utensils needed would like thank gülemce family voluntary guidance warm sincerity want holiday akyaka advise go see without thinking
Huzur Apart Otel,Zabit Dogan,tr,adı insana huzur veriyor girişte halil beyle kisa sohbetimiz oldu sanki uzun yillarin dostlugu varmis karsilandik odaları cevresi cok cok temiz ev ortamini aratmayan temiz tertipli park yeri sıkıntısı yok işletmeniz sizlere gönül rahatlığıyla tavsiye edebilirim yolunuz düşerse ugramanizi öneririm
Huzur Apart Otel,Ykslkrglkynl,tr,huzur apart mevki sakın sessiz güzel konumda aile gidip güzel tatil isteyenler burayı tercih edebilirler çalışanlarda güler yüzlü teşekkürler
Huzur Apart Otel,necdet kokucu,tr,halil kanatoglu işletmecisi her gittigimizde elinden gelen yardımı akyaka kalacağım adres cam kokusu havuzu ailecek huzurlu güvenli ortam
Huzur Apart Otel,Asım Altuntaş,tr,akyaka güzel apart aile ideal yer temiz güvenli personel güleryüzlü yabancılık çekilmeyecek otel apart eviniz degerlendirirseniz denize yakın çocuklar havuzu ideal herşey teşekkürler
Huzur Apart Otel,merve,tr,güzel aile işletmesi ailecek kalınabilecek güzel mekan
Huzur Apart Otel,Nur Pinar,en,bad experience staff hotel unfriendly facilities old promised cheaper room came switch room woman said employee change next day charge ripp checked immediately never see pool clean bacteria level high
Huzur Apart Otel,Aykut Cirali,en,close center beach quiet peaceful time family managed very clean rooms
Huzur Apart Otel,조하연,en,price reasonable little bit far beach nice
Huzur Apart Otel,Ersin Genel,en,peaceful place stay recommended
Huzur Apart Otel,Zabit Dogan,en,like name gives peace mind short chat mr halil entrance greeted friends many years rooms surroundings clean clean tidy business like home environment parking problem liquidate peace mind happen recommend stop
PORTOFİNO APART ŞUBE,Suzan TURK,tr,harika hafta geçirdim
PORTOFİNO APART ŞUBE,Suzan TURK,en,great week
Ugur Apart Hotel,Gulsen Kurtoglu,tr,seçici sõyleyebilirim her kişinin istediği özellikler farklıdır ben uzun tatil yorum yapayım hem hemde çocuklarım gerçekten rahatız bir sorunda yaşamadık şükür yemeğimi kendim yaptım herşeyde düzgün ben tavsiye ederim havuzda denize yakın marketler yakın mangalda yakabiliyorsunu zgerisi size kalmış
Ugur Apart Hotel,Devrim Büyükaşık,tr,gün üzerinden fiyat alıp anlaşıp rezervasyon yaptım gittiğimde verdikleri fiyatın gün geçerli söylediler tabi odayı tutmadım çıktım çıkarken oradaki kişi tutmak istemezseniz sorun başkasına veririm odayı tok satıcı tavrında bulundu cumartesi kalabalığında başka yer bulamadım mağdur edildim giderken bütçemi ayarlamıştım fiyat verirken kelime oyunu tabi insanı mecbur bırakmak kapıdan dönmez türlü parayı alırız mantığı gidip kalacaksanız verilen fiyattan emin olun derim
Ugur Apart Hotel,Ercan Aydar,tr,akyakada denize yakın apart kendine özel havuzu artı değer sahipleri kibar yardımcı sıkıntısı sabah kahvaltısı tadından yenmez
Ugur Apart Hotel,Seyda Birgöl,tr,geçen sene kaldığımızda odalar temizlenmemiş yerlerde ölü böcekler bugün tekrar tatil planimizi yapmıştık rezervasyon yaptırıp odaya girdiğimiz çıktık sorana öneriyoduk şimdi asla önermiyorum
Ugur Apart Hotel,Kadir Cebeci,tr,uğur apart işletmecisi sn ferhat bey karşıladı güler yüzü samimi duruşu yol yorgunluğumuzu aldı temiz güvenli oluşları başka yer aramıza fırsat vermedi ailesine teşekkür ediyorum tekrar geldiğimizde tercihimiz dir apartın manzarası sessizliği sahile alışveriş yerlerine yakın oluşu ayrı güzellik personeline teşekkür ediyorum saygılar kesinlikle tavsiye ederim
Ugur Apart Hotel,Gulsen Kurtoglu,en,say picky person features person wants different let comment long holiday children really comfortable thank god experience problems made food everything good recommend good pool close sea close markets barbecue rest
Ugur Apart Hotel,Devrim Büyükaşık,en,agreed price days made reservation went told price gave valid one day course didnt take room left leaving person gave attitude full salesman like dont want keep okay ill give room someone else naturally couldnt find another place saturday crowd victimized went adjusted budget accordingly play words giving price course force people anyway logic get money get door going go stay suggest sure price given
Ugur Apart Hotel,Ercan Aydar,en,apartment close sea white bank private pool also plus owners polite helpful boredom wouldnt better breakfast
Ugur Apart Hotel,Seyda Birgöl,en,stayed last year rooms cleaned dead insects everywhere planned holiday today made reservation left room soon entered used recommend everyone asked never recommend
Ugur Apart Hotel,Kadir Cebeci,en,mr ferhat manager uğur apartment welcomed us well smiling face sincere attitude took away tiredness journey also clean safe caring nature give us opportunity look another place would like thank family much first choice come apartments view silence proximity beach shopping areas special beauty would also like thank staff best regards would definitely recommend
Deger Apart Akyaka,Aylin Keskin,tr,keyifli temiz apartta konaklayarak tatil isterseniz adresi diyebilirim denize yürüme mesafesinde havuzu temiz mutfak eşyaları yeterli odalar ferahtı çalışanlar güler yüzlüydü sadık abi eşine teşekkür ederiz görüşmek
Deger Apart Akyaka,kenan aydoğan,tr,ailenizle sevgilinizle gelip hoşça vakit geçirip kaliteli güvenli tatil yapmanız adresi sadık abi sağ eksik etmiyor orayı yeri evi gelenleri müşteri misafi görüyor teşekkürler
Deger Apart Akyaka,Dilek Aydın,tr,günlük tatilimizde memnun kaldık odalar otelin ortak kullanım alanları temiz personel güleryüzlü otelin konumu akyaka merkeze dk yürüme mesafesinde muğlaya gelecekler akyaka kalıp yerlere kolaylıkla gitmelerini tavsiye ediyorum sadık beye hayırlı işler hayırlı müşteriler diliyorum
Deger Apart Akyaka,SEMRA YAVUZ,tr,münferit gelip dolaşırken bulduk kide tertemiz bakımlı odalar karşılıyor odalarında mevcut deniz manzarası merkezde araç park etmekle uğraşmaktansa dk yokuş aşağı sallandınız sahilde siniz dönerken yorabilir imkansız zorluda
Deger Apart Akyaka,SEVİM YALIN MOROVA,tr,son yılda yaptığım muğla gezilerim listeme ekleyeceğim güzel mola yerim olacak iç dış mimarisine hayran kaldım değerli çalışanları sadık abi fatma abla nın ilgisi güler yüzleri teşekkür ediyorum ailemizden oldular tercih ettik yollarımız kesişti teşekkürler
Deger Apart Akyaka,Chris Read,en,apartment clean decent size ideal short stay pool well maintained location great supermarket nearby minute walk main town beach host welcoming even helped us get next destination turkey would definately consider staying
Deger Apart Akyaka,OZ Ozkurt,en,hotel owner staff showed great hospitality rooms amenities great walking distance town center surrounding hotel gives sense privacy hotel also beautiful design architecture great family vacation spot
Deger Apart Akyaka,Taraneh Niayesh,en,apartment minutes marmaris its located way beautiful marmaris super clean beautiful room good bed wifi slow curtains white short room would get bright morning hard sleep
Deger Apart Akyaka,Aylin Keskin,en,want holiday staying pleasant clean apartment say right place within walking distance sea pool clean kitchenware sufficient rooms spacious employees friendly would also like thank brother sadık wife see
Deger Apart Akyaka,kenan aydoğan,en,right address come family lover good time quality safe holiday thanks brother sadık doesnt miss anything treats home workplace sees visitors guests customers thanks everything
AŞKYAKA APART - SADECE SEZONLUK DAİRE KİRALIYORUZ,Forrest Gump,tr,hakkında yorumların cogunun şaibeli düşünüyorum profilleri inceleyip yorum katkı sayılarına göz attiginizda apaçık ortada otel konum sahile yaklaşık km civarında sahile yururken rahat şekilde gidiyorsunuz dönüşte yorgunsaniz yokuş çıkmak yorucu olabiliyor odada fön makinesi oda içerisindeki ışıklar yetersiz şofben sıkıntılı duş fıskiyesinden su yetersiz akıyor anahtarı gün resepsiyona birakmamiza çöplerimiz atildi çarşaflarımiz değiştirildi havluyu gidip kendim aldim kötü işletme anlayışı görmedim otelden çıkarken kimseyi görmedik sanırım resepsiyon bölümüne bıraktığınız kamerayla oteli yonetiyorsunuz fatura falan vermediniz sizleri şikayet edeceğim
AŞKYAKA APART - SADECE SEZONLUK DAİRE KİRALIYORUZ,Gülcan ÜÇFİDAN,tr,ankaradan i̇zmirden aile geldik önceki yıllarda gelmiştik odaları inanılmaz derecede temiz hijyene önem veriliyor adnan bey şefika hanım herzaman ihtiyacınız ilgileniyorlar konumu rahat hizmeti odaları kesinlikle tavsiye ediyorum yaşında çocuğumla gelebildiğim güvenli tertemiz ferah apartlar teşekkür ederiz
AŞKYAKA APART - SADECE SEZONLUK DAİRE KİRALIYORUZ,Evrim Selçuk,tr,geçen konakladığımız apartı akyakaya ulaşınca aradık seher hanımı geçen yıldan bildiğimiz telefonu kayıtlı olduğundan aradığımızda kibar pozitifti eşim gün konaklayacağız bütçemiz dediğinde geri çevirmeyelim geşin tabi cevabı mutlu etti geçen kaldığımız odada yer ayarladı gittiğimizde adnan bey karşıladı odamızın temizlendiğini kahve ikram edebileceğini belirtti güzel karşılandık misafir edildik sonraki yıllarda değişmeyecektir seher hanıma teşekkür ederiz
AŞKYAKA APART - SADECE SEZONLUK DAİRE KİRALIYORUZ,Gamze Basar,tr,kişilik seyahatimizde hepimizin yüzünü ayrı ayrı tebessüm ettirdikleri için seher hanim liderliğinde tüm ekibe tesekkur ederiz covid süresince büyük çekincemiz temizlik yer tertemizdi apartta bulunabilecek türlü özellik mevcut denize dk yürüyüş mesafesinde tüm ekibe tesekkur eder konfor temizlik güleryüz arayanlara tavsiye ederiz
AŞKYAKA APART - SADECE SEZONLUK DAİRE KİRALIYORUZ,Erhan Iseri,tr,i̇şletmeciler niyetli güleryüzlü kişiler odalar temiz geniş dekore edilmişti bulduğumuz yavru sokak köpeğine bizimle beraber destek oldular teşekkür ederiz
AŞKYAKA APART - SADECE SEZONLUK DAİRE KİRALIYORUZ,peter madsen,en,exclusive luxury liranight treated like prince managers place everything could meet needs friendly people helpful hospitable beautifully furnished apartments clean good condition light bulbs broken thats
AŞKYAKA APART - SADECE SEZONLUK DAİRE KİRALIYORUZ,Güneş Berk,en,nice cozy clean apart hotel mins walking seaside noise night nice sleep highly recommended
AŞKYAKA APART - SADECE SEZONLUK DAİRE KİRALIYORUZ,Forrest Gump,en,first think comments place questionable obvious examine profiles look number contributions comments hotel located approximately km beach walk comfortably towards beach tired way back going uphill bit tiring blow dryer room lights room inadequate water heater problematic water shower jet inadequate even though left key reception every day neither batons sheets changed even went bought towel never seen bad business approach also see anyone leaving hotel think manage hotel camera left reception area provide invoice anything also file complaint
AŞKYAKA APART - SADECE SEZONLUK DAİRE KİRALIYORUZ,Gülcan ÜÇFİDAN,en,came families ankara izmir come previous years rooms incredibly clean attention paid hygiene mr adnan ms şefika always interested whatever need location comfortable definitely recommend service rooms safe clean spacious apartments come yearold child thank much
AŞKYAKA APART - SADECE SEZONLUK DAİRE KİRALIYORUZ,Evrim Selçuk,en,reached akyaka called apartment stayed last year ms seher polite positive called knew last year phone number registered much wife said stay days budget much made us happy answer wont turn course arranged place room stayed last year arrived mr adnan welcomed us said room cleaned could offer coffee welcomed hosted well change coming years either would also like thank ms seher
Gülzade Konak Apart,Sadettin Aslan,tr,mekan güzel temiz bakımlı merkezi konumda serinlemeniz yeterli küçük havuzu çocuklar ideal odalarda bulaşık makinası çamaşır makinesi büyük buzdolabı mevcut işletmeci abla güleryüzlü fiyat makul tekrar akyaka gelirsek burda kalırız tavsiye olunur
Gülzade Konak Apart,Dila Yücel,tr,yorumlara aldanıp gittik kapidan girer girmez paranın tamamini istediler parayı ödemede odayı goremedik sahibi  kaba anlayışsız insan parayi odedikten yuzumuze bakmadilar kesinlikle temiz değil gece kaldık oda temizlendi havlu değisti duş kırık dökük mutfak eşyalari iğrenç buraya güzel diyenler hayatlarında hiç güzel yer görmemişler bayram öncesi olduğundan yer sıkıntısı olduğunu bildiklerinden gönderip misli fiyata hemen müşteri bulacaklarini soylediler kimseye tavsiye etmem paranızla rezil olmayın
Gülzade Konak Apart,Alev Önürme,tr,akyakanın dokusunu ruhunu yaşamak isteyenler harika yer sakin huzurlu temiz aile işletmesi yasemin hanımla nihat bey değerli insanlar yere yürüme mesafesinde kendinizi evinizde hissediyorsunuz teşekkür ederim
Gülzade Konak Apart,ALP ER,tr,şirin belde akyakada dışarından güzel görünen apart gülzade konakta kaldığımız oda menfi yöndeki değerlendirmelerim oda nispeten küçük valizleri yerleştireceğinizi şaşırıyorsunuz duş başlığını koyacak yer sorunlu olduğundan asamıyorsunuz yerde askı oda içerisinde tesbih böceklerinden tanesini etkisiz hale getirmek zorunda kaldık sanırım ilaçlamaya ihtiyaç banyoda havluluklar paslanmış havluları koymaya çekiniyor insan müspet değerlendirmelerim nihat bey eşi yasemin hanımın güleryüzlü yaklaşımları tesisin konumu
Gülzade Konak Apart,Tuğba Uludağ,tr,akyaka mükemmel harika bir tatil konaklama yaşadık ilgi yardımları için apart sahiplerine personeli almira hanıma sonsuz tesekkurler çok rahat güzel bir tatil gecırdık gönül rahatlığıyla kalabılcegınız samimi güzel bir ortam
Gülzade Konak Apart,Sadettin Aslan,en,place nice clean wellmaintained centrally located small pool enough cool ideal children rooms dishwasher washing machine large refrigerator manager sister caring friendly price reasonable come akyaka stay recommended
Gülzade Konak Apart,Dila Yücel,en,fooled comments went soon walked door demanded money couldnt even see room without paying money owner rudest unsympathetic person ever met didnt even look us paid money definitely clean stayed nights neither room cleaned towels changed broken shabby kitchen utensils disgusting call place beautiful never seen beautiful place lives since holiday knew shortage space sent us away said would find customers immediately twice price wouldnt recommend anyone dont disgraced money
Gülzade Konak Apart,Alev Önürme,en,great place want experience texture spirit akyaka calm peaceful clean family business ms yasemin mr nihat valuable people feel home walking distance everywhere thank much everything
Gülzade Konak Apart,ALP ER,en,negative evaluations room stayed gülzade konak nicelooking apartment outside cute town akyaka room relatively small wonder place suitcases cannot hang shower head place put problematic hangers anywhere woodhopper bugs room neutralize think fumigation needed towel holders bathroom rusty people afraid put towels positive evaluations friendly approach mr nihat wife ms yasemin location facility
Gülzade Konak Apart,Tuğba Uludağ,en,wonderful holiday accommodation akyaka endless thanks apartment owners also staff mrs almira interest assistance comfortable nice holiday friendly beautiful environment stay peace mind
Mimoza Pansiyon,Mertkaya,tr,muğlada geceliğine kaldığımız pansiyon temiz güzel güvenilir kalmanızı tavsiye ederim
Mimoza Pansiyon,Aysel Akbaş,tr,tuvalet banyo oda dışında pisdi havasız küçük odalar yoğun sigara kokusu ocak ayında pencere açık uyumak zorunda kaldık odada televizyon yok
Mimoza Pansiyon,Yunus Şentürk,tr,yaklaşık buçuk senedir muğlaya gittiğimde kaldığım yerdir odaların temizliği sıcaklığı güvenilirliği wifi imkanı size fiyatını karşılatıyor ayrıca çalışanları insanlar kalacak yer arıyorsanız mutlaka gitmenizi öneririm
Mimoza Pansiyon,Soner Tufekci,tr,odalar geniş kullanışlı personel giderken nevresim götürmekte fayda fiyat performans nevresim sıkıntı
Mimoza Pansiyon,Can Basay,tr,odaları temiz klima çevreye fp
Mimoza Pansiyon,MOHAMED LUAY,en,bad experience
Mimoza Pansiyon,Mertkaya,en,hostel stayed muğla night clean beautiful reliable recommend stay
Mimoza Pansiyon,Aysel Akbaş,en,toilet bathroom outside room dirty stuffy small rooms strong cigarette smell sleep window open january television room
Mimoza Pansiyon,Yunus Şentürk,en,place stay every time go muğla year half cleanliness warmth reliability wifi rooms make worth price also employees nice people looking place stay definitely recommend go
Mimoza Pansiyon,Soner Tufekci,en,rooms spacious convenient staff friendly useful bring bed linen go good price performance duvet cover problem
No22 Riders'Inn,Mustafa GÖZGEN,tr,restaurantbar kısmını ziyaret ettik ambiyans müthiş i̇çeri girdiğinizde huzur hissediyorsunuz özellikle gittiğimiz esnada aksakın canlı performansı iyiydi cheeseburger vejetaryen dürüm denedik i̇kisi gerçekten lezzetliydi nar suyu iyiydi fiyatları mekanlarla aynı seçiminize uyguna gelebilir akyakada sözde esnaf lokantasında kişi başı yemek yendiği mekana yemeklere fiyatlar makuldü menünün kısımlarını fotoğraf ekliyorum son servis yapan arkadaşlar hakkında kötü yorumlar gördüm tecrübe ettiğimiz kadarıyla arkadaşlar gerçekten ilgiliydi evet ciddi restaurant garsonları değillerdi olmaları gerekmiyor rahat hissettiren mekanda çalıştıkları mutlu rahat hissediyor bence isteklerimizi olabildiğince getirdiler memnun kaldık hepsine teşekkür ediyoruz
No22 Riders'Inn,Ezgi Shaw,tr,bugün akşam konseri büyük heyecanla bilet almıştık konser öncesinde yemek yemek gitmek istedik whatsapp hattından mekana rezervasyon yapmadan gelebileceğimiz söylendi mekana ulaştığımızda kapıdaki hanımefendi tarafa geçin arkadaşlarımız yardımcı olacak dedi bar tarafında masaya oturmak üzereyken garson gelip anda tarafa kimseyi alamıyoruz dedi içeride yemek yiyenler dedik bahçeye geçtik yemek siparişi verirken menüde yazıldığı french fries söyledik garson dediğimizi anlamadı pardon sordu menüde yazdığı şekliyle okumuştuk patateslerin üzerine peynir rendesi istemiştik dendiği halde gelmedi yemek gelene sivrisinekler yerimizi ısırdı an yiyip ayrılmak istedik sivrisinekler kötüydü dayanamadık yemek ödedik yemeklerimizi bitiremedik üstüne servis ücreti eklenmişti kişi konsere ödemiştik çöpe gitti konser geri dönmeyi düşünmüyoruz eczaneye koştuk maalesef deneyim para kaybıydı
No22 Riders'Inn,erhan taşpınar,tr,restoran kısmını tercih ettik bohem havası mekanın yerinde esiyor genelde kite gelen misafirler tercih canlı müzik hemen hemen akşam mevcut erken bitiyor yemek alkol fiyatları akyaka mekanlara pahalı sipariş garsonla göz göze gelmek işleri zorlaştırıyor mekan keyif verici teşekkürler
No22 Riders'Inn,Meltem Talayoğlu,tr,no akyakanın oteli seçtik büyüklüğü doğrudur clup sanatçılar çıkıyor bardaki içecekler güzel otel tavsiye etmem çevredeki apartların otoparkları otelin günlük size kart vericez indirimli deniliyor otel yerlerden yüksek meblağda yüzden tercik ettik otopark ücret verelim ki otoparkta yürümeyle dakika arka sokağa bıraktık arabımızı valizimizi taşıyan resepsiyon görevli kendimiz indirdik çıkardık odada mini bar ağustosun sıcağında gece soğuk içemezsiniz tv elbise dolabı bi askılık koymuşlar tahtadan banyoları eski duşa kabin parçaları küflenmiş şelale akıyordu eşim tamir görsellerde mevcut bize söyleseydiniz yapardık diyorlar günlük tatilimde banyo tadilatı mı yapacaksınız nezaketedende kusura bakmayın buyrun kahve içelim sorunlarınızı konuşalım diyen muhattap birde tip ücreti yansıtmışlar işimizi kendimiz yaptık dışardan gelen misafirler resepsiyon soruyolar kahvaltıları güzel şefin eli maharetli mutfakta bellişık görselide hakimdi kahvaltı servisinde karşılaştığımız ece hanımdan başka günaydın diyen ece hanıma teşekkürler güler yüzlü pratikti
No22 Riders'Inn,Büşra Işık,tr,yemekleri lezzetliydi kokteyleri kokteyl servisleri inanılmaz kötüydü alınan hizmet bedeli ürün ederi malesef karşılığı değildi mekan iç dizaynın güzel olmasının verdiği akyakanın eğlence mekanı olmasının verdiği biricik lik düşüncesi mekan girişine ücret almaktadırlar malesef memnun kalmadım
No22 Riders'Inn,Serhat Sermen,en,best night town try book live music events makes even better cost entrance welcomed drinks entry cost go around pm garden right chillout music join main event around pm main area
No22 Riders'Inn,John Elmas,en,great place stay great hospitality great time professional personalized service meets star view
No22 Riders'Inn,Halil Akcan,en,new arrangement garden stage always good music place definition perfect vacation
No22 Riders'Inn,Sabri Gokmen,en,good venue nite went live concert reserved table servers young fast friendly drinks within range  tasty gintonic ok ginsoda subpar also tried another cocktail burning man fine overall nice venue visit area
No22 Riders'Inn,Louise Luther,en,used great years ago money making machine overpriced overrated international kite hotel town much better local places explore drinks bit ridiculous considering theyre london
Amber Suites Akyaka,Melek ÖZ,tr,canım amber suites e ekim ayında gelmek nasip bence en güzel zamanda geldik gelen tatil iyiki tanışmışız güzel insanlarla otelde vardık hiçbir kusur bırakmadılar çalışan içten samimi ki kendimi ailenin parçası evimde hissettim normalde yaş çocuk kabul etmiyorlar otel boş yaş bebegimle kabul ettiler kahvaltısı muhteşemdi lezzetliydi sıradan değildi otelin köşesinde ince dokunuşlar mevcut kahvaltı masasındaki örtülerden tutun odada koydukları ikramlara ince düşünülmüş taş ahşapın uyumuna ince detaylı dokunuş yapılmış uyuma birde mis akyaka manzarası eklenince huzur dolu ambiyansa dönmüş yeşilçayların sıradan poşet çaydan ziyade pamuk keseyle özel kutuya konması ayrı mest heryer tertemiz düzenliydi şampuan duş jelleri tatıi şişelere konmuş isteğimiz olunca anında temin edildi güler yüzle gerçekten aile sıcak davrandı kapıdaki tatlı köpüş mösyö sıcak kanlıydı otele gelince güzel meyve tabağı ikram ettiler bebisim istersek dondurma getireceklerini söylediler kahvaltıda durmadığı sürü şeker çikolata hoşuna gidecek güzel ikram ettiler güler yüzle yiyecekler el yapımıydı yediğiniz anlıyorsunuz tadından otelden ayrılırken arkamızdan su döktüler tatlıydı minik elestiri yapmam gerekirse sey  tuvalet banyo oda olsaydı korunaklı olurdu görüntü koku açısından modern duruyor ayrı boykot markaların değişmesi mutlu eder sevgilerimle
Amber Suites Akyaka,aysegul esen,tr,anlatsam başlasam başlık başlık gidelim atlamayayım dekorasyon temizlik harika odalar ince zevkle işlenmiş detaylarda saklıdır ince zevkleröncelikle size hoşgeldin notu yatağın üzerinde etkiledi odanın şıklığı düzeni temizliği büyüklüğü manzarası balkonun güzelliği rahat koltukla manzara karşısında kitap okuyup uyuyacağınız fransız balkon kahve makinası özellikle poşet doğal malzemeli orijinal tatlı çayları banyo malzemeleri kaliteli  yıldızlı ekip çalıştığı yeri benimsemiş özenle çalışan güleryüzlü misafirperver ekibi canı gönülden kutluyorum yazacağım herşey kalır beğendiğim ayrıntı nilüfer hanımın imzası sevgili eşinin bahsettiler güzel övgüyle bahseden çalışanlar i̇kramlar girişte meyve içecek tabağı sevdiğim elmalı kurabiye ikramları reyhan şerbeti ikramları gerçekten enfes kahvaltıları cezbeden güne ayrı sunum konsepti olmasa sanırım marifetli yiyecekler ismi yanlış yazarsam affola gülsüm hanım ellerinden  bahçe havuz konum bahçenin heryeri güzel düzenlenmiş normalde havuza girmem sevdim şemsiyeleri harika bahsetmeyeyim müzikler rahatlatıcı merkeze uzak bence harika merkezde gün gökgürültüsü şimşek yağmur olmasına tatilde sevindim durdum balkonda oturdum huzurlu dingin gündü köpiş mösyönün evine bayıldım sanırım yazdım sibel hanım başta adile seray hanım asu hanıma nezaketleri ilgileri misafirperverlikleri teşekkür işletme sahiplerini tekrar seçmiş olduğunuz ekip güzel tesis canı gönülden kutluyorum detaylı video kısa süre içinde gezenkalite instagram sayfasından ulaşabilirsiniz sevgiler çevik ailesi
Amber Suites Akyaka,Zeynep Kara,tr,göze kalbe ruha hitap muhteşem mekan otelin mimarisi güzel odalar ferah tertemizodadaki ince detaylar zarif dokunuşlara hayran kaldık şık sunumlarla servis edilen kahvaltının ürün kalitesi çeşitliliği süperdi kendilerinin kahvatıda farklı börekler kurabiyeler lezzetliydi güleryüzlü samimi arı çalışan personellerine teşekkür ederiz otelin sahipleri nilüfer hanım bilgütay bey ellerinize emeklerinize sağlık yolunuz açık misafirleriniz bol tekrar görüşmek dileğiyle sevgiyle kalın
Amber Suites Akyaka,ayse durukan,tr,i̇nanılmaz huzurlu keyifli mini tatildi gün aklımıza gelmeyecek şekilde özenli titiz temiz düşünmüş hazırlamışlardı gördüğüm güzel kokan odaydı havuz başına indiğinizde mis havlularınız sepetlerle size geliyor şarap ikramınızla tatilinize başlıyorsunuz kahvaltıyı dışarıda para etmeye kalksanız bulamazsınız lezzetli şık güzel sunumlarla tekrar tekrar gideceğim yer teşekkürler
Amber Suites Akyaka,Ebru Kaynar,tr,ağustos ayında gün eşimle konakladık merkeze azmağa km uzaklıkta baya yüksekte arabasız zorlanırsınız araba şart i̇yi yönleri kahvaltı başarılı gün börek kek kurabiye vs çıkıyor sıkma portakal suyu mevcut bittikçe yeniliyorlar personel güler yüzlü temizlik iyiydi kötü yönleri rezervasyon yaparken deniz manzaralı oda dağ manzaralı oda arasında günlük fark ediyordu baya konuşmamıza fiyat düşmediler bizde dağ manzaralı odayı seçtik arkadaşlarımız konuştuğunda deniz manzaralı odayı farkla verdiler işin bi standartı olmalı düşünüyorum genellikle tutan erken rezervasyon yapan avantajlı burda tersiydi bu durum otel yetkililerine söylendiğinde duymak istediğimiz kusura bakmayın denmesi ölü taklidi yapıldı hiç hoş değildi dağ manzaralı oda deniz manzaralıya bariz küçük kullanışsızdı bi odalarda boy aynası
Amber Suites Akyaka,Maxine Karande,en,wonderful night stay starting welcome cheese wine plate room spotless comfortable bed lounging sofa chairs coffee machine room pool sun loungers available breakfast superb much views position hotel good town peaceful back
Amber Suites Akyaka,Anil & Max Karande,en,arrived lovely welcome cheese wine lovely hosts staff room spotless comfortable luxurious robes would nice position good quiet private parking available outside views stunning havent breakfast yet update later chilled relaxed snooze going watch sunset dinner perfect
Amber Suites Akyaka,K Y,en,wonderful stay amber suites akyaka girlfriend stayed one night miss asu assisted us stay experience fantastic room clean breakfast delicious staff friendly helpful making us feel right home truly enjoyed time would highly recommend amber suites akyaka anyone looking relaxing enjoyable stay thank great hospitality karcan yayoz
Amber Suites Akyaka,Alex G,en,fantastic boutique hotel wondeful hosts went way help repair flat tire car saving trip views amazing super clean gor welcome wine cheese platter nice touch rooms beautiful breakfast incredible
Amber Suites Akyaka,go 1978,en,delightful stay charming boutique hotel  amber suites akyaka traveling group five including three kids warmly welcomed friendly staff owners rooms comfortable also spotlessly clean adorned modern touch one highlights stay breakfast truly one kind left us amazed variety deliciousness dishes hearty breakfast kids blast small wellmaintained pool keeping entertained amber suites location perfect us offered breathtaking views conveniently close center akyaka stay made sure visit nearby azmak river cant recommend enough  must visit nilüfer owner deserves special mention exceptional hospitality warm demeanor made stay even memorable felt like among friends initially thought staying night stayed four nights experience boutique hotel beyond delightful comfortable rooms incredible breakfast attentive staff made truly unforgettable trip were already planning return create beautiful memories highly recommended
Kordon Otel & Apart Akyaka Ula Muğla,Abdullah Dede,tr,otelde eşim kızımla son dakikada sorup uygun fiyata gece kaldık temizlik hizmet numara oteldeki türlü malzeme kaliteliydi kahvaltısı açık büfe azmak kenarındaki aynı işletmeye cafede veriliyor konum azmak kenarında otoparkı artıları konuda yardımcı hazır bekleyen işletme personeline teşekkür ediyorum
Kordon Otel & Apart Akyaka Ula Muğla,Enis Amuk,tr,gece konakladığımız otelin odası fena değildi çift ideal genişlikte çalışanlar ortalama yaklaşım sergilediler konumu iyiydi azmak nehrine yakın otelin otoparkı fiyat normal diyebileceğimiz seviyenin üstünde kahvaltısını azmak nehrine bitişik ismi aynı restoranda alabiliyorsunuz kahvaltısı açık büfe ortalama seviyede menüsü
Kordon Otel & Apart Akyaka Ula Muğla,Adem ÖZTÜRK,tr,kişilere hizmete paraya önem veren kurum cuma akşam saat oteli aradım gece konaklamak istediğimizi ilettim fiyat sordum resepsiyondaki kişi dedi i̇ndirim talep ettim maalesef dedi bizde den odayı geceliğine tuttuk gün resepsiyonun önünden geçerken telefon konuşmasına şahit oldum resepsiyonda aynı arkadaş gecelik fiyatlarının telefonda kişiye söyledi duyduğumu anladı direk gözlerine baktım gözlerini kaçırdı saat otelden çıkış yaparken resepsiyonda aynı arkadaş başka telefonda görüşüyordu telefonda kişi gecelik ücreti sordu resepsiyonda arkadaş bi müddet bekledi gitmemizi bende inatla bekledim fiyatı söylmesini respsiyonda arkadaş şuan çıkış işlemi yapıyorum dedi eliyle kapıyı gösterip buyrun gidebilirsiniz dedi özetle kazıkladılar
Kordon Otel & Apart Akyaka Ula Muğla,eylül kopmaz,tr,evet ideal yer ailecek gittik gece fiyatı uçuktu kişi sayısına bakılınca olabilir diyorsunuz yanında aprt’da varmış son gün öğrenmiştik üzüldük yiyeceklerinizi kendiniz getiriyormuşsunuz kahvaltı ortamı güzel otelde kalmayan herkes’in aynı yerde kahvaltı şahsen rahatsız ediciydi dışında gerçekten güzel yer gece kalmamıza resepsiyondaki kişi değişti başta bizle ilgilenen abi iyiydi ha bide taksi çağırırsanız 20fk’da geliyor yakın olsada budaköyü
Kordon Otel & Apart Akyaka Ula Muğla,Tuğçe Ermet,tr,konum hizmet muhteşem seçim çalışanlar yemek lezzeti olarakta playlist saate uygun çalıyor davut beye ev sahipliği içinde teşekkür ediyoruz kibar mutlaka akyakaya gidiyorsanız tercih etmeniz geren otel
Kordon Otel & Apart Akyaka Ula Muğla,Peter Goldie,en,lovely hotel lovely walk crystal clear river small town pleasant reception breakfast river terrace good parking directly hotel pool use due early season would great warmer season
Kordon Otel & Apart Akyaka Ula Muğla,Ersin,en,friendly staff clean rooms great location breakfast restaurant right across street next azmak river walking distance everything akyaka
Kordon Otel & Apart Akyaka Ula Muğla,Gala Kirpach,en,good hotel nice area near river breakfast update saved facial mousse get back days thank lot
Kordon Otel & Apart Akyaka Ula Muğla,Omer Gulen,en,lovely place friendly helpful staff clean tidy rooms reasonable prices
Kordon Otel & Apart Akyaka Ula Muğla,susan mason,en,good value lovely place
Shimal Residences & Hotel,Oktay Cingisiz,tr,hotelinizde gece konakladik çok memnun kaldık çalışanların güler yüzlü olması çok hoşumuza gitti sıcak ortamdi mert beye ṣahan beye çok tesekkur erderiz
Shimal Residences & Hotel,afina podsevalova,tr,güzel sakin aile tatil yeri memnun kaldık
Shimal Residences & Hotel,SmyrnA,tr,i̇ki aile rahatça konaklama imkanı evlerin içinde ailenin ihtiyaç duyabileceği malzeme mevcut yiyecek içecek dışında oda kahvaltı aile sürü parayı başka yerlere vereceğimize aynı paraya uyguna aile konakladık havuzu güzel bakım istiyor sessiz sakin denize mesafeli çocuklar havuzdan çıkmadığı denize kalmadı
Shimal Residences & Hotel,ÇİSEM ÖZTAŞ,tr,herşeyin kötü yer göster deseler kesinlikle burayı gösteririm dairelerin pisliğinden mi havuzun pisliğinden mi bahsetsem bilmiyorum havuzdaki suyun rengi değişmiş sarı yeşil bulanık yanı yosun pislik tesis işletme yok daireler pis bakımsızd uşlar yosun küf içinde wc sifonlar çalışmıyor duş başlığı yok koltuklar sigara yanığı çamur i̇nternet yok beyaz eşyalar çalışmıyor beyaz havlular griye dönmüş leş kokuyordu aydınlatmaların yarısı çalışıyor yarısı bozuk asla asla kapısından geçmeyin yıldız verenler verdi gerçekten şaşkınım sanırım mağaradan çıkıp geldiler buraya aynı bütçeyle tertemiz hizmet veren işletme mevcut bilhassa ebeveynler havuza çocuğunuzu sokmak asitle yıkayın derim
Shimal Residences & Hotel,Ciler Guctekin,tr,kendinizi evinizde hissedeceğiniz güzel ortam evde ihtiyaç duyabileceğiniz herşey mevcut manzara süper havuz sakin herkese tavsiye ederim gönül rahatlığıyla gidebilirsiniz
Shimal Residences & Hotel,Villa Saba 10,en,nice gym good value
Shimal Residences & Hotel,Oktay Cingisiz,en,stayed hotel two nights pleased liked friendliness staff warm atmosphere thank much mr mert mr şahan
Shimal Residences & Hotel,afina podsevalova,en,nice quiet family holiday destination pleased
Shimal Residences & Hotel,SmyrnA,en,comfortably accommodate two families houses everything family might need except food drink instead paying lot money bed breakfast family elsewhere stayed two families price even pool nice needs little maintenance quietly little far sea since children leave pool need sea
Shimal Residences & Hotel,ÇİSEM ÖZTAŞ,en,asked show place everything bad would definitely show place dont know whether talk filthiness apartments filthiness pool color water pool changed yellow green blurry moss dirt everywhere facility run anyway apartments filthy neglected showers full moss mold toilet flushes work even shower head seats cigarette burnt mud internet white goods work white towels turned gray smelled like stink half lighting works half broken never ever even go door im really confused gave stars gave think cave came many businesses provide spotless service budget especially parents advise wash children acid instead putting pool
Totelya Hotel,Varol HIZARCI,tr,anlamda mükemmel işletme huzur sakinlik rahatlık güler kahvaltı ön bahçe kahvaltı bahçesi teras mimari bitki örtüsü samimi işini yapan işletme sahibi atom karınca çalışıp oteli çekip çeviren enerji saçan çalışan huzurlu dinlendirici tatil geçirmemize fırsat sağladığınız teşekkürler düşünmeden tekrar ziyaret edeceğim yorumu okuyan karar vermek isteyen kişilere tavsiyem düşünmeyin gidin yaşayın
Totelya Hotel,berk bulak,tr,yorumları okuyarak arkadaşımla seçim yaptık otelin yeri merkezi konumda dağın ferahlatıcı esintisini gece hissedeceksiniz giriş işlemleri yapılırken hissettiğiniz huzur evde olma halini konakladığınız süreçte tekrar tekrar yaşayacaksınız bahadır bey sıcak kanlı aynı zamanda yardımsever kahvaltıyla fotoğraf yayınlayamıyorum tatil arkadaşımla tabağımıza gelen lezzetleri tüketirken inanın aklımıza gelmedi köy domatesi inanılmaz tazelikte biber yumurta peynir gözleme fırınlanmış biber salçalı kaşarlı ekmek muğla yayla kavunu karpuz dikenli incir sayamadığım sürü lezzetle güne başlamanın canlandırıcı etkisi unutmadan tatlı arası bahadır beyin kekten sabah ikinci dilimi istedim kahvaltı sunulan taze sıkılmış nar suyu nar şerbeti karşımı güneşi tekrar tekrar selamlıyorsunuz otelin ortak kullanım alanları mükemmel otelin teras alanı boğucu sahil kesiminden vaha etkisi yaratıyor gece kendimizi şekilde orda bulduk tekrar tekrar huzurla ziyaret edebileceğim işletmeyi kurguladığı bahadır beye çalışma arkadaşlarına teşekkür ederim
Totelya Hotel,Esra Kılıc,tr,eylül ayında eşimle gece totelya hotelde konakladık otelin dekorasyonu düzen temizlik harika kahvaltı konum hakkında söylenecek bayıldık özenli doğal kahvaltıda sunulan sıcaklar mevsim meyveleri detoks içecekler ev yapımı doğal şekersiz dikkatimizi çeken önemli şeylerden birini buraya not etmek istiyorum büyük küçük otelde karşılaşamadığımız kıvamında pişirilmiş haşlanmış yumurta yumurtanın etrafında mutlaka yeşilsiyah demir sülfür halkası oluşur garibim çöp bahadır bey belli işini severek rezervasyondan mutfağa şeyle alakadar kesinlikle evimizde hissettik
Totelya Hotel,Abdullah,tr,ağustos itibari beğendiğim otel uygun fiyat özellikle kahvaltısı bahadır bey tatmadığımız lezzetler sunuyor ortam güzel çalışanlar güzel otelin yeri güzel sessiz sakin huzurlu yer destek amaçlı öneri sunacağım misafirlere güzel bilgilendirme yapılabilir örneğin akbük koyunda otelin işletmesi totelya beach arabayı buraya koyabileceğimizi girişte ekstra park ücreti vermeyeceğimizi bilmiyorduk otele yürüme mesafesindeki merdiven albay koylarını aynı şekilde öğrendik odalarda sivrisinek benzeri böcek ısırıldığımızı düşünüyoruz ilettik olmayacağını söylediler tekrar ilaçlama yapılabilir odalarda buzdolabı olmaması kötü sağolsunlar içeceklerimizi mutfağa koymamıza müsaade ettiler sistematik hale getirilebilir örneğin ortak alanlardan birine soğutucu koyulabilir
Totelya Hotel,Hüseyin KÖSE,tr,eylül tarihlerinde eşim konakladığım hoteldir kendileri hotel konum harika yerde çarşıya azmak nehrine yürüme mesafesinde hotele girdiğiniz andan muhteşem hijyen kokusu içinizi ferahlatıyor otel sahibi bahadır bey işletmelerine girdiğimiz andan güler yüzlü akyaka hakkında bilgileri rehber edasıyla anlattı hizmet sektöründe beyfendi kibar insanların hala görmek ülkemiz hala umut gösteriyor özellikle kahvaltılarına değinmeden geçemeyeceğim herşey hijyenik lezzetliydi otel sahibi bahadır beyin bitmeyen ikramları el yapımı keklerini mutlaka denemenizi tavsiye ederim muazzam lezzetler önümüzdeki yaz tekrar aynı yerde görüşmek tekrar teşekkür ederim
Totelya Hotel,Bahar Ulukan,en,authentic butique hotel relaxing atmosphere kind stuff clean rooms mr bahadırs management approach exemplary pass without praising wonderful rich breakfast endless thanks people work beautiful place create difference
Totelya Hotel,Dominik Sigg,en,lovely little hotel simple comfortable rooms staff friendly helpful made sure great stay highlight fantastic breakfast great locally sourced ingredients beautiful garden visiting akyaka would definitely stay totelya
Totelya Hotel,Richard Stevens,en,best place stayed week trip warm owner spoke excellent english made us welcome good room balcony wreathed flowers superb breakfast   best  good ones home made cooking served owner return
Totelya Hotel,Cheryl Soh,en,amazing experience hotel cosy homely rooms toilet little small clean comfortable host friendly hospitable gives great tips warm best part breakfast totally beautiful different experience normal hotel breakfast sure pictures post justify serve usual bread jams spread cheese olives tea think thats host team comes around food plate hands serve amazed happy felt like event standsit people keep bringing food around brought muçver bruschetta cake baked owner tasty moist delicious exotic fruit basically ask rather sheepishly delicious loved muçver much ate like anyway im impressed hospitality passion many delicious jams also homemade owner oh dont really drink filtered coffee somehow really delicious drank cups one seating would definitely stay ever visit akyaka recommend also book accommodation totelya hotel
Totelya Hotel,Nehir Keskin,en,totelya hotel hits boxes comes accommodation excellent location reasonable price clean rooms excellent traditional authentic turkish breakfast staff always smiling thoughtful kind staff manager bahadir went way ensure excellent stay weekend personally sitting us welcoming us akyaka speaks excellent english came handy boyfriend know turkish rooms clean great important factor hotel traditional akyaka house architectural landscape area generations handcarved wooden structures making building breakfast abundance components including various types turkish cheeses vegetables tomatoe cucumber various olives seasonal homemade jams gozleme stuffed turkish pancake eggs zucchini patties etc nicely presented enjoyed amongst gentle bird chirps middle grass courtyardgarden overall pleasant stay would definitely recommend beautiful cute hotel
Huzur Han Otel,Pınar Coşkun,tr,akyakada kalabilecek nadir yerlerden tanesi diyebilirim eşimle güzel doğayı konaklama imkanı tertemiz eviniz huzurlu sakin romantik ortamı beğendik herkese tavsiyemdir
Huzur Han Otel,Dilara Barkalı,tr,konum güzel yerde odalarda temiz sezon içinde uygun konaklama burasıydı kahvaltıda bence makul memnun kaldık teşekkürler
Huzur Han Otel,Gizem,tr,odamız çok güzeldi akyaka mimarisini hissettiğimiz huzuru bulduğumuz otel teşekkürler
Huzur Han Otel,Hakan Gener,tr,keyifli zaman geçirdik güzel konforlu odaları kesinlikle tavsiye ediyorum
Huzur Han Otel,M. Kemal Coşkun,tr,adı üzerinde huzur eşimle gece kaldık memnun ayrıldık herşeyi mükemmel herkese tavsiye ederim
Huzur Han Otel,Mehmet Cankal,en,stayed nights mr hamdi owner ms perihan daughter friendly smiling welcoming guests hotel super clean cosy well located pool minutes walking distance town center yet quite peacefull name hotel refers breakfast fine afterall price reasonable well thanks highly recommended
Huzur Han Otel,Nur. P. Sahin,en,huzur means peace didnt find peace
Huzur Han Otel,Ceto G,en,top hotel friendly service
Huzur Han Otel,Pınar Coşkun,en,say one rarest places stay akyaka wife really liked beautiful nature peaceful calm romantic environment accommodation facilities clean home recommend everyone
Huzur Han Otel,Dilara Barkalı,en,location good rooms clean suitable accommodation season think breakfast reasonable satisfied thanks
Akyaka Kaya Delsol Otel,Sabahattin Küçükosmanoğlu,tr,ekim tarihinde gün konakladık otel sakin temiz güzeldi personel güler yüzlüydü plaja yürüyerek gidilebilir otelin sahilden uzak otopark sorunu havuz başında kahvaltı güzeldi akyaka yı sevdik restoran alternatifleri fiyatları uygun akyaka tavsiye üzerine gittik tekrar gitmek isteriz temiz güzel tatil beldesi plajı metrelerce gitseniz derinleşmiyor
Akyaka Kaya Delsol Otel,Kıymet Yıldız,tr,akyakada düşünmeden tercih edebileceğiniz güvenilir tertemiz otel fiyatları makul konumu azmak deresine yakın çarşıya 10dk yürüme mesafesinde otopark sorunu önemli tarafı personel saygılı akyaka’da cok fazla otel bunlarla yorum kirliliği otel bulup yanılmadığım mutluyum tekrar geleceğim
Akyaka Kaya Delsol Otel,VEDAT KILIÇ,tr,akyakaya beşinci gelişim azmak deresinin güzelliği bizleri cezbeden yeri azmağa yakınlığından tercih ettim tercihimde yorumları okuyarak seçtiğim kaya otel hayal kırıklığına uğratmadı konumu temizliği çalışanların ilgisi hizmet anlayışı memnun odaların büyüklüğü bazılarına küçük gelebilir kişi rahatsız etmedi odanın eksik yanı yeterli priz yoktu konuda inşallah yetkililer düzenleme yapabilirler kahvaltısı güzel doyurucu açık büfe serpme kahvaltı konsepti diyebilirim konumuda yerde merkeze azmak deresine yürüme mesafesinde otopark sorunu havuzunu kullanmadım temiz görünüyordu
Akyaka Kaya Delsol Otel,Semih Unsal,tr,akyakada farklı otellerdeki olumsuz yorumlar içinde uzun arayışlar karar verip gece konakladık çalışanların tutumu odanın büyüklüğü otelin konumundan memnun kaldık kahvaltısı yeterliydi akyakada azmak nehri sebebiyle genel sinek sıkıntısı otelde konuda problem yaşamadık sahile mesafesi kalabalıktan uzak otopark problemi yürüyerek nehir kenarından dk limana restaurant vb yerlere ulaşılabiliyor olumsuz odada kartlı sistemle odadan çıkınca kapanan minibar elektrik sistemi minibar sürekli çalışacak şekilde bırakılabilir birde gece belirli saatten sessizlik konusunda hassas davranılabilir i̇lk gece saat e yan odanın balkonundaki müşterilerin yüksek sesle konuşmaları otelde duyulmuştur muhtemelen i̇kinci gecede havuz başında gece yarısından yüksek sesle sohbet kahkahalarla vakit geçirerek uyumaya çalışanlara saygısızlık yaptıklarının farkında değillerdi
Akyaka Kaya Delsol Otel,Nuray Gezer,tr,otelde evimizde hissettik memnun kaldık özenliydi türlü ihtiyacımızda ilgilendiler sağolsunlar çalışanlar güler yüzlüydü mutlu ettiler ayşe hanıma sevgiler teşekkürler i̇zmir karşıyakadan selamlar
Akyaka Kaya Delsol Otel,Fatih Olcay,en,stayed one night roadtrip first akyaka far beautiful town journey yet akyaka rock hotel made even amazing hotel clean beautiful staff kind helpful joyful youre looking relaxing place rock hotel place could stayed easily nights time
Akyaka Kaya Delsol Otel,Nur. P. Sahin,en,average
Akyaka Kaya Delsol Otel,Sabahattin Küçükosmanoğlu,en,stayed days october hotel quiet clean beautiful staff caring friendly beach reached foot since hotel little far beach parking problem breakfast pool nice loved akyaka much many restaurant alternatives prices affordable went akyaka based recommendation would like go clean beautiful holiday resort even go meters along beach get deep
Akyaka Kaya Delsol Otel,Kıymet Yıldız,en,reliable clean hotel choose without hesitation akyaka prices reasonable location close azmak stream minutes walking distance market parking problem important best part staff attentive respectful many hotels akyaka lot comments happy found hotel mistaken come
Akyaka Kaya Delsol Otel,VEDAT KILIÇ,en,fifth visit akyaka beauty azmak stream place attracts us chose proximity river chose kaya hotel reading reviews disappoint pleased location cleanliness attention employees understanding service size rooms may seem small bother us two people thing missing room enough sockets hope authorities make regulation regard breakfast nice satisfying open buffet say mixed breakfast concept good location within walking distance center azmak stream parking problem didnt use pool looked clean
Akyaka Yali Capkini,Duygu Tuna,tr,otele girişte güleryüzü otel ortağı sorumlusu aylin hanım karşıladı sezona yeni başladıklarından kahvaltısı eksikti telafi ettiler fatma derya evimizde hissettirdibahcesinde mutfak eşyalarını kullanmak verdiler masamızı hazırlayıp dostlarla keyif yapma imkanı sundular merkezde olduğundan denize yürüyerek gidilirlakin uzak birazasagida kahve taksi durağı bilginiz odalar tertemizsu ısıtıcı buzdolabı klima mevcut teşekkürler
Akyaka Yali Capkini,Kerim Ünlü,tr,otel temiz personel kahvaltı yeterli hizmet arka tarafta bahçesi bahçesi güzel yeterli parasına mükemmel desek yeridir çalışanlara teşekkürler
Akyaka Yali Capkini,Gizem Avci,tr,konum yukarıda kalsa  yürüme mesafesinde azmak deresine araç yol boyu güzel koylara ulaşımı mümkün odalar büyük ahşap konseptiyle şık bahçesinde yıldızları izleyip sakin akşam geçirilebilir temizlik personel ilgisi dikkat çekici kahvaltısı yeterli lezzetli
Akyaka Yali Capkini,mustafa demirarslan,tr,akyaka merkezde şirin güzel otel odaları küçük temiz rahat edersiniz işletmecş aylin hanım çalışanlar güleryüzlü ilgilile rkahvaltısı gerçekten kaliteli doyurucu açık büfe isterseniz tekrar servis ediyorlar her yönden güzel otel gelirsem burda kalırım
Akyaka Yali Capkini,Cem Özkan,tr,selçukta otel işletiyorum önemli herşeyi gördüm çalışanların samimiyeti güleryüzlü saygılı davranmaları önemlisi hijyen otelin temizliği numara butik otelde içimiz sinerek kahvaltı yaptık kahvaltıdan gelen kahve ikramı işletme sahibi olmamalarına oteli önemseyen misafirperver davranan çalışanlar ayça hanım şeref beye tekrar tesekkur ederiz
Akyaka Yali Capkini,Víctor Roman Oliver,en,nice hotel friendly staff owners excellent breakfast
Akyaka Yali Capkini,Duygu Tuna,en,entered hotel greeted smile aylin hotel partner manager since started season breakfast missing made fatma derya also made us feel home gave us kitchen utensils garden use prepared table offered us opportunity enjoy friends since center walk sea bit far information coffee shop taxi stand downstairs rooms spotlessly clean kettle refrigerator air conditioning thank
Akyaka Yali Capkini,Kerim Ünlü,en,hotel clean staff caring breakfast adequate service good garden back garden beautiful sufficient say perfect money thanks staff
Akyaka Yali Capkini,Gizem Avci,en,although location little higher possible reach azmak creek within 800m walking distance beautiful bays along way car rooms large stylish wooden concept spend quiet evening watching stars garden cleanliness staff attention remarkable breakfast sufficient delicious
Akyaka Yali Capkini,mustafa demirarslan,en,cute beautiful hotel center akyaka rooms small clean comfortable staff including manager ms aylin friendly attentive breakfast really high quality satisfying open buffet serve want nice hotel every aspect come back would stay
