hotel_name,review_text,vader_compound,vader_label,sentiwordnet,afinn_score
AnkAkyaka Apart Hotel,stay cheap narrow room know needed room could spend night look hotel cheap room enough room really small bed really small except mini fridge want open large suitcase not open bathroom toilet enough room give night provide with basic condition stay bed pillow comfortable toilet bathroom clean stay night want stay second night room could catch eye night tolerate internet not work room wifi password request location term walk distance everywhere,0.765,positive,"{'positivity': 2.625, 'negativity': 4.25, 'objectivity': 61.125}",6.0
AnkAkyaka Apart Hotel,location beautiful room spacious toilet smelly attitude staff different talk phone say price price agree treat liar friend throw lie take price low style disturb style disturb sad demoralize experience give low reason deserves choose another apart akyaka,-0.4019,negative,"{'positivity': 3.5, 'negativity': 3.875, 'objectivity': 29.625}",-5.0
AnkAkyaka Apart Hotel,budget lyric room stay room stay spacious double balcony immaculate suitcase could open say keep aparts room create narrow ambience age comfortable son confidence thank ankakyaka apart hotel,0.8807,positive,"{'positivity': 1.125, 'negativity': 0.75, 'objectivity': 23.125}",7.0
AnkAkyaka Apart Hotel,september family accommodation satisfy satisfied apartment immaculate employee interested material apartment clean thoughtful satisfy thank greeting fethiye,0.9633,positive,"{'positivity': 3.375, 'negativity': 0.0, 'objectivity': 12.625}",11.0
AnkAkyaka Apart Hotel,stay ankakyaka hotel great price affordable cleanliness quality offer really deserve star room clean modern care attention staff friendliness enhance holiday experience peaceful atmosphere combine natural beauty akyaka make time spend unforgettable would recommend peace mind anyone look affordable clean comfortable accommodation,0.9884,positive,"{'positivity': 4.5, 'negativity': 1.5, 'objectivity': 32.0}",29.0
AnkAkyaka Apart Hotel,good experience room centre walk everything like restaurant shop bank departmental store view outside building amaze due amazing nature want see room tour hotel release soon please check youtube subscribe motovlogger travel inside turkey different location moody lens best regard,0.9517,positive,"{'positivity': 3.125, 'negativity': 0.875, 'objectivity': 33.0}",15.0
AnkAkyaka Apart Hotel,stay ankakyaka nice clean place sleep series option choose double bedded room kitchen balcony big room small room double bed minimalistic style stuff get along nicely even though speaking language nice warm morning smile pa someone get chance use kitchen therefore make use local fish market nice respectful friendly owner son kind helpful simple person not need much even ankakyaka get great value money invest like stay day minimalistic room also perfect need already look forward another visit ankakyaka greet best form room could use good scent really minor problem major,0.9935,positive,"{'positivity': 5.5, 'negativity': 2.375, 'objectivity': 77.125}",36.0
AnkAkyaka Apart Hotel,nice place stay love balcony apartment everything need close river beach shopping store nearby,0.7906,positive,"{'positivity': 0.75, 'negativity': 0.125, 'objectivity': 12.125}",6.0
AnkAkyaka Apart Hotel,small room really small lol friendly staff convenient stay recommend,0.8419,positive,"{'positivity': 1.375, 'negativity': 0.375, 'objectivity': 7.25}",7.0
AnkAkyaka Apart Hotel,wow decent shower hot water need hard find others decent,0.5267,positive,"{'positivity': 2.75, 'negativity': 1.25, 'objectivity': 5.0}",3.0
Panamara Otel,think comment hotel stay hotel room stink cigarette smell cigarette pillow bathroom toilet seem left nightmare night spend comment employee think filter air condition visible dust filter air condition visible dust clean beginning season waste money,-0.4215,negative,"{'positivity': 0.625, 'negativity': 1.0, 'objectivity': 34.375}",-1.0
Panamara Otel,hotel affordable clean location nice stay back facade room reach olive tree balcony reach olive tree balcony intertwine nature staff friendly respectful ask need encounter ask enough price performance hotel compare solid price hotel expect excess facility stay night problem,0.8689,positive,"{'positivity': 2.875, 'negativity': 1.25, 'objectivity': 35.875}",11.0
Panamara Otel,receptionist customer relationship zero guy create world stop night stay not stay not stay not stay learn tradesman learn tradesman learn tradesman learn tradesman,-0.0258,neutral,"{'positivity': 0.25, 'negativity': 2.125, 'objectivity': 21.625}",-1.0
Panamara Otel,wife stay overnight room small convenient manage night would nice person reception day stay breakfast would nice person reception inform miss breakfast go late least write entrance comfortable room reason air condition shower facility would nice least shower cabin make price performance call,0.8779,positive,"{'positivity': 2.375, 'negativity': 1.0, 'objectivity': 36.625}",9.0
Panamara Otel,thank friendly service clean room moreover history lie surround nature nice facility rest sightsee,0.8807,positive,"{'positivity': 0.625, 'negativity': 0.0, 'objectivity': 13.375}",9.0
Panamara Otel,traditional turkish house conversion hotel furniture manner friendly staff suitable seasonal worker hitchhiker,0.4939,positive,"{'positivity': 0.25, 'negativity': 0.0, 'objectivity': 12.75}",4.0
Panamara Otel,staff wonderful everything power make stay comfortable bed comfortable perfect place stop along journey thank,0.936,positive,"{'positivity': 1.25, 'negativity': 1.5, 'objectivity': 11.25}",12.0
Panamara Otel,well receive friendly welcome visitor,0.8074,positive,"{'positivity': 0.375, 'negativity': 0.0, 'objectivity': 4.625}",4.0
Panamara Otel,enjoy stay thank,0.6908,positive,"{'positivity': 0.375, 'negativity': 0.0, 'objectivity': 2.625}",4.0
Panamara Otel,first think comment never stay hotel room smell like cigarette smoke smell cigarette smoke permeate pillow bathroom toilet look like nightmarish night think comment make employee filter air condition visible due dust least cleaned begin season shame money,0.2263,positive,"{'positivity': 1.5, 'negativity': 2.125, 'objectivity': 34.375}",2.0
Panamare Apart & Hotel Akyaka,room design something location plus parking lot saw coincidence entrance information give entrance first take tour inside hotel without see reception entrance take tour hotel without see reception entrance take tour hotel service describe closed hut side goriste make communication people small place bank hole make reservation price bank small place tell wanted pay reservation price card say fee little say system say system seem say although system could say added card transaction fee head rate although objected change look rest understand value customer satisfaction take license plate say park space ask open lock saw chance small pool closing check night could use know close pool darken place know close pool system breakfast call extra charge system give information put exit especially specify wifi password check time message although stayed top floor help suitcase stay,0.8555,positive,"{'positivity': 6.375, 'negativity': 0.625, 'objectivity': 119.0}",5.0
Panamare Apart & Hotel Akyaka,felt share think apart style place stay night need look type architectural service apartment akyaka call even come hotel tell could make reservation come hotel see room come hotel tell room order wander hot weather ask card ask daily difference make money transfer without explanation sound squeak item room lamp lit bathroom shower cabin shower cabin dirty silicone remove one come clean day clean main job never maintenance pool tiny cleanliness cleanliness say order fool clean comment say general sullenness apart operator akyaka general sullenness mood fill general good aspect course park big problem hotel parking lot side hotel wifi attract wifi close azmak tea central location update elif lady discuss issue clarify issue clarify clean do per day write answer elif lady say do per day say comment coincide day stay day say work focused satisfaction evaluation value important say work focused satisfaction evaluation problem elif lady contact,0.9607,positive,"{'positivity': 8.375, 'negativity': 6.75, 'objectivity': 123.875}",12.0
Panamare Apart & Hotel Akyaka,misfortune stay july july unlucky enough stay kyk dormitory could reach half quality kyk dormitory make negative comment business commercial enterprise would interpret customer give star spoiled people understand situation unfortunately opinion change yesterday misfortune stay business know know architecture apartment akyaka almost difference business business measure quality service see make panamera akyaka pension bad see make reception entrance close linoleum establish dialogue customer small hole create impression buying bus ticket take payment cash take credit card say difference take shower cabin room broken end bathroom sconce broken electrical tape carelessly wrap electrical tape cable forgotten room towel forgotten room request towel staff enter room staff check whether towel really give whether towel really give mood dormitory director explosion shower spiral daily stay cable channel pass floor enclose presence electrical antenna cable annual bathroom slipper see room bed base headboard complete service life long time bed base headboard sofa kitchen cabinet countertop except negative comment business see business owner respond rudely people make negative comment business blame customer see blame customer respond comment similar way bother,-0.9844,negative,"{'positivity': 10.125, 'negativity': 10.125, 'objectivity': 146.75}",-20.0
Panamare Apart & Hotel Akyaka,would definitely make vacation akyaka come across panamare apart chance adventure search apartment price attractive come directly without make reservation staff work reception desk help visit empty room rent room base request especially staff worked staff zeliha lady help staff communication help less thank make feel home especially adult child beautiful pool definitely choice visit akyaka come,0.9728,positive,"{'positivity': 7.125, 'negativity': 0.375, 'objectivity': 43.5}",16.0
Panamare Apart & Hotel Akyaka,cute decent immaculate family business azmak river close center market market close center advantage moment fingertip room immaculate clean stylishly design kitchen need good work business available need help immediately miss need thank owner elif aunt son next time next time prefer next time definitely,0.9423,positive,"{'positivity': 6.0, 'negativity': 0.75, 'objectivity': 36.25}",11.0
Panamare Apart & Hotel Akyaka,positive exterior nice check efficient easy long day travel list concern think management need address broken shower handle sharp screw expose one side close interior broken shower head drip water lopsided stream instead evenly distributed bedside lamp not work mattress insufficient easily roll floppy edge floor bathroom visible dirt toilet seat also spot towel often stiff hotel like also stain din table cover dust think stay get pay even overpriced area pay customer not feel respected level amenity maintain brought child would horrify danger present presence expose sharp object shower area level hygiene update upon leave review husband call management requesting change,-0.6862,negative,"{'positivity': 5.75, 'negativity': 5.75, 'objectivity': 88.5}",-3.0
Panamare Apart & Hotel Akyaka,wonderful hospitable people meet help everything free park convenient location easily reach place center foot time make repair apartment plumb bad condition stagger mold place bathroom day expect high quality apartment,0.8271,positive,"{'positivity': 4.125, 'negativity': 1.625, 'objectivity': 24.25}",7.0
Panamare Apart & Hotel Akyaka,room really comfortable stay two kid mom together people not feel squeezed plus service good,0.7574,positive,"{'positivity': 3.25, 'negativity': 1.375, 'objectivity': 10.375}",5.0
Panamare Apart & Hotel Akyaka,perfect hotel clean modern apartment location excellent river main street,0.8779,positive,"{'positivity': 1.0, 'negativity': 0.0, 'objectivity': 9.0}",8.0
Panamare Apart & Hotel Akyaka,clean large room staff helpful walk distance beach,0.6705,positive,"{'positivity': 0.25, 'negativity': 0.0, 'objectivity': 7.75}",4.0
Kerme Ottoman Gökova,location hotel really nice close akyaka find hotel child go unplanned hasty choice room beautifully settle wood think enthusiasm think difficult understand certain hotel dirty hotel difficult understand dirty price affordable dust officially affordable ask new sheet thank god attendant help immediately laid clean sheet everything kitchen could use impossible filth facility water go market buy water midnight pay night pay night garden nice pool nice child enough take enthusiasm enter leave short time boy stand door polite hotel owner polite owner hotel want want want guess choice,0.9582,positive,"{'positivity': 6.625, 'negativity': 7.25, 'objectivity': 71.125}",20.0
Kerme Ottoman Gökova,one serene cute boutique hotel stay around minute drive akyaka hotel marmaris akyaka muğla alternative preferred room clean new tidy garden pool village view upper floor room kind open inside person hotel opportunity stay cousin night not wait visit hotel family day short time family love village environment want escape hustle bustle holiday destination night right choice,0.9712,positive,"{'positivity': 3.375, 'negativity': 1.5, 'objectivity': 48.125}",13.0
Kerme Ottoman Gökova,car must akyaka minute affordable price price clean problem pay price garden quiet peaceful room look hygiene really troubled towel hard yellow pique sheet worn sheet,-0.6659,negative,"{'positivity': 2.125, 'negativity': 2.25, 'objectivity': 20.625}",-3.0
Kerme Ottoman Gökova,hotel accommodation concept enough spacious room small kitchen section stay long time pleasant time prepared nature intertwine small village give peace mind garden pool visual feast close river azmak akyaka akyaka car stay peacefully satisfied satisfy choose place choose,0.9509,positive,"{'positivity': 3.75, 'negativity': 0.5, 'objectivity': 31.75}",11.0
Kerme Ottoman Gökova,hello definitely prefer place term accommodation television work pillow bad pillow hard could sleep clean zero place dust foot officially muddy dust towel hard officially sandpaper handset would nice shower section shower hand would half shower never take shower zero interest zero information zero hotel see visual certain never experience disappointment holiday vacation unfortunately ruin want think holiday everyone,0.5402,positive,"{'positivity': 3.375, 'negativity': 8.375, 'objectivity': 43.25}",-3.0
Kerme Ottoman Gökova,place like apartment real kerme otel place akyaka pool small room may use sleep price discount,0.3612,positive,"{'positivity': 0.125, 'negativity': 0.0, 'objectivity': 12.875}",2.0
Kerme Ottoman Gökova,lovely staff quite location peaceful atmosphere definitely stay,0.8744,positive,"{'positivity': 0.75, 'negativity': 0.625, 'objectivity': 6.625}",5.0
Kerme Ottoman Gökova,nice stay ottoman palace traditional turkish cousine wonderful breakfast,0.7579,positive,"{'positivity': 0.75, 'negativity': 0.0, 'objectivity': 7.25}",7.0
Kerme Ottoman Gökova,poor wifi breakfast drinking water bad smell bathroom,-0.765,negative,"{'positivity': 0.0, 'negativity': 0.875, 'objectivity': 7.125}",-5.0
Kerme Ottoman Gökova,suitable family kid,0.0,neutral,"{'positivity': 0.125, 'negativity': 0.0, 'objectivity': 2.875}",2.0
Erdem Otel,unfortunately left hotel go unhappy go stay elsewhere stay family room clean toilet bowl work room family stay do stay smell sewage come room place hang towel room place hang towel room broken room give additional bed tell many day need additional bed would stay room say would give quilt say quilt different say quilt different put child serve watermelon rotten morning breakfast good quality unfortunately decrease,-0.8126,negative,"{'positivity': 2.875, 'negativity': 3.5, 'objectivity': 58.625}",1.0
Erdem Otel,stay akyaka everything expensive everything market water sell much fasten season short make profit go erdem hotel coincidence meet zafer thank relative try find place place help incoming customer try find place place try find place help price halal thank,0.9062,positive,"{'positivity': 4.0, 'negativity': 0.125, 'objectivity': 30.875}",10.0
Erdem Otel,close sea market restaurant close sea pool place calm beautiful environment friend reception anıl ilkan thank attention thank hand thank effort thank manager zafer help everything help everything number one people need solution refrigerator room zafer abi news,0.981,positive,"{'positivity': 3.375, 'negativity': 0.5, 'objectivity': 27.125}",19.0
Erdem Otel,perfect hotel stay akyaka pleasant holiday room nice clean staff friendly hotel pool minute walk sea hotel pool enough like breakfast holiday plan akyaka sure take look hotel definitely stay akyaka holiday would like thank hotel manager zafer interest hotel,0.9885,positive,"{'positivity': 1.5, 'negativity': 0.625, 'objectivity': 32.875}",20.0
Erdem Otel,price expectation room clean well maintained staff friendly attentive location hotel perfect close sea entertainment place place family satisfy,0.9477,positive,"{'positivity': 0.875, 'negativity': 0.0, 'objectivity': 18.125}",7.0
Erdem Otel,location perfect zafer anıl interested reception thing support request best stay night go ölüdeniz next night stay night ölüdeniz return erdem hotel back kitchen room staff friendly family come son satisfied room quite large want bring see available room suitable place choice beach step breakfast adequate although central location absolutely sound problem room think sound insulation hot water smoothly write last word call hotel place room find right thank hotel staff,0.9652,positive,"{'positivity': 3.25, 'negativity': 1.5, 'objectivity': 60.25}",18.0
Erdem Otel,super clean cheap hot water host super friendly speak excellent english best place stay since,0.9705,positive,"{'positivity': 1.375, 'negativity': 0.25, 'objectivity': 12.375}",16.0
Erdem Otel,nice hotel good room modern facility location also great definitely recommend,0.9325,positive,"{'positivity': 0.75, 'negativity': 0.125, 'objectivity': 10.125}",11.0
Erdem Otel,stay twice nice place close everything hope return future,0.6908,positive,"{'positivity': 0.25, 'negativity': 0.125, 'objectivity': 7.625}",5.0
Erdem Otel,employee helpful positive however room especially bathroom dirty,0.4976,positive,"{'positivity': 0.375, 'negativity': 1.25, 'objectivity': 6.375}",2.0
Raymar Hotels Muğla,hotel class extremely clean service quality high receptionist emrah bey kind helpful check process corridor smell wonderful cleaning product sheet spotless breakfast fresh thank staff thank reliable stop raymar hotel muğla,0.9516,positive,"{'positivity': 3.375, 'negativity': 0.625, 'objectivity': 24.0}",20.0
Raymar Hotels Muğla,long journey stay overnight next morning prefer go place immediately next morning spend day magnificent hotel room new closet want room air condition refrigerator detail throughout section room passing section call bedroom live area bathroom renew immaculate employee always smile try help breakfast buffet quality location akyaka muğla center akbük bay,0.8555,positive,"{'positivity': 4.0, 'negativity': 1.25, 'objectivity': 42.75}",10.0
Raymar Hotels Muğla,hotel stay come muğla wed clean nice staff polite room large furniture new price affordable surround hotel breakfast good satisfy recommended,0.9042,positive,"{'positivity': 1.875, 'negativity': 0.125, 'objectivity': 18.0}",14.0
Raymar Hotels Muğla,stay tour night hotel central location divide hotel two make additional building difficult go close belonging frankly room stay flat floor bad feature welcome food good cleaning good food open buffet dinner serve dinner plate taste portion enough breakfast buffet good room stay clean water hot,0.8126,positive,"{'positivity': 3.125, 'negativity': 2.0, 'objectivity': 40.875}",9.0
Raymar Hotels Muğla,hotel marmaris fethiye stay close center marmaris muğla way easily provide transportation akyaka marmaris fethiye newly build simple tastefully furnished clean hotel room face back side quiet pine tree view front room face road door close noise disturb much staff polite breakfast buffet nice enough polite breakfast buffet nice enough evil eye bead intention breakfast felt lack whole meal bread next white bread hospital find place chance work find week stay comfortable peaceful satisfied left,0.891,positive,"{'positivity': 5.375, 'negativity': 1.375, 'objectivity': 61.25}",13.0
Raymar Hotels Muğla,great accommodation service,0.6249,positive,"{'positivity': 0.5, 'negativity': 0.0, 'objectivity': 2.5}",3.0
Raymar Hotels Muğla,extremely clean service quality high hotel class hotel check process receptionist emrah kind helpful corridor smell great cleaning product sheet clean breakfast fresh thank employee raymar hotel reliable stop stay muğla,0.9577,positive,"{'positivity': 2.125, 'negativity': 0.625, 'objectivity': 25.25}",17.0
Raymar Hotels Muğla,wonderful hotel choose stay night long journey go place next morning spend day room new many closet not want room think detail section air condition tv wardrobe way room divide section call bedroom live area like bathroom already renovate spotlessly clean employee always friendly try help breakfast open buffet good quality location akyaka muğla center akbük bay,0.9475,positive,"{'positivity': 4.0, 'negativity': 1.625, 'objectivity': 48.375}",18.0
Raymar Hotels Muğla,come muğla wed hotel stay clean beautiful employee polite caring room large furniture new price affordable compare surround hotel breakfast also good satisfied recommend,0.9517,positive,"{'positivity': 3.625, 'negativity': 0.875, 'objectivity': 18.5}",18.0
Raymar Hotels Muğla,stayed one night tour hotel central location divide two build additional building close little difficult get belonging room stay bit low first floor bad feature welcome food clean good meal open buffet serve dinner plate taste portion sufficient breakfast open buffet nice room stay also clean water hot,0.7425,positive,"{'positivity': 1.375, 'negativity': 3.125, 'objectivity': 43.5}",8.0
Liya Boutique Hotel & Suites / Villa Yonca,location hotel within walk distance center room clean pleasantly decorate stayed room type suite room room use family room spacious useful breakfast delicious experienced advantage room breakfast front garden bring area breakfast want pleasant weekend would like thank hotel operator emir bey interest staff smile face would like see,0.9818,positive,"{'positivity': 2.0, 'negativity': 0.375, 'objectivity': 44.625}",23.0
Liya Boutique Hotel & Suites / Villa Yonca,wife child stay overnight room could stay overnight satisfied would lie say give hotel service guidance service place recommend good quality suitable beautiful day return go beach recommend without leave road go beach recommend take advantage day return home breakfast offer surprising incredibly many option available delicious room clean want change product inside without sulk enter feeling know emir bey ozan bey enter room occasion would like thank especially ozan bey emir bey interest clearly show hotel business turkey thing money show clearly write visit akyaka would say definitely stop,0.9895,positive,"{'positivity': 5.25, 'negativity': 2.125, 'objectivity': 73.625}",32.0
Liya Boutique Hotel & Suites / Villa Yonca,emir beye ozan beye thank sense interested sense get morning chatty thoughtful enough say good morning wave guest disturbed get morning room clean enough location hotel good side close forest side close beach side close beach visit place akyakan without car except click away main street sleep comfortably night noisy stair walk distance bay albay breakfast great great news great vacation receive thank,0.9828,positive,"{'positivity': 3.125, 'negativity': 1.25, 'objectivity': 52.625}",24.0
Liya Boutique Hotel & Suites / Villa Yonca,stayed immaculate room authentic ceiling garden like apartment camera interior carefully furnish breakfast delicious word magnificent air condition work well opportunity brew tea electric stove tea brew wonderfully lime free water akyaka enjoy glass clear sea contract beach hotel operator emir bey ozan bey job love care satisfaction guest rather money witness attach importance satisfaction guest rather money quality service provide admirable great constantly ask need guide sincerely place visit great baby meet cat nice snapshot summary address peace trust akyaka liya boutique thank,0.9969,positive,"{'positivity': 7.625, 'negativity': 2.75, 'objectivity': 69.625}",45.0
Liya Boutique Hotel & Suites / Villa Yonca,open come praise person day date june stay day likely place stay akyaka next vacation objectively evaluate possibility evaluate difficult find place close quality akyaka evaluate difficult find place close quality akyaka provide environment meet expectation people sensitive cleanliness staff tell room clean without request room outdoor clean spacious breakfast extra floor saw consistently offer quality standard subject breakfast extra breakfast liya day stay quality deteriorate throughout day extra request return negatively ask egg sausage ozan emir realize sausage ask egg sausage quickly provide material show sensitivity gentleman customer satisfaction small detail water coffee option provide good opportunity day provide network tourism activity staff people work tourism activity people work activity make bond guiding attitude activity example help contact boat tour provide information transportation surround place give information go worth valuable information worth quality material shower head toilet bowl bed cedar provide solid material without problem case air condition hotel pension type place air condition quality see anywhere close quality air condition product offer refrigerator market price proximity distance important place akyaka walk distance away noisy place term name ideal location summary line care customer term quality pass certain level quality location ahmet hilal love,0.9883,positive,"{'positivity': 13.125, 'negativity': 5.125, 'objectivity': 166.75}",40.0
Liya Boutique Hotel & Suites / Villa Yonca,ozan emir friendly best make feel comfortable wife stay three night time hotel felt like home normally breakfast start ask could earlier one day since need leave early boat tour accommodate request without hesitation professional great conversation suggest many thing stay hotel locate quite close beach minute walk also make quiet peaceful place away crowd main attraction nice garden cover tree enjoy amaze breakfast natural environment stay suite two spacious room balcony comfortable bed would definitely stay recommend anyone want great experience akyaka,0.9864,positive,"{'positivity': 3.375, 'negativity': 2.875, 'objectivity': 69.75}",32.0
Liya Boutique Hotel & Suites / Villa Yonca,love stay place nice room everything could want value amaze owner helpful friendly great guy get include breakfast decide see everything else breakfast good fresh much food selection would definitely recommend stay,0.9858,positive,"{'positivity': 2.25, 'negativity': 1.375, 'objectivity': 23.375}",22.0
Liya Boutique Hotel & Suites / Villa Yonca,tried three different hotel similar price akyaka favorite clean room generous delicious breakfast helpful staff bathroom layout could improve shower need door otherwise happy second stay one later,0.9686,positive,"{'positivity': 2.875, 'negativity': 0.625, 'objectivity': 22.5}",16.0
Liya Boutique Hotel & Suites / Villa Yonca,charm boutique hotel spacious room locate quiet area walk beach restaurant shop marina azmak creek turkish style breakfast diverse delicious feature traditional dish serve tastefully decorate courtyard shade bougain villea emir exceptionally kind friendly host welcome warmly provide useful information local beach bazaar buy authentic regional food product day cruise free park property plus wonderful experience day spend akyaka thank emir hope return,0.9868,positive,"{'positivity': 4.5, 'negativity': 0.25, 'objectivity': 54.25}",24.0
Liya Boutique Hotel & Suites / Villa Yonca,love close beach yet quiet apart bird chirp nothing much apartment spacious good bed shower delicious turkish breakfast include moreover staff hospitable would go extra make feel comfortable,0.9337,positive,"{'positivity': 3.5, 'negativity': 1.375, 'objectivity': 22.125}",12.0
İskelem Butik Otel,daily stay iskelem hotel night soon enter room smell cleanliness greet detail may need room thought person use room size room sufficient staff incredibly friendly sympathetic breakfast delicious except variety form mixed breakfast could increase hot type could increase delicious great experience dinner skeleton definitely try magnificent view magnificent service definitely recommend endless thank iskelem hotel family,0.9916,positive,"{'positivity': 2.625, 'negativity': 2.5, 'objectivity': 47.875}",26.0
İskelem Butik Otel,operator employee kaan wrong application increase average hotel map friend take hardworking customer dialogue let honest act give task kaan let really satisfied customer give star hotel beautiful location akyaka area hotel iskelem hotel hotel wide preferred iskelem hotel meet zero point sea reason preferred jump sea immediately pier sunbathe sun lounger bed locate breakfast great breakfast enough service great lady friend room standard large comfortable room balcony room wherever hold hand window mosquito net break inside fly enters light enough bathroom broken bathroom bathtub bathroom bathroom generally faulty faucet shower take time adjust hot water room bathroom clean enough see clean room cleaning clean even though put instruction carddnd door clean do door handle jamb close jamb card fold new door fold new key system fold new key system fold money safe need sun lounger pier remove table put environment great presentation dish service successful appetizer variety fish usually variety meat dish price average employee related customer room renew super boutique hotel,0.9942,positive,"{'positivity': 9.875, 'negativity': 3.125, 'objectivity': 144.0}",33.0
İskelem Butik Otel,stay royal suite room love room nice minus smell drain come bathroom fell love view location hotel view magnificent sun lounger beach part hotel sun lounger bed comfortable sea cold make reservation pier dinner breakfast ideal price location reasonable find exaggeration negative side express unfortunately problem employee experience employee take care thank seriously encounter late wrong order due inexperience many employee definitely like last time general arrival dinner beach already say next thank,0.9705,positive,"{'positivity': 5.125, 'negativity': 3.875, 'objectivity': 64.0}",16.0
İskelem Butik Otel,iskelem hotel really perfect place location meticulously arrange room clean friendly sympathetic staff perfect every way food delicious satisfy recommend everyone,0.9785,positive,"{'positivity': 1.75, 'negativity': 0.125, 'objectivity': 17.125}",17.0
İskelem Butik Otel,pleasant holiday hotel meet expectation general holiday breakfast good beach part clean enough employee friendly helpful restaurant even sun lounger beach set beach eat meal view price hotel customer outside opinion unfair situation average prefer economic room may small may serious smell drain room may insufficient clean room may bad leave water room day guest,0.9313,positive,"{'positivity': 3.125, 'negativity': 2.875, 'objectivity': 49.0}",6.0
İskelem Butik Otel,wonderful stay seaside gem akyaka hotel perfectly locate right beach front offering stunning view turquoise water beautiful sunset room clean spacious well equip everything need comfortable stay staff incredibly friendly always go extra make sure felt welcome take care,0.9867,positive,"{'positivity': 3.75, 'negativity': 2.0, 'objectivity': 31.25}",28.0
İskelem Butik Otel,wonderful boutique hotel restaurant locate beautiful fisherman cove sit water enjoy generously measure cocktail staff kaan particular super friendly welcome definitely visit,0.9786,positive,"{'positivity': 2.875, 'negativity': 0.0, 'objectivity': 18.125}",18.0
İskelem Butik Otel,hotel beautiful short walk drive downtown akyaka dinner dock super romantıc food delicious staff friendly attentive,0.9403,positive,"{'positivity': 1.125, 'negativity': 0.0, 'objectivity': 12.875}",11.0
İskelem Butik Otel,enjoy relaxing time zekeriya great beach dock helpful friendly water temp right love wind blowing water,0.967,positive,"{'positivity': 1.375, 'negativity': 0.125, 'objectivity': 13.5}",12.0
İskelem Butik Otel,beautiful location quiet cozy friendly staff authentic design really enjoy stay,0.8908,positive,"{'positivity': 2.5, 'negativity': 0.0, 'objectivity': 8.5}",7.0
Nova Aparts Otel,stay overnight september stay clean sparkle apart center noise center noise sound music afar beautiful dilan lady gentleman polite smile face satisfy definitely go place catch bus leave apart could see dilan lady catch bus thank everything wish see greet,0.9716,positive,"{'positivity': 4.25, 'negativity': 1.0, 'objectivity': 30.75}",15.0
Nova Aparts Otel,room simple clean huge balcony room ground floor dilan friendly helpful location close central sea sound music even hour weekend like pleasant holiday,0.9552,positive,"{'positivity': 1.125, 'negativity': 0.25, 'objectivity': 20.625}",12.0
Nova Aparts Otel,location apartment great stay comfortably dog stayed room room size enough double bed small could fit bed change owner hotel lady sweet kind breakfast give consider price give,0.9413,positive,"{'positivity': 0.25, 'negativity': 1.0, 'objectivity': 25.75}",10.0
Nova Aparts Otel,think close center nice location stay akyaka close center close pier close noise azmak close pier great location room nice satisfy service dilan madam ibrahim bey interested definitely price performance,0.9524,positive,"{'positivity': 1.125, 'negativity': 0.0, 'objectivity': 25.875}",11.0
Nova Aparts Otel,nova apart hotel room stay wife room everything useful everything immaculate interest attention smile make feel home location within walk distance everywhere beach azmak tea akyaka place peace intersect enjoy daily holiday full think extend day think extend day thank everyone contribute especially would like thank kind lady smile face problem parking lot not find place side street give per day pity park,0.9798,positive,"{'positivity': 4.125, 'negativity': 2.25, 'objectivity': 49.625}",17.0
Nova Aparts Otel,staff go beyond apartment clean comfortable internet also around perfect work also give extra table could set desk perfect location overall great stay back,0.9552,positive,"{'positivity': 0.125, 'negativity': 0.75, 'objectivity': 22.125}",13.0
Nova Aparts Otel,good size clean reasonably price self cater heart akyaka,0.6808,positive,"{'positivity': 0.875, 'negativity': 0.75, 'objectivity': 6.375}",5.0
Nova Aparts Otel,good location clean,0.6808,positive,"{'positivity': 0.5, 'negativity': 0.0, 'objectivity': 2.5}",5.0
Nova Aparts Otel,nice,0.4215,positive,"{'positivity': 0.0, 'negativity': 0.0, 'objectivity': 1.0}",3.0
Nova Aparts Otel,bad pretty standard,-0.0772,negative,"{'positivity': 0.875, 'negativity': 1.0, 'objectivity': 1.125}",-2.0
Mosso Boutique Hotel,think tried create boutique hotel divide build small room look like apartment add sea view room reserve standard room sea view unfortunately weak term hygiene hair strand bathroom hotel parking lot late big problem find place late price service receive high hotel area rush hotel different business restaurant breakfast magnificent material use good quality except breakfast disappointment,0.0258,neutral,"{'positivity': 5.375, 'negativity': 3.625, 'objectivity': 48.0}",5.0
Mosso Boutique Hotel,hande elgün minute akyaka minute come accommodation undecided want get idea comment want write want get idea comment would like thank team friendly kind sweet would like say location hotel perfect say zero sea let inform public beach close market restaurant tour boat not worry slope think business see great problem situation breakfast buffet open buffet enough delicious like room room narrow room usually sea sea travel think important think region preserve structure akyaka expectation luxury problem hygiene leave car ahead park lot leave car small place distance far problem price close price ground prefer peace mind,0.9823,positive,"{'positivity': 5.0, 'negativity': 4.375, 'objectivity': 81.625}",20.0
Mosso Boutique Hotel,comment research hesitantly go mosso room clean room satisfy restaurant part breakfast breakfast friend professional friendly respectful hotel accommodation attitude encounter situation breakfast good enough accommodation pro restaurant part hot drink free charge morning even friendly friend reception thank interest,0.9834,positive,"{'positivity': 3.875, 'negativity': 0.0, 'objectivity': 35.125}",15.0
Mosso Boutique Hotel,see akyaka july night stay overnight night staff friendly room give room call garden floor think room convert shop room floor facade zero road room clean location hotel zero beach public beach front beach municipality rent umbrella sun lounger umbrella sea perfect child suitable shallow warm bed breakfast bed breakfast hotel luxury restaurant mix breakfast quality room location upper floor prefer,0.8885,positive,"{'positivity': 3.0, 'negativity': 0.75, 'objectivity': 56.25}",14.0
Mosso Boutique Hotel,break star room find room clean water flow drop drop shower head stay room balcony sea view balcony pleasant sister sweet smile agreed price pay price write saw comment give mixed breakfast morning possibility hungry restaurant cook bartender good restaurant price expensive beach municipality sun lounger restaurant table open umbrella unfortunately,0.8591,positive,"{'positivity': 2.75, 'negativity': 1.125, 'objectivity': 47.125}",10.0
Mosso Boutique Hotel,local tell best restaurant akyaka come two week ago many variety food offer price similar pay usa tasty stand service manager speak english well check often feel comfortable relax din charge accordingly price menu every business,0.9022,positive,"{'positivity': 1.375, 'negativity': 1.625, 'objectivity': 32.0}",4.0
Mosso Boutique Hotel,mosso locate beach serve tasty dish serve pretty big service fast price reasonable especially breakfast option incredible one best town,0.8126,positive,"{'positivity': 2.5, 'negativity': 0.75, 'objectivity': 15.75}",5.0
Mosso Boutique Hotel,good food awesome cocktail friendly stuff mesut number one,0.8885,positive,"{'positivity': 1.5, 'negativity': 0.5, 'objectivity': 6.0}",9.0
Mosso Boutique Hotel,lovely chill atmosphere breakfast beach,0.5859,positive,"{'positivity': 0.375, 'negativity': 0.25, 'objectivity': 4.375}",3.0
Muğla Hotel,hotel immaculate service super love breakfast swim pool breakfast continue trip find hotel chance travel car say stayed,0.8779,positive,"{'positivity': 2.375, 'negativity': 0.0, 'objectivity': 15.625}",8.0
Muğla Hotel,terrible experience last night family stay hotel overnight go hotel hear hotel disappointment cleanliness hotel room common area dirty main problem air condition heat muğla turn air condition night hamam room sit reception come room air condition work come room wait many hour informed reception midnight come room come room room room complain others air condition room work receive response barely sleep wait exit lobby unfortunately leave card reception leave hotel employee hotel friendly except disgrace hotel,-0.9451,negative,"{'positivity': 2.125, 'negativity': 4.875, 'objectivity': 67.0}",-15.0
Muğla Hotel,participate tour agree hotel beyond disgrace small insect crawl room sheet dirty lot hair pillow food okay employee smile say coffee complimentary morning say pay morning explain situation wrong,-0.2023,negative,"{'positivity': 1.25, 'negativity': 2.125, 'objectivity': 25.625}",-4.0
Muğla Hotel,stayed hotel day tour stay comfortable hotel part like clean room every day clean bed give food cat take outside employee lock door rest cool afternoon bat location except hotel deserves star,0.91,positive,"{'positivity': 1.125, 'negativity': 1.25, 'objectivity': 29.625}",9.0
Muğla Hotel,look hotel near patient muğla sıtkı koçman train research hospital find place night say negative room air condition cool much window open bottom unsafe besides hotel beautiful easy reach breakfast simply magnificent variety abundant rich tea freshly squeeze fruit juice turkish coffee everything good breakfast room spacious,0.9423,positive,"{'positivity': 4.375, 'negativity': 2.0, 'objectivity': 36.625}",11.0
Muğla Hotel,clean tidy staff really helpful breakfast plentiful tasty top customer get welcome discount,0.8622,positive,"{'positivity': 1.75, 'negativity': 0.5, 'objectivity': 10.75}",8.0
Muğla Hotel,clean quiet hotel helpful staff good service good breakfast,0.8834,positive,"{'positivity': 1.25, 'negativity': 0.0, 'objectivity': 7.75}",10.0
Muğla Hotel,decent hotel clean friendly staff,0.7096,positive,"{'positivity': 1.0, 'negativity': 0.0, 'objectivity': 4.0}",4.0
Mevsim Otel - Akyaka Otel,forgot ask much money would charge way ask much money would charge fact family business excuse far professionalism room stay week clean towel sheet change towel sheet change ask satisfied forgotten exist customer restaurant invite restaurant ate restaurant first evening ask eaten keep bill keep bill reason give certain star friendliness sister prepare breakfast,0.8625,positive,"{'positivity': 1.5, 'negativity': 1.0, 'objectivity': 49.5}",5.0
Mevsim Otel - Akyaka Otel,location hotel great dk beach room upper floor sea view never stay hotel small room life really shower head instal shower cabin toilet bowl difficult move inside air condition cool blow warm air satisfy name apart something thousand per night really worth air condition work room,0.8748,positive,"{'positivity': 3.125, 'negativity': 1.75, 'objectivity': 38.125}",6.0
Mevsim Otel - Akyaka Otel,close sea term price performance satisfaction term business breakfast prepare smile friendliness employee thank sincerity air condition work water easily heat,0.9062,positive,"{'positivity': 1.125, 'negativity': 0.375, 'objectivity': 19.5}",8.0
Mevsim Otel - Akyaka Otel,location beautiful close beach hotel service refrigerator write room reason refrigerator hotel outside temperature degree air condition break told central say different say go anecdote want cleaning stay day especially leave say let know come told come room untouched forget job brother shower head break shower head break shower toilet incredibly small shower toilet incredibly small internet system bad room depress unfortunately,-0.7425,negative,"{'positivity': 2.625, 'negativity': 3.875, 'objectivity': 55.5}",-1.0
Mevsim Otel - Akyaka Otel,terrible hotel room bad refrigerator television work employee dissatisfy soup breakfast plate option breakfast take breakfast plate sinide without know soup breakfast plate option take breakfast plate front take away fee definitely pay definitely regrettable never go mediocre place,-0.8442,negative,"{'positivity': 1.694, 'negativity': 4.181, 'objectivity': 31.125}",-7.0
Mevsim Otel - Akyaka Otel,regret room hotel choose close sea incomplete poorly maintain example refrigerator room stay air condition toilet seat broken apparatus fix shower head wall break fly screen can not open window word say get do people stay satisfied way staff greet mannerism real hit seem like force job would not bad pay little attention communication style tourism sector even forget check leave asked much would charge family business excuse unprofessional likewise room stay week clean even towel sheet change ask whether satisfied need anything even fact exist customer forgotten invite restaurant dinner restaurant first evening ask eat obviously keep bill reason give star friendliness sister prepare breakfast,0.7873,positive,"{'positivity': 3.625, 'negativity': 6.125, 'objectivity': 92.25}",-4.0
Mevsim Otel - Akyaka Otel,location hotel great beach room top floor sea view never stay hotel small room life even shower cabin shower head mount toilet difficult even move inside air condition cool blow warm air satisfy call apartment something really worth thousand per night least air condition work room,0.8955,positive,"{'positivity': 1.625, 'negativity': 1.75, 'objectivity': 40.625}",8.0
Mevsim Otel - Akyaka Otel,business close sea satisfactory term price performance would like thank friendliness sincerity employee prepare breakfast air condition work water always easily heat,0.8979,positive,"{'positivity': 1.625, 'negativity': 0.125, 'objectivity': 19.25}",8.0
Mevsim Otel - Akyaka Otel,location nice close beach hotel service say refrigerator room reason refrigerator hotel temperature outside degree air condition break tell center ask could different leave thats joke ask clean stay day specifically say let know come tell room untouched answer forgot thats job shower head break shower toilet incredibly small internet system almost nonexistent unfortunately room stuffy depress,0.2911,positive,"{'positivity': 2.625, 'negativity': 3.25, 'objectivity': 48.125}",5.0
Mevsim Otel - Akyaka Otel,terrible hotel room bad refrigerator television work employee dissatisfied choice either soup breakfast plate breakfast buy without know take breakfast plate away charge definitely regret mediocre place never visit,-0.8519,negative,"{'positivity': 1.722, 'negativity': 3.778, 'objectivity': 22.5}",-10.0
Santo Akyaka Home,really surprised read comment stay different boutique hotel two week stay different boutique hotel two week economical room santo employee like among sincere friendly stay thought time felt comfortable slipper shampoo hair dryer deliver go cautiously tv problem solve say problem shower hot water meet expectation enough remember garden floor kitchen remember wrong violet room satisfy breathe night beautiful garden especially boutique hotel plenty cat expect business care animal turn people expectation economic room star hotel say expectation economic room star hotel say constantly akyaka preference favor santo thank,0.9661,positive,"{'positivity': 6.0, 'negativity': 4.75, 'objectivity': 74.25}",12.0
Santo Akyaka Home,location azmak river beach easily reach foot stayed room garden floor smell intense humidity room especially bathroom toilet smell really bad ventilate smell spray smell never pass make double bed combine two bed make double bed put double bedspread put hand towel toilet bowl bathroom hand towel tv white line middle trash except toilet hair dryer room hair dryer room wake sound vacuum clean morning stayed place least hair dry bath slipper room addition owner friendly employee friendly price similar place around less choose choose place,0.9261,positive,"{'positivity': 4.0, 'negativity': 3.25, 'objectivity': 77.75}",5.0
Santo Akyaka Home,clean comfortable hotel affordable price many expensive accommodation lack slipper shampoo room place choose go akyaka thank,0.7351,positive,"{'positivity': 1.125, 'negativity': 1.25, 'objectivity': 13.625}",6.0
Santo Akyaka Home,stayed apartment day room give makeshift room pool privacy zero curtain close window curtain close window inside visible dressed light inside dress shower plastic poor quality mini water heater shower person like hot shower absolutely insufficient water heat blow dryer shower recommend end day patient,0.2263,positive,"{'positivity': 2.0, 'negativity': 1.25, 'objectivity': 41.75}",2.0
Santo Akyaka Home,stay family apart mountain view price really nice location really nice comfort nice satisfy employee friendly help immediately miss situation pool enough would really prefer next visit air condition work smoothly bed comfortable sofa bed hard breakfast last day without airport allow leave suitcase facility nice general thank,0.9784,positive,"{'positivity': 4.5, 'negativity': 2.375, 'objectivity': 39.125}",19.0
Santo Akyaka Home,nice place room uncomfortably small best room really affordable good location staff okay although speak much english,0.8548,positive,"{'positivity': 1.625, 'negativity': 0.625, 'objectivity': 13.75}",11.0
Santo Akyaka Home,okey would recommend picky,0.3612,positive,"{'positivity': 0.25, 'negativity': 0.375, 'objectivity': 2.375}",2.0
Santo Akyaka Home,bit low quality holiday concept,0.1531,positive,"{'positivity': 0.375, 'negativity': 0.125, 'objectivity': 4.5}",2.0
Santo Akyaka Home,super,0.5994,positive,"{'positivity': 0.0, 'negativity': 0.0, 'objectivity': 1.0}",3.0
TN&CO Exclusive CIP Suites/Primeclass Rooms,know exterior door password enter ring close doorbell attendant open door wait elevator hotel go mezzanine floor register climb stair floor bag carry bag room spacious spacious since building convert business center slide window let noise outside ask reception time breakfast morning say need print morning say morning corridor space window call breakfast room say breakfast ready say prepared wait something special plate put front much breakfast cheese olive egg express breakfast like joke buffet breakfast place nothing room hotel nothing else bad experience fool photo internet photo illusion,0.8674,positive,"{'positivity': 3.5, 'negativity': 2.375, 'objectivity': 80.125}",2.0
TN&CO Exclusive CIP Suites/Primeclass Rooms,room clean well maintain tastefully furnish breakfast attentive satisfy logical prepare breakfast plate rather waste open buffet,0.6124,positive,"{'positivity': 2.125, 'negativity': 0.5, 'objectivity': 14.375}",1.0
TN&CO Exclusive CIP Suites/Primeclass Rooms,business trip stay overnight boutique hotel heart city quiet everywhere within walk distance room meet need need much comfort think immaculate clean mi work staff friendly sweet boutique hotel satisfy everything thank,0.9423,positive,"{'positivity': 1.875, 'negativity': 1.0, 'objectivity': 28.125}",10.0
TN&CO Exclusive CIP Suites/Primeclass Rooms,say one nice hotel stay center staff hotel owner friendly room clean modern,0.8271,positive,"{'positivity': 0.25, 'negativity': 0.0, 'objectivity': 12.75}",7.0
TN&CO Exclusive CIP Suites/Primeclass Rooms,terrible experience stay work hotel clean good location satisfy service ask additional toilet paper say could help say sick hotel stay per night problem toilet paper big disgrace,-0.25,negative,"{'positivity': 2.0, 'negativity': 1.875, 'objectivity': 22.125}",-1.0
TN&CO Exclusive CIP Suites/Primeclass Rooms,great location room comfortable clean definitely stay visit beautiful city muğla,0.9493,positive,"{'positivity': 1.0, 'negativity': 0.75, 'objectivity': 8.25}",10.0
TN&CO Exclusive CIP Suites/Primeclass Rooms,easily best place stay muğla also one best hotel stay period make claim base main reason cleanliness size quality room level hospitality service location cleanliness stay one week housekeeping always manage clean room family two change nap time navigate easy task example stay star resort week prior half day room not service nap main cleaning hour even indicate housekeep expect additionally room always smell clean never smell like clean product notice regularly wet vacuum rug something indicate go beyond even occupant stay room child especially incredible piece mind know room clean size quality room suite glaze feature much spacious standard hotel room work desk double duty table dresser ample shelf space clothes musty close dresser drawer large window let plenty light bathroom also big see modern hotel level hospitality service reception help bag find street park even carry stroller stair saw enter building favorite part stay breakfast every morning new addition variation sometimes delicious chocolate cake almond cooky potato even milk box kid lovely breakfast personnel kind learning like even size cup prefer drink tea location right city center within walk distance everything cafe restaurant shop bakery gush sometimes find hesitant take trip become common underwhelming hotel experience tnco sure bet quality stay raise expectation hotel like final note chat owner fascinate couple deep knowledge muğla wide varied interest even speak italian son,0.9915,positive,"{'positivity': 11.75, 'negativity': 7.0, 'objectivity': 198.25}",43.0
TN&CO Exclusive CIP Suites/Primeclass Rooms,daughter wonderful time owner delightful helpful tell place go city room large clean nice hotel convenient could walk restaurant store would definitely stay,0.9552,positive,"{'positivity': 2.625, 'negativity': 0.25, 'objectivity': 18.125}",14.0
TN&CO Exclusive CIP Suites/Primeclass Rooms,hotel tnco probably best travel experience rank among many place across many country accommodation fantastic host incredible service unbelievable city muğla incredibly interesting place location central everything could highly recommend place experience enjoy muğla central fantastic location like hotel tnco certainly back sooner rather later already miss place people jealous anyone soon complaint nothing volunteer negative downside fantastic trip highly highly recommend,0.984,positive,"{'positivity': 6.375, 'negativity': 2.75, 'objectivity': 44.875}",14.0
TN&CO Exclusive CIP Suites/Primeclass Rooms,stay hotel third time first thing notice friendly staff hotel tall build historic center city great view whole city roof room soft design high quality light good work relax good wifi quiet meet owner hotel tell lot interesting place travel around,0.9565,positive,"{'positivity': 1.875, 'negativity': 0.5, 'objectivity': 38.625}",15.0
Nehir Butik Otel,location nice central room clean spider release rope top bed ignore tiny ant bathroom shower electric instantaneous water heater bathroom seem primitive dangerous sound insulation room zero couple fell next room luck come chatty could finish talk talk room midnight think stay definitely speak whisper next room easily hear say lady welcome friendly person saw checked see check left key leave,0.93,positive,"{'positivity': 2.125, 'negativity': 2.875, 'objectivity': 55.0}",10.0
Nehir Butik Otel,nice hotel location number hotel river view walk distance sea clean meticulous staff food nice river view recommend everyone,0.8779,positive,"{'positivity': 0.75, 'negativity': 0.5, 'objectivity': 16.75}",10.0
Nehir Butik Otel,hotel officially smell cleanliness spaciousness room spaciousness room sufficient location locate edge azmak river breakfast vary satisfy go place would prefer thank,0.6705,positive,"{'positivity': 2.0, 'negativity': 1.125, 'objectivity': 16.875}",2.0
Nehir Butik Otel,stayed wife august location magnificent room look azmak river view beautiful room clean room clean call enter hotel turn air condition let room cool like fine thought business owner friendly welcome breakfast delicious cafe part nice short satisfy sense thank,0.9882,positive,"{'positivity': 3.0, 'negativity': 0.75, 'objectivity': 35.25}",27.0
Nehir Butik Otel,pearl aegean akyaka akyaka pearl river hotel azmak river view walk distance sea thank private family run restaurant river view dish river view appetizer successful,0.743,positive,"{'positivity': 0.875, 'negativity': 0.125, 'objectivity': 21.0}",5.0
Nehir Butik Otel,nehir butik hotel perfectly place outskirt akyaka sea village along azmak river surprise cleanliness ambience little gem offer price range expect weathered accommodation charm date river alone make stay worthwhile one,0.8555,positive,"{'positivity': 4.0, 'negativity': 1.375, 'objectivity': 21.625}",7.0
Nehir Butik Otel,excellent view host best service ever see come marathon mehmet bey support give motivation increase energy room cute tidy warm air condition best heater time definitely suggest place sure couple single traveler even group friend may stay long close center river side,0.9858,positive,"{'positivity': 3.25, 'negativity': 1.0, 'objectivity': 36.75}",17.0
Nehir Butik Otel,service spoilt attitude towards hotel breakfast include price parent ask glass tea start leave charge extra tea one warn advance extra tea chargeable menu find breakfast tea cost try convince everywhere turkey tea cost although obviously expensive place also cup tea would owe although eventually refund fact cheat unpleasant many cafe bring tea free warn advance pay coffee breakfast either pay room line price although lot midge far comfortable bed poor soundproof,-0.5267,negative,"{'positivity': 2.25, 'negativity': 3.375, 'objectivity': 61.375}",-12.0
Nehir Butik Otel,beautiful relax place excellent service staff pleasant wonderful food highly recommend visit,0.9652,positive,"{'positivity': 3.75, 'negativity': 0.375, 'objectivity': 7.875}",15.0
Nehir Butik Otel,nice place go hotel restaurant friendly staff owner,0.7184,positive,"{'positivity': 0.125, 'negativity': 0.0, 'objectivity': 7.875}",5.0
Summer Otel,stayed hotel night room definitely renovate especially bathroom bathroom sink paint bathroom sink pour toilet toilet ceiling swell ceiling swollen stay room one person size sufficient breakfast mediocre location ideal think location ideal use small pool price pool think price different business stay akyaka would like experience another place,0.9001,positive,"{'positivity': 1.597, 'negativity': 2.028, 'objectivity': 43.375}",2.0
Summer Otel,fooled comment keep place daily night adult son location walk distance beach walk distance cafe market breakfast satisfactory get want form nice morning buffet get want form open buffet specify possibility place sleep miss child tell beautiful room boutique room standard air condition mini fridge without agreement large bathroom garden hotel ideal pool garden child take child enthusiasm adult enter room room clean tv work sleep hotel satisfy satisfied sleep hotel even settle room spend night street akyaka spend night street akyaka spend day street akyaka,0.957,positive,"{'positivity': 3.125, 'negativity': 1.25, 'objectivity': 77.625}",11.0
Summer Otel,total chance stay summer hotel return home satisfied friendliness staff quality service recommend house friend friend come stayed guest leave happily aydın meltem aslı derya endless thank team make holiday home comfort inanç bey team great see september,0.9833,positive,"{'positivity': 2.875, 'negativity': 0.875, 'objectivity': 29.25}",18.0
Summer Otel,come hotel long journey electricity cut authorize person authorized person air condition impossible sleep akyaka july air without air condition impossible sleep july leave place night call say want refund call recommend place anyone recommend place anyone look place,0.4588,positive,"{'positivity': 0.75, 'negativity': 0.875, 'objectivity': 33.375}",3.0
Summer Otel,stay first day location room cleanliness nice thank team aydın bey thank team derya madam health hand akyaka place stay definitely thank,0.9349,positive,"{'positivity': 1.875, 'negativity': 0.0, 'objectivity': 17.125}",9.0
Summer Otel,good spot close city center beach need car small pool thats good want refresh breakfast average,0.7269,positive,"{'positivity': 1.125, 'negativity': 0.375, 'objectivity': 13.5}",7.0
Summer Otel,stayed hotel night room definitely need renovate especially bathroom paint bathroom sink peel toilet press area go ceiling swollen definitely need renovate stayed room people size sufficient breakfast mediocre could better think location ideal not use pool albeit small not think price different business price stay akyaka would like experience another place,0.9217,positive,"{'positivity': 2.722, 'negativity': 3.528, 'objectivity': 41.75}",4.0
Summer Otel,not fool review book place night day adult son location walk distance beach walk distance cafe market breakfast satisfy much want form nice open buffet morning would nice could state thing miss place sleep child make agreement room boutique room standard air condition mini refrigerator large bathroom ideal pool hotel garden appeal child accessible adult room clean tv work sleep hotel satisfy day two walk around akyaka visit surround district daily plan even settle room spend night street akyaka nice place stay,0.9745,positive,"{'positivity': 3.5, 'negativity': 1.125, 'objectivity': 73.375}",10.0
Summer Otel,chance stay summer hotel time total time return home satisfied friendliness staff quality service recommend friend acquaintance come guest left happy endless thank entire team aydın meltem aslı derya make experience holiday comfort home inanç team great see september,0.9799,positive,"{'positivity': 3.125, 'negativity': 0.625, 'objectivity': 30.25}",21.0
Summer Otel,would like express concern read many negative review summer hotel arrive greeted politely first question long staff run summer hotel answer give hope five day recommend summer hotel facility clear conscience something wrong resolve take care immediately promptly staff courteous polite also think value money good table wipe promptly constantly ask whether concern wish need fulfil room neat clean everything really attractive garden pool satisfy,0.9846,positive,"{'positivity': 7.75, 'negativity': 3.0, 'objectivity': 50.25}",22.0
Hotel Azmakhan,enter hotel need climb steep staircase suitcase hand staff offer help moment enter hotel damp air welcome classical entrance procedure offer help carry suitcase room room atmosphere dominate dark dampness dim light provide light lead room garden floor view wall room personality remove socket water heater tv plug charge phone air condition bad work toilet shower okay siphon problematic siphon stick breakfast moderate breakfast environment disaster interior exterior invaded cat cat hair hygienically cat fear recommend allergy choose hotel choose next vacation,-0.0516,negative,"{'positivity': 2.875, 'negativity': 3.375, 'objectivity': 75.75}",1.0
Hotel Azmakhan,cat walk around table allergic structure person mediocre bad sun lounger pool people sun lounger pool chip crumb leave people leftover contaminate pool water pool entrance exit shower guidance shoe people walk around pool enter pool step place cake bag still place day find hygienic garden find hygienic garden entrance hotel certain open pool door reception desk bad situation suitcase pool people pool massage parlor positive side security put young lady hotel try catch everything unfortunately,-0.5719,negative,"{'positivity': 4.0969999999999995, 'negativity': 5.2780000000000005, 'objectivity': 65.625}",-8.0
Hotel Azmakhan,room smell really bad toilet likewise disgraceful bathroom ceiling moldy moldy air condition maintain guess air condition work room want change room say would place one room cafe side room pool view believe room smell bad say nail wooden floor balcony service smile face unfortunately,-0.8012,negative,"{'positivity': 1.25, 'negativity': 4.375, 'objectivity': 38.375}",-3.0
Hotel Azmakhan,room eh bathroom not know moss moldy get wet floor take shower foot water water take shower shower cabin pas water move wet place room inside room also dirty curtain torn room staff say come clean lady clean lady gentleman reception lady reception also meet smile face location hotel nice go river pool nice clean like thank anyway,0.936,positive,"{'positivity': 2.125, 'negativity': 1.75, 'objectivity': 53.125}",14.0
Hotel Azmakhan,stayed hotel night get car hotel staff escort room location hotel room clean staff friendly breakfast sufficient clean choose hotel,0.8225,positive,"{'positivity': 0.25, 'negativity': 0.875, 'objectivity': 18.875}",6.0
Hotel Azmakhan,fabulous hotel lovely helpful staff comfy bed nice room good breakfast helpful chef sort cholesterol free breakfast husband book night stayed third second visit memorable hotel visit thank sweet,0.9783,positive,"{'positivity': 2.375, 'negativity': 1.0, 'objectivity': 25.625}",23.0
Hotel Azmakhan,attend spa zone hotel great hamam pool massage pity one massage lady can not massage simultaneously friend pool chillout zone bar compensate wait,0.0701,positive,"{'positivity': 1.25, 'negativity': 1.875, 'objectivity': 17.875}",2.0
Hotel Azmakhan,place well clean especially staine bed shot pillow hair bed shower room well maintain dirty not give double bed single bed night bed separate feel like sleep single bed couple bed breakfast breakfast place awesome azmak river staff work warmly welcome cold maybe busy time exactly,0.936,positive,"{'positivity': 2.375, 'negativity': 1.75, 'objectivity': 39.875}",8.0
Hotel Azmakhan,hotel azmakhan fantastic place visit beautiful hotel excellent guest service staff go beyond help location gorgeous lovely breakfast swim pool well definitely recommend stay,0.9818,positive,"{'positivity': 3.875, 'negativity': 0.125, 'objectivity': 19.0}",17.0
Hotel Azmakhan,price good accommodation nice love,0.872,positive,"{'positivity': 1.625, 'negativity': 0.0, 'objectivity': 3.375}",9.0
Su Apart Otel Akyaka,place never go go family nice go go state hotel fool photo work hotel fool photo state hotel head dislocate socket brown dry stain cover put upholstery open say lay bed linen without open top need grain man bring grain name clean laid forget hair stain pillow bed forget hair bed forget cologne sleep squeeze sleep without pillow expect privacy inside apartment door inside broken lock apply strong pressure door close wall crack wall dirty pan pot bad condition scratch scratch scratch orange scratch orange yellow tube work try turn caught fire slightly far sea say man friendly recommend go,-0.8655,negative,"{'positivity': 4.125, 'negativity': 5.25, 'objectivity': 88.625}",-3.0
Su Apart Otel Akyaka,would like start fact apartment past experienced incredible decline quality want start fact previous visit saw sincere sincere business previous visit service term room stay visit water apart seriously let term room stay information write entrance room write smart room service information write entrance room could see room service normally service may provide smart name smart look first channel one one name smart ask gentleman stand reception desk whether could find smart whether could cancel gentleman answered question definite attitude dsmart service enter room scan could find asked gentleman help call room look behind tv say could find channel ask help say tamper go room room hand pan glass knife creak furniture break hair dryer welcome,0.9829,positive,"{'positivity': 8.125, 'negativity': 3.875, 'objectivity': 95.0}",19.0
Su Apart Otel Akyaka,room clean location business require uphill come part restaurant bar sea bazaar size pool may sufficient clean operator friendly helpful best,0.9393,positive,"{'positivity': 1.125, 'negativity': 1.375, 'objectivity': 18.5}",11.0
Su Apart Otel Akyaka,hotel stay family day within walk distance sea many market bim migros location thank business owner interest location sincere sincere complete deficiency work room good term price performance pool decorate bougainvillea flower ideal clean boutique hotel style sweet family hotel recommend everyone whole heartedly,0.9732,positive,"{'positivity': 2.0, 'negativity': 0.25, 'objectivity': 37.75}",14.0
Su Apart Otel Akyaka,accommodation experience su apart hotel great clean meticulous hygiene room clean regularly every day staff extremely kind helpful especially fahrican give useful information surround tourist attraction location hotel within walk distance beach restaurant cafe nearby breakfast offer hotel delicious pool area clean well maintain ideal sunbathe relax hotel successful term price quality balance family couple definitely recommend look forward come back su apart hotel,0.9924,positive,"{'positivity': 5.125, 'negativity': 0.625, 'objectivity': 55.25}",27.0
Su Apart Otel Akyaka,good stay big room good price,0.7003,positive,"{'positivity': 1.25, 'negativity': 0.125, 'objectivity': 4.625}",7.0
Su Apart Otel Akyaka,eat bad dinner life not feel tasteless sad,-0.2373,negative,"{'positivity': 0.375, 'negativity': 2.5, 'objectivity': 5.125}",-5.0
Su Apart Otel Akyaka,pool rather small one cold beer nice cheap cocktail great,0.7845,positive,"{'positivity': 0.5, 'negativity': 0.875, 'objectivity': 8.625}",6.0
Su Apart Otel Akyaka,comfortable stay thank hospitality,0.7003,positive,"{'positivity': 0.25, 'negativity': 0.75, 'objectivity': 3.0}",4.0
Su Apart Otel Akyaka,place never go go family ago nice go wish hotel trace self not fool photo socket protrude one not even head cover put floor open brown dried stain decide lay bed linen without uncover need another one man bring one name clean spread saw stain forget hair pillow bed spray cologne place sleep sleep without pillow also expect privacy inside apartment door inside broken lock apply strong pressure door close wall crack dirty pan pot bad condition scratch even scratch orange yellow orange get old tube work try open give little fire slightly far sea say good thing friendly not recommend go,0.492,positive,"{'positivity': 4.0, 'negativity': 7.25, 'objectivity': 88.75}",3.0
Yücelen Otel Akyaka,location hotel view wonderful experience peace green blue hotel beach great comfort hotel beach look option want difference available bay within walk distance temperature sea water shallow deep region ideal satisfied temperature sea water shallow deep region ideal satisfied cure prepare holiday elif work kitchen hotel help kindness helpfulness hotel elif help need meet convey thank ibrahim bey grill halis bey restaurant job kind way could reach quickly next door hotel staff cedar cafe friendly interested room clean way would please day room small slightly damp ceiling sea guess disturb energy hotel outside disturb location nice room people work reception people work reception upset encountered people attitude want stay not want stay not want go people come across like enter father sick road offer cold water give information hotel learn doctor hotel bad welcome hotel think suit satisfy everything except employee reception last day meet hotel owner hamdi bey kind polite gentleman express idea sure definitely take account minor set back improve sure leave good impression result definitely pleasant holiday pleasant holiday employee compensate disruption experience first enter thank everyone,0.9978,positive,"{'positivity': 12.375, 'negativity': 7.875, 'objectivity': 151.75}",47.0
Yücelen Otel Akyaka,truly magnificent nature creek flow creek terrific special detail hotel part creek separate breakfast rich lunch dinner delicious portion hearty restaurant especially mehmet bey employee kind self sacrifice beach beach beach towel sun lounger service separate value sea sand clean park problem hotel staff praise deserve congratulation akyaka hotel stay hotel stay definitely think come town expensive cute place akyaka calmness without think want peace mind,0.9895,positive,"{'positivity': 6.0, 'negativity': 1.75, 'objectivity': 54.25}",24.0
Yücelen Otel Akyaka,last time come hotel satisfy especially coincided begin september crowd akyaka decrease hotel calm telin beach beach calm beach good negative breakfast option reduce past near closure season,0.7003,positive,"{'positivity': 1.875, 'negativity': 0.5, 'objectivity': 23.625}",5.0
Yücelen Otel Akyaka,hotel akyaka undisputedly great advantage sandy beach hotel understand example sit beach easily buy food drink market next door consume easily great advantage difficult economy course put cool bag eat drink without think whether rip comfortably interfere eat drink room big safe restaurant price normal cold appetizer weak effective restaurant akyaka water flow sit room fish duck turtle really enjoyable bad gym employee smile think definitely choose akyaka place money hard earn thank hotel,0.9786,positive,"{'positivity': 6.375, 'negativity': 4.0, 'objectivity': 58.625}",16.0
Yücelen Otel Akyaka,sea location hotel surroundings nice room shower air condition separate sandy beach available sea shallow beautiful pool clean house wooden room soundproof breakfast buffet average hot temperature may variety less,0.8555,positive,"{'positivity': 1.375, 'negativity': 0.375, 'objectivity': 28.25}",8.0
Yücelen Otel Akyaka,location hotel perfect relaxing time akyaka stayed end season shop close pool cold even though weather perfect room clean way breakfast strange usual omelette man good range cheese fruit juice flavour tea melon toaster,0.9371,positive,"{'positivity': 1.625, 'negativity': 0.375, 'objectivity': 31.0}",10.0
Yücelen Otel Akyaka,think lot decide share bad massage experience hotel guest hotel book medical massage seem like good hotel masseuse man begin seem friendly harmless first really massage masseuse keep put load load oil rinse towel rub part little bit time seemd like touch sometimes make think really appropriate touch really massage lift leg behind cover bottom pull back towel show discomfort point start make weird noise grunting ask turn put much oil breast even though want cover do massage face try cover breast finally start say massage woman everyday problem could relax everything unprofessional bit inappropriate professional would notice body point stiff piece wood froze say good answer say normal good okey still could believe happen could decide want cover eye massage breast finally manage say top horrible experience pay bad experience life would want woman go share experience even though quite hard,0.5868,positive,"{'positivity': 6.375, 'negativity': 8.625, 'objectivity': 120.0}",3.0
Yücelen Otel Akyaka,begin arrive bit skeptical car park narrow somehow manage parked hospitality good person charge ready hospitality guess room clean even satisfy room position able recommend room exactly front swim pool nice others food nice also breakfast fresh dinner even go restaurant breakfast reasonable price delicious table sheet always clean,0.9738,positive,"{'positivity': 3.0, 'negativity': 1.75, 'objectivity': 43.25}",17.0
Yücelen Otel Akyaka,ordinary hotel extraordinary beautiful place hotel great story architecture type people attract design one well know architect award several time unique architecture shape whole hotel room even whole village akyaka owner great story hotel well know writer visitor continue honor people work extraordinary helpful food great view restaurant coffee shop great best hotel area without doubt,0.9917,positive,"{'positivity': 4.75, 'negativity': 0.5, 'objectivity': 48.75}",25.0
Yücelen Otel Akyaka,example great hospitality hospitality return hotel travelling lot say really impressed warm hospitality staff really amazing mustafa belma thank lot merit comfortable shuttle time room accounting wish even heat attentive delicate polite man serve breakfast sincerely smile hotel include woman cleaning room good breakfast really like serve local tasty food olive back house bread mandarin cheese local marmalade coffee option improve important many people room wooden room traditional style hotel lot flower mandarin tree small stream fish duck near sea forest hotel authentic turkey best sense season november great choice people like crowd warm shaming cozy water even warm enough swim favorite trip turkey,0.9953,positive,"{'positivity': 10.431000000000001, 'negativity': 2.819, 'objectivity': 88.75}",43.0
Ala Butik Hotel,could think would meet friendly warm hearted business owner akyaka thank sincerity interest owner erdal küçükodabaşı leave hotel selection last minute short akyaka tour find chose ala boutique hotel location price cleanliness location price chose well satisfied satisfy definitely recommend friend hotel clean warm friendly close sea,0.9842,positive,"{'positivity': 3.625, 'negativity': 0.125, 'objectivity': 36.25}",17.0
Ala Butik Hotel,stay night mid september wife stay night location terrific room sufficient need buy new sheet pillowcase although clean stain seem leave trace owner relevant bed breakfast price performance hotel,0.6808,positive,"{'positivity': 1.625, 'negativity': 1.875, 'objectivity': 24.5}",5.0
Ala Butik Hotel,importantly location great stayed great day use car walk center room spacious clean air condition room smart tv smart tv disturb noise may disturb room face street disturb noise window cut sound much need look price place eat immediate vicinity market cafe pub unnecessarily expensive walk beach animal friendly business satisfy definitely recommend,0.9628,positive,"{'positivity': 2.75, 'negativity': 3.125, 'objectivity': 47.125}",8.0
Ala Butik Hotel,akyaka stay chance look comment prefer look good choice make good choice importantly need car hotel immaculate erdal bey extremely understanding polite gentleman highly recommend,0.8977,positive,"{'positivity': 5.375, 'negativity': 0.25, 'objectivity': 17.375}",12.0
Ala Butik Hotel,location hotel beautiful hotel clean room spacious spacious price performance hotel breakfast give unfortunately put small water refrigerator would ask put water fridge soon possible nice go night night get water thank hotel operator interest,0.91,positive,"{'positivity': 0.875, 'negativity': 1.0, 'objectivity': 32.125}",13.0
Ala Butik Hotel,lovely hotel hotel location great close center akyaka away beach foot hotel manager erdal make feel familiar stuff friendly helpful room clean hygienic pleasure stay fancy boutique hotel delicious traditional turkish breakfast serve golden roof restaurant away hotel enjoyed mom handmade marmalade fresh scramble egg honey excellent selection restaurant nearby street noisy weekend overall,0.9856,positive,"{'positivity': 5.0, 'negativity': 1.125, 'objectivity': 45.875}",23.0
Ala Butik Hotel,nice clean room short stay,0.6705,positive,"{'positivity': 0.0, 'negativity': 0.0, 'objectivity': 5.0}",5.0
Ala Butik Hotel,super,0.5994,positive,"{'positivity': 0.0, 'negativity': 0.0, 'objectivity': 1.0}",3.0
Ala Butik Hotel,could imagine would encounter friendly warm blood business owner akyaka would like thank owner business erdal küçükodabaşı interest sincerity leave hotel selection last minute short tour akyaka choose ala boutique otel find due cleanliness location price glad choose pleased definitely hotel recommend friend clean warm friendly close sea facility,0.9849,positive,"{'positivity': 3.75, 'negativity': 0.625, 'objectivity': 36.625}",23.0
Ala Butik Hotel,stayed one night wife mid september location terrific room adequate need buy new sheet pillowcase time time even though clean look nice stain leave mark owner care relevant bed breakfast full price performance hotel,0.91,positive,"{'positivity': 1.5, 'negativity': 1.25, 'objectivity': 31.25}",11.0
Yelken Hotel Akyaka,date check room daily bed breakfast far understand hotel inspire akyaka house make small touch akyaka mansion architectural structure build stone wood small pool open hour public beach open hour forest beach close azmak river possible reach azmak river foot possible reach restaurant kiosk clothes jewelry store cafe bar cafe bar near migros boutique hotel around hotel cafe bar boutique hotel around hotel quiet peaceful place room stay next pool room sheet towel clean toilet bathroom clean general cleaning room do daily sheet change hotel total bed bed bed bed bed bed bed hotel full hotel full chance examine room room stay long stayed comfortable family suitable family hotel suitable family hotel suitable family see picture breakfast give breakfast good hearty food restaurant suitable cut vicinity thank owner business thank employee,0.9705,positive,"{'positivity': 4.375, 'negativity': 1.375, 'objectivity': 120.25}",28.0
Yelken Hotel Akyaka,stayed wife night room clean good room small spending time room narrow use sleep evening location extreme throw breakfast photo get unlimited tea bread next coffee not know give say coffee not know ravioli left side hotel would definitely say not back without eat ravioli way not know park area front hotel weekday find place easily park problem parking problem pool small family try enter narrow location sea walk distance logical prefer sea,0.6486,positive,"{'positivity': 5.375, 'negativity': 4.25, 'objectivity': 61.375}",1.0
Yelken Hotel Akyaka,stayed one night hotel small photo room overlook pool first floor breakfast start morning activity start morning music start sleep interrupt sound insulation bass sound pub come night breakfast satisfy hotel location staff clean sister staff friendly,0.7579,positive,"{'positivity': 1.25, 'negativity': 0.0, 'objectivity': 35.75}",2.0
Yelken Hotel Akyaka,check date enter randomly without make holiday plan observation room spacious clean chose room view pool location perfect walk everywhere park lot satisfied car parking problem think welcome nice owner apartment friendly everything do bar great advantage environment quiet calm,0.9668,positive,"{'positivity': 3.25, 'negativity': 0.625, 'objectivity': 34.125}",20.0
Yelken Hotel Akyaka,room incredibly small difficulty place suitcase able give star result daily experience especially bar drink expensive pool incredibly small breakfast prepare well liked enter room want sleep room side side lap lap,0.3657,positive,"{'positivity': 0.75, 'negativity': 1.75, 'objectivity': 29.5}",3.0
Yelken Hotel Akyaka,nice hotel definitely need room back front room noisy bar street dog decent breakfast coffee available,0.5859,positive,"{'positivity': 2.0, 'negativity': 0.5, 'objectivity': 13.5}",2.0
Yelken Hotel Akyaka,hotel unique atmosphere stuff friendly helpful clean room well organize recommend try,0.9062,positive,"{'positivity': 0.75, 'negativity': 0.125, 'objectivity': 11.125}",8.0
Yelken Hotel Akyaka,excellent room first class quality good price,0.765,positive,"{'positivity': 1.875, 'negativity': 0.0, 'objectivity': 5.125}",8.0
Yelken Hotel Akyaka,amaze stay location center everything staff quite helpful,0.7645,positive,"{'positivity': 0.25, 'negativity': 0.875, 'objectivity': 5.875}",4.0
Yelken Hotel Akyaka,beautiful place classy,0.7783,positive,"{'positivity': 1.125, 'negativity': 0.0, 'objectivity': 1.875}",6.0
Moğla Taşhan otel,definitely recommend service understand say lemon olive oil breakfast bring home take back home show breakfast area find place pool stay night say child sleep never see similar approach hotel phone never see similar approach hotel customer decision can not stay approve comment phone take subject phone keep room one person night although enter room leave room lead conversation last point heard ask stair screw account extremely crooked room leave room sound hear explanation make disregard accused lie say check day architect threaten speech record see treatment life see treatment life stay many hotel home abroad would recommend anyone go business,-0.0,neutral,"{'positivity': 3.625, 'negativity': 4.0, 'objectivity': 90.375}",-4.0
Moğla Taşhan otel,room incredibly cute immaculate room small room small ideal stay small room location shelter middle village without small wardrobe road hotel close hotel tree right leave cleanliness important really clean definitely recommend,0.9435,positive,"{'positivity': 3.125, 'negativity': 0.625, 'objectivity': 27.25}",7.0
Moğla Taşhan otel,interest experience family hotel family hotel room simple clean owner hotel simple clean room friendly people work friend friendly people hotel oasis nature noon witness event involuntarily people stay hotel night want leave hotel insistently check time hotel owner employee great patience explain check time pass unload reservation room stay plane stay noon would leave noon world offend hotel unspeakable swear word stay hotel threaten write comment friend disparage hotel show ugly misbehavior could turn hotel upside leave threw dirty diaper hotel pool leave arrival speaking arabic turkish congratulate hotel owner employee patience calmness unfortunately condemn people know rule good manner,0.9371,positive,"{'positivity': 5.125, 'negativity': 4.0, 'objectivity': 89.875}",1.0
Moğla Taşhan otel,room clean stay location important stay inside stay accommodation want spend day quiet pool crowd problem pool crowd problem breakfast sloppy say mediocre forbidden bring drink outside absurd bring food small water give bim water food price expensive toast boutique hotel encounter price way stay boutique hotel stay last visit,-0.5267,negative,"{'positivity': 2.347, 'negativity': 2.528, 'objectivity': 44.125}",-3.0
Moğla Taşhan otel,place satisfy garden beautiful breakfast sufficient room small gentleman bar take care polite interested thank,0.936,positive,"{'positivity': 2.125, 'negativity': 0.75, 'objectivity': 12.125}",11.0
Moğla Taşhan otel,unique quaint hotel beat path gülçin one owner ali go way make feel welcome room lovely next time well rent suite collapsible staircase amaze ground fabulous plenty park hidden gem well definitely return,0.9618,positive,"{'positivity': 4.625, 'negativity': 0.875, 'objectivity': 26.5}",14.0
Moğla Taşhan otel,flea bedbug low service middle nowhere unreasonable price,-0.2732,negative,"{'positivity': 0.375, 'negativity': 0.625, 'objectivity': 7.0}",0.0
Moğla Taşhan otel,super,0.5994,positive,"{'positivity': 0.0, 'negativity': 0.0, 'objectivity': 1.0}",3.0
Moğla Taşhan otel,definitely recommend service approach even include olive oil lemon breakfast say bring home take back home one show area breakfast find place pool say phone stay night child sleep never see similar approach hotel customer decision receive comment phone say can not stay approve take seriously booked room people even though checked leave room instead even caused talk among finally leave asked account staircase screw makeshift room explanation suddenly heard sound take account accuse lie say not like architect check every day threaten conversation record also treat never see treatment life stay many hotel home abroad would recommend anyone go establishment,0.3378,positive,"{'positivity': 2.75, 'negativity': 3.875, 'objectivity': 91.375}",0.0
Moğla Taşhan otel,room incredibly cute spotlessly clean room small ideal accommodation need thing lack small wardrobe without location middle village shelter surround closed area road hotel line tree side hotel cleanliness important sweat really clean definitely recommend,0.9506,positive,"{'positivity': 3.625, 'negativity': 0.875, 'objectivity': 29.5}",8.0
Koparan Apart,knew holiday akyaka would nice would arrange holiday long time soon enter hotel welcome smile face show different room type one one ask money without show room ask money without show room fee take entrance hotel keep room garden floor room immaculate top bottom room akyaka house back next hope back recommend everyone family apartment garden bougainvillea tree sea view spaciousness spaciousness recommend everyone akyaka sure stop,0.9661,positive,"{'positivity': 2.5, 'negativity': 1.5, 'objectivity': 54.0}",14.0
Koparan Apart,review look photo hotel make reservation day look photo hotel welcome approach nice try help need take care room need take care room ceiling toilet bowl room give open certain renovation image case another empty room may show another empty room want change want change give different room hygiene lacking room could wipe door wipe stain hair hair refrigerator dryer room bathroom small person neck can not comfortable toilet bowl example stay unfortunately experience,0.872,positive,"{'positivity': 3.125, 'negativity': 4.5, 'objectivity': 65.375}",14.0
Koparan Apart,second week september mother brother wife choose holiday koparan apart hotel muğla akyaka choose well welcome interest operator koparan apart ali bey son hope settle room mountain view side sea view side mountain view take good care take good care indescribable believe advertise see live go seaside last gulf elderly mother husband immediately provide folding chair good still beautiful people thank operator koparan apart hotel ali bey son umut good able say beautiful people still among,0.9906,positive,"{'positivity': 5.875, 'negativity': 0.5, 'objectivity': 62.625}",29.0
Koparan Apart,location far center towel sheet toilet paper miss room window one room give light make reservation phone sure ask room photo make reservation chose stop stay night regret saw room regret afterwards stay encounter stay stay agree pay cash agree pay cash pay tax think money receive cash,-0.5106,negative,"{'positivity': 1.25, 'negativity': 2.25, 'objectivity': 44.5}",-8.0
Koparan Apart,september stay day september say stay bad place stay room stay bed linen clean smell dirty hot water want shower child even hot water cockroach roam bathroom room socket place need socket photo never recommend go,-0.6715,negative,"{'positivity': 0.625, 'negativity': 3.125, 'objectivity': 32.25}",0.0
Koparan Apart,reserve day vacation owner hotel rude adult age boy give mattress style bed ask fee normal bed business owner effort talk rudeness hotel owner say favor cheap burn deposit run away hurry,-0.4215,negative,"{'positivity': 1.875, 'negativity': 2.125, 'objectivity': 28.0}",0.0
Koparan Apart,turkey trip visit akyaka decide stay night find apart young man reply fast give nice room upstairs wake morning amazing view hotel clean bad comfortable recommend visitor book enjoy holiday,0.9477,positive,"{'positivity': 1.5, 'negativity': 2.125, 'objectivity': 25.375}",12.0
Koparan Apart,wonderful stay koparan apart hotel akyaka staff friendly helpful room spacious clean location perfect explore town beach breakfast delicious vary terrace lovely view garden would highly recommend place anyone look relax comfortable accommodation akyaka,0.9856,positive,"{'positivity': 3.125, 'negativity': 1.375, 'objectivity': 24.5}",24.0
Koparan Apart,happy find lovely place even though late last minute uhmet house manager welcome even wait arrive would get lose service care excellent room large suite full balcony kitchen like others say beautiful view quiet peaceful stay one day stay three people make stay uhmet father ali truly connect guest make stay special would travel far visit stay,0.9833,positive,"{'positivity': 5.875, 'negativity': 0.5, 'objectivity': 45.625}",20.0
Koparan Apart,amaze experience friend room small cozy enough place two person view magical wake every morning give gratitude opportunity see umut owner hotel bucket person whole akyaka believe not find anyone need something umut always beside solve problem thank much hospitality kindness heart,0.9468,positive,"{'positivity': 2.75, 'negativity': 3.0, 'objectivity': 30.25}",8.0
portofino apart,stayed room pool floor smell room intense due black mold dampness wall room stay tried sleep opening glass door item leave room get wet humidity price consider appropriate host people condition moreover price consider appropriate except place go price location nice lady kind,0.743,positive,"{'positivity': 1.0, 'negativity': 0.625, 'objectivity': 41.375}",9.0
portofino apart,room need renovate cleanliness need emphasize curtain close room way feel safe room linen cleaning,0.4404,positive,"{'positivity': 1.5, 'negativity': 0.25, 'objectivity': 13.25}",1.0
portofino apart,close center akyaka affordable apartment park problem parking problem front apartment building put car front work lady kind helpful problem solver room air condition stave fridge tv available enough internet wifi available perfect pull hot cold water bathroom available bathroom drain akyaka stay without hesitation,0.5594,positive,"{'positivity': 1.375, 'negativity': 2.0, 'objectivity': 38.625}",3.0
portofino apart,service addict wait light room paint bathroom ceiling smell detergent room sleep smell dampness mold smell detergent pass wonder people praise place stay wonder people praise place stay greet audience listen interesting song balcony night make long phone call speaker phone relate last business,0.9042,positive,"{'positivity': 4.5, 'negativity': 0.375, 'objectivity': 39.125}",9.0
portofino apart,stay room garden floor chose room wide realize room damp moldy plaster ceiling bathroom visible moisture mold room right next cleaning room garden floor saw cleaning room could sleep sheet forgot electric toothbrush room contact business say find room sure forget,0.1027,positive,"{'positivity': 2.625, 'negativity': 1.0, 'objectivity': 36.375}",-2.0
portofino apart,one bad experience ever room pool level dirty moldy hair dirt everywhere especially bathroom duvet apparently unwashed balcony door could barely open close pipe air condition system bathroom drip water every day fridge not work freezer compartment top die cockroach kitchen morning absolutely worth money two positive thing manager friendly air condition work not make experience,-0.4417,negative,"{'positivity': 2.125, 'negativity': 3.875, 'objectivity': 49.0}",-2.0
portofino apart,excellent place stay great value receptionist polite helpful location great position tuck away hustle bustle town centre room decent size clean pool perfect size kid friendly position well pleasant place stay family highly recommend,0.9871,positive,"{'positivity': 4.25, 'negativity': 1.0, 'objectivity': 28.75}",25.0
portofino apart,nice place really enjoy conversation owner nail nice enough take ride sidecar motorcycle super cool guy staff friendly check thunderstorm great price comfy bed pool look nice not use really beautiful beach nearby rahat beach thank recommendation nail top notch place memorable trip stay back soon,0.9759,positive,"{'positivity': 3.375, 'negativity': 2.0, 'objectivity': 39.625}",28.0
portofino apart,great place stay akyaka beautiful sea view bay nice swim pool friendly atmosphere spacious room hospitable helpful staff definitely back,0.9612,positive,"{'positivity': 1.875, 'negativity': 0.0, 'objectivity': 17.125}",14.0
portofino apart,try help deal problem cause cancel reservation find another place stay family room small saw web,-0.25,negative,"{'positivity': 1.375, 'negativity': 0.75, 'objectivity': 13.875}",-1.0
Egehan Otel,one price performance hotel stay employee owner hotel friendly food good turkish food variety appetizer food enough fed stomach well importantly hotel room clean furniture room air condition television comfortable think elevator improve elevator take people slowly thank hotel owner love work,0.9753,positive,"{'positivity': 1.75, 'negativity': 0.75, 'objectivity': 39.5}",16.0
Egehan Otel,location hotel beautiful place room sweet beautifully design comfortable owner hotel birhan ilkem mother not remember name sweet smile people thank love breakfast make feel like breakfast garden home definitely choose eye close,0.9839,positive,"{'positivity': 2.875, 'negativity': 1.375, 'objectivity': 26.75}",21.0
Egehan Otel,stayed price performance hotel location location front minibus pass make reservation online site convenient pool garden view highway may noise day long room clean neglect break point suitable family child,-0.0772,negative,"{'positivity': 1.75, 'negativity': 0.75, 'objectivity': 27.5}",2.0
Egehan Otel,thank quality beautiful stop journey antalya thank room clean employee friendly price reasonable animal lover like stay monthly baby satisfy,0.9678,positive,"{'positivity': 2.375, 'negativity': 0.375, 'objectivity': 17.25}",14.0
Egehan Otel,hotel choose tour go mother stayed overnight hotel elevator slow evening meal disgust except egg salad pink pickle lobby corridor wonderful room nice shower cabin small view outside hotel excellent,0.7506,positive,"{'positivity': 2.125, 'negativity': 0.5, 'objectivity': 27.375}",5.0
Egehan Otel,dirty noisy smell nasty surprise,-0.7269,negative,"{'positivity': 0.75, 'negativity': 2.25, 'objectivity': 2.0}",-6.0
Egehan Otel,good location muğla center,0.4404,positive,"{'positivity': 0.5, 'negativity': 0.0, 'objectivity': 2.5}",3.0
Egehan Otel,bad,-0.5423,negative,"{'positivity': 0.0, 'negativity': 0.875, 'objectivity': 0.125}",-3.0
Egehan Otel,nice hotel,0.4215,positive,"{'positivity': 0.0, 'negativity': 0.0, 'objectivity': 2.0}",3.0
Egehan Otel,super,0.5994,positive,"{'positivity': 0.0, 'negativity': 0.0, 'objectivity': 1.0}",3.0
Padok Premium Hotel & Stables,august chance stay beautiful facility talk göksun reception leave voice kind polite interested happy go detach wonderful villa beautiful green area detach wonderful villa tree love horse also equestrian sport horse care saw beautiful facility respectable decent noble family brilliant beautiful young gentleman grow beautiful family gökhun brother göksun sister meet education foreign language know sport identity modesty modesty manner wonderful son grown tradition custom real turkish family exaggerate recommend everyone definitely meet life would definitely recommend meet life decrease meet beautiful family time whole heartedly decreased meet beautiful family time meeting göksun say could reach hotel call week come hotel say group come apologize apologized call family arrange suite room beautiful way call say father go father say fold try find new room try find new room try please guest without get bore admired guest take care guest patience especially housekeeper employee housekeeper türkan helpful issue humbly wish breakfast hall big wish variety arrange different every day wish beautiful people would appear front perfect time humbly congratulate parent family raise quality child worthy country place magnificent beauty difficult find time offer deep respect parent young people constantly leave beautiful country selfishly settle country stay beautify beautiful homeland found atatürk martyr pour blood ancestor martyr worthy citizen think class citizen country land culture country land culture culture think disloyal young people never worthy ancestor never worthy ancestor never worthy country take people developed century uneducated uneducated unqualified herd stray people without identity sell land beautiful country earn blood martyr difficulty beautiful country wish everyone give everyone opportunity time wish napoleon beautiful say love soldier love soldier another country,0.9995,positive,"{'positivity': 39.25, 'negativity': 9.5, 'objectivity': 204.25}",122.0
Padok Premium Hotel & Stables,hotel taught would make reservation work room lamp work room hotel locate village want ride horse go hobby owner definitely prefer accommodation breakfast class ate market egg garden herd chicken garden staff successful intention elevator broken take suitcase stair come hungry road take care food business food basket many point would give hotel,0.7845,positive,"{'positivity': 3.625, 'negativity': 0.5, 'objectivity': 46.875}",5.0
Padok Premium Hotel & Stables,stay overnight september gap think caused end season balcony door close kettle work noise make horse leave hungry morning wake help start day without set alarm calm price performance hotel difference breakfast first day first day think provoke,-0.0325,neutral,"{'positivity': 2.875, 'negativity': 1.375, 'objectivity': 32.75}",0.0
Padok Premium Hotel & Stables,come work stay team unplanned way room clean absolutely beautiful employee owner special people little trouble unintentionally understanding stayed situation reaction guest would probably harsh although problem experience team related room understand really nice people ridiculous price quiet beautiful place good animal go place say stable name bother dog cat love entrance die sweet not tell not know accept thank everything,0.8694,positive,"{'positivity': 5.375, 'negativity': 4.625, 'objectivity': 48.0}",10.0
Padok Premium Hotel & Stables,dog fear phobia definitely go child uneasy enter hotel uneasy lobby wait lobby way lobby even wait lobby ask dog would anything leave door ask dog would anything say go something step door dog come behind started run moment attack climb hood car fear result hood cave heard sound people reception come say nothing anything nothing anything word say hear sound come thats hear sound car car answer disgrace car damage car get away afraid definitely recommend especially family child pay attention holiday poison,-0.9521,negative,"{'positivity': 2.25, 'negativity': 5.25, 'objectivity': 68.5}",-26.0
Padok Premium Hotel & Stables,arrive day long drive marvelous afternoon visit stable wonderful horse enjoy coffee sunset swim literally everything seem enjoyed short stay get good rest long drive someone enter room not open door scream bed wait minute repairman repair broken door lock strange surprise half hour forget nightmare start full construction crew start renovation midnight loud tool possible mean bed table move guy reception disappear hour since repair crew not understand english pretend not understand word stop get sleep take nap bench finish never similar experience place really wonderful stay quite nightmare,0.9672,positive,"{'positivity': 8.5, 'negativity': 6.125, 'objectivity': 73.375}",12.0
Padok Premium Hotel & Stables,one best place ever go life staff friendly helpful room greatly organized bathroom great good water pressure totally worth experience,0.9549,positive,"{'positivity': 1.75, 'negativity': 0.0, 'objectivity': 18.25}",14.0
Padok Premium Hotel & Stables,first class stable immaculate housekeep beautiful horse everything stable polite attentive staff real sanctuary,0.8074,positive,"{'positivity': 2.0, 'negativity': 0.0, 'objectivity': 11.0}",9.0
Padok Premium Hotel & Stables,excellent place surround pine forest also quality equestrian club thank,0.7351,positive,"{'positivity': 1.375, 'negativity': 0.0, 'objectivity': 8.625}",7.0
Padok Premium Hotel & Stables,excellent hotel equestrian club surround forest sigh near bay gökova,0.5859,positive,"{'positivity': 1.0, 'negativity': 0.0, 'objectivity': 8.0}",1.0
ÇALCALAR OTEL,room wonderful immaculate car close akyaka dirty boutique akyaka stay immaculate hotel arrive hotel akyaka within car staff friendly especially melda lady realize sick voice immediately make hot mixture bring table thank thank melda lady place prefer place stay long road fall muğla certain,0.7783,positive,"{'positivity': 4.125, 'negativity': 2.125, 'objectivity': 31.75}",7.0
ÇALCALAR OTEL,look accommodation around akyaka find place stay night stay family room stay family room say person narrow cleanliness smile face employee quick response request really nice air clean air clean comfortable sleep away akyaka breakfast include breakfast good summarize business successful clean employee,0.9735,positive,"{'positivity': 3.5, 'negativity': 0.75, 'objectivity': 36.75}",19.0
ÇALCALAR OTEL,nice clean room food great problem restaurant chimney next balcony sound disturb smell food balcony penetrate inside pity stay room number,0.5106,positive,"{'positivity': 0.375, 'negativity': 2.125, 'objectivity': 18.5}",2.0
ÇALCALAR OTEL,stay family room night hotel beautiful clean new indescribably shine brightly could see defect decoration room spotless room clean employee deserve thank hotel location main road fuel station right across hotel hotel restaurant cafe market service area serve night dinner hotel price normal product really delicious balcony beautiful extremely satisfy family recommend,0.9773,positive,"{'positivity': 5.625, 'negativity': 0.5, 'objectivity': 44.875}",16.0
ÇALCALAR OTEL,hotel locate road road junction fethiye datça marmaris locate road supermarket hotel find everything look supermarket next supermarket sell honey honey market stay family room room spacious spacious clean room spacious minibar leave water also tea coffee setup enough closet hanger bathroom soap shower jel conditioner conditioner room slipper room breakfast delicious product offer really high quality lady serve breakfast friendly professional lady dinner choose place kitchen team really good job kitchen team really good job delicious presentation good product price expensive menu day take dinner stay overnight go marmaris akyaka bozburun datça day trip datça take hour large parking lot front con mosquito net balcony door enough hanger bath towel understand table put right front ramp use take wheelchair wheeled suitcase entrance hotel although shortage space table put although shortage space understand table put ear cotton put bathroom,0.9622,positive,"{'positivity': 5.875, 'negativity': 0.375, 'objectivity': 120.75}",19.0
ÇALCALAR OTEL,not stay hotel although wish could rather eat çalcalar restaurant stumble upon restaurant chance actually look place playground antsy toddler saw playground immediately make turn make way arrive noticed restaurant open well go wild playground sit place food order not know expect restaurant locate far away major city people say lucky people restaurant magnificent food delicious portion size generous staff kind friendly surround beautiful green mountain drive way please stop enjoy delicious enjoyable meal restaurant regret thank çalcalar restaurant,0.9903,positive,"{'positivity': 7.625, 'negativity': 5.25, 'objectivity': 61.125}",28.0
ÇALCALAR OTEL,pleasant friendly staff wonderful clean apartment honey mention separately delicious,0.9485,positive,"{'positivity': 1.5, 'negativity': 0.125, 'objectivity': 8.375}",14.0
ÇALCALAR OTEL,know çalcalar hotel new clean friendly service two shop connect hotel one selling honey local product one grocery restaurant cafe downstairs need car get,0.7096,positive,"{'positivity': 1.25, 'negativity': 0.125, 'objectivity': 21.625}",4.0
ÇALCALAR OTEL,clean spacious room shower good water pressure room share balcony can not leave door open good breakfast okey restaurant price lot reasonable accommodation restaurant area mini fridge safe would stay,0.8897,positive,"{'positivity': 2.75, 'negativity': 0.75, 'objectivity': 25.5}",9.0
ÇALCALAR OTEL,wonderful restaurant even restaurant open food delicious kid also enjoy everything freshly prepare new build clean desert also chef welcome gesture wonderful place stay enjoy staff friendly helpful highly recommend everyone,0.9848,positive,"{'positivity': 3.875, 'negativity': 0.25, 'objectivity': 24.875}",25.0
Meltem Hanım Konağı butik otel ve Restoran,way fethiye hotel choose stop leave mind historical smell mansion convert mansion sleep comfortably room stay mansion lunch nice restaurant small place square lunch nice restaurant square appropriate liver yoğurt dinner liver yoğurt dinner hotel food nice drive akyaka short time pas car short time way fall would want go place stayed hotel none historical texture hotel penetrate,0.8442,positive,"{'positivity': 0.25, 'negativity': 0.375, 'objectivity': 52.375}",12.0
Meltem Hanım Konağı butik otel ve Restoran,boutique hotel room perfectly restore historical famous ula architecture house boutique hotel room perfectly design friendly excellent service understand kitchen beautiful delicious thank owner hotel mehmet interest,0.9843,positive,"{'positivity': 3.625, 'negativity': 0.0, 'objectivity': 21.375}",23.0
Meltem Hanım Konağı butik otel ve Restoran,bathroom small shower cabin break shower head broken decoration room toilet bathroom small breakfast bad hotel restaurant open customer stay hotel even noise restaurant night time come room condition expensive hotel,-0.765,negative,"{'positivity': 0.75, 'negativity': 1.0, 'objectivity': 29.25}",-4.0
Meltem Hanım Konağı butik otel ve Restoran,stay separate family date clean bed equipment hot water air condition air condition breakfast good authentic atmosphere accommodate peace mind,0.8442,positive,"{'positivity': 2.25, 'negativity': 0.0, 'objectivity': 17.75}",7.0
Meltem Hanım Konağı butik otel ve Restoran,wish continuation success place dinner love appetizer especially yoğurtlama price kitchen price price friendly staff especially atmosphere wish continue success labor price place neighborhood superb,0.9758,positive,"{'positivity': 2.875, 'negativity': 0.0, 'objectivity': 21.125}",16.0
Meltem Hanım Konağı butik otel ve Restoran,authentic delicious turkish food owner speak little english accomodating loved meze köfte even get baklava street room super cute cozy love stay definitely recommend stay eat,0.974,positive,"{'positivity': 2.5, 'negativity': 0.375, 'objectivity': 20.125}",16.0
Meltem Hanım Konağı butik otel ve Restoran,love vibe place village owner not speak english helpful try help every way could help room good clean mattress comfy toilet bit tight,0.9164,positive,"{'positivity': 2.375, 'negativity': 1.625, 'objectivity': 18.0}",14.0
Meltem Hanım Konağı butik otel ve Restoran,large serve delicious price good beautiful place,0.8885,positive,"{'positivity': 1.25, 'negativity': 0.0, 'objectivity': 5.75}",9.0
Meltem Hanım Konağı butik otel ve Restoran,super,0.5994,positive,"{'positivity': 0.0, 'negativity': 0.0, 'objectivity': 1.0}",3.0
Meltem Hanım Konağı butik otel ve Restoran,stun beautiful decor lovely,0.8271,positive,"{'positivity': 1.0, 'negativity': 0.125, 'objectivity': 2.875}",6.0
Mercan Apart Akyaka,room furniture price say close beach say far away torture go back forth heat road seclude creates fear bar open evening,-0.7184,negative,"{'positivity': 0.25, 'negativity': 1.5, 'objectivity': 19.25}",-6.0
Mercan Apart Akyaka,give one violet room mercan apart really nice room call form circle room give clean pink flower garden pink flower room sofa room big refrigerator room kitchen place comfortable think trouble drip sound air condition water night without forget second trouble internet apartment stay internet pull internet general telephone line breakfast food shop want without people stay next apartment burn barbecue comfortable result people behave nicely people work place go stay peace mind,0.9367,positive,"{'positivity': 2.375, 'negativity': 3.375, 'objectivity': 64.25}",8.0
Mercan Apart Akyaka,pharmacist asthma definitely stay akyaka way muğla choose hotel agoda stay return enter room name papatya mercan apart akyaka hotel heavy smell greet entered room name papatya think cigarette think smoke noticed mold ceiling bathroom room notice mold ceiling bathroom room condition let alone asthma patient impossible healthy person stay check hotel ask cancel hotel owner hotel seher lady state find condition room unhealthy state could stay unhealthy room attach photo see room price hotel try high expectation think possible stay room threaten health hotel defect bill hotel defect unfortunately room available hotel owner find unfair asked cancel hotel room defective threaten health least order endanger health others ask wait result unfortunately hotel owner advertise internal medicine specialist hotel mold aspergillus asthma unaware asthma responsibility hotel recommend make reservation,-0.969,negative,"{'positivity': 7.5, 'negativity': 6.375, 'objectivity': 105.125}",-19.0
Mercan Apart Akyaka,cleanliness room sufficient closet shelf dust wipe place belong handkerchief wipe black room light insufficient location good quiet quiet problem parking car quickly meet request additional hanger towel,0.0516,positive,"{'positivity': 1.125, 'negativity': 2.625, 'objectivity': 24.25}",-1.0
Mercan Apart Akyaka,stay overnight vacation room clean satisfied location nice walk distance place outside bazaar akyaka look another place stay thank,0.8689,positive,"{'positivity': 0.5, 'negativity': 0.125, 'objectivity': 17.375}",9.0
Mercan Apart Akyaka,kind host clean good price,0.8402,positive,"{'positivity': 0.5, 'negativity': 0.0, 'objectivity': 4.5}",7.0
Mercan Apart Akyaka,fantastic host lovely home,0.8126,positive,"{'positivity': 0.625, 'negativity': 0.0, 'objectivity': 3.375}",7.0
Mercan Apart Akyaka,gut,0.0,neutral,"{'positivity': 0.0, 'negativity': 0.0, 'objectivity': 1.0}",0.0
Mercan Apart Akyaka,room furniture little compare price say close beach far away back forth heat torture road lonely create fear also bar open evening,-0.8176,negative,"{'positivity': 0.75, 'negativity': 2.25, 'objectivity': 19.0}",-8.0
Mercan Apart Akyaka,give one menekşe room mercan apart really nice room fact even call room form flat room give clean pink flower garden armchair large refrigerator kitchen room think comfortable place problem drip sound air condition water night forget second problem internet connection apartment stay low general internet connection phone line low breakfast meal shop wish without people stay apartment next door barbecue comfortable result place go stay peace mind employee well behave people,0.8805,positive,"{'positivity': 2.375, 'negativity': 3.125, 'objectivity': 63.5}",7.0
Nehir Apart Otel,location location crowd hotel service pull car outside shore azmak center akyaka location hotel bed breakfast kept room glass plate room stay day night room clean breakfast clean give plate plate day child enough say food day say service location,0.6597,positive,"{'positivity': 0.25, 'negativity': 0.0, 'objectivity': 37.75}",4.0
Nehir Apart Otel,beautiful boutique river hotel edge azmak river akyaka familyrun clean room friendly staff price performance hotel bed breakfast breakfast breakfast breakfast buffet breakfast enough breakfast delicious enough small problem experience park akyaka general problem keep apart wish good holiday,0.9468,positive,"{'positivity': 2.5, 'negativity': 1.25, 'objectivity': 31.25}",10.0
Nehir Apart Otel,location central employee friendly business satisfy especially fall asleep fragrant sheet room happy cleanliness bathroom,0.872,positive,"{'positivity': 2.625, 'negativity': 0.125, 'objectivity': 12.25}",5.0
Nehir Apart Otel,stayed honeymoon hotel august clean hotel interested location cafe within walk distance bar want crowd want crowd right foot river nice general satisfy preferred breakfast prefer breakfast thank enough,0.9231,positive,"{'positivity': 3.0, 'negativity': 0.5, 'objectivity': 25.5}",11.0
Nehir Apart Otel,astonish read beautiful comment room full mosquito smile pattern say breakfast say cheese olive bring cheese olive say want add pay go send want go,0.765,positive,"{'positivity': 2.125, 'negativity': 0.875, 'objectivity': 22.0}",6.0
Nehir Apart Otel,super,0.5994,positive,"{'positivity': 0.0, 'negativity': 0.0, 'objectivity': 1.0}",3.0
Nehir Apart Otel,location beautiful center akyaka bank river service place park car space crowd hotel stay bed breakfast not even glass plate room stay night day room never clean give plate breakfast every day kid say enough enough meal every day location good service,0.6749,positive,"{'positivity': 1.375, 'negativity': 1.25, 'objectivity': 38.375}",8.0
Nehir Apart Otel,beautiful boutique nehir hotel edge azmak river akyaka family business clean room friendly staff perfect price performance hotel provide room breakfast service breakfast adequate delicious good buffet breakfast experience slightest problem park general problem akyaka keep separate wish happy holiday,0.9769,positive,"{'positivity': 2.875, 'negativity': 1.625, 'objectivity': 31.5}",17.0
Nehir Apart Otel,location central staff friendly satisfy establishment especially fall asleep fragrant sheet cleanliness room bathroom make happy,0.872,positive,"{'positivity': 3.125, 'negativity': 0.125, 'objectivity': 12.75}",5.0
Nehir Apart Otel,stayed honeymoon hotel august clean hotel relevant location within walk distance cafe bar not want many crowd nice right bottom river overall satisfied prefer breakfast quite sufficient thank,0.8707,positive,"{'positivity': 2.125, 'negativity': 2.375, 'objectivity': 23.5}",10.0
Verde Suites Akyaka,nice experience stay duplex house stay duplex bedroom downstairs house stay meet kitchen bathroom toilet need house stayed staff meet need house immaculate pool nice pool nice enough easy go center everything great experience thank,0.9509,positive,"{'positivity': 1.375, 'negativity': 0.5, 'objectivity': 32.125}",15.0
Verde Suites Akyaka,rent house person see detail photo rent house reverse duplex low floor damp stuffy could use bathroom large room floor water drain place opposite side slope put opposite side water overflow outside bathroom water never go bathroom say wait end season could use bathroom day corridor wall moldy dampness wall corridor moldy person bed house could sit comfortably live room mosquito net entrance door close door reason general house comfortable hope solve problem sure confirm,0.8074,positive,"{'positivity': 0.75, 'negativity': 3.75, 'objectivity': 67.5}",5.0
Verde Suites Akyaka,positive aspect location house nice far center away noise crowd center also away car pool clean house clean house clean able get immediate support problem house interested negative aspect think never deserve money give not know duplex floor apartment not know reverse duplex reverse duplex really separate apartment triplex villa downstairs completely damp downstairs incredibly cold asthma friend difficulty enter house wall understand smell internet bad electric cooker throw switch drain downstairs master bathroom make wrong place bathroom flood wall thin heard sound apartment wash machine convey detail need know,0.7884,positive,"{'positivity': 5.875, 'negativity': 6.25, 'objectivity': 77.875}",7.0
Verde Suites Akyaka,clean beautifully design hotel breakfast kitchen equipment family duplex apartment comfortable pool view beautiful way location entrance akyaka away soggy crowd nice place away soggy crowd nice place cottage atmosphere opinion moreover price hotel fantastic thank,0.9758,positive,"{'positivity': 1.5, 'negativity': 1.375, 'objectivity': 32.125}",22.0
Verde Suites Akyaka,location locate dominant hill location room locate hill facility neat tidy atmosphere clean facility make feeling home home peace mind stay day thank owner facility employee stay day,0.9042,positive,"{'positivity': 1.375, 'negativity': 0.5, 'objectivity': 26.125}",7.0
Verde Suites Akyaka,akyaka seem like beautiful peaceful place ideal relaxation stay two night find room service excellent room clean,0.9712,positive,"{'positivity': 2.75, 'negativity': 0.0, 'objectivity': 13.25}",12.0
Verde Suites Akyaka,stay verde suite night really enjoyed room clean cozy thing roof top room would not comfortable tall people everything perfectly fine pool nice clean view incredible every angle either mountain sea location good quiet highly recommend,0.9687,positive,"{'positivity': 2.625, 'negativity': 1.625, 'objectivity': 28.75}",23.0
Verde Suites Akyaka,place like dream come view stun stay apartment delux apartment modern clean exactly like picture would definitely back would recommend everyone,0.9169,positive,"{'positivity': 0.625, 'negativity': 0.25, 'objectivity': 16.125}",9.0
Verde Suites Akyaka,really excellent place beautiful modern spacious room pool area also great would definitely recommend,0.9549,positive,"{'positivity': 2.625, 'negativity': 0.125, 'objectivity': 10.25}",12.0
Verde Suites Akyaka,reality fully corresponding expectation photo previous review strongly recommend place,0.5574,positive,"{'positivity': 0.625, 'negativity': 0.125, 'objectivity': 9.25}",2.0
Petek Hotel,hotel central location close beautiful location close place price appropriate prefer stay hotel comfortable last time stay hotel disturb rude behavior receptionist uncomfortable guest guest place item leave although make explanation ask leave room knock door quickly two three interval encounter behavior ground suit well establish hotel,0.1531,positive,"{'positivity': 3.5, 'negativity': 2.5, 'objectivity': 40.0}",-1.0
Petek Hotel,rug normal manageable room clean bathroom clean hygiene suitable family stay room separate bed person person room normal variety breakfast hot one important butter jam,0.7351,positive,"{'positivity': 2.25, 'negativity': 0.0, 'objectivity': 22.75}",8.0
Petek Hotel,foot center shop need around park available problem room breakfast mediocre omelet mediocre make omelet eye egg cheddar cheese prefer due central location surroundings quiet would choose,-0.4019,negative,"{'positivity': 2.819, 'negativity': 2.306, 'objectivity': 20.875}",-2.0
Petek Hotel,late hour emergency need space staff meet need location easy reach park problematic not know private parking park street emergency,-0.6249,negative,"{'positivity': 2.25, 'negativity': 2.5, 'objectivity': 15.25}",-2.0
Petek Hotel,interest relevance service breakfast think successful price performance hotel,0.7783,positive,"{'positivity': 0.75, 'negativity': 0.0, 'objectivity': 8.25}",4.0
Petek Hotel,rude staff try make reservation night staff tell condescend way make reservation day well could would tell emergency not plan stay muğla end could not reservation beforehand insist booked room day get lectured hotel staff thank much,-0.25,negative,"{'positivity': 1.75, 'negativity': 2.875, 'objectivity': 28.375}",-2.0
Petek Hotel,lady reception unfriendly bit rude wait help almost scold ask help lose hour recommend hotel ever regularly come international friend,0.1263,positive,"{'positivity': 1.75, 'negativity': 2.25, 'objectivity': 16.0}",3.0
Petek Hotel,one best hotel stay room cozy clean service good staff people nice,0.9118,positive,"{'positivity': 0.75, 'negativity': 0.0, 'objectivity': 11.25}",11.0
Petek Hotel,warm room fantastic breakfast spread,0.6705,positive,"{'positivity': 0.625, 'negativity': 0.0, 'objectivity': 4.375}",5.0
Petek Hotel,average clean hotel less,0.4019,positive,"{'positivity': 0.125, 'negativity': 0.375, 'objectivity': 3.5}",2.0
Alp Suites Pinehill,akyaka beach distant point without car go sea without car shore cool fly insect room duplex clean large spacious living room sofa use person easily accommodate necessary item apartment kitchen laundry dishwasher breakfast food hotel breakfast apart price per night accommodation person pay cash come november end september note end september room immaculate clean tidy neat tastefully furnish new home akyaka thank yusuf bey,0.8732,positive,"{'positivity': 4.0, 'negativity': 1.125, 'objectivity': 52.875}",7.0
Alp Suites Pinehill,room clean tidy coffee cup may need dishwashing detergent coffee cup dishwashing detergent wash machine location back location difficulty find location term efficient park space end term efficient park space end pig land night scar harmless vend machine entrance door food drink beverage box way sea breakfast way sea dinner bazaar eat dinner bazaar garden pool available odor cause drain room room stay time time room stay double bed ground floor with double bed upper floor with separate bathroom balcony balcony ambience nice thank enjoy,0.9371,positive,"{'positivity': 3.0, 'negativity': 1.875, 'objectivity': 78.125}",7.0
Alp Suites Pinehill,stayed room room opposite duplex room semi basement floor room kitchen ground floor situation may bore cool room long term stay frankly problem go situation problem apart item everything photo room clean parking problem far center can not go beach without car creates problem general satisfy,-0.6822,negative,"{'positivity': 2.0, 'negativity': 4.0, 'objectivity': 38.0}",-7.0
Alp Suites Pinehill,coincidentally accommodation find internet decide go immediately help send location stay numbered room wife son weekend satisfy room photo item modern bed comfortable air condition use weather good comment air condition far understood general situation would satisfy air condition pool small pleasant enjoy thought would go recommend environment peace mind want quiet quiet holiday care cleanliness comfort definitely choose place,0.9889,positive,"{'positivity': 5.5, 'negativity': 2.125, 'objectivity': 50.375}",21.0
Alp Suites Pinehill,apartment stay reverse duplex stay two family family easily stay one bedroom one bathroom house clean furniture almost new brought request immediately small trouble bring request immediately small trouble air zero forest nice humidity free cool night satisfy view problem,0.8126,positive,"{'positivity': 1.625, 'negativity': 2.5, 'objectivity': 35.875}",1.0
Alp Suites Pinehill,lovely apart hotel short walk middle village longer walk bar sea side great room clean tidy helpful staff onside park excellent double glaze bring ear plug morning may date cooking pot,0.9524,positive,"{'positivity': 2.125, 'negativity': 0.0, 'objectivity': 28.875}",13.0
Alp Suites Pinehill,although size design room good staff behavior lack cater product complete disappointment also bad room basement despite negativity enjoyable stay,-0.7099,negative,"{'positivity': 1.625, 'negativity': 3.25, 'objectivity': 14.125}",-4.0
Alp Suites Pinehill,alp suite pinehill perfect quiet relax spot holiday unexpectedly extend stay manager yunus could helpful yunus extremely helpful many request always available help smile room comfortable kitchenette need,0.9723,positive,"{'positivity': 2.75, 'negativity': 1.125, 'objectivity': 20.125}",14.0
Alp Suites Pinehill,hotel great get different room great bite kitchen cafe delicious cheesecake yunus help lot time like clean room get wonderful time,0.9735,positive,"{'positivity': 2.0, 'negativity': 0.0, 'objectivity': 18.0}",19.0
Alp Suites Pinehill,stay tiny house alp suite week view amazing staff good good service help everything need great vacation amaze place fantastic people recommend heart sure back,0.9805,positive,"{'positivity': 2.75, 'negativity': 1.375, 'objectivity': 19.875}",23.0
Teras Tepe Apart,view hotel beautiful management really bad stay week give clean towel day room clean find call phone sea water flow tap summer can not brush teeth washed take shower confirm call phone child child want communicate similar problem operator report back operator receive response neighborhood dialect especially notice answer operator especially short woman stay overnight stay overnight find room second room clean day give clean towel answer say salt water flow faucet brush teeth need buy water exorbitant price business want call want ask answer question comment others express comment dog say dog attack anyone connect accordance dog business legislation say attack anyone prefer lie truth dog monthly dog hotel operator can not leave stray dog hotel garden regardless age dog hotel operator can not leave stray dog hotel garden regardless age dog,0.6708,positive,"{'positivity': 5.75, 'negativity': 7.25, 'objectivity': 117.0}",5.0
Teras Tepe Apart,although short stay wife satisfy sweet family business intertwine nature rest soul wonderful sea view employee friendly sweet bad thing approach hotel difficulty get stabilize road hotel owner say road make want quiet relax holiday without think,0.9423,positive,"{'positivity': 2.5, 'negativity': 1.75, 'objectivity': 30.75}",8.0
Teras Tepe Apart,akyaka center feast sacrifice center akyaka alternative prefer apart cute family business location akyaka center car minute curve departure road approach hotel main road forest road stony road enter road meter vehicle suitable terrain may bore learned situation relate business feature hotel learn friendly family business ready help matter size room kitchen content relatively sufficient balcony view nice fountain water flow salty recommend take drinking water wifi breakfast form village breakfast delicious enough satisfying recommend,0.9719,positive,"{'positivity': 3.875, 'negativity': 2.25, 'objectivity': 65.875}",17.0
Teras Tepe Apart,come honeymoon come peaceful place intertwine forest place sea view pleasant breakfast sea view return without eat nilüfer sister meatball bread extremely delicious love honest sincere hospitality operator location high dirt road compel clean hygiene average,0.9703,positive,"{'positivity': 4.75, 'negativity': 0.125, 'objectivity': 29.125}",15.0
Teras Tepe Apart,management business extremely bad big deficiency cleaning room clean sufficiently salt water flow tap take shower salt water leave sea impossible road vehicle reach hotel road steep soil dog roam freely hotel complain operator encounter disrespectful answer example tell tie dog answer whether cut dog,-0.4391,negative,"{'positivity': 2.5, 'negativity': 2.75, 'objectivity': 38.75}",-5.0
Teras Tepe Apart,road place unpaved poor want visit car service stay place stay din table terrace full dirt uncleaned also handful dust top refrigerator may see photo view main patio see hang wash clothes sock underwear pant dry understand level professionalism call hotel,-0.5267,negative,"{'positivity': 0.375, 'negativity': 1.625, 'objectivity': 38.0}",-1.0
Teras Tepe Apart,view hotel nice management really bad stay less week give clean towel room clean day find call summer sea water flow tap can not brush teeth washed take shower also confirm call child dangerous dog ban breed tie place without muzzle business yard want report similar problem manager give feedback receive response neighborhood especially short woman manager response business notice say stay two night clean room second day give clean towel response say salt water flow tap brush teeth buy water business exorbitant price call ask want not answer thats obvious others already mentioned comment say dog dog keep accordance business regulation attack anyone instead choose lie honest dog dog hotel operator leave stray dog hotel garden regardless age dog friend instead apologize put manipulate comment try respond,0.372,positive,"{'positivity': 4.0, 'negativity': 7.625, 'objectivity': 112.375}",4.0
Teras Tepe Apart,even though short stay wife please sweet family business rest soul wonderful sea view surround nature staff friendly sweet bad thing stabilize road approach hotel difficulty get hotel owner say road build want quiet relax holiday without think,0.9349,positive,"{'positivity': 2.125, 'negativity': 1.75, 'objectivity': 33.125}",9.0
Teras Tepe Apart,apartment choose alternative center akyaka cute family business location minute drive center akyaka wind one way road approach hotel enter stony road meter main road forest road vehicle suitable terrain may get bore learned situation nothing business feature hotel friendly family business ready help every way size room kitchen content relatively sufficient balcony view nice since tap water salty recommend take drinking water wifi breakfast village breakfast delicious satisfy enough recommend,0.9716,positive,"{'positivity': 2.75, 'negativity': 2.25, 'objectivity': 63.0}",16.0
Teras Tepe Apart,come honeymoon peaceful place surround forest breakfast enjoyable sea view not leave without eat nilüfer sister meatball bread extremely delicious operator honest sincere love hospitality location high altitude dirt road bit challenging average term cleanliness hygiene,0.9633,positive,"{'positivity': 5.0, 'negativity': 1.0, 'objectivity': 28.0}",11.0
APART 48,stay overnight kitchen utensil pan extremely oil layer form trash throw away degree room woodworm think swell itch everywhere itch pass itch pass itch hygiene save car room location take care,0.7506,positive,"{'positivity': 1.625, 'negativity': 3.0, 'objectivity': 26.375}",4.0
APART 48,stay night need clean furniture bathroom need maintenance carpet location lag behind term distance sea problem car nice recommend,0.4404,positive,"{'positivity': 0.75, 'negativity': 1.0, 'objectivity': 17.25}",4.0
APART 48,welcome polite hospitality location opposite point center transportation difficult car view room beautiful room tire need maintenance sheet cover clean room could clean price performance,0.8689,positive,"{'positivity': 2.5, 'negativity': 0.875, 'objectivity': 20.625}",10.0
APART 48,clean spacious apartment comfort home cause noise fly complaint overlook akyaka top,0.5859,positive,"{'positivity': 1.0, 'negativity': 1.25, 'objectivity': 8.75}",5.0
APART 48,view bad except owner apartment pan pot kitchen clean bad everywhere fall apart,-0.6486,negative,"{'positivity': 0.875, 'negativity': 1.75, 'objectivity': 10.375}",-4.0
APART 48,super,0.5994,positive,"{'positivity': 0.0, 'negativity': 0.0, 'objectivity': 1.0}",3.0
APART 48,stay night kitchen utensil pan layer oil throw away think woodworm room swell itchy leave itching go away hygiene room rescue car care must take,0.6369,positive,"{'positivity': 1.125, 'negativity': 1.0, 'objectivity': 22.875}",1.0
APART 48,stay night everything need clean furnishing bit bathroom need maintenance carpet location little behind term distance sea problem car nice recommend,0.6486,positive,"{'positivity': 0.75, 'negativity': 1.875, 'objectivity': 17.375}",5.0
APART 48,greet politely hospitably place little opposite center car transportation difficult view room nice room bit tired need maintenance sheet cover clean room could better price performance,0.6486,positive,"{'positivity': 1.625, 'negativity': 1.25, 'objectivity': 22.125}",5.0
APART 48,clean spacious apartment comfort home overlook akyaka without noise fly complaint,0.7259,positive,"{'positivity': 1.0, 'negativity': 1.25, 'objectivity': 6.75}",3.0
Santo Akyaka Home,bad accommodation ever see doubt cleanliness point sleep lay towel bring home fearing would get germ enter pool air condition bad ventilation smell dampness mini shampoo conditioner dryer late shower hot water flow terrible place shower cabin use sleep one night care first would pay money sleep car would sleep comfortably,-0.8934,negative,"{'positivity': 1.125, 'negativity': 3.125, 'objectivity': 43.75}",-9.0
Santo Akyaka Home,stay night saw apartment stay night bathroom trouble shower cabin damp stuffy unfortunately remind bathroom grandmother house ago short satisfy short let state stay terrace floor last floor like room different lady take care room noble person passenger leave apartment leave apartment saw passenger smile face thank thank lady business worthy,0.9393,positive,"{'positivity': 2.0, 'negativity': 1.375, 'objectivity': 47.625}",10.0
Santo Akyaka Home,read first comment go fear pleasant vacation without problem depend want want place price performance want clean place small pool clean place stay roof floor view great air condition work smoothly importantly summer heat calm environment nice thank,0.9589,positive,"{'positivity': 1.5, 'negativity': 2.375, 'objectivity': 33.125}",16.0
Santo Akyaka Home,stay overnight comfortable room smell dampness open window mosquito net torn could open receive room satisfy cleanliness room except many fly room except bed linen satisfy cleanliness room except location good satisfy,0.9217,positive,"{'positivity': 3.0, 'negativity': 1.0, 'objectivity': 27.0}",3.0
Santo Akyaka Home,amateurishly run hotel manage employee exhibit attitude behavior put customer suspicion stay free room neglect item use room room damp know animal say pet friendly leave animal room per se drag heat summer state drag heat summer good thing akyaka excellent view,0.6705,positive,"{'positivity': 3.0, 'negativity': 1.0, 'objectivity': 36.0}",4.0
Santo Akyaka Home,clean elegant,0.7003,positive,"{'positivity': 0.5, 'negativity': 0.0, 'objectivity': 1.5}",4.0
Santo Akyaka Home,bad accommodation ever see even point much doubt cleanliness laid towel bring home go sleep not go pool fear catch germ air condition bad ventilation smell damp mini shampoo conditioner dry provide hot water late shower terrible place not even shower cabin use one night sleep not care first wish sleep car would not spend money nothing would sleep comfortably,-0.945,negative,"{'positivity': 2.0, 'negativity': 6.75, 'objectivity': 49.25}",-7.0
Santo Akyaka Home,stay night saw apartment stay night bathroom difficult shower cabin damp stuffy unfortunately remind bathroom grandmother house ago short satisfy however let also point stayed terrace floor last floor thats maybe room different good thing lady take care noble person saw left apartment farewell smile thank much good business would suit lady,0.9337,positive,"{'positivity': 2.625, 'negativity': 2.5, 'objectivity': 44.875}",13.0
Santo Akyaka Home,read first comment scar enjoyable holiday without problem depend want want price performance affordable clean place small pool also stay rooftop view great air condition work smoothly important thing summer heat opinion calm environment nice thank everything,0.9666,positive,"{'positivity': 2.25, 'negativity': 2.0, 'objectivity': 30.75}",16.0
Santo Akyaka Home,stayed one night comfortable room smell damp open window fly screen torn could open received room already fly inside apart linen satisfied cleanliness room location nice apart satisfy,0.872,positive,"{'positivity': 3.0, 'negativity': 1.25, 'objectivity': 22.75}",5.0
Mevsim Apart,family akyaka beautiful apartment noise silence dominate concept ula house build concept apartment lemon tangerine tree apartment inside apartment scuba stave pan glass wash machine household utensil family convenient pleasant nearby chain grocery store affordable shopping opportunity eat restaurant suitable pizza wrap yoğurt mixed fry goat milk ice cream sarıyer börekçisi kokoreç beautiful public market establish wednesday must visit walk distance beach azmak river walk distance morning noon without crowd beach even azmak river recommend beach afternoon beach get crowd beach give height stone sand beach blue flag beach shower beach possibility municipality umbrella sunbeds want sit sand want beach suitable child azmak tour boat gökova boat tour enjoyable morning sunrise forest side possibility walk season hotel apart owner murat mehmet bey thank,0.9678,positive,"{'positivity': 5.125, 'negativity': 1.25, 'objectivity': 102.625}",25.0
Mevsim Apart,beautiful apart sea walk place go foot azmak boat tour fishing foot,0.5994,positive,"{'positivity': 1.25, 'negativity': 0.0, 'objectivity': 9.75}",3.0
Mevsim Apart,go nice apartment sea walk sea try,0.4215,positive,"{'positivity': 0.0, 'negativity': 0.0, 'objectivity': 7.0}",3.0
Mevsim Apart,nice apartment family akyaka silence noise apartment build concept ula house apartment surround lemon tangerine tree household appliance tube stave pan glass wash machine suitable enjoyable family affordable shopping opportunity nearby chain market best thing eat restaurant pizza wrap mixed fry yoğurt goat milk ice cream sarıyer börekçisi kokoreç delicious public market hold wednesday definitely visited beach azmak river recommend beach morning noon without crowd azmak river even beach get little crowded afternoon beach meter sandy beach without stone shower facility blue flag beach municipality charge umbrella sun lounger sit sand want beach suitable child azmak tour boat gökova boat tour enjoyable possible walk around forest sunrise morning thank mevsim hotel apartment owner murat mehmet,0.9783,positive,"{'positivity': 2.5, 'negativity': 1.125, 'objectivity': 96.375}",26.0
Mevsim Apart,nice apartment meter sea walk everywhere river boat tour right next include fishing,0.4215,positive,"{'positivity': 0.375, 'negativity': 0.0, 'objectivity': 12.625}",3.0
Mevsim Apart,nice apartment meter sea walk everywhere go try,0.4215,positive,"{'positivity': 0.375, 'negativity': 0.0, 'objectivity': 7.625}",3.0
Balèze Boutique Hotel,go hotel newly open get married wife room spacious modern design espresso coffee machine emre bey hospitable poolside calm peaceful food drink serve pool delicious never forget morning breakfast mountain view would serve fresh bread morning experience different recipe bread basil beetroot say liked much chef put bread freezer night give take home left kind enchant think family call hotel excitement although say would take small child yorkshire terrier dog car common area emre bey say could accept far remember cat dog hotel environment would walk dog irresponsible hotel situation upset sadly surprised hotel remember well accept pet sadly surprise take account comment change concept accept pet soon possible,0.9697,positive,"{'positivity': 5.0, 'negativity': 4.375, 'objectivity': 91.625}",10.0
Balèze Boutique Hotel,baleze hotel address pleasant weekday comfort room comfort bed pillows hotel room magnificence breakfast dear yusuf manager especially team everything please guest endless tell thank with team family frequently give service advice,0.9543,positive,"{'positivity': 1.625, 'negativity': 1.125, 'objectivity': 25.25}",12.0
Balèze Boutique Hotel,last week stay baleze hotel unforgettable holiday experience wife service offer hotel really impressive moment step hotel friendly welcome staff attention staff happy room hotel design comfortable modern way meticulousness clean admirable especially comfort bed spaciousness room felt home thank spaciousness room fresh food serve breakfast morning well careful preparation product facility offer hotel unforgettable pool area excellent pool area spacious clean thank proximity azmak river beach enjoy full addition wonderful service location hotel advantageous fact could easily reach center touristic place make holiday fun summary baleze hotel accommodation also place comfort taste peaceful holiday paradise definitely recommend wonderful holiday experience thank yelda lady yusuf bey employee kindness interest wish continue success greeting love,0.9986,positive,"{'positivity': 12.5, 'negativity': 4.125, 'objectivity': 90.375}",67.0
Balèze Boutique Hotel,preferred hotel honeymoon vacation go contact yusuf bey thank help yusuf bey stand reception desk yusuf bey yunus bey kind polite people would like thank hotel cleanliness hotel design room condition room friendliness employee interest employee well expect boat tour do akyaka within walk distance restaurant cafe plus hotel pool clean surroundings tidy sprinkle breakfast product delicious morning breakfast comment subject eat dinner think boutique hotel choose peace mind go akyaka,0.9828,positive,"{'positivity': 5.25, 'negativity': 0.25, 'objectivity': 58.5}",22.0
Balèze Boutique Hotel,hello go akyaka baleze boutique hotel moment enter hotel felt make point shot location welcome quality hotel breakfast importantly cleanliness excellent azmak river step center walk distance center use car garden floor room ideal family child thank hotel manager yusuf bey welcome inform smile entrance hotel akyaka balezee boutique hotel see next,0.9607,positive,"{'positivity': 2.875, 'negativity': 0.0, 'objectivity': 43.125}",13.0
Balèze Boutique Hotel,wife return first ever visit akyaka first stay baleze boutique hotel everything stay excellent hotel really clean tidy modern set beautiful view surround mountain tall tree fantastic make feel peaceful breakfast day great staff alongside day explore local area also happily spent several day relax quietly pool hotel short walk local restaurant bar riverside beach not need travel anywhere foot highly recommended,0.9835,positive,"{'positivity': 5.125, 'negativity': 2.125, 'objectivity': 51.75}",19.0
Balèze Boutique Hotel,super clean friendly hotel great location negative feedback breakfast every day tire try cold gözleme every morning also please try add meat option like sucuk sausage salami plan overall,0.9325,positive,"{'positivity': 2.125, 'negativity': 0.75, 'objectivity': 24.125}",11.0
Balèze Boutique Hotel,last minute booking could ask well moment walk door greet pleasant helpful professional staff room excellently design super comfy would highly recommend,0.9652,positive,"{'positivity': 1.875, 'negativity': 1.0, 'objectivity': 17.125}",11.0
Balèze Boutique Hotel,best hotel akyaka without doubt amazing room pool salt water system enjoy delicious cocktail pool highly recommend cocktail stay one week enjoy every day highly recommend,0.9579,positive,"{'positivity': 2.375, 'negativity': 0.5, 'objectivity': 21.125}",17.0
Balèze Boutique Hotel,one best hotel ever stay turkey excellent service super friendly staff smile face fantastic room lovely interior amaze breakfast buffet outstanding hospitality would recommend anyone stay place garden room almost direct access pool walk beach side definitely thank much,0.9906,positive,"{'positivity': 3.5, 'negativity': 0.5, 'objectivity': 33.0}",31.0
Orkide Apart Hotel,ibrahim abi thank gentleman human akyaka vacation nice hotel price performance hotel sweet atmosphere suitable nature akyaka worth give much money hotel vain,0.7506,positive,"{'positivity': 1.0, 'negativity': 0.875, 'objectivity': 18.125}",11.0
Orkide Apart Hotel,away beach operator ibrahim bey help orient air condition room especially kitchen reduce cost tube food work condition country place close market,0.4019,positive,"{'positivity': 0.625, 'negativity': 0.0, 'objectivity': 21.375}",2.0
Orkide Apart Hotel,thank attention ibrahim bey entrance akyakan clean beautiful place room clean comfortable preferred peace mind,0.9559,positive,"{'positivity': 1.875, 'negativity': 0.75, 'objectivity': 11.375}",13.0
Orkide Apart Hotel,stayed one night august family adult child apart double bed room bathroom mini fridge kitchen open sofa decoration room location clean location center satisfy especially sincerity owner ibrahim abi sincerity conversation helpfulness appreciate thank,0.9153,positive,"{'positivity': 2.125, 'negativity': 0.125, 'objectivity': 30.75}",10.0
Orkide Apart Hotel,mansion style apart remind ibrahim bey happy friendly sincere encounter thank,0.9022,positive,"{'positivity': 2.125, 'negativity': 0.0, 'objectivity': 8.875}",9.0
Orkide Apart Hotel,recommend stayed night come back another week apartment really comfortable everything need atmosphere really cozy people hotel kind peaceful felt really comfortable,0.9459,positive,"{'positivity': 2.25, 'negativity': 1.875, 'objectivity': 16.875}",10.0
Orkide Apart Hotel,totally solid clean comfortable hotel affordable compare others area air condition work well water heater shower refrigerator keep water bottle super cold comfy bed nice little balcony clean accommodation around,0.9596,positive,"{'positivity': 1.5, 'negativity': 2.125, 'objectivity': 25.375}",16.0
Orkide Apart Hotel,give two star work air condition room overall small furniture super shower inside toilet,0.5994,positive,"{'positivity': 0.0, 'negativity': 0.0, 'objectivity': 14.0}",3.0
Orkide Apart Hotel,hello ibrahim funny nice guy good stay hotel thank hospitality,0.8779,positive,"{'positivity': 0.75, 'negativity': 0.0, 'objectivity': 9.25}",12.0
Orkide Apart Hotel,stay night everything need within metresfor price fantastic value money book next time visit akyaka,0.7184,positive,"{'positivity': 0.5, 'negativity': 0.125, 'objectivity': 11.375}",4.0
Ayka Otel,breakfast cleanliness nice staff friendly location nice location may point complaint room balcony face front full tendency constantly give downstairs room insistently insist room balcony overlook pool empty message time look elsewhere night room balcony overlook pool cancel cancel plan,0.4215,positive,"{'positivity': 2.375, 'negativity': 1.0, 'objectivity': 36.625}",3.0
Ayka Otel,hospitable customer friendly wonderful manager clean hotel breakfast delicious location walk sea far azmak river away mosquito period cop spray mosquito owner hotel esra make holiday beautiful smile helpfulness,0.9758,positive,"{'positivity': 2.875, 'negativity': 0.375, 'objectivity': 23.75}",16.0
Ayka Otel,find hotel way akyaka way akyaka coincidentally call place tell place want see room arrive wanted see room last room leave low floor not expect much like entered room immediately keep smell white soap place immaculate breakfast super delicious parking lot locate akyaka wonderful situation close beach like thank recommend everyone,0.9018,positive,"{'positivity': 2.75, 'negativity': 1.75, 'objectivity': 42.5}",18.0
Ayka Otel,immaculate hotel flower beautiful nature room extremely comfortable delicious open buffet breakfast thank staff remember guest name thank esra provide friendly service preference akyaka,0.9621,positive,"{'positivity': 2.875, 'negativity': 0.75, 'objectivity': 18.375}",14.0
Ayka Otel,daily stay encounter minor negativity daily stay location hotel minute walk sea room clean among greenery staff friendly helpful way fall akyaka choose ayka hotel without think,0.6597,positive,"{'positivity': 0.375, 'negativity': 0.25, 'objectivity': 22.375}",4.0
Ayka Otel,beautiful place stay one night wish could stay room clean gorgeous view breakfast buffet delicious hotel staff nice kind see next ayka,0.9726,positive,"{'positivity': 2.0, 'negativity': 0.0, 'objectivity': 18.0}",14.0
Ayka Otel,lovely little hotel room fine look onto wall one night would ask change longer room spotless air condition fridge kettle include pool small lovely location couple beach lovely beach thing disappoint breakfast tell go breakfast thing available take till till everything lay not know bad morning day,0.9199,positive,"{'positivity': 2.25, 'negativity': 2.25, 'objectivity': 39.5}",8.0
Ayka Otel,small room noise transfer bed turkish style light top blanket location make hustle route nice footpath swim hole nice staff,0.7506,positive,"{'positivity': 0.5, 'negativity': 0.125, 'objectivity': 19.375}",8.0
Ayka Otel,definitely back breakfast die lovely little family run hotel go april pool fill imagine pool garden would lovely easy walk town,0.8519,positive,"{'positivity': 1.375, 'negativity': 1.375, 'objectivity': 17.25}",4.0
Ayka Otel,ayka hotel hidden gem akyaka friendly staff clean room delicious breakfast perfect location near beach restaurant highly recommend,0.9441,positive,"{'positivity': 1.25, 'negativity': 0.25, 'objectivity': 14.5}",15.0
Kerme Ottoman Palace,business trip opportunity stay hotel day talk general experience hotel locate zero location azmak river check hotel ask staff work lobby place could drink tea night time hotel say hotel service could brew special tea receive customer satisfaction concept hotel good breakfast good room clean emphasized hotel staff relevant thank,0.9552,positive,"{'positivity': 1.875, 'negativity': 0.75, 'objectivity': 44.375}",10.0
Kerme Ottoman Palace,opportunity stay august september density hotel density akyaka high lack staff hotel attract extra attention density check hotel room may smell clean entered room check entered room greet smell moisture toilet bowl cover specially clean paper inside dirty hair clean bathroom towel change towel change happy see cleanliness hotel pay daily refrigerator icebox broken refrigerator open next day morning way sea state wanted room clean come room evening room clean say give first priority exit room say give priority exit room could find authorized person front tell problem time exit room could find authorized person front parking lot call socalled hotel parking lot daily visitor parking lot park customer can not use parking lot breakfast nice location nice location nice stay nice place affordable price per night,0.9705,positive,"{'positivity': 4.0, 'negativity': 2.75, 'objectivity': 115.25}",23.0
Kerme Ottoman Palace,sleep disgust first hotel hotel terrible cleaning enter room mosquito trace kill wall unchanged stain sheet drain bathroom clog place moldy want take shower want siphon water ankle break mosquito net tear chandelier cobweb dust say come see spider web chandelier never never reason preference stay hotel pension day see dirty one think pool clean pool countless foreign object sentence summarize want disgrace money prefer hygiene zero,-0.9313,negative,"{'positivity': 3.0, 'negativity': 6.375, 'objectivity': 57.625}",-10.0
Kerme Ottoman Palace,hotel fiasco give brother yasin reception desk incredible approach speech check hotel tell reservation unit reserve last remaining room settle room uncomfortable door handle phone inside tiny room uncomfortable yasin brother take different room bathroom leak rate bathroom say problem say problem help come breakfast morning breakfast breakfast tell would start since business trip early wait entered guest late still load breakfast still load gentleman come gentleman say uncomfortable wait breakfast even though say tell care express discomfort leave middle age man rude rude general say disgrace say pay thousand night deserve,-0.9738,negative,"{'positivity': 4.25, 'negativity': 6.0, 'objectivity': 77.75}",-20.0
Kerme Ottoman Palace,choose hotel care cleanliness dirty one hotel ever stay disturb one dirty moldy stuffy bathroom another dirty neglect issue complete daily reservation day leave hotel disappointment loss time number staff hotel insufficient tire run work obviously tired run see friend reception carry plate repair repair tool hand clean staff sweep crumb table broom sweep floor witness hotel location say hotel location walk distance beautiful place akyakan,-0.6808,negative,"{'positivity': 4.25, 'negativity': 5.75, 'objectivity': 55.0}",-12.0
Kerme Ottoman Palace,akyaka pack weekend hotel calm staff welcome helpful sleep quality good little bit recognise clean breakfast good good spot day two getaway perfectly situate hotel,0.9699,positive,"{'positivity': 4.0, 'negativity': 0.625, 'objectivity': 19.375}",22.0
Kerme Ottoman Palace,ate margherita pizza place not tomato basil serve pastry pizza prefer eat place,0.0,neutral,"{'positivity': 0.875, 'negativity': 0.625, 'objectivity': 10.5}",0.0
Kerme Ottoman Palace,nice detail decoration base ottoman style everyday may notice new beautiful detail ceiling chair lobby great history lover great location river beach quite enough sleep well nice bed friendly people nice pool mountain view love great breakfast recommendation please fix restroom not fit nice hotel disgust bathroom maintenance overall ottoman mean look like ottoman style necessarily use serve dinner would love go back despite downside,0.9927,positive,"{'positivity': 4.625, 'negativity': 3.25, 'objectivity': 56.125}",29.0
Kerme Ottoman Palace,reserve room pay deposit due forest fire cancel reservation request deposit back hotel staff say not reservation make payment still chase money stay somewhere else save deposit pay still try get back not waste go camp head comfortable,0.5621,positive,"{'positivity': 2.0, 'negativity': 2.625, 'objectivity': 32.375}",-2.0
Kerme Ottoman Palace,obviously time passed hotel hotel get old necessary maintenance keep good condition staff like robot forget smile face even eye contact say hello good morning cleaning low find cigaret disposal flower basket balcony breakfast quite poor compare price light room awful thank restaurant along azmak river despite cost save time akkaya ergin,0.0719,positive,"{'positivity': 4.125, 'negativity': 2.5, 'objectivity': 42.375}",8.0
Alp Suites Lavanta,hotel nice not need walk beach room comfortable stayed reason point air condition room difficulty work water leak know exit time late tell customer come quickly tell exit time write place want look exit time entrance time write,0.3818,positive,"{'positivity': 0.75, 'negativity': 2.25, 'objectivity': 35.0}",5.0
Alp Suites Lavanta,stay girlfriend alp suite lavantada reception need call reception come without wait without wait clean comfortable comfortable need reach comfortably immediately interested person sleep sofa living room person say comfortably need walk easily return center slope could change clothes line floor rust little bit manage naturally stay outside,0.4833,positive,"{'positivity': 2.875, 'negativity': 3.125, 'objectivity': 38.0}",13.0
Alp Suites Lavanta,location akyaka need walk uphill beach need walk uphill far park shortage park street front hotel person charge hotel interested need something need immediately room air condition cool check time hotel check early day need leave room time,0.4215,positive,"{'positivity': 1.0, 'negativity': 1.375, 'objectivity': 33.625}",0.0
Alp Suites Lavanta,thank service friendly staff service location location great room carefully clean location really great deserve star thank,0.9618,positive,"{'positivity': 1.5, 'negativity': 0.125, 'objectivity': 15.375}",16.0
Alp Suites Lavanta,hygiene service quality walk distance beach super walk distance beach definitely place regret,0.5859,positive,"{'positivity': 1.25, 'negativity': 0.875, 'objectivity': 10.875}",3.0
Alp Suites Lavanta,modern comfortable apartment far beach main street bar restaurant quiet place host friendly responsive would definitely back,0.8934,positive,"{'positivity': 0.375, 'negativity': 0.75, 'objectivity': 14.875}",6.0
Alp Suites Lavanta,clean new room close beach,0.4019,positive,"{'positivity': 0.375, 'negativity': 0.0, 'objectivity': 4.625}",2.0
Alp Suites Lavanta,hotel nice everything not walk beach room place stay comfortable reason point air condition room difficulty work leaking water late know check time tell customer could leave quickly check time also write ask check check time not know aware check time do,0.5423,positive,"{'positivity': 1.75, 'negativity': 2.5, 'objectivity': 35.75}",4.0
Alp Suites Lavanta,stay three girlfriend one alp suite reception lavanta call enter come without wait clean felt comfortable need something able reach easily take care immediately one person sleep sofa living room say comfortable thing need bit hill way back center walk everywhere easily laundry wire could change make little rust leave outside naturally manage,0.9104,positive,"{'positivity': 3.375, 'negativity': 2.75, 'objectivity': 42.875}",8.0
Alp Suites Lavanta,term location walk little uphill akyaka beach far park problem park street front hotel person charge hotel attentive right away need something cool air condition room check time earlier hotel must leave room oclock day check,-0.1531,negative,"{'positivity': 1.0, 'negativity': 1.375, 'objectivity': 30.625}",-2.0
Keramos Pansiyon Akyaka,daily accommodation experience next river walk distance beach next river great place pool deep enough room beautiful room clean flower immaculate find flaw attitude owner hotel felt like stay relative house definitely recommend,0.9545,positive,"{'positivity': 2.75, 'negativity': 0.25, 'objectivity': 30.0}",10.0
Keramos Pansiyon Akyaka,reason choose place cleanliness forefront come saw really clean pool enough pool enough walking distance azmak river walk distance public beach public beach around buffet market difficulty meet need difficulty term security comfortable term security owner business aunt fatma uncle ilhan kaan thank courtesy sincerity understanding,0.8832,positive,"{'positivity': 3.125, 'negativity': 2.125, 'objectivity': 36.75}",11.0
Keramos Pansiyon Akyaka,room clean tidy need kitchen close sea within walk distance often prefer apart apart apart owner friendly people especially kaan beye thank interest,0.8925,positive,"{'positivity': 2.625, 'negativity': 0.125, 'objectivity': 18.25}",7.0
Keramos Pansiyon Akyaka,would think would leave satisfied place find chance travel room clean home think feel family place balcony large room double bedroom large room pull sofa bed bedroom bed linen pillowcase immaculate location walk distance azmak river grocery store nearby parking lot front owner ilhan bey receptionist kaan bey smile face behave customer guest definitely make opportunism would like thank business attitude take right,0.9423,positive,"{'positivity': 3.25, 'negativity': 0.5, 'objectivity': 53.25}",11.0
Keramos Pansiyon Akyaka,begin september stayed keramos apart day room clean family place friendly helpful pool clean central location super go center thank kaan,0.9501,positive,"{'positivity': 0.875, 'negativity': 0.0, 'objectivity': 18.125}",13.0
Keramos Pansiyon Akyaka,day accommodation experience great place walk beach next river pool nice sufficient depth room clean flower can not find single flaw due attitude business owner felt stay relative house rather hotel definitely recommend,0.93,positive,"{'positivity': 2.375, 'negativity': 2.125, 'objectivity': 28.5}",8.0
Keramos Pansiyon Akyaka,first reason chose place stand cleanliness arrive saw really clean business felt comfortable pool sufficient walk distance azmak river walk distance public beach many kiosk market around difficulty meeting need also comfortable term security would like thank owner business aunt fatma uncle ilhan kaan kindness sincerity understanding,0.9485,positive,"{'positivity': 3.0, 'negativity': 3.375, 'objectivity': 35.625}",14.0
Keramos Pansiyon Akyaka,room clean tidy everything need kitchen close sea within walk distance apartment often choose apartment owner friendly care people would especially like thank kaan interest interest,0.9621,positive,"{'positivity': 0.375, 'negativity': 0.125, 'objectivity': 22.5}",12.0
Keramos Pansiyon Akyaka,never think would leave place find chance travel room clean everything think make feel like home perfect family place double bed one room large balcony sofa bed room bed linen pillowcase immaculate location minute walk good azmak river market nearby also park lot front owner ilhan receptionist kaan friendly treat like guest customer business engage opportunism get deserves would also like thank attitude,0.9802,positive,"{'positivity': 4.0, 'negativity': 1.25, 'objectivity': 51.75}",20.0
Keramos Pansiyon Akyaka,stay keramos apart day begin september room clean since family place everyone friendly helpful pool also clean center quite good location great go thank kaan bey,0.9659,positive,"{'positivity': 1.375, 'negativity': 0.625, 'objectivity': 20.0}",16.0
Hamle Hotel,write accidentally delete location hotel cleanliness staff great day stay person child hotel quiet hotel full believe see breakfast first day tell reception liquid soap miss say liquid soap miss water leak edge shower head complete liquid soap return sea tell replace new one like green olive breakfast ask staff friend ask staff friend supply supply supply supply leave address reception send cargo say go brought jar prepare olive hand minute later output day thank happy gesture ask name staff cemal bey collect plate next table breakfast ask name customer collect plate thank customer turn around moment say bring cake son realize son nice cemal bey say consider son ill bring bread ill bring bread nice sincere thank extend anecdote important look comment care hope useful next one thank hamle hotel,0.9881,positive,"{'positivity': 7.0, 'negativity': 1.75, 'objectivity': 119.25}",23.0
Hamle Hotel,aspect hotel clean location location quietness hotel think guest pool pool clean breakfast enough think people job seriously people job employee without elevator buy purpose upsetting pay current price buying spring accommodation price general akyaka high place,0.0516,positive,"{'positivity': 1.375, 'negativity': 0.125, 'objectivity': 33.5}",1.0
Hamle Hotel,hello stay one night location boutique hotel location boutique hotel location hotel layout hotel close center close river close beach pool clean employee understand friendly hotel nice picture hotel would like say calm relax garden please thank everything,0.9595,positive,"{'positivity': 1.75, 'negativity': 0.125, 'objectivity': 34.125}",14.0
Hamle Hotel,stay overnight stay family room room big toilet door close squeeze towel want drink coffee evening encounter negative response strange close walk distance bazaar breakfast vary breakfast satisfying average accommodation,-0.296,negative,"{'positivity': 1.75, 'negativity': 1.125, 'objectivity': 27.125}",-1.0
Hamle Hotel,looked comment without make reservation confuse negative comment make reservation come family satisfy hamle hotel everywhere clean staff interested pool sparkle breakfast sufficient product fresh thank staff canan recommend,0.9255,positive,"{'positivity': 2.875, 'negativity': 1.75, 'objectivity': 21.375}",8.0
Hamle Hotel,booked economy room include breakfast experience good breakfast average repetitive every day lift carry two small two large piece luggage third floor one staff member help one large bag rest manage service poor ask table one staff member tell room clean not clean every day change towel regularly someone value hygiene aware bathroom quite dirty lack shower gel request cleaning second day receptionist tell would clean two day despite pay every night positive aspect location everything else lack economy room outdated make poor material cleaning service inadequate breakfast subpar couple staff member seem unhelpful indifferent,-0.0139,neutral,"{'positivity': 3.625, 'negativity': 4.75, 'objectivity': 82.625}",-2.0
Hamle Hotel,make reservation hamle hotel hotel unfortunately faced issue due staff lack professionalism however hotel manager canan professional kind patient understanding pleasant make overlook shortcoming provide necessary treat make thing easy honeymoon couple make happy pool beautiful one best akyaka swim pool without goggles without hurt eye enjoy pool comfortably without overwhelmed chlorine swim sea enter pool provide great comfort relaxation normally never swim pool without goggles swim pool hamle hotel definitely place try give chance many area improve open development highly recommend give chance would especially like thank hotel manager canan great holiday,0.9942,positive,"{'positivity': 10.25, 'negativity': 5.75, 'objectivity': 67.0}",35.0
Hamle Hotel,stay two time personnel nice pool breakfast great cleaning three day consider modest price great accessibility town centre restaurant minor inconvenience,0.8591,positive,"{'positivity': 1.125, 'negativity': 1.375, 'objectivity': 18.5}",7.0
Hamle Hotel,stay every time kite close get want walk kite spot walk cross river ignore load garbage leave behind tourist hotel everything need quiet small pool offer turkish breakfast egg cheese vegetable sweet,0.1531,positive,"{'positivity': 0.125, 'negativity': 1.375, 'objectivity': 29.5}",0.0
Hamle Hotel,give bad back room see view furniture organize put luggage next day replace room pool view room refurnitured one internet work part hotel replace room near recipient wifi work give gift check little bit far see shop staff youth little experience one recipient arrive take age answer phone small inch tv,-0.1531,negative,"{'positivity': 0.25, 'negativity': 2.5, 'objectivity': 47.25}",-1.0
Alp Suites Mandalin,stay mandalin lavender suist stay overnight total place clean full home comfort distance beach location swim foot morning could enter sea settle sun lounger home take return sun lounger location need fountain suite smooth easy take shower easy enjoy owner business understand solution orient thank stay,0.9517,positive,"{'positivity': 2.125, 'negativity': 1.125, 'objectivity': 39.75}",11.0
Alp Suites Mandalin,nice day go really satisfied quality bed cleanliness furniture everything tremendous,0.7089,positive,"{'positivity': 1.875, 'negativity': 0.0, 'objectivity': 8.125}",7.0
Alp Suites Mandalin,room clean spacious service good employee respectful stay overnight price affordable,0.8225,positive,"{'positivity': 1.125, 'negativity': 0.0, 'objectivity': 9.875}",8.0
Alp Suites Mandalin,priority within walk distance place akyaka business provide comfort home suite stay clean carefully design stay confidence,0.8402,positive,"{'positivity': 0.0, 'negativity': 0.75, 'objectivity': 15.25}",8.0
Alp Suites Mandalin,wonderful accommodation recommend place nice holiday family,0.8934,positive,"{'positivity': 1.25, 'negativity': 0.125, 'objectivity': 5.625}",9.0
Alp Suites Mandalin,spent day family daughter love stay owner operator responsive quick always aim high quality even provide brand new iron ask house bit compact small air condition every room living room also not spend much time inside house vacation also location pretty close beach centrum literally walk everywhere free park spot inside garden one negative side find cleanliness improve like need improvement sink bathroom stylish easy use thank stay recommend hope back next,0.9792,positive,"{'positivity': 6.5, 'negativity': 2.0, 'objectivity': 63.5}",20.0
Alp Suites Mandalin,stayed apart night new holiday great beautiful bright useful flat everything work air condition okey heat night pot belly stave cosy even friendly nice manager,0.9702,positive,"{'positivity': 2.0, 'negativity': 0.125, 'objectivity': 21.875}",14.0
Alp Suites Mandalin,nice duplex improve clean bit deserve star rating,0.8126,positive,"{'positivity': 1.125, 'negativity': 0.25, 'objectivity': 6.625}",7.0
Alp Suites Mandalin,nice place spacious room room fireplace prepare call receptionist phone arrive phone number sign name hotel,0.4767,positive,"{'positivity': 0.0, 'negativity': 0.375, 'objectivity': 15.625}",4.0
Alp Suites Mandalin,cozy interior design flaw spot much noise neighbor room close proximity bar much noise night wifi pretty slow table balcony large enough people,0.4939,positive,"{'positivity': 1.125, 'negativity': 0.5, 'objectivity': 21.375}",-1.0
Tuna Otel,hotel level call wonderful auburn long haired lady reception desk sourfaced room soundproofed bathroom toilet clean new bed comfortable far center marmaris,0.8658,positive,"{'positivity': 2.0, 'negativity': 1.75, 'objectivity': 16.25}",8.0
Tuna Otel,room organize comfortable staff excessive buffet hygienic delicious quality hotel,0.7906,positive,"{'positivity': 1.25, 'negativity': 1.25, 'objectivity': 7.5}",7.0
Tuna Otel,satisfied tuna hotel stay business trip especially extra help staff friend subject request make trip comfortable especially thank neşe frequent travel think hotel location room breakfast option sufficient,0.9334,positive,"{'positivity': 1.75, 'negativity': 1.75, 'objectivity': 23.5}",9.0
Tuna Otel,service smile face hygiene thank black bollard front door remove beautiful narrow entrance,0.836,positive,"{'positivity': 1.5, 'negativity': 0.375, 'objectivity': 11.125}",7.0
Tuna Otel,stay tuna hotel day satisfy smile zero muğla tuna hotel,0.6705,positive,"{'positivity': 0.875, 'negativity': 0.25, 'objectivity': 7.875}",2.0
Tuna Otel,checked morning really nice clean hotel spacious room good location edge muğla easy get away check safe car parking would give breakfast bit let staff excellent helpful,0.9651,positive,"{'positivity': 4.125, 'negativity': 0.375, 'objectivity': 20.5}",16.0
Tuna Otel,good room little bit small picture not know room locate room like,0.6597,positive,"{'positivity': 1.25, 'negativity': 1.0, 'objectivity': 9.75}",5.0
Tuna Otel,room okey clean comfortable breakfast meal could well well serve,0.8481,positive,"{'positivity': 0.125, 'negativity': 0.875, 'objectivity': 8.0}",4.0
Tuna Otel,nice clean hotel stay one night,0.6705,positive,"{'positivity': 0.0, 'negativity': 0.0, 'objectivity': 6.0}",5.0
Tuna Otel,good location spacey room modern decoration poor breakfast,-0.0516,negative,"{'positivity': 0.5, 'negativity': 0.0, 'objectivity': 7.5}",1.0
Otel Arın,operator human leave people country give nice room could call hotel road usually resort hotel room come late operator turn air condition leave ventilated room room immaculate spacious decoration hotel house comfortable bed first time regret money pay hotel thank operator money pay hotel fatigue journey last hour could relieve,0.6249,positive,"{'positivity': 0.75, 'negativity': 1.875, 'objectivity': 45.375}",1.0
Otel Arın,amenity expect accommodation scale enough pleasant stay one room nice balcony,0.7269,positive,"{'positivity': 2.0, 'negativity': 0.625, 'objectivity': 8.375}",6.0
Otel Arın,stay girlfriend night location really nice cleanliness room great stay peace mind,0.8932,positive,"{'positivity': 1.25, 'negativity': 0.0, 'objectivity': 10.75}",8.0
Otel Arın,location perfect right bottom cafe bazaar hotel nice stay night clean owner sweet person affordable nice,0.9325,positive,"{'positivity': 0.0, 'negativity': 0.125, 'objectivity': 15.875}",15.0
Otel Arın,hotel stay overnight center akyaka clean hotel stay region time location cleanliness hospitality deserve point,0.4019,positive,"{'positivity': 1.375, 'negativity': 0.125, 'objectivity': 12.5}",2.0
Otel Arın,manager truly human people leave like country even though looked hotel road give best room possible usually resort hotel room arrive late manager turn air condition ventilate room leave room clean spacious like home hotel bed comfortable first time not regret money pay hotel can not thank operator enough way relieve tiredness journey last hour,0.9624,positive,"{'positivity': 1.375, 'negativity': 3.125, 'objectivity': 50.5}",10.0
Otel Arın,facility one would expect accommodation scale provide excess enjoyable stay one room beautiful balcony,0.7783,positive,"{'positivity': 2.125, 'negativity': 0.75, 'objectivity': 10.125}",5.0
Otel Arın,stay girlfriend night location truly best place possible cleanliness room great stay peace mind,0.9403,positive,"{'positivity': 1.5, 'negativity': 0.0, 'objectivity': 12.5}",8.0
Otel Arın,location perfect right next market cafe hotel nice stay one night clean owner also sweet person nice affordable,0.9325,positive,"{'positivity': 0.0, 'negativity': 0.0, 'objectivity': 18.0}",15.0
Limon Apart,akyaka would like stay limon apart find chance bed round room linen immaculate simple tasteful charm decoration stay terrace room stay romantıc environment feel sea palm hand thank özlem smile face hospitality recommend whole heartedly,0.9423,positive,"{'positivity': 4.375, 'negativity': 0.125, 'objectivity': 24.5}",13.0
Limon Apart,come akyaka second day lucky find limon apart directly without search place cleaning room careful beautiful design room location room ideal location smile face sweet language thank özlem,0.9565,positive,"{'positivity': 3.25, 'negativity': 0.0, 'objectivity': 20.75}",14.0
Limon Apart,extremely beautiful decent environment room content clean new room content clean new stay room name magnolia terrace view great car park area friendly service thank,0.9606,positive,"{'positivity': 3.125, 'negativity': 0.0, 'objectivity': 21.875}",14.0
Limon Apart,ground floor room name sandal adult child stay room clean round bed big seat wide table din area could use outside room beautiful azmak river market car market car land foot price far away leave satisfied,0.8481,positive,"{'positivity': 1.75, 'negativity': 0.5, 'objectivity': 31.75}",7.0
Limon Apart,say beautiful apart hotel akyaka stay wife night lady stay naive polite room photo internet bed comfortable comfort hotel room nice clean comfortable use availability would like stay overnight satisfied place want stay definitely recommend thank management thank provide nice usage area great,0.9892,positive,"{'positivity': 3.875, 'negativity': 2.625, 'objectivity': 34.5}",31.0
Limon Apart,room splendid extremely clean nice sea view price realy correct breakfast two point share one apartment high city thus walk quite bit sea second ask owner possible leave apartment around flight ticket say check max even season work day half hotel totally empty,0.8683,positive,"{'positivity': 2.25, 'negativity': 0.875, 'objectivity': 38.875}",7.0
Limon Apart,great apartment nice really helpful owner pleasant stay cat peek window hard get use plus cat lover proximity center nice definitely would recommend,0.9749,positive,"{'positivity': 2.5, 'negativity': 1.0, 'objectivity': 18.5}",15.0
Limon Apart,friendly land lady clean stylish room quite spacious recommend,0.8261,positive,"{'positivity': 0.625, 'negativity': 0.875, 'objectivity': 7.5}",7.0
Limon Apart,flexible helpful look forward book,0.5719,positive,"{'positivity': 0.625, 'negativity': 0.0, 'objectivity': 4.375}",2.0
Limon Apart,come akyaka first time would love stay limon apart find chance bed round room linen clean decoration simple tasteful charm stayed terrace room romantıc atmosphere feel sea palm hand would like thank özlem smile face hospitality recommend whole heartedly,0.9712,positive,"{'positivity': 4.5, 'negativity': 0.125, 'objectivity': 27.375}",18.0
Hotel Grand Azmakhan Spa & Wellness,stayed hotel travel day week business see empty hotel see empty hotel think term empty customer think term empty customer big gap service enter room stay third floor stay balcony cat try enter balcony close door say would connect internet say would take shower night say would take hot shower say would call reception say would call hot water say would call reception say would take cold cold shower say would take hot shower say would take hot drink say would drink hot water room go breakfast sat floor outside sat floor breakfast come go get tea look saw cat share breakfast,-0.4588,negative,"{'positivity': 2.75, 'negativity': 0.5, 'objectivity': 88.75}",-2.0
Hotel Grand Azmakhan Spa & Wellness,checked grand hotel azmakhan spa wellness hotel tuesday check thursday check ant appear bed checked room problem eye go bed evening ant increase cover certain part bed call reception request room change gentleman friend say would check room come room another say could return room say could make refund say could change sheet could change broom friend clean broom say room come normal garden floor say coming hotel site specify ant room ant appear cleaned ant leave ant come holiday poison travel disappointed bought hotel hotel buy hotel hotel report complaint agency help,0.9022,positive,"{'positivity': 5.625, 'negativity': 2.25, 'objectivity': 79.125}",2.0
Hotel Grand Azmakhan Spa & Wellness,breakfast standard everywhere standard way staff probably not talk much not talk much say not talk location serious parking lot problem toilet paper run room ask toilet paper ask toilet paper ask reason funny room corner room curtain stain curtain stain certain new stain spill stain bother clean hair pillowcase bring balcony wire room torn balcony wire room torn problem fly quite lot muddy fly spider web wall clean edge general azmak spend frankly would,-0.0459,neutral,"{'positivity': 2.625, 'negativity': 9.375, 'objectivity': 61.0}",-3.0
Hotel Grand Azmakhan Spa & Wellness,small narrow room extremely rude cocky staff want charge extra coffee bar reception object sworn hotel akyaka say stayed bad hotel,-0.8059,negative,"{'positivity': 1.75, 'negativity': 2.0, 'objectivity': 16.25}",-6.0
Hotel Grand Azmakhan Spa & Wellness,would like express dissatisfaction experience hotel regret state hotel attach enough importance customer satisfaction situation negatively affect customer experience problem experience reflect customer without solve result problem corporate structure hotel solution problem reflect customer without solve result disruption corporate structure hotel lack proposal solution problem deepen disappointment experienced expectation hotel disruption may occur stay solved quickly effectively hotel insufficient regard think understand solution orient approach exhibit towards customer disappoint time spent hotel meet expectation,-0.6444,negative,"{'positivity': 2.5, 'negativity': 7.5, 'objectivity': 60.0}",-10.0
Hotel Grand Azmakhan Spa & Wellness,nice place nice location,0.6808,positive,"{'positivity': 0.0, 'negativity': 0.0, 'objectivity': 4.0}",6.0
Hotel Grand Azmakhan Spa & Wellness,travel almost every day week job stay many hotel never see hotel empty one say empty not think term customer huge gap service enter room stay third floor cat try enter balcony close door try connect internet password want take shower night hot water thing happen think call reception phone either take cold shower think drink something hot water kettle cup spoon room neither coffee tea go breakfast sat somewhere outside breakfast arrive go buy tea saw three cat share breakfast see problematic hotel term service,0.4738,positive,"{'positivity': 1.375, 'negativity': 2.75, 'objectivity': 80.875}",1.0
Hotel Grand Azmakhan Spa & Wellness,reservation grand hotel azmakhan spa wellness hotel tuesday check thursday check entered room ant appear bed not mind bed even ant increase number cover certain part bed call reception request room change gentleman friend say would check room come room say another room could give refund could change sheet vacuum friend clean say room normal garden floor wish state hotel website room ant cleaning leave ant appear holiday poison come away disappointed buy hotel otel even though report complaint agency help either,0.9501,positive,"{'positivity': 4.375, 'negativity': 2.875, 'objectivity': 69.75}",5.0
Hotel Grand Azmakhan Spa & Wellness,breakfast standard standard everywhere guess staff good not talk much fact safe say not talk location good serious parking problem room run toilet paper ask toilet paper time arrive asked funny room corner room curtain stain new stain shed effort make clean hair pillowcase glad bring balcony screen room torn could not open fly general edge spider web wall clean see obviously not back,0.9325,positive,"{'positivity': 4.375, 'negativity': 5.5, 'objectivity': 53.125}",14.0
Hotel Grand Azmakhan Spa & Wellness,small cramp room extremely rude arrogant staff want charge cost extra coffee reception bar object receive swear word stay many hotel akyaka say bad,-0.8995,negative,"{'positivity': 1.75, 'negativity': 2.875, 'objectivity': 18.375}",-9.0
Akyaka Villa Marine Otel & Restoran,night spend akyaka villa marine hotel beyond expectation extremely satisfied term hygiene facility offer room spotlessly clean carefully prepared show hotel sensitivity hygiene location hotel locate middle calm peaceful atmosphere akyaka close sea natural beauty vicinity increase pleasure holiday friendly helpfulness employee one big plus hotel especially berfin lady make stay enjoyable sweet sincere attitude make sincere effort find solution question would like give special thank yunus emre bey would like thank help matter ensure holiday go smoothly look quiet peaceful holiday akyaka recommend villa marine hotel peace mind thank hotel facility hospitality employee unforgettable experience plan stay first opportunity,0.9976,positive,"{'positivity': 10.75, 'negativity': 1.5, 'objectivity': 79.75}",53.0
Akyaka Villa Marine Otel & Restoran,lucky think lucky mind lead live beautiful holiday peace safety magnificent accommodation live space nourished soul body together team beloved business owner pınar hanım choose center suitable work home model develop pandemic choose place good choice reach beauty close azmak stream magnificent view large swim pool educate kind friendly hardworking staff reflect courtesy elegance owner breakfast perfect family swim pool playground nature perfect want feed soul go hungry would say restaurant manager arzu lady kitchen staff berfin lady gardener receptionist friend welcome warmly receptionist friend beautiful memory employee besides duty happy friendship friendship happy friendship architectural structure design business understand great price affordable similar experience never experience happy happy endless thank inshallah recommend love one wish continue success,0.9988,positive,"{'positivity': 16.375, 'negativity': 2.25, 'objectivity': 92.375}",83.0
Akyaka Villa Marine Otel & Restoran,location hotel quiet place feel summer house warm friendly environment room clean balcony spacious breakfast variety rich importantly team extremely friendly sit pool even enjoy view recommend everyone would like thank hotel team helpfulness sick cold day check hotel convey endless thank akyaka villa marine hotel family helpfulness,0.9828,positive,"{'positivity': 1.875, 'negativity': 0.25, 'objectivity': 42.875}",18.0
Akyaka Villa Marine Otel & Restoran,room extremely clean hygienic breakfast hot hot jam change day jam homemade hotel owner make breakfast fed child relieve breakfast friendly warm environment staff friendly especially suna berfin interested especially thank especially thank wed anniversary pleasant peaceful weekend thank marine hotel family,0.9828,positive,"{'positivity': 3.625, 'negativity': 0.125, 'objectivity': 36.25}",21.0
Akyaka Villa Marine Otel & Restoran,akyaka villa marina stay overnight wife really great experience thank hotel location bank azmak view hotel tremendous offer beautiful view cool atmosphere thank location bank azmak great advantage within walk distance place hotel staff helpful delicious variety ate breakfast sufficient delicious variety ate breakfast sufficient like fact spice breakfast salad variety serve different hot pastry every day definitely recommend,0.9902,positive,"{'positivity': 3.75, 'negativity': 2.125, 'objectivity': 50.125}",28.0
Akyaka Villa Marine Otel & Restoran,officially favourite place holiday go twice summer already family already make plan visit next summer summer hotel beautiful wonderful location make hotel special staff everyone amaze kind attentive felt comfortable happy food great especially breakfast room comfortable view incredible pool area perfect family friendly definitely visit hotel thank much making holiday special,0.9942,positive,"{'positivity': 4.5, 'negativity': 1.875, 'objectivity': 44.625}",30.0
Akyaka Villa Marine Otel & Restoran,thank much osman wonderful hospitality family memorable time handmade mantı turkish ravioli absolutely delicious handmade köfte truly best weve ever felt privileged experience authentic delightful flavor,0.975,positive,"{'positivity': 4.25, 'negativity': 0.25, 'objectivity': 17.5}",18.0
Akyaka Villa Marine Otel & Restoran,peaceful place close river,0.4939,positive,"{'positivity': 0.25, 'negativity': 0.0, 'objectivity': 3.75}",2.0
Akyaka Villa Marine Otel & Restoran,room nice spacious friendly staff bed however use improvement,0.8402,positive,"{'positivity': 0.625, 'negativity': 0.5, 'objectivity': 7.875}",8.0
Akyaka Villa Marine Otel & Restoran,perfect place family kitesurfer friendly staff lovely breakfast go akyaka villa marine best place recommend,0.9545,positive,"{'positivity': 0.625, 'negativity': 0.125, 'objectivity': 12.25}",13.0
Alp Suites Safran,price super accord quality service receive come wife regret although could leave time fell asleep understood,0.2263,positive,"{'positivity': 0.875, 'negativity': 0.875, 'objectivity': 12.25}",2.0
Alp Suites Safran,allow leave late price affordable staff friendly helpful daily weekly apartment perfect,0.886,positive,"{'positivity': 0.375, 'negativity': 0.0, 'objectivity': 11.625}",9.0
Alp Suites Safran,location service place understand even though leave late immediately knock door say go minute come,-0.0516,negative,"{'positivity': 0.5, 'negativity': 0.375, 'objectivity': 14.125}",-1.0
Alp Suites Safran,stay day perfect food drink service excellent family place satisfy,0.886,positive,"{'positivity': 1.5, 'negativity': 0.0, 'objectivity': 8.5}",6.0
Alp Suites Safran,locate quiet quiet area new villa build vehicle location fantastic away crowd center location locate hill choose vehicle close market within walk distance sit open spacious spacious balcony able sleep without turn air condition extremely hot temperature stay upper floor apartment villa floor stay upper floor apartment apartment floor door enter apartment keep mind stair enter apartment apartment prefer handicap park car entrance build stair something like family child pay attention extremely modern furnish brand new clean bathroom great convenience villa large enough pool usually use pool clean view legend gökova foot,0.9349,positive,"{'positivity': 4.75, 'negativity': 0.75, 'objectivity': 83.5}",14.0
Alp Suites Safran,beautiful modern stylish accommodation akyaka muğla beautiful coastal town border mountain sea creek byzantine home akyaka another new part turkey two hour south bodrum alp suite deliver bedroom apartment perch side hill surround mountain beautiful view across valley gökova bay castle currently restore design byzantine yet interior stylish beach house think whitewash floor extensive artwork classic interior style well equip cook home spacious kitchen floor ceiling window enjoy view short stroll away approximately çay creek beautiful waterside restaurant supermarket however market lack fresh produce meat need visit centre town walk drive love view two full shower plenty hot water thing minor cleaning sunbed simply stun large share pool length sally enjoy lap soak sun apartment well suit car however handle dined twice magical halil place approximately walk walk centre akyaka truly beautiful quaint town full byzantine architecture crystal clear water bird life engulf forest pine tree mountain lovely beach something everyone apartment suit holidaymaker lack work area digital nomad work comfortably,0.9934,positive,"{'positivity': 12.875, 'negativity': 4.5, 'objectivity': 132.625}",25.0
Alp Suites Safran,great boutique hotel opening soon,0.6249,positive,"{'positivity': 0.0, 'negativity': 0.125, 'objectivity': 4.875}",3.0
Alp Suites Safran,price great service quality receive come wife regret could not check time fell asleep still understood,0.3182,positive,"{'positivity': 0.75, 'negativity': 1.5, 'objectivity': 12.75}",3.0
Alp Suites Safran,allow leave late price affordable good employee friendly helpful daily weekly apartment perfect,0.9231,positive,"{'positivity': 0.875, 'negativity': 0.0, 'objectivity': 12.125}",12.0
Alp Suites Safran,location service good also unlike place one knock door tell get even though leave late understanding,0.4019,positive,"{'positivity': 0.625, 'negativity': 0.625, 'objectivity': 14.75}",2.0
villa vali Akyaka Apart,rent bungalow stay night clean quiet bed comfortable bed comfortable possibility park car next day ship tour able leave car evening thank back room pool,0.891,positive,"{'positivity': 0.125, 'negativity': 1.5, 'objectivity': 23.375}",7.0
villa vali Akyaka Apart,hello make vacation plan akyaka find impressed nice comment prefer place family one person family akyaka ideal environment clean bazaar walk distance swim close river azmak definitely stay beautiful memory leave akyaka,0.9545,positive,"{'positivity': 3.125, 'negativity': 0.125, 'objectivity': 24.75}",10.0
villa vali Akyaka Apart,villa vali allow spend unforgettable time life say address silence peace say hygienic authentic room pool immaculate garden location transportation everywhere close location security service quality term high apart villa say recommend offer thank regard,0.8957,positive,"{'positivity': 4.625, 'negativity': 0.75, 'objectivity': 29.625}",9.0
villa vali Akyaka Apart,enter shower rent bungalow realize drain clog entered shower come open drain take care ask key say key receive refund check found place price stay,0.4939,positive,"{'positivity': 0.5, 'negativity': 0.0, 'objectivity': 24.5}",2.0
villa vali Akyaka Apart,stay overnight independent bungalow without kitchen bungalow detach entrance porch seat area provide comfortable accommodation room clean well maintain walk distance center thank kadriye lady,0.8625,positive,"{'positivity': 0.5, 'negativity': 0.75, 'objectivity': 21.75}",6.0
villa vali Akyaka Apart,hotel quite nice well look family run lovely location one farthest away beach distance small walk river cool generally satisfy,0.927,positive,"{'positivity': 1.0, 'negativity': 1.0, 'objectivity': 18.0}",7.0
villa vali Akyaka Apart,although staff welcome helpful room nothing like picture portray small shabby wear hook rail hole seal haphazardly living room unpainted patch nothing like expect although outside garden pool luscious lovely relax felt severely rip night turkey unfortunately son get electric shock loose wiring bedroom sidelight health hazard need address left night find place much nicer much cheap,0.4367,positive,"{'positivity': 5.75, 'negativity': 4.625, 'objectivity': 44.625}",4.0
villa vali Akyaka Apart,perfect totally private two bedroom bath kitchen everything need cook live room balcony table outside balcony breakfast lunch dinner place two pool several patio everyone gather bunch place property choose anyone comfort ever go back muğla know go,0.7351,positive,"{'positivity': 1.5, 'negativity': 1.375, 'objectivity': 31.125}",5.0
villa vali Akyaka Apart,stay night nice room welcome people thing concern slightly loud air condition hence star,0.7003,positive,"{'positivity': 0.875, 'negativity': 0.125, 'objectivity': 13.0}",5.0
villa vali Akyaka Apart,oasis,0.0,neutral,"{'positivity': 0.0, 'negativity': 0.0, 'objectivity': 1.0}",0.0
Carissa Otel,say hotel stay muğla hotel definitely prefer trip staff friendly room clean garden terrific summer highly recommend,0.9259,positive,"{'positivity': 2.25, 'negativity': 0.375, 'objectivity': 13.375}",10.0
Carissa Otel,stay new facility number high ceiling spacious room shower toilet sparkle room huge armchair front tv room make feel home air condition also work quite quietly think important hotel breakfast good enough,0.8542,positive,"{'positivity': 2.875, 'negativity': 1.5, 'objectivity': 27.625}",10.0
Carissa Otel,hotel locate close city center location nice quiet quiet stay ground floor standard room slide window opening garden take chair enjoy sit garden parking problem employee sincere friendly helpful intention good price performance evaluate hotel reception spacious spacious generally fix customer certain breakfast range wide satisfying,0.9584,positive,"{'positivity': 3.375, 'negativity': 1.75, 'objectivity': 40.875}",15.0
Carissa Otel,carissa hotel stay nice clean hotel employee helpful liked location hotel like location hotel easy transportation easy walk center would easy go car think indoor pool would great,0.9761,positive,"{'positivity': 2.5, 'negativity': 0.75, 'objectivity': 22.75}",17.0
Carissa Otel,check august check august come work muğla stay week meticulous cleanliness feel uncomfortable feel uncomfortable comfortable useful room bathroom super employee sincere friendly people,0.8957,positive,"{'positivity': 2.125, 'negativity': 2.25, 'objectivity': 18.625}",7.0
Carissa Otel,peace nice comfort hotel location bad car beside new build construction may wake early noise breakfast standard lady need improve performance stop hit table gathering empty dish morning please nervous keep yell reason reason anyone felt worry yell reason prefer breakfast outside need spend morning time stressful thing generally good hotel exclude morning breakfast morning construction,0.0516,positive,"{'positivity': 3.75, 'negativity': 2.25, 'objectivity': 48.0}",2.0
Carissa Otel,totally unplanned come across hotel everything feel look brand new design furniture gorgeous staff kind breakfast superb impressed wife could not stop talk definitely recommend,0.9496,positive,"{'positivity': 3.125, 'negativity': 1.375, 'objectivity': 18.5}",11.0
Carissa Otel,good service clean coffee bad,0.2732,positive,"{'positivity': 0.5, 'negativity': 0.875, 'objectivity': 3.625}",2.0
Carissa Otel,beautiful,0.5994,positive,"{'positivity': 0.75, 'negativity': 0.0, 'objectivity': 0.25}",3.0
Carissa Otel,perfect,0.5719,positive,"{'positivity': 0.0, 'negativity': 0.0, 'objectivity': 1.0}",3.0
Hotel Caretta,location hotel stay daily akyaka tour location hotel close place go foot akyaka location close place hotel staff friendly helpful expectation would stay day dissatisfied cleanliness room stay dissatisfaction cleanliness room stay unbearably bad odor come bathroom would like thank staff especially alp beye open door,0.1779,positive,"{'positivity': 2.0, 'negativity': 1.375, 'objectivity': 37.625}",3.0
Hotel Caretta,stay night room clean service excellent morning sister özgür remember wrongly ask long haired time help ordered coffee night star alp bey accompany cheerful conversation definitely prefer hotel family warmth next visit,0.9538,positive,"{'positivity': 4.25, 'negativity': 1.25, 'objectivity': 25.5}",9.0
Hotel Caretta,stranger facility take short break health reason day pass caretta caretta hotel leadership sami alp özgür quality sincerity warmth family atmosphere continue management özgür modest business really great gain tourism caretta caretta family akyaka offer endless thank provide family unique holiday opportunity continue health bon appetit,0.9588,positive,"{'positivity': 4.75, 'negativity': 1.25, 'objectivity': 35.0}",16.0
Hotel Caretta,free bey alp beye everything thank interested friendly find chance find chance hygiene sheet towel snow white towel afraid location location great place go breakfast morning satisfied place go breakfast free bey alp bey friendly friendly go akyaka next place certain caretta hotel,0.9854,positive,"{'positivity': 5.0, 'negativity': 1.0, 'objectivity': 34.0}",20.0
Hotel Caretta,spent two night location bazaar close location bazaar clean affordable price satisfy friend run,0.836,positive,"{'positivity': 0.75, 'negativity': 0.0, 'objectivity': 13.25}",5.0
Hotel Caretta,local nice however plan sleep early would recommend another place throughout night would also hear people noise outside price upper side area room okay fridge room,0.7351,positive,"{'positivity': 0.625, 'negativity': 0.875, 'objectivity': 22.5}",5.0
Hotel Caretta,want center stay clean reliable place choose place without hesitation owner sweet care people thank everything super carrette family,0.8986,positive,"{'positivity': 0.375, 'negativity': 0.25, 'objectivity': 15.375}",14.0
Hotel Caretta,best hotel stay akyaka friendly warm reception also clean peacefull room,0.9001,positive,"{'positivity': 1.125, 'negativity': 0.0, 'objectivity': 7.875}",8.0
Hotel Caretta,central location clean spacious room,0.4019,positive,"{'positivity': 0.0, 'negativity': 0.0, 'objectivity': 5.0}",3.0
Hotel Caretta,hotel stay day akyaka tour location magnificent place close everywhere place akyaka can not walk location hotel staff also friendly helpful since stay day not high expectation little dissatisfied cleanliness room stay unbearably bad smell come bathroom would like thank especially alp staff open door,0.8439,positive,"{'positivity': 2.5, 'negativity': 2.625, 'objectivity': 35.875}",6.0
Demircioğlu Park Hotel,date wedding stay night wed know new hotel muğla although never specify special room bride groom small preparation room bed linen torn bed linen torn ask turkish coffee receive service money give get service money give bathroom material poor quality summary would recommend anyone stay demircioğlu hotel figure live muğla thank put piece water refrigerator pa,-0.52,negative,"{'positivity': 1.5, 'negativity': 0.75, 'objectivity': 47.75}",0.0
Demircioğlu Park Hotel,travel lot work satisfied service receive demircioğlu park hotel make long stay benefit opportunity offer happy work gym indoor pool spa center offer rich menu breakfast dinner would like thank hotel management work team welcome smile face small gesture,0.9761,positive,"{'positivity': 3.875, 'negativity': 0.375, 'objectivity': 32.75}",19.0
Demircioğlu Park Hotel,hotel stay long time frequent choice stay family service clean attention staff make feel different home thank reception jade gözde friendly attention thank sevban room clean thank ceyhun service,0.9337,positive,"{'positivity': 2.25, 'negativity': 0.375, 'objectivity': 23.375}",12.0
Demircioğlu Park Hotel,mobile iron big hotel late night leave early recommend bring iron fan bathroom turn work night room light work think choose,0.5574,positive,"{'positivity': 0.25, 'negativity': 0.25, 'objectivity': 20.5}",5.0
Demircioğlu Park Hotel,room nice clean hotel starbucks hotel manager serdar bey kind staff excellent need help try help definitely place stay muğla,0.9623,positive,"{'positivity': 2.375, 'negativity': 0.125, 'objectivity': 14.5}",14.0
Demircioğlu Park Hotel,beautifully keep get luxury hotel basic price indoor swim pool sauna steam room include price room spacious big comfy bed everything need breakfast also include enough set day lastly staff especially young lady reception friendly helpful oh also good position center town shop amenity easily walkable would definitely recommend stay,0.9595,positive,"{'positivity': 3.875, 'negativity': 1.5, 'objectivity': 41.625}",16.0
Demircioğlu Park Hotel,absolute luxury come muğla first time not last enjoyable day book hotel wonderful everyway staff lovely breakfast attentive lovely turkish breakfast would highly recommend hotel five star,0.9133,positive,"{'positivity': 3.0, 'negativity': 1.5, 'objectivity': 19.5}",16.0
Demircioğlu Park Hotel,night business trip good location great clean bed helpful staff super shower breakfast next door caf adorable waiter cool modern design would definitely go back,0.9738,positive,"{'positivity': 1.75, 'negativity': 0.375, 'objectivity': 20.875}",17.0
Demircioğlu Park Hotel,havent see luxurious hotel thing not like copy card computer check,-0.2755,negative,"{'positivity': 0.75, 'negativity': 0.625, 'objectivity': 8.625}",2.0
Demircioğlu Park Hotel,hotel beautiful big room center muğla find restaurant walk free car park breakfast good,0.8779,positive,"{'positivity': 2.125, 'negativity': 0.125, 'objectivity': 10.75}",8.0
BEACON HILL SUITES,hotel view beautiful boutique hotel rent private villa comfortable holiday comfortable holiday especially comfortable baby thank room open pool spend time garden baby sleep thank room open pool spend time garden baby sleep beach available go car go car food beverage place also comfortable go car hotel steep slope hotel nice room unfortunately room coincide hotel disadvantageous unfortunately low floor breakfast area make additional hut place make room people breakfast direct noise possible sleep morning baby wake sound thank batuhan bey ask silence silence thank baby thank attention thank number room spend time hotel thank private pool alone hotel day able enjoy coffee pool baby sleep alone hotel day able enjoy coffee pool baby sleep quiet quiet place relax worry insect bee thing go prepared surround forest wooded plenty fly bee batuhan bey interested service could think never defect service thank service smile face,0.9934,positive,"{'positivity': 5.875, 'negativity': 7.25, 'objectivity': 127.875}",29.0
BEACON HILL SUITES,left hotel morning say glad stayed wife child view location room breakfast approach staff especially interest batuhan bey interest staff eat drink place recommendation clean business holiday peace mind family wish,0.9647,positive,"{'positivity': 1.125, 'negativity': 0.0, 'objectivity': 28.875}",10.0
BEACON HILL SUITES,stay akyaka day prefer hotel highrated review come across internet journey ankara climb difficult ramp entrance hotel start say wife especially batuhan bey sincere warm welcome employee especially batuhan bey say really still people leave say room location peace mind saw say room immaculate boutique hotel really clean everything really smooth everything clean really love saw infinite pool step door room really love saw infinite pool separate pleasure eat pool wish employee beautify visit akyaka auspicious abundant earnings route fall definitely stay,0.988,positive,"{'positivity': 9.375, 'negativity': 1.0, 'objectivity': 64.625}",22.0
BEACON HILL SUITES,magnificent view room bathroom new clean surroundings forest architecture incredible highly recommend simple deficiency garbage room require laundry hanger balcony require notified outer door close night breakfast quality increase breakfast quality give breakfast morning tea machine place nearby open parking lot place gravel dust none pose problem whole heartedly recommend,0.9354,positive,"{'positivity': 3.0, 'negativity': 2.125, 'objectivity': 43.875}",9.0
BEACON HILL SUITES,stay numbered room august family child room open directly garden absolutely wonderful view beautiful hotel quiet calm breakfast great cleaning enough age comfortable child batuhan beye naz pınar hanım thank interest beacon akyaka day come realize need spare time address akyaka certain,0.9763,positive,"{'positivity': 3.0, 'negativity': 1.375, 'objectivity': 30.625}",18.0
BEACON HILL SUITES,peaceful week beacon hill view valley amaze stuff friendly helpful akyaka love location quiter yet walk away village definitely back,0.9618,positive,"{'positivity': 1.75, 'negativity': 0.25, 'objectivity': 16.0}",11.0
BEACON HILL SUITES,wonderful time stay spending day akyaka road hill quite steep reward beautiful view akyaka bay staff helpful friendly although staff speak little english help translate communication could still take place quite well recommended akyaka,0.9743,positive,"{'positivity': 3.0, 'negativity': 1.625, 'objectivity': 24.375}",17.0
BEACON HILL SUITES,friendly welcome hotel stuff room super clean nice facility also breakfast typical turkish view room amazing,0.9607,positive,"{'positivity': 0.5, 'negativity': 0.25, 'objectivity': 15.25}",16.0
BEACON HILL SUITES,clean stuff friendly view wonderful,0.8625,positive,"{'positivity': 0.875, 'negativity': 0.0, 'objectivity': 4.125}",8.0
BEACON HILL SUITES,best friend,0.8126,positive,"{'positivity': 0.375, 'negativity': 0.0, 'objectivity': 1.625}",4.0
Kiraz Cicegi Butik Otel Akyaka,room stay spacious kitchen behind closed door room wake sound kitchen morning like room clean headboard dampness wall put head disturb pillow place decoration dirty dampness bathroom location central street noisy breakfast give calculate separately per person per child mediocre staff friendly would think come,0.2732,positive,"{'positivity': 1.097, 'negativity': 2.278, 'objectivity': 38.625}",2.0
Kiraz Cicegi Butik Otel Akyaka,room stay small minibar small minibar wardrobe manager hotel friendly lady take care breakfast presentation great variety sufficient like heavy breakfast room small minibar wardrobe deserve end star smell incense day long like spirit hotel,0.9451,positive,"{'positivity': 1.625, 'negativity': 1.25, 'objectivity': 32.125}",10.0
Kiraz Cicegi Butik Otel Akyaka,give first star owner contact directly talk problem thought raise score star thoughtful kind behavior hotel locate center akyaka close beach close bus stop restaurant cafe bar around room clean bed comfortable room stay small long stay room big know problem administrative consultation authorize reception desk unfortunately difficulty enter leave difficulty leave hotel without able hand key forget get internet password come mind night could find authorized person call owner midnight,-0.6935,negative,"{'positivity': 4.875, 'negativity': 4.625, 'objectivity': 58.5}",1.0
Kiraz Cicegi Butik Otel Akyaka,cute boutique hotel room locate central location akyaka close desired activity owner business melis humble person would like thank separately modesty would like talk little bit hotel design energy really impressive energy full energy couple visit room know stay hotel soon enter hotel would like thank gamze welcome soon enter hotel welcome smile face positive energy hotel breakfast morning hotel mother hand touch breakfast make home breakfast nice breakfast variety breakfast nice thank cherry blossom cheer holiday choose vacation peace mind,0.9952,positive,"{'positivity': 4.625, 'negativity': 1.375, 'objectivity': 69.0}",38.0
Kiraz Cicegi Butik Otel Akyaka,wife nice vacation shadow room clean cute blue pink room family room room stay room person especially daughter work business interest interest daughter gamze priceless especially mention really animal friendly hotel akyaka akyaka cute place go see akyaka course cherry blossom boutique hotel recommend hotel owner melis thank interest mother hotel owner melis thank everything,0.9826,positive,"{'positivity': 2.0, 'negativity': 0.75, 'objectivity': 45.25}",20.0
Kiraz Cicegi Butik Otel Akyaka,expectation place read many enthusiastic review unfortunately stay night disappoint owner kind meet need arrive late evening give discount full price room euro breakfast cash even discount room totally overprice small could not open luggage floor bed noisy door shower break breakfast obtain clock small extra pay coffee never heard hard find park sorry can not recommend,-0.1813,negative,"{'positivity': 3.125, 'negativity': 5.0, 'objectivity': 47.875}",1.0
Kiraz Cicegi Butik Otel Akyaka,room stay large since kitchen behind closed door room wake sound kitchen morning like cleanliness room headboard dampness wall lay head disturb pillow place decoration purpose dirty humidity bathroom location central street noisy breakfast pay per person calculate separately child mediocre staff good friendly would not consider come,0.2263,positive,"{'positivity': 2.097, 'negativity': 2.903, 'objectivity': 40.0}",1.0
Kiraz Cicegi Butik Otel Akyaka,room stay quite small minibar wardrobe hanger manager hotel care friendly lady take great care breakfast presentation great variety small sufficient not like heavy breakfast anyway room not small minibar wardrobe would deserve star also really like smell incense throughout day hotel soul,0.9391,positive,"{'positivity': 1.875, 'negativity': 2.75, 'objectivity': 37.375}",14.0
Kiraz Cicegi Butik Otel Akyaka,originally give one star owner contact directly talk problem thoughtful kind behavior think raise score star hotel center akyaka close beach bus stop many restaurant cafe bar around room clean bed comfortable however room stay small can not use long period time maybe room big not know problem administrative unfortunately authorize person reception information desk consult difficulty enter leave left hotel without even hand key run away forgot get internet password remember night could not find official call business owner middle night,-0.3022,negative,"{'positivity': 4.75, 'negativity': 6.625, 'objectivity': 67.625}",2.0
Kiraz Cicegi Butik Otel Akyaka,cute boutique hotel room locate center akyaka close every activity want owner business melis care humble person would like thank modesty would like talk little hotel design energy really impressive know personally visited room stay energetic couple would also like say follow would like thank gamze welcome soon entered hotel soon enter hotel greet smile face positive energy hotel breakfast serve morning like hotel like mother hand say nice breakfast like breakfast home lot variety would like thank cherry blossom make holiday little joyful choose holiday peace mind,0.9966,positive,"{'positivity': 5.375, 'negativity': 2.375, 'objectivity': 72.25}",48.0
Merve Han Residence Hotel,book standard room night date facility hotel call hotel early morning due possibility arrive hotel early next day ask supportive early check go facility help child stand desk entrance look face welcome take breakfast take breakfast charge extra fee guest next day day arrival leave hotel leave suitcase hotel arrive hotel around even day wait suitcase take room person entrusted reception take basement floor windowless room balcony overlook kitchen room relate image website room filth water kitchen counter glass socket remove wall dangled water fountain kitchen faucet moldy bathroom fountain broken salty water flow fountain demand refund say want stay shower room brunette youth stand reception say authority hotel leave could find interlocutor whole hotel hotel manager hotel find interlocutor zero hygiene zero hygiene wake disgust smell oil filling room morning room kitchen call agency say could help within hour receptionist hotel say empty room price difference could change room spend day hotel could find place different hotel spend day hotel think health stay facility think health force stay dirty room victimize fact empty room want holiday poison go facility disgrace money,-0.8689,negative,"{'positivity': 11.5, 'negativity': 4.875, 'objectivity': 160.625}",-8.0
Merve Han Residence Hotel,hotel general expectation location within walk distance river azmak use pool bar day even pool bar use room clean daily addition term breakfast keep expectation low unfortunately satisfy,0.296,positive,"{'positivity': 0.5, 'negativity': 0.875, 'objectivity': 25.625}",2.0
Merve Han Residence Hotel,get cold akyaka go see azmak river aegean tour hotel filth unfortunately make comment let let people fooled photo internet architecture beautiful foot azmak river within walk distance beach akyaka bougainvillea garden wonderful bougainvillea garden wonderful positive aspect write heavy smell cigarette enter room toilet seat yellow urine use wash long time disgust not know whether long hair pillow bedroom fell customer person wear sheath not know bed bad wake back pain light burn salt water flow tap look breakfast variety hygiene terrible not understand keep architecture dirty,0.1406,positive,"{'positivity': 6.375, 'negativity': 8.75, 'objectivity': 67.875}",-2.0
Merve Han Residence Hotel,stay water flow faucet soda azmak water think location salty garden nice location garden nice employee respectful tap bathroom moldy bathroom wipe arrived sink clean hair sink floor unfortunately class cleaning water flow tap cabin shower cabin dislocate left mi see say fix downstairs heavy chemical odor room fortunately floor attendant use room shortcut room come garden come door downstairs lock balcony door,0.836,positive,"{'positivity': 2.125, 'negativity': 1.75, 'objectivity': 58.125}",10.0
Merve Han Residence Hotel,comment give bed breakfast per person compare hotel per person take account pity money pour star hotel belek see beautiful comfortable place price breakfast minimum sufficient room spacious enough pool large enough pool large akyaka pension garden beautiful thank dedication employee busy period august daily holiday room deliver within hour service provide evaluation evaluated price pay thank merve han family,0.9451,positive,"{'positivity': 3.75, 'negativity': 2.75, 'objectivity': 48.5}",12.0
Merve Han Residence Hotel,avoid hotel look fine outside horrendous inside service bad one seem care actually satisfy breakfast literally bad turkey enjoy one boil egg two cheese slice room poorly cleaned water tea kettle make kitchenette absolutely nothing even single cup glass could go,-0.4215,negative,"{'positivity': 2.5, 'negativity': 4.25, 'objectivity': 33.25}",-6.0
Merve Han Residence Hotel,good design staff quite friendly pool clean room cool good food taste cool show behavior turkish hospitality room kitchen could cook feel quite good state hotel good day,0.9668,positive,"{'positivity': 3.25, 'negativity': 2.0, 'objectivity': 21.75}",18.0
Merve Han Residence Hotel,absolutely shock not know describe experience hospitality never see anything like room freeze cold look like one touch since place open bin leave full pervious guest toilet disgust staff quite friendly look like hygiene breakfast class dirty plate smell disgust egg know mean knife bunch dirt pervious service way,-0.9504,negative,"{'positivity': 3.875, 'negativity': 4.375, 'objectivity': 38.75}",-5.0
Merve Han Residence Hotel,family friendly staff helpful restaurant good akyaka even well double room small cleaning amenity need improve towel stain amenity bathroom strange smell,0.9022,positive,"{'positivity': 3.0, 'negativity': 1.0, 'objectivity': 17.0}",8.0
Merve Han Residence Hotel,family friendly hotel good facility pool sauna child playground restaurant double room small family room good size breakfast rich delicious room amenity cleaning improve,0.9595,positive,"{'positivity': 2.25, 'negativity': 0.375, 'objectivity': 21.375}",15.0
XOX Apart Hotel,stayed apartment stay clean place ever stay life interior wellkept furniture new kitchen new balcony nice sea forest view balcony operator easy communicate polite help kind need winter fireplace,0.926,positive,"{'positivity': 2.5, 'negativity': 0.375, 'objectivity': 25.125}",12.0
XOX Apart Hotel,satisfied stay march vacation baby kitchen great advantage baby equipment kitchen available kitchen dishwasher tablet stay top floor fireplace coincide rainy period go fireplace use fireplace weather cool wood put day accommodation insufficient opinion like daily wood balcony view beautiful airy room clean baby clean baby clean important disadvantage baby choose top floor difficult go upstairs child item thank,0.975,positive,"{'positivity': 4.375, 'negativity': 3.875, 'objectivity': 50.75}",21.0
XOX Apart Hotel,akyakayı live wonderful hotel accommodation rest issue home solve issue comfort comfort interest apartment thank ibrahim bey ceren hanım thought reception reception enters greet leave location super xox hotel akyakayı set away like without think preference without think clear recommendation goodbye,0.9653,positive,"{'positivity': 3.75, 'negativity': 1.0, 'objectivity': 29.25}",18.0
XOX Apart Hotel,stay day would definitely recommend want stay long time design way look like comfort home think fine detail importantly clean,0.936,positive,"{'positivity': 0.75, 'negativity': 1.375, 'objectivity': 16.875}",11.0
XOX Apart Hotel,guest xox apart hotel may june stayed hotel akyaka owner hotel ibrahim ceren help matter kindness staff meticulousness clean hygiene smile face comfort room comfort room make feel home definitely recommend anyone want akyaka,0.9612,positive,"{'positivity': 3.625, 'negativity': 2.125, 'objectivity': 23.25}",16.0
XOX Apart Hotel,large clean apartment mountain sea view good communication owner really friendly check mid stay clean fresh towel unexpected welcome quality appliance well equip nicely situate supermarket excellent coffee shop free car park opposite plenty local restaurant bakery green grocery nearby weve fall love akyaka definitely return would definitely recommend xox apartment,0.99,positive,"{'positivity': 4.75, 'negativity': 1.5, 'objectivity': 40.75}",23.0
XOX Apart Hotel,awesome apartment wonderful rare find apartment spacious everything work good shape convenient location view good cleaning superb extra midway clean amazing host great welcoming people good see place like owner hold high standard winter comfortable warm,0.9911,positive,"{'positivity': 6.0, 'negativity': 1.375, 'objectivity': 27.625}",37.0
XOX Apart Hotel,fantastic two bedroom apartment bathroom toilet kitchen fully equipped common area large light comfortable happy choice,0.891,positive,"{'positivity': 1.25, 'negativity': 0.75, 'objectivity': 14.0}",9.0
XOX Apart Hotel,stayed night group bedroom apartment room decent bed comfy hotel locate central spot supermarket bank nearby room air condition decent size kitchen available cooking well good accommodation,0.6124,positive,"{'positivity': 3.25, 'negativity': 1.125, 'objectivity': 22.625}",3.0
XOX Apart Hotel,friendly helpful staff apartment equipment need house top cleaning perfect stay really pleasant,0.9336,positive,"{'positivity': 1.75, 'negativity': 0.25, 'objectivity': 11.0}",12.0
Tuna Otel Rezidans,stay overnight july air condition break night sleep bath room business respond wait morning technical team front hotel blare halay music play front hotel business warn would recommend,0.5423,positive,"{'positivity': 0.0, 'negativity': 0.875, 'objectivity': 25.125}",0.0
Tuna Otel Rezidans,preferred stay hotel holiday room nice clean spacious time furniture new breakfast sufficient recommend hotel satisfy,0.9136,positive,"{'positivity': 1.875, 'negativity': 0.875, 'objectivity': 13.25}",8.0
Tuna Otel Rezidans,mitra tour hotel come hotel literally business travel car individual offer nice facility since opportunity hotel region country duty basis hotel good term price performance quality definitely recommend read article stay hotel pray,0.9325,positive,"{'positivity': 2.0, 'negativity': 0.125, 'objectivity': 29.875}",13.0
Tuna Otel Rezidans,hotel clean clean staff magnificent smile help issue ayşe lady önder bey endless thank staff,0.9432,positive,"{'positivity': 1.375, 'negativity': 0.25, 'objectivity': 11.375}",13.0
Tuna Otel Rezidans,could stay day hotel go time air condition automatically turn midnight could sleep blood sweat hope solve problem,0.25,positive,"{'positivity': 0.625, 'negativity': 0.75, 'objectivity': 14.625}",1.0
Tuna Otel Rezidans,stay tuna hotel july long stay muğla hotel impeccable room nice clean well decorate enough space belong clean crew hotel staff amaze attentive kind excellent hotel great customer service definitely stay muğla,0.9792,positive,"{'positivity': 1.875, 'negativity': 1.25, 'objectivity': 26.875}",17.0
Tuna Otel Rezidans,new one best hotel muğla province room quite wide new equipment component room new nothing happen disturb relax peacefull atmosphere suitable family think good price benefit ratio,0.8736,positive,"{'positivity': 2.75, 'negativity': 1.5, 'objectivity': 20.75}",8.0
Tuna Otel Rezidans,room air condition function luckily weather hot price cheap walk room rate turkish,0.5106,positive,"{'positivity': 0.5, 'negativity': 0.25, 'objectivity': 12.25}",3.0
Tuna Otel Rezidans,stay night july night air condition break sleep room like bath technical team wait morning operation reply nothing loud halay music play front hotel property give warn recommend,0.7184,positive,"{'positivity': 0.75, 'negativity': 1.0, 'objectivity': 25.25}",2.0
Tuna Otel Rezidans,chose hotel stay holiday room nice clean spacious furnish new breakfast sufficient hotel satisfy recommend,0.9136,positive,"{'positivity': 1.0, 'negativity': 0.875, 'objectivity': 13.125}",8.0
Anayurt Oteli Akyaka,chose sleep night say sleep center may location center pay deposit night week tire exposed young friend meet bag hand say could take room without say hello properly without take remain fee without say hello expose young friend say could take room without take remain fee attitude teach certain attitude react lady thought owner business say toilet bowl clean tiny room bathroom incredibly dirty garbage behind refrigerator garbage behind refrigerator tire tired strength look new place force stay hat moment research find clean decent place click price,0.9178,positive,"{'positivity': 4.5, 'negativity': 2.25, 'objectivity': 74.25}",0.0
Anayurt Oteli Akyaka,location terrible term clean hygiene glass window room clean think air condition dusty dirty turn dust pour directly onto bed dust pour directly onto bed edge bed filth bottom bed filth pillow smelly sleep put tshirts toilet bowl dirty foot towel foot towel leave hotel keep comment leave hotel disappointed vacation long never stay dirty place,-0.872,negative,"{'positivity': 1.0, 'negativity': 6.625, 'objectivity': 45.375}",-13.0
Anayurt Oteli Akyaka,room stay small towel room put sink not wash face not wash face service extremely small,0.0,neutral,"{'positivity': 0.625, 'negativity': 1.25, 'objectivity': 14.125}",0.0
Anayurt Oteli Akyaka,liked price performance make holiday comfortable stay center thing,0.8316,positive,"{'positivity': 0.75, 'negativity': 0.75, 'objectivity': 7.5}",4.0
Anayurt Oteli Akyaka,location super stay person good thank özgür air condition room good,0.9042,positive,"{'positivity': 1.0, 'negativity': 0.0, 'objectivity': 9.0}",11.0
Anayurt Oteli Akyaka,love soytas,0.6369,positive,"{'positivity': 0.625, 'negativity': 0.0, 'objectivity': 0.375}",3.0
Anayurt Oteli Akyaka,chose night stay think would sleep would convenient location center may good pay deposit night week advance subject young friend welcome tired bag hand say could take room without even say hello without pay remain fee attitude obviously teach react lady thought owner business say leave even toilet bowl not clean tiny room anyway bathroom incredibly dirty trash behind refrigerator stay tire not strength look new place hat every moment little research find much clean neat place price click away,0.2647,positive,"{'positivity': 5.0, 'negativity': 4.0, 'objectivity': 66.0}",5.0
Anayurt Oteli Akyaka,although good term location terrible state term cleanliness hygiene think window room clean air condition dusty dirty turn dust spill directly onto bed bottom edge bed filthy pillow smell put tshirts go bed toilet dirty foot towel leave hotel disappointment despite good review holiday long never stay dirty place,-0.8425,negative,"{'positivity': 2.5, 'negativity': 6.625, 'objectivity': 36.875}",-6.0
Anayurt Oteli Akyaka,room stay small towel room put sink can not wash face small service pattern anyway,0.0,neutral,"{'positivity': 0.0, 'negativity': 0.625, 'objectivity': 14.375}",0.0
Anayurt Oteli Akyaka,like much term price performance make holiday comfortable remain center everything,0.8176,positive,"{'positivity': 0.875, 'negativity': 0.875, 'objectivity': 8.25}",4.0
MSKÜ Akyaka Uygulama Oteli,akyaka nice clean hotel accommodation chance see room chance see room cleanliness nice bed breakfast service location akyaka beach away park lot possibility parking room consist simple bed bathroom area end season person bed breakfast fee public employee additional discount may question,0.8834,positive,"{'positivity': 2.0, 'negativity': 0.25, 'objectivity': 37.75}",12.0
MSKÜ Akyaka Uygulama Oteli,first go akyaka stay two people night pay fee room clean room big bed terribly uncomfortable bed terribly uncomfortable extremely noisy tried sleep without turn leave right vain could sleep night light outside out door come window light bright night long light extremely uncomfortable breakfast good bed could rest light could rest light would recommend,-0.8308,negative,"{'positivity': 3.375, 'negativity': 4.0, 'objectivity': 41.625}",-6.0
MSKÜ Akyaka Uygulama Oteli,price expensive application hotel pool plan hotel build would place worthy quality akyaka entrance steep ramp night across wild animal warn breakfast green cheese olive olive fry food sweet bagel type one click standard room clean stay day entrance ask extra clean clean staff ask extra cleaning leave clean employee student would expect place make educational purpose bathroom narrow garden small many cat place animal feed jump people number develop institution staff increase unit control discount price restaurant menu sure discount price soup cacık piece chicken public institution place may prefer current price fix menu even party satisfy,0.9741,positive,"{'positivity': 3.75, 'negativity': 3.125, 'objectivity': 87.125}",12.0
MSKÜ Akyaka Uygulama Oteli,drive beach air condition room spacious bed terrible stayed different room two bad breakfast buffet bad breakfast buffet average quality refrigerator provide work room call reception turn fridge upside suggest keep solution really work,-0.8316,negative,"{'positivity': 2.125, 'negativity': 2.375, 'objectivity': 29.5}",-5.0
MSKÜ Akyaka Uygulama Oteli,price performance expectation ask room sea view top floor hotel breakfast sufficient gluten free lentil bread suitable diet clean quality beautiful hotel,0.8934,positive,"{'positivity': 1.5, 'negativity': 0.875, 'objectivity': 19.625}",12.0
MSKÜ Akyaka Uygulama Oteli,nice clean hotel akyaka not stay chance see room clean provide bed breakfast service location one farthest place beach akyaka park facility room simple consist bed bathroom area end season room breakfast fee people additional discount may available public employee,0.755,positive,"{'positivity': 0.875, 'negativity': 0.625, 'objectivity': 36.5}",9.0
MSKÜ Akyaka Uygulama Oteli,go akyaka first time stay one night two people pay room clean large bed terribly uncomfortable make excessive noise try sleep without turn leave right vain could not sleep night since outer door glass light come outside bright daytime throughout night light bother lot breakfast nice could not rest bed light would not choose would not recommend,-0.6555,negative,"{'positivity': 1.0, 'negativity': 4.75, 'objectivity': 44.25}",-1.0
MSKÜ Akyaka Uygulama Oteli,slightly expensive hotel among practice hotel pool plan build would place worthy quality akyaka entrance steep ramp encounter wild animal night warn breakfast include green cheese olive fry food dessert bagel one tick standard room clean stay day check ask extra clean clean staff otherwise clean leave expect employee student place build educational purpose bathroom narrow small many cat garden animal fed place jump people develop institution number personnel increase unit control make sure discount restaurant menu price soup cacık piece chicken not public institution even fix menu current price may better choice party satisfy,0.9738,positive,"{'positivity': 3.625, 'negativity': 4.125, 'objectivity': 83.25}",12.0
MSKÜ Akyaka Uygulama Oteli,away beach car air condition good room large bed terrible stayed different room bad breakfast open buffet average quality procure refrigerator second hand one room work call reception suggest turn cabinet upside keep way solution really work,0.2023,positive,"{'positivity': 3.375, 'negativity': 1.5, 'objectivity': 32.125}",0.0
MSKÜ Akyaka Uygulama Oteli,hotel expectation term price performance ask sea view room upper floor breakfast quite sufficient suitable diet gluten free lentil bread nice clean high quality hotel,0.8316,positive,"{'positivity': 1.25, 'negativity': 1.5, 'objectivity': 22.25}",10.0
NİL HOTEL,make reservation advance send money morning day go vacation entrance call morning customer call wait open phone say would give renovation room say would give renovation room force give another room give another room room damp hair hair hair clean inside bathroom clean bathroom refrigerator room full odor room full odor smile employee laugh officially fought tell return money tell return money give money come hotel would never recommend definitely victim,0.7681,positive,"{'positivity': 1.125, 'negativity': 1.0, 'objectivity': 65.875}",6.0
NİL HOTEL,breakfast cleanliness room everything good look comment doubt arrive hotel realize come across wrong family business thank everything hope see next time,0.4019,positive,"{'positivity': 1.625, 'negativity': 0.875, 'objectivity': 17.5}",4.0
NİL HOTEL,room reserve smell toilet unstoppable next room smell dampness moisture cigarette smell build furnish catering room pay daily fee without hotel go hotel encounter situation go hotel state want leave hotel due health problem gentleman reception never understood manager without call force stay hotel night demand payment night demand payment morning say would give cash morning say would make breakfast well eliminate victimization breakfast poor quality never able see friendly employee could see friendly employee pass officially pass fool photo recommend,-0.9409,negative,"{'positivity': 5.25, 'negativity': 3.625, 'objectivity': 67.125}",-2.0
NİL HOTEL,price suitable region hotel service shadow interest location entrance akyaka park problem reach azmak bazaar foot closet room clean okay unfortunately hot water late unfortunately balcony room think stuffy sea room problem dry belong see breakfast image unfortunately could least one water room,-0.5994,negative,"{'positivity': 0.625, 'negativity': 4.25, 'objectivity': 35.125}",2.0
NİL HOTEL,definitely recommend go night room dirty hair sink hair sink hair place stain sheet go night say could ask clean next day nothing change carpet place dust shampoo towel nothing say please clean say floor dirty say make face tall boy reception come stay shock ask clean exit clean yesterday say able stay comfort take pillowcase never choose hygiene location beautiful view beautiful interest zero,0.958,positive,"{'positivity': 5.75, 'negativity': 5.0, 'objectivity': 53.25}",14.0
NİL HOTEL,stayed week like ambiance lobby receptionist friendly helpful lucky pool summer cook make food nice enjoyable surprise actually customise recipe food menu taste,0.9531,positive,"{'positivity': 3.0, 'negativity': 0.5, 'objectivity': 19.5}",12.0
NİL HOTEL,good family nice people good treatment back,0.8225,positive,"{'positivity': 1.0, 'negativity': 0.5, 'objectivity': 5.5}",9.0
NİL HOTEL,amazing hotel quiet relax friendly staff room clean beautiful view room kettle fridge also give lift marmaris day beautiful hotel back,0.9657,positive,"{'positivity': 1.625, 'negativity': 0.375, 'objectivity': 18.0}",14.0
NİL HOTEL,bad treatment unmotivated staff dirty room dirty bathroom toilet,-0.8934,negative,"{'positivity': 0.0, 'negativity': 2.875, 'objectivity': 6.125}",-9.0
NİL HOTEL,first make reservation advance send money day go holiday tell check would morning tell customer wait call say room renovate would give force give another room room damp hairy clean inside bathroom refrigerator room smelly employee friendly literally fought tell refund money give money hotel never recommend definitely suffer,0.6987,positive,"{'positivity': 1.125, 'negativity': 1.875, 'objectivity': 44.0}",4.0
Server Apart Hotel,stayed october october clean regular apart apart apart operator mehmet bey helpful apart build region accordance characteristic region beautiful structure pool facility available location migros market across side car park suitable place walk distance beach hot water clean kitchen facility balcony room locate main street noise crowd double bed accommodation room available accommodation akyaka region may choice accommodation price affordable remote place neglect clean accommodation tent accommodation go different aparts,0.8957,positive,"{'positivity': 7.0, 'negativity': 0.5, 'objectivity': 58.5}",13.0
Server Apart Hotel,write still stay day hotel stay day extend hotel location central location meet need market patisserie atm cafe restaurant within walk distance pool clean useful enough size room clean kitchen kind material available owner azmak river beach walk distance car distance parking shortage bed comfortable air condition closet stove shower work smoothly stay numbered room face center pool side child sound preferred place shape preference accord price say price one appropriate one akyakan thank,0.9451,positive,"{'positivity': 2.375, 'negativity': 1.25, 'objectivity': 68.375}",13.0
Server Apart Hotel,server apart clean room need room towel tea kettle electric cooker garbage bag soap dishwashing detergent important place room stay room stayed bathroom look place go bathroom clean affordable location center food market need wise choice pool clean witness night pool maintenance talk owner gentleman eye hearted full gentleman understand talk gentleman thank owner friendly character business owner win satisfy recommended environment anyone search place definitely recommend,0.9826,positive,"{'positivity': 3.875, 'negativity': 0.75, 'objectivity': 60.375}",21.0
Server Apart Hotel,last day holiday day leave satisfy thank owner hotel mehmet smile face helpfulness hotel location street balcony sea look like sea park space problem front hotel available pool clean enough clean inside house clean kitchen glass like new sparkle hot water without problem air condition work actively refrigerator cool cabinet hanger would like would like course prefer hotel,0.9826,positive,"{'positivity': 3.875, 'negativity': 1.625, 'objectivity': 48.5}",17.0
Server Apart Hotel,location beautiful migros right next business owner interested helpful room clean luckily child constantly jump pool without stop pool constantly expose splashing water sit uncomfortable sun lounger expose splashing water sit sun lounger future people think school open luckily child unknown operator may warn child operator may warn family indifference family factor location block block look pool side block look road side want pool consider ground floor take child voice basis say love view prefer floor result nice clean family business nice place everything,0.9577,positive,"{'positivity': 4.5, 'negativity': 3.125, 'objectivity': 73.375}",13.0
Server Apart Hotel,room exceptionally clean stay main building swim pool behind building barbecue option available guest pool open common use stayed facility night visit change dirty wash facility nice polite people go akyaka definitely meet people run facility,0.6801,positive,"{'positivity': 1.375, 'negativity': 1.0, 'objectivity': 32.625}",5.0
Server Apart Hotel,recommendable use stay server apart every time visit akyaka clean comfortable room perfectly locate next supermarket restaurant park zone achieve sea foot nice friendly staff member enjoy stay server apart always leave satisfied peaceful special thank mehmet bey kind great human way thank everything see hopefully soon,0.9913,positive,"{'positivity': 3.625, 'negativity': 1.25, 'objectivity': 38.125}",28.0
Server Apart Hotel,nice pool flexible price,0.5719,positive,"{'positivity': 0.375, 'negativity': 0.0, 'objectivity': 3.625}",3.0
Server Apart Hotel,poor room service rude staff,-0.7269,negative,"{'positivity': 0.0, 'negativity': 0.625, 'objectivity': 4.375}",-4.0
Server Apart Hotel,stayed october clean organize apartment area apartment manager mehmet helpful apartment build beautiful structure suit characteristic region pool facility term location next opposite migros market suitable place car park approximately minute walk beach hot water clean kitchen room balcony even though locate main street noise crowd variety accommodation room available include double single bed may first choice accommodation akyaka region affordable remote place neglect clean stay stay tent go different apartment,0.8957,positive,"{'positivity': 3.625, 'negativity': 0.375, 'objectivity': 64.0}",13.0
Menteşede Oteller | Karya Apart Otel,problem except room clean staff friendly location hotel good place hinge price performance,0.7269,positive,"{'positivity': 0.75, 'negativity': 0.625, 'objectivity': 11.625}",5.0
Menteşede Oteller | Karya Apart Otel,room clean place beautiful employee satisfaction forefront stay overnight friendly staff close want stay center muğla location beautiful endless thank wish plenty earnings,0.9686,positive,"{'positivity': 2.25, 'negativity': 1.0, 'objectivity': 18.75}",15.0
Menteşede Oteller | Karya Apart Otel,room clean nice central place stay day find nice satisfied staff friend,0.9231,positive,"{'positivity': 1.25, 'negativity': 0.0, 'objectivity': 10.75}",11.0
Menteşede Oteller | Karya Apart Otel,want stay night late vehicle leave december say clean trust comment go towel clean blanket sheet pillow smell terrible pay receptionist send gentleman check whether room clean collect disorganization rest marmaris akyaka stay suite room marmaris akyaka basement mention fact want filthy place bad experience life often stay apartment around kayra apart thank kayra apart definitely recommend price performance complain ministry tourism way say could see name guest list last see mehmet abak give date advice accept wrong apologize improve,0.8957,positive,"{'positivity': 2.375, 'negativity': 5.125, 'objectivity': 62.5}",1.0
Menteşede Oteller | Karya Apart Otel,stay arastada historical storey place day stay day ask change sheet thank friend work room make room spotlessly clean day around pension towel toilet paper shampoo complete daily sound road floor locate disturb sound come road,0.6908,positive,"{'positivity': 1.125, 'negativity': 0.375, 'objectivity': 33.5}",3.0
Menteşede Oteller | Karya Apart Otel,sample inside dirty someone talk outside listen everything bad choice,-0.7506,negative,"{'positivity': 0.0, 'negativity': 1.75, 'objectivity': 7.25}",-5.0
Menteşede Oteller | Karya Apart Otel,good room service,0.4404,positive,"{'positivity': 0.5, 'negativity': 0.0, 'objectivity': 2.5}",3.0
Menteşede Oteller | Karya Apart Otel,perfect,0.5719,positive,"{'positivity': 0.0, 'negativity': 0.0, 'objectivity': 1.0}",3.0
Menteşede Oteller | Karya Apart Otel,problem room clean staff friendly location hotel nice price performance good place,0.836,positive,"{'positivity': 0.75, 'negativity': 0.625, 'objectivity': 10.625}",8.0
Menteşede Oteller | Karya Apart Otel,room clean place nice employee satisfaction forefront stay night friendly staff close everywhere want muğla center good location thank much wish good luck,0.9747,positive,"{'positivity': 2.125, 'negativity': 0.75, 'objectivity': 19.125}",21.0
Hotel Yalçın,stay overnight quiet peaceful friendly hotel offer comfort hotel attention employee thank help thank help show best care make comfortable location city possible reach foot breakfast sufficient breakfast satisfy cleanliness room perfect air condition refrigerator available room balcony room large face front side enjoy beautiful view car parking lot available possible find place side street hotel satisfy wish see,0.9934,positive,"{'positivity': 6.875, 'negativity': 2.0, 'objectivity': 50.125}",31.0
Hotel Yalçın,think city hotel think serf guest company think star hotel think hotel leave slowly decay due neglect table broken room stay coat remove stayed hotel similar different deterioration,-0.8402,negative,"{'positivity': 1.625, 'negativity': 1.375, 'objectivity': 25.0}",-4.0
Hotel Yalçın,attendant check night find room clean uninterested air condition help correct tell attendant cool outside room could sleep hot night expensive hotel set stayed think stay,0.7717,positive,"{'positivity': 2.25, 'negativity': 1.0, 'objectivity': 21.75}",5.0
Hotel Yalçın,hotel prefer muğla stayed family day interest kind level gentleman reception desk lady look room beverage service hotel owner help gentleman gentleman reception desk lady look room beverage service hotel owner help gentleman hotel center bazaar reach place visit muğla foot reach place visited foot park space side street front hotel park space front hotel breakfast service satisfy breakfast service instantly reinforce finish product constantly reinforce finish product constantly reinforce product constantly offer tea hot water coffee room clean hot water hot water air condition room short reliable establishment value people try job well thank,0.9709,positive,"{'positivity': 6.0, 'negativity': 1.625, 'objectivity': 85.375}",15.0
Hotel Yalçın,city center muğla room immaculate employee price affordable recommend everyone hospitality thank hayati greet,0.743,positive,"{'positivity': 0.75, 'negativity': 0.125, 'objectivity': 10.125}",7.0
Hotel Yalçın,nice breakfast high quality ambient,0.4215,positive,"{'positivity': 0.875, 'negativity': 0.0, 'objectivity': 4.125}",5.0
Hotel Yalçın,great stay friendly nice staff,0.8779,positive,"{'positivity': 0.125, 'negativity': 0.0, 'objectivity': 4.875}",8.0
Hotel Yalçın,perfect,0.5719,positive,"{'positivity': 0.0, 'negativity': 0.0, 'objectivity': 1.0}",3.0
Hotel Yalçın,super,0.5994,positive,"{'positivity': 0.0, 'negativity': 0.0, 'objectivity': 1.0}",3.0
Hotel Yalçın,stayed night day offer comfort quiet peaceful friendly hotel first would like thank staff interest help best make comfortable location good possible reach every part city walk breakfast sufficient satisfy cleanliness room sink perfect room air condition refrigerator balcony room large face front enjoy beautiful view car park place always possible find place side street hotel leave satisfied hope see,0.9933,positive,"{'positivity': 6.0, 'negativity': 2.125, 'objectivity': 50.875}",33.0
Lacivert Otel Akyaka,location akyaka center sleep center hotel hotel sleep hire sleep meet need near entertainment venue sound music finish room clean narrow look central place sleep stay car park meter away hotel street narrow,0.6705,positive,"{'positivity': 0.125, 'negativity': 0.25, 'objectivity': 31.625}",2.0
Lacivert Otel Akyaka,boutique pension bazaar akyaka boutique pension fact detach build small garden sit small garden owner place sweet helpful aunt run granddaughter polite room really clean room really clean breakfast really clean not eat breakfast bazaar not eat breakfast bazaar room price per night high not regret recommend return ankara sunday morning aunt insistently ask eat tea bagel cheese breakfast thank sincerity really nice,0.9617,positive,"{'positivity': 4.0, 'negativity': 2.875, 'objectivity': 54.125}",19.0
Lacivert Otel Akyaka,akyaka center bazaar center sea meter away cute place navigation may able front street seem closed traffic front vehicle room clean wifi garden place feel safe spent pleasant moment garden sister caner beye recently miss see sincerity smile face thank,0.936,positive,"{'positivity': 2.75, 'negativity': 0.125, 'objectivity': 34.125}",12.0
Lacivert Otel Akyaka,lacivert hotel caner abi zülay aunt make feel like family warmth immaculate calm hotel locate center reach place short time reach place stay summer akyaka certain,0.8442,positive,"{'positivity': 2.25, 'negativity': 0.625, 'objectivity': 18.125}",9.0
Lacivert Otel Akyaka,room small normal chose leave morning back night enough business owner friendly location comfortable center reach place want foot,0.7717,positive,"{'positivity': 0.375, 'negativity': 1.0, 'objectivity': 17.625}",5.0
Lacivert Otel Akyaka,great experience stay akyaka location great center walk everywhere cafe restaurant pub close hotel lot option find seaside walk highly recommend go wood platform forest host caner amaze person great hospitality kind host ever see room cute enough couple day holiday really great garden read book drink coffee tea mandarin tree,0.9859,positive,"{'positivity': 3.25, 'negativity': 0.75, 'objectivity': 45.0}",20.0
Lacivert Otel Akyaka,friend stumble upon simple frill gem late night bus ride akyaka hotel reservation akyaka mesmerize comfortable lacivert otel keep extend stay owner lovely flexible great place end trip,0.9517,positive,"{'positivity': 1.375, 'negativity': 1.0, 'objectivity': 20.625}",13.0
Lacivert Otel Akyaka,location center akyaka hotel sleep already book sleep meet need entertainment venue nearby noisy stop playing music around room clean narrow sleep look central place stay car park meter away street hotel narrow,0.5267,positive,"{'positivity': 0.625, 'negativity': 0.5, 'objectivity': 30.875}",0.0
Lacivert Otel Akyaka,actually boutique hostel right bazaar akyaka detach build small garden seating owner place sweet helpful aunt run grandson polite room really clean stay breakfast since inside market can not buy breakfast nightly room price high not regret recommend return ankara sunday morning breakfast aunt insist eat tea bagel cheese thank sincerity really nice,0.9275,positive,"{'positivity': 3.5, 'negativity': 2.5, 'objectivity': 45.0}",15.0
Lacivert Otel Akyaka,akyaka center cute place market meter away sea navigation may able get right front street appear closed traffic front car room clean wifi enjoyable moment garden felt safe many thank sister caner sincerity smile face miss see lately,0.9313,positive,"{'positivity': 2.375, 'negativity': 0.25, 'objectivity': 33.375}",11.0
İzethan Hotel,due tour provide overnight accommodation locate central location know place eat outside drink coffee hotel food standard menu room clean room clean would need hot water air condition good refrigerator work monster small balcony work summary satisfy,0.8834,positive,"{'positivity': 2.625, 'negativity': 0.125, 'objectivity': 33.25}",7.0
İzethan Hotel,relevance photo room extremely dust balcony butt dust door close chain lock door close properly employee behave usurped place sleep stay cheap place price definitely relevance photo insect salad breakfast,0.4019,positive,"{'positivity': 1.125, 'negativity': 0.75, 'objectivity': 28.125}",0.0
İzethan Hotel,stayed hotel tour night previous hotel stay bad frankly speak plus feature hotel outweigh location hotel location central market cafe stay first floor balcony clean sit balcony night bed linen towel relatively clean hot water food good enough hungry delicious food expect fruit dessert even stay refrigerator work cold water,0.8176,positive,"{'positivity': 1.875, 'negativity': 1.375, 'objectivity': 46.75}",7.0
İzethan Hotel,room clean bed comfortable spare pillow quilt food good breakfast good team friendly go tour scar comment nice everything nice thank team,0.9686,positive,"{'positivity': 1.125, 'negativity': 0.75, 'objectivity': 19.125}",18.0
İzethan Hotel,yesterday call friend come town stay tell room go hotel receptionist night say room air condition work attitude come nose air expression sentence swear like attitude keep want keep would like see patient tolerant employee showcase hotel,0.8658,positive,"{'positivity': 1.25, 'negativity': 0.25, 'objectivity': 34.5}",4.0
İzethan Hotel,hotel comfortable quiet far center town star hotel pay single walk rate excellent quality,0.765,positive,"{'positivity': 1.375, 'negativity': 0.75, 'objectivity': 11.875}",6.0
İzethan Hotel,service hotel good well hotel clean price cheap around single room middle city breakfast good,0.8625,positive,"{'positivity': 1.0, 'negativity': 0.25, 'objectivity': 13.75}",8.0
İzethan Hotel,well good place comfortable good time,0.8807,positive,"{'positivity': 1.0, 'negativity': 0.75, 'objectivity': 4.25}",8.0
İzethan Hotel,good hotel nice breakfast,0.6908,positive,"{'positivity': 0.5, 'negativity': 0.0, 'objectivity': 3.5}",6.0
İzethan Hotel,ideal,0.5267,positive,"{'positivity': 0.0, 'negativity': 0.0, 'objectivity': 1.0}",0.0
YAKABÜK TİNY HOUSE PANSİYON,opportunity stay wonderful place recently nice time yakabük tiny house go close group friend nice time yakabük tiny house calmness hide cove near sea nice day nice feeling bay pleasant enter sea pier pleasant enter sea pier müge helpful area satisfy go different part city sea right next view house relax recommend everyone want quiet holiday away city,0.9913,positive,"{'positivity': 4.5, 'negativity': 0.875, 'objectivity': 48.625}",30.0
YAKABÜK TİNY HOUSE PANSİYON,stay tiny house night calmness place stay proximity bay beauty sea nice time owner house müge sweet friendly explain detail activity help need make plan city center go vacation enjoy beauty place holiday want leave want leave nice holiday want get away city crowd listen head definitely try place,0.9878,positive,"{'positivity': 3.625, 'negativity': 0.875, 'objectivity': 43.5}",21.0
YAKABÜK TİNY HOUSE PANSİYON,hello make night stay date july comfort accommodation satisfaction beyond perfect two away hidden bay sea tinyhouse pay sun lounger beach operator tinyhouse burak bey float pier tinyhouse müge hanım infinitely helpful shortcoming brought drink food come food take back istanbul come take back istanbul stayed hotel boutique restaurant available meat grill variety available except fish except fish importantly incredibly economically suitable morning spread breakfast noon sauce,0.9153,positive,"{'positivity': 2.375, 'negativity': 1.75, 'objectivity': 56.875}",8.0
YAKABÜK TİNY HOUSE PANSİYON,extremely satisfied stay yakabük tiny house pension tiny house concept pension cute comfortable müge interested detail business interested guest hospitality halime restaurant hospitality right food really great mert make holiday enjoyable burak interest pier service professional thank team felt home definitely want,0.9852,positive,"{'positivity': 4.25, 'negativity': 1.25, 'objectivity': 31.5}",19.0
YAKABÜK TİNY HOUSE PANSİYON,hello akyaka away quiet beautiful place surround nature within walk distance sea family business people friendly sincere food good stay family leave satisfied recommend,0.9501,positive,"{'positivity': 3.0, 'negativity': 0.125, 'objectivity': 19.875}",13.0
YAKABÜK TİNY HOUSE PANSİYON,recently opportunity stay wonderful place great time yakabük tiny house go close group friend close sea calmness saklıköy bay nice day one make feel like bay belong also enjoyable swim pier müge help lot every field please not even need go different part city right next sea view house also relax recommend everyone want quiet holiday away city,0.9883,positive,"{'positivity': 4.875, 'negativity': 1.5, 'objectivity': 47.625}",23.0
YAKABÜK TİNY HOUSE PANSİYON,stayed people tiny house night great time calmness location proximity bay beauty sea owner müge sweet friendly helpful need explain detail place visit activity could make plan city center go holiday saw beauty place holiday enjoy never want leave nice holiday anyone want get away city crowd relax definitely try place,0.9888,positive,"{'positivity': 3.375, 'negativity': 1.375, 'objectivity': 43.25}",21.0
YAKABÜK TİNY HOUSE PANSİYON,hello stay night check date july first satisfaction comfort accommodation beyond perfect hidden bay sea two away right tiny house beach pay sunbeds manage burak also float pier tiny house müge help immensely whenever lacking come food brought drink food take back istanbul way come place stay hotel boutique restaurant grill meat type except fish available importantly incredibly affordable ate mixed breakfast morning chicken sauce lunch julienne meat dinner every day never find place taste price region importantly amaze cook sinem improve best restaurant go tell put love meal smile face mert bey wife özlem hanım take care hotel restaurant business grateful mother halime father hakkı see child say best place family couple back next endless thank müge stay healthy see next week week family,0.9931,positive,"{'positivity': 5.75, 'negativity': 2.75, 'objectivity': 105.5}",32.0
YAKABÜK TİNY HOUSE PANSİYON,extremely pleased stay yakabük tiny house hostel tiny house concept hostel cute comfortable müge interested every detail business care closely guest halime hanım hospitality hakkı bey food restaurant truly wonderful mert also help every aspect make holiday enjoyable burak attention service pier also professional thank whole team felt like home definitely place wed like back,0.9895,positive,"{'positivity': 5.5, 'negativity': 1.0, 'objectivity': 41.5}",25.0
YAKABÜK TİNY HOUSE PANSİYON,hello away akyaka touch nature quiet beautiful place walk distance sea family business people smile friendly food good stay family leave satisfied advise,0.9337,positive,"{'positivity': 2.5, 'negativity': 0.0, 'objectivity': 19.5}",11.0
Fabric Otel Akyaka,friend stay room stayed room could comfortable room even person stay room enter room enter room dead mosquito wall womens hair sheet price expect much cleanliness shower broken take shower toilet bowl stay water air condition room work work advantage location,0.0258,neutral,"{'positivity': 1.75, 'negativity': 1.25, 'objectivity': 37.0}",1.0
Fabric Otel Akyaka,location apartment central room clean hot water smooth bar price appropriate surround bar music cut reasonable hour sleep comfortably recommend,0.7096,positive,"{'positivity': 0.625, 'negativity': 0.25, 'objectivity': 19.125}",7.0
Fabric Otel Akyaka,make hotel reservation obilet application location beautiful stayed room number close azmak beach know room make reservation night per night balcony iron room dislodge balcony lean see end iron empty space dangerous situation lamp name light balcony door direct shower cabin tv work enough end stay overnight,0.0772,positive,"{'positivity': 2.375, 'negativity': 1.125, 'objectivity': 40.5}",0.0
Fabric Otel Akyaka,location great place afraid look comment abnormal room clean clean time ask say could sleep sound music keep bar downstairs endure music endure music music sound stay night nice point difficulty baby diligent constantly fell room small,0.872,positive,"{'positivity': 0.875, 'negativity': 3.0, 'objectivity': 32.125}",8.0
Fabric Otel Akyaka,looked comment surprise not find place price spacious huge room balcony center say clean evaluate price performance comment let surprise,0.802,positive,"{'positivity': 1.625, 'negativity': 1.25, 'objectivity': 17.125}",4.0
Fabric Otel Akyaka,great place drink game pool dart staff super friendly accommodate music best akyaka opinion big screen redbull tv game havent stay hotel not get street thrive night maybe well suit night owl party goer,0.9648,positive,"{'positivity': 1.5, 'negativity': 1.375, 'objectivity': 28.125}",12.0
Fabric Otel Akyaka,friend stay people person room even people could not feel comfortable room enter room dead body wall womens hair sheet not expect much price not good term cleanliness shower bowl break whenever take shower toilet bowl stay inside one air condition room work advantage location,-0.6379,negative,"{'positivity': 2.125, 'negativity': 3.0, 'objectivity': 37.875}",0.0
Fabric Otel Akyaka,location apartment central room clean hot water problem free bar price seem little affordable compare surround bar music stop reasonable hour sleep comfortably recommend,0.7506,positive,"{'positivity': 1.0, 'negativity': 1.375, 'objectivity': 21.625}",6.0
Fabric Otel Akyaka,first make hotel reservation obilet application location beautiful close river beach stay room not know room make reservation night per night balcony iron room weld place lean see end iron free dangerous situation something light balcony lamp direct shower shower cabin one door one work tv work enough end stay night,0.6249,positive,"{'positivity': 2.375, 'negativity': 1.375, 'objectivity': 44.25}",2.0
Fabric Otel Akyaka,great place location scar looked comment nothing abnormal room clean clean want someone say could not sleep music see bottom floor bar endure music turn not hear music everywhere place stay night fine thing hard time baby diligent keep fall room small,0.3147,positive,"{'positivity': 1.375, 'negativity': 4.0, 'objectivity': 35.625}",7.0
HAFIZOĞLU OTEL,great welcome,0.7964,positive,"{'positivity': 0.25, 'negativity': 0.0, 'objectivity': 1.75}",5.0
HAFIZOĞLU OTEL,wonderful welcome,0.7717,positive,"{'positivity': 1.0, 'negativity': 0.0, 'objectivity': 1.0}",6.0
Akyaka Azmak Apart,normally make reservation day plan lie sun holiday muğla start apart akyaka wife say person say hotel type room would suitable make reservation go experienced huge disappointment day holiday overpay socalled balcony ground floor enter room broken warehouse room cram smell dampness hit face soon enter allergic asthma want change room thank gentleman try help indicate place big room find worth give price difference place find place price leave soon entered room extend day start look new place would stay day pay payment unfortunately good term cleanliness pillowcase yellow yellow stain smell clean think change ask new pillowcase night disgust wash hand soap dish bathroom dirty location close bazaar right edge azmak gentleman reception interested setback one matter day holiday mention stress find new place short average check next day know upper floor ground floor situation,0.7845,positive,"{'positivity': 10.125, 'negativity': 7.125, 'objectivity': 112.75}",7.0
Akyaka Azmak Apart,cleanliness patient tell room immaculate clean towel snow white wall bathroom wonderful number come alanya person afraid enter apartment afraid embarrass guest saw room butterfly fly inside guest happy happy staff happy breakfast breakfast river breakfast recommend,0.959,positive,"{'positivity': 4.625, 'negativity': 2.0, 'objectivity': 29.375}",11.0
Akyaka Azmak Apart,family ask room two family ask room go money really worth money give hotel since region serf local tourist price suitable hotel really worth money give hotel leave hotel clean room zero problem new room staff friendly view room location pension perfect thank everything,0.9116,positive,"{'positivity': 2.125, 'negativity': 1.125, 'objectivity': 38.75}",12.0
Akyaka Azmak Apart,family hotel foot azmak river room stay small find last minute season big room price performance hotel foot everything want spend time akyaka,0.0772,positive,"{'positivity': 1.125, 'negativity': 0.375, 'objectivity': 18.5}",2.0
Akyaka Azmak Apart,hotel location within walk distance center near azmak river standard place take care room ventilate mosquito net leave open case harmful insect enter room child stay without problem stay road stop akyaka prefer night,0.4692,positive,"{'positivity': 0.875, 'negativity': 1.25, 'objectivity': 28.875}",-4.0
Akyaka Azmak Apart,look cool hot summer day around degree august place boat tour exotic river flow sea must river temperature cool degree mind stream though boat freuquent,0.5574,positive,"{'positivity': 1.0, 'negativity': 1.25, 'objectivity': 21.75}",2.0
Akyaka Azmak Apart,perfect place swim leave self river enjoy cold sweet water,0.8658,positive,"{'positivity': 0.375, 'negativity': 0.125, 'objectivity': 9.5}",6.0
Akyaka Azmak Apart,place awesome river need new cook good thing table omelette orange juice,0.7906,positive,"{'positivity': 1.875, 'negativity': 0.25, 'objectivity': 9.875}",7.0
Akyaka Azmak Apart,nice palace relax human,0.6908,positive,"{'positivity': 0.0, 'negativity': 0.125, 'objectivity': 3.875}",3.0
Akyaka Azmak Apart,not best place not worst either,-0.0191,neutral,"{'positivity': 0.25, 'negativity': 2.25, 'objectivity': 3.5}",0.0
Tuncer Otel,renovate nice economical economical environment,0.4215,positive,"{'positivity': 0.625, 'negativity': 0.0, 'objectivity': 4.375}",3.0
Tuncer Otel,stayed new price performance good,0.4404,positive,"{'positivity': 1.0, 'negativity': 0.0, 'objectivity': 4.0}",3.0
Tuncer Otel,affordable hotel close kurşunlu mosque square,0.0,neutral,"{'positivity': 0.0, 'negativity': 0.0, 'objectivity': 5.0}",2.0
Tuncer Otel,center meet economic need respect owner ali abi safe time,0.7184,positive,"{'positivity': 0.75, 'negativity': 0.125, 'objectivity': 8.125}",3.0
Tuncer Otel,would stay place stay desperation absolutely,-0.4588,negative,"{'positivity': 0.5, 'negativity': 0.25, 'objectivity': 4.25}",0.0
Tuncer Otel,renovate nice economical good environment,0.6908,positive,"{'positivity': 0.875, 'negativity': 0.0, 'objectivity': 4.125}",6.0
Tuncer Otel,stayed new price performance interior good,0.4404,positive,"{'positivity': 1.0, 'negativity': 0.0, 'objectivity': 5.0}",3.0
Tuncer Otel,price affordable hotel many coffee house around close kurşunlu mosque square,0.0,neutral,"{'positivity': 0.0, 'negativity': 0.0, 'objectivity': 10.0}",2.0
Tuncer Otel,meet central economic need respect owner ali also safe,0.7184,positive,"{'positivity': 0.75, 'negativity': 0.125, 'objectivity': 8.125}",3.0
Tuncer Otel,place stayed desperation would stay absolutely,-0.4588,negative,"{'positivity': 0.5, 'negativity': 0.25, 'objectivity': 4.25}",0.0
Gokturk Otel,wonderful night day use sunbed service day need move hotel ground discover hotel immediately pull accommodation center akyaka magnificent hotel sea wonderful bay sea clean relax service offer breakfast generous main dish delicious table set pier even order fish want morning appetizer main dish delicious especially fry light usually prefer eat fry outside light delicious home employee respectful friendly room clean comfortable accommodation offer thank,0.9929,positive,"{'positivity': 4.875, 'negativity': 1.875, 'objectivity': 56.25}",33.0
Gokturk Otel,breakfast insufficient use olive pit come olive bowl half jam miss communication staff breakfast reception bad location hotel bad view hotel number hand wipe towel except miss shower towel head towel hair condition makeup pad room service come next day change towel leave yesterday tell change extra towel,-0.7096,negative,"{'positivity': 1.125, 'negativity': 3.0, 'objectivity': 43.875}",-13.0
Gokturk Otel,use beach hotel go inside agreement spending limit per person never see bad kitchen life never see bad kitchen business life bring frozen pizza heat front pizza buy pizza buy bim literally stop hour run away spoil psychology never see disgrace holiday resort life never see disgrace holiday resort life go mind go near,0.8146,positive,"{'positivity': 1.125, 'negativity': 5.375, 'objectivity': 45.5}",-10.0
Gokturk Otel,perfect akyaka place love marmaris say spend day place love marmaris say discover göktürk hotel go search another place look another place say place pier say side side pier say side side pier say göktürk first location perfect place beauty sea beauty sea go morning sea side beautiful place give room immaculate breakfast delicious enough breakfast delicious enough smell peace enjoy enjoy close distance say friend want stay alone day would definitely nice plenty smile face around staff job properly thank thank place certain hope see experience atmosphere,0.9963,positive,"{'positivity': 6.5, 'negativity': 1.5, 'objectivity': 74.0}",45.0
Gokturk Otel,go swim sea day sunbeds charge separately spend side side hotel agree food good uncooked pizza come taste watermelon bad complaint take seriously would recommend,0.128,positive,"{'positivity': 1.125, 'negativity': 1.625, 'objectivity': 20.25}",1.0
Gokturk Otel,friendly hotel beautiful spot akyaka staff polite view sea gorgeous room clean nicely decorate wood stone mostly ideal swim sun bath relax peaceful place romantıc fair price enjoy,0.9844,positive,"{'positivity': 3.0, 'negativity': 0.125, 'objectivity': 22.875}",15.0
Gokturk Otel,location good sea front stuff respectable helpful room wide clean internet good breakfast turkey enough sea view car park available hotel good relaxing family,0.9601,positive,"{'positivity': 2.875, 'negativity': 0.25, 'objectivity': 20.875}",13.0
Gokturk Otel,nice view quiet near sea close harbour beautiful view brand new boutique hotel friendly staff pleasure eat lovely breakfast night dinner near seaside patio morning go swim sea lovely clean able see bottom hotel bed room nice would recommend everyone passing,0.9821,positive,"{'positivity': 1.875, 'negativity': 0.25, 'objectivity': 36.875}",24.0
Gokturk Otel,little heaven akyaka detail room amaze stayed hotel star chain hotel one uniquely beautiful,0.8862,positive,"{'positivity': 0.875, 'negativity': 0.625, 'objectivity': 11.5}",7.0
Gokturk Otel,beautiful hotel lovely staff peaceful quiet spot overlook bay would definitely recommend,0.9442,positive,"{'positivity': 2.0, 'negativity': 0.125, 'objectivity': 8.875}",10.0
Yenice Vadi,especially recommend massage pelin hanım massage staff özge hanım volkan bey helpful warm nothing say nature think place introduction orientation make guest come retreat camp perfect state think animal lover animal take care magnificently saw everything delicious affordable beautiful pool natural well water comfortable free environment magnificent akyaka want stay villa velide,0.9929,positive,"{'positivity': 3.5, 'negativity': 2.375, 'objectivity': 38.125}",25.0
Yenice Vadi,road bad pa maze road width vehicle village yenice sign post insufficient trust location apple map trust location map go visit restaurant try restaurant sunday read comment management recently change hand say accept customer outside say serve customer stay hermitage state information internet return could find information website instagram page could find information quality service return door able comment issue accommodation may good thinking day go call,0.8957,positive,"{'positivity': 4.25, 'negativity': 1.75, 'objectivity': 57.0}",3.0
Yenice Vadi,go drank although road narrow place beautiful come fethiye guest say accept customer outside entrance say people come return day say people come return update internet victimize people,0.4588,positive,"{'positivity': 1.25, 'negativity': 0.0, 'objectivity': 24.75}",1.0
Yenice Vadi,road end arrive surprised encounter beautiful place masterpiece top attention detail great food excellent service impeccable natural museum far residential area valley silence view night sky advantageous,0.9735,positive,"{'positivity': 2.625, 'negativity': 0.625, 'objectivity': 23.75}",18.0
Yenice Vadi,special group suitable environment quiet avoid natural,0.4588,positive,"{'positivity': 0.125, 'negativity': 0.0, 'objectivity': 6.875}",2.0
Yenice Vadi,husband hold wed august whole experience perfect staff bent backwards make event special husband friend family best time everyone remark incredible find make wed not recommend enough holiday special event,0.9206,positive,"{'positivity': 2.125, 'negativity': 0.75, 'objectivity': 26.125}",9.0
Yenice Vadi,eco hotel go breakfast yummy lovely atmosphere worth try,0.8442,positive,"{'positivity': 1.0, 'negativity': 0.25, 'objectivity': 6.75}",8.0
Yenice Vadi,place natural organic heaven food unbelievably amazing staff friendly great service owner earth soul ready tailor need activity way extreme end pool nicely build natural pond stay tree house amaze outdoor area jacuzzi seat area fire pit one night organize light fire pit actually personalize barbecue door premise room privacy bliss property,0.9813,positive,"{'positivity': 3.0, 'negativity': 1.5, 'objectivity': 46.5}",14.0
Yenice Vadi,stayed time yoga practice day place pretty cool enjoy view nature environment room pretty clean nature big yoga space handle around people easily service food awesome like way team catch name recognize people definitely revisit village,0.9758,positive,"{'positivity': 5.375, 'negativity': 1.5, 'objectivity': 29.125}",14.0
Yenice Vadi,rate everything star everything amazingly good amazingly beautiful pond swim cute mallard duck swim pond love nice waiter serve delicious food food also best good sigara böreği give chocolate spread well thank yenice vadi restaurant team make luxury restaurant staff,0.9865,positive,"{'positivity': 4.25, 'negativity': 0.25, 'objectivity': 29.5}",27.0
Yakabük Otel & Restaurant,recommend wonderful hotel come family everyone heart nature room sea view spacious comfortable walk distance hidden bay enter sea wonderful place also nearby turnali bay akbük bay aquarium bay enter sea want eat restaurant food delicious friendly hospitable business owner thank price performance hotel next definitely friend satisfied,0.9843,positive,"{'positivity': 3.625, 'negativity': 1.375, 'objectivity': 40.0}",24.0
Yakabük Otel & Restaurant,nice family hotel really cool people owner feel like home close public beach call saklıköy really hot clean sea would highly reccommend,0.8712,positive,"{'positivity': 2.375, 'negativity': 0.375, 'objectivity': 16.25}",8.0
Yakabük Otel & Restaurant,cute hotel nice family run business owner friendly friendly sincere people food restaurant delicious knew hotel would want spend daily vacation hotel,0.9578,positive,"{'positivity': 1.5, 'negativity': 0.25, 'objectivity': 19.25}",15.0
Yakabük Otel & Restaurant,wonderful breakfast incredibly reasonable price family friendly place breakfast way ören akyaka,0.7845,positive,"{'positivity': 1.375, 'negativity': 0.5, 'objectivity': 8.125}",6.0
Yakabük Otel & Restaurant,stop breakfast nice breakfast sea view nice breakfast price performance breakfast enough family business friendly sincere behavior thank,0.8957,positive,"{'positivity': 1.125, 'negativity': 0.0, 'objectivity': 16.875}",11.0
Yakabük Otel & Restaurant,push much change room air condition work breakfast poor beach chair charge expensive,-0.4767,negative,"{'positivity': 0.625, 'negativity': 0.125, 'objectivity': 12.25}",-2.0
Yakabük Otel & Restaurant,look budget accommodation place basic room need refurbish yet spacious terrace great view find great wild beach breakfast food offer bothing write home family run hospitable warm hearted good try near gözleme restaurant place lunch dinner,0.9186,positive,"{'positivity': 3.0, 'negativity': 0.375, 'objectivity': 29.625}",11.0
Yakabük Otel & Restaurant,family recommend wonderful hotel everyone heart nature room sea view spacious comfortable great place swim hidden bay within walk distance also turnalı bay akbük bay aquarium bay nearby swim want eat restaurant food quite delicious diverse would like thank friendly hospitable business owner perfect price performance hotel definitely next friend please,0.9891,positive,"{'positivity': 3.25, 'negativity': 2.0, 'objectivity': 41.75}",27.0
Yakabük Otel & Restaurant,nice family hotel sweet people run saklıköy perhaps cleanest warm sea aegean facility definitely visit sure satisfy really nice family hotel really cool people owner feel like home close public beach call saklıköy really hot clean sea would highly recommend,0.9785,positive,"{'positivity': 4.75, 'negativity': 1.375, 'objectivity': 30.875}",16.0
Yakabük Otel & Restaurant,cute hotel run nice family owner business friendly sincere people food restaurant delicious hotel know would want spend entire day holiday hotel,0.9545,positive,"{'positivity': 2.0, 'negativity': 0.25, 'objectivity': 18.75}",13.0
Ersöz Butik Otel,totelya hotel would definitely recommend totelya hotel would like choice akyaka boutique hotel breakfast work come stay day call come state small dog say host pay day fee go sea take dog beach take dog beach akyaka small place beach crowd bazaar small use crowdedness bodrum decide go bodrum wife tell authorized gentleman say would return fee back could love akyaka could stay akyaka appeal totelya hotel would definitely recommend totelya hotel clean affordable place breakfast legendary beautiful organic,0.9694,positive,"{'positivity': 3.25, 'negativity': 0.25, 'objectivity': 58.5}",15.0
Ersöz Butik Otel,name boutique hotel room stay small problem since stay overnight sure room accord need settlement close beach near beach nice like breakfast standard,0.5994,positive,"{'positivity': 0.625, 'negativity': 1.25, 'objectivity': 20.125}",4.0
Ersöz Butik Otel,place akyaka architecturally beautiful term architecture bahadır bey say take special place improve feature room courteous employee,0.9153,positive,"{'positivity': 2.0, 'negativity': 0.0, 'objectivity': 13.0}",7.0
Ersöz Butik Otel,depends expectation boutique pension hotel confuse owner employee friendly friendly say sleep night take shower breakfast go sightsee good,0.8126,positive,"{'positivity': 0.875, 'negativity': 0.0, 'objectivity': 18.125}",5.0
Ersöz Butik Otel,clean room friendly staff nice family business expectation high ideal place close place especially car go bay want,0.9081,positive,"{'positivity': 0.25, 'negativity': 0.25, 'objectivity': 17.5}",8.0
Ersöz Butik Otel,great owner call antalya everything perfect back sure stay akyaka,0.8779,positive,"{'positivity': 0.25, 'negativity': 0.5, 'objectivity': 7.25}",6.0
Ersöz Butik Otel,definitely recommend totelya otel would like choice akyaka boutique hotel work breakfast include come stay day call come state small dog say host day pay fee go sea let beach dog akyaka small place beach crowd bazaar small use crowd bodrum every wife decide go bodrum told officer say course refund fee wish like akyaka stayed appeal definitely recommend totelya hotel clean affordable place especially breakfast legendary good everything organic,0.9664,positive,"{'positivity': 2.875, 'negativity': 0.25, 'objectivity': 56.875}",15.0
Ersöz Butik Otel,name suggest boutique hotel room stay little small since stayed one night problem sure room every need close beach settlement close beach beautiful love breakfast standard,0.8271,positive,"{'positivity': 1.75, 'negativity': 1.5, 'objectivity': 21.75}",5.0
Ersöz Butik Otel,place like place akyaka beautiful special term architecture bahadır say take place attentive polite feature staff room need improve,0.9001,positive,"{'positivity': 2.25, 'negativity': 0.125, 'objectivity': 14.625}",9.0
Ersöz Butik Otel,vary depend expectation boutique hostel confuse inclusive hotel owner staff friendly friendly want sleep night take shower breakfast go walk,0.7003,positive,"{'positivity': 0.375, 'negativity': 0.625, 'objectivity': 19.0}",3.0
Göktürk Butik Otel,stay hotel day wife get bored concept holiday village accustom wanted experience boutique hotel worry end moment entered hotel architecture hotel sea beach beach magnificent recommend everyone meryem lady yunus dilara endless thank interest,0.8625,positive,"{'positivity': 1.25, 'negativity': 0.375, 'objectivity': 28.375}",3.0
Göktürk Butik Otel,unchanging quality customer satisfaction summer attract season together göktürk hotel,0.6597,positive,"{'positivity': 0.75, 'negativity': 0.375, 'objectivity': 7.875}",3.0
Göktürk Butik Otel,stay hotel day wife day get bore holiday village concept use want experience boutique hotel worry moment enter hotel worry end hotel architecture sea beach magnificent recommend everyone endless thank meryem hanım yunus dilara interest,0.7964,positive,"{'positivity': 1.125, 'negativity': 0.75, 'objectivity': 28.125}",1.0
Göktürk Butik Otel,unchanged quality customer satisfaction attract every summer many season together göktürk hotel,0.6597,positive,"{'positivity': 0.75, 'negativity': 1.0, 'objectivity': 9.25}",3.0
Mira Apart,sevinç lady mehmet bey excellent people spend day felt home house clean kitchen utensil enough walk distance sea sea clean clear akyaka away road wind narrow pay attention definitely recommend everyone sevinç lady mehmet beye thank,0.9517,positive,"{'positivity': 1.625, 'negativity': 0.125, 'objectivity': 27.25}",11.0
Mira Apart,nice holiday hospitality mehmet sevinç hospitable people cleanliness house beauty house perfect location beautiful place recommend apartment feel comfortable,0.9709,positive,"{'positivity': 2.5, 'negativity': 0.875, 'objectivity': 13.625}",16.0
Mira Apart,absolutely clean perfect holiday next definitely go summer house thank joy,0.958,positive,"{'positivity': 1.25, 'negativity': 0.25, 'objectivity': 9.5}",10.0
Mira Apart,welcome beautifully mira apart stay family night mehmet bey sevinç culture chat decent people make feel home smile face make feel home smile face provide small kitchen deficiency generous way provide pepper eggplant garden host customer guest stay long story short look decent place rest peacefully recommend definitely choose place,0.9705,positive,"{'positivity': 5.5, 'negativity': 1.0, 'objectivity': 40.5}",13.0
Mira Apart,case clean apartment owner decent people relax family,0.6808,positive,"{'positivity': 0.875, 'negativity': 0.125, 'objectivity': 7.0}",2.0
Mira Apart,nice place warm sea delicious food hospitable people far kite spot recommend family,0.872,positive,"{'positivity': 0.75, 'negativity': 0.25, 'objectivity': 12.0}",9.0
Mira Apart,sevinç mehmet excellent people felt like home six day spend house clean kitchen utensil sufficient walk sea sea clean clear away akyaka road winding narrow careful definitely recommend everyone thank sevinç mehmet everything,0.9661,positive,"{'positivity': 2.375, 'negativity': 0.875, 'objectivity': 22.75}",16.0
Mira Apart,nice holiday host mehmet sevinç hospitable people cleanliness beauty house perfect also beautiful location apartment feel comfortable advise,0.9648,positive,"{'positivity': 2.25, 'negativity': 0.75, 'objectivity': 13.0}",14.0
Mira Apart,definitely clean perfect holiday summer house definitely go next thank much sevinç,0.9432,positive,"{'positivity': 0.625, 'negativity': 0.125, 'objectivity': 10.25}",7.0
Mira Apart,welcome well mira apart stay family night mehmet sevinç culture pleasant decent people stay make feel home treat smile face also provide small kitchen need generous manner pepper eggplant garden offer refreshment host like guest customer throughout stay long story short look pristine decent place rest peacefully definitely recommend choose place,0.9776,positive,"{'positivity': 5.5, 'negativity': 1.0, 'objectivity': 41.5}",15.0
Lena Apart,mind far beach mind away beach comfortably stay apartment owner alper bey mother owner apartment alper bey smile people meter next adult pool open child pool next son good time pool clean towel bed linen set available room sea see balcony room face front side bed comfortable minus see air condition performance drop time time refrigerator insufficient refrigerator remain small put large refrigerator room useful ask book meticulous bring kitchen utensil,0.9325,positive,"{'positivity': 2.5, 'negativity': 1.75, 'objectivity': 64.75}",10.0
Lena Apart,business owner ismihan hanım alper bey incredibly friendly hospitable furnish new quality room clean pool clean morning pool clean successful quiet comfortable holiday ideal market within walk distance,0.9744,positive,"{'positivity': 2.0, 'negativity': 1.25, 'objectivity': 21.75}",15.0
Lena Apart,akyaka holiday day availability entrance apartment come find availability entrance alper bey interfere sincere relevant bey nice business pool normally plan use nice pool use pool room clean tidy stay day coffee pot extend day stay day give laundry wash thank god fold left room door really satisfied location departure bother location upstairs car take minute go go stay,0.9565,positive,"{'positivity': 3.5, 'negativity': 0.375, 'objectivity': 53.125}",14.0
Lena Apart,right entrance akyakan family business mother son friendly sincere room spotlessly clean kitchen utensil enough use pool seem hygienic enough choose suitable clean accommodation,0.8834,positive,"{'positivity': 2.375, 'negativity': 0.0, 'objectivity': 20.625}",10.0
Lena Apart,stayed one night august location center away hustle bustle stay spacious environment location number room view sea view room spacious view relax not want go beach beautiful pool plus plus lena write alper mother lady interest everything dominate everything clean room kind equipment meet basic need inside recommend family pension,0.9515,positive,"{'positivity': 2.125, 'negativity': 1.625, 'objectivity': 43.25}",13.0
Lena Apart,apartment stay comfortably not mind far beach owner alper mother care friendly people open child pool next meter adult pool yearold son great time pool clean towel bed linen room sea visible balcony room face front bed mattress comfortable downside see air condition bit outdated performance drop time time insufficient refrigerator small room large refrigerator ask make reservation meticulous bring kitchenware,0.9451,positive,"{'positivity': 2.125, 'negativity': 3.25, 'objectivity': 53.625}",8.0
Lena Apart,owner ismihan alper incredibly friendly hospitable furniture new high quality room clean good pool clean every morning pool cleaning also successful ideal quiet comfortable holiday walk distance market,0.975,positive,"{'positivity': 2.625, 'negativity': 1.25, 'objectivity': 22.125}",16.0
Lena Apart,come apartment day akyaka holiday could find availability alper meet entrance friendly care gentleman nice property normally think use pool nice use pool well room clean tidy every item even coffee pot stay day stay day give laundry wash thank fold leave room door leave really satisfied thing location little bother take get car go stay,0.9665,positive,"{'positivity': 2.625, 'negativity': 0.5, 'objectivity': 49.875}",12.0
Lena Apart,family business right entrance akyaka mother son smile sincere room clean kitchenware sufficient use pool seem hygienic sufficient size convenient clean consultation choose,0.8625,positive,"{'positivity': 2.625, 'negativity': 2.125, 'objectivity': 17.25}",8.0
Lena Apart,stay night august group people since locate little center stay spacious environment away hustle bustle location top notch sea view spacious view room put ease not want go beach nice pool plus lena write alper mother take care everything control everything room clean kind equipment meet basic need recommend full family pension,0.9492,positive,"{'positivity': 1.0, 'negativity': 1.625, 'objectivity': 45.375}",18.0
Feron Otel,clean comfortable room center akyaka hotel breakfast give beach form classic standard breakfast plate say bad say want live music night bar right across bar may negative want silence negative overall satisfy,-0.3182,negative,"{'positivity': 1.5, 'negativity': 2.625, 'objectivity': 26.875}",-1.0
Feron Otel,stayed wife september room clean enough breakfast good enough breakfast good enough breakfast give beach beach location close everywhere satisfied thank attention ayse,0.9153,positive,"{'positivity': 1.875, 'negativity': 0.0, 'objectivity': 20.125}",12.0
Feron Otel,room clean location central noisy walk distance sea restaurant preference hotel definitely provide accommodation service price difference breakfast unnecessary insufficient breakfast plate moreover hygiene zero crust egg contact cheese plate package jam pay accommodation fee difference hotel equivalent price could make enjoyable breakfast,0.7351,positive,"{'positivity': 5.125, 'negativity': 3.375, 'objectivity': 33.5}",0.0
Feron Otel,last week go hotel clean central place reserve standard room family people hotel clean staff central place staff level decent people room stay large enough person television refrigerator small closet want water say fee parking problem parking lot day park lot meter beach get early morning rent place rent place sea crowd child beautiful child beautiful go sea impossible adult swim knee water water dirty water dirty beyond beach azmak stream attractive last local say april may september october inshallah comment useful,0.8957,positive,"{'positivity': 4.5, 'negativity': 2.625, 'objectivity': 72.875}",9.0
Feron Otel,go daily akyaka region wife think another hotel think full operator recommend feron hotel operator decent lady room clean prefer center akyaka,0.6369,positive,"{'positivity': 1.75, 'negativity': 0.25, 'objectivity': 17.0}",4.0
Feron Otel,clean cheap central,0.4019,positive,"{'positivity': 0.0, 'negativity': 0.25, 'objectivity': 2.75}",2.0
Feron Otel,hotel clean comfortable room center akyaka breakfast serve beach form classic standard breakfast plate say neither good bad live music night bar right across street may negative want silence generally satisfy,0.7222,positive,"{'positivity': 1.875, 'negativity': 2.375, 'objectivity': 25.75}",3.0
Feron Otel,stayed wife september room clean adequate breakfast sufficient good even well breakfast serve beach location close everywhere satisfied thank ayşe interest,0.9423,positive,"{'positivity': 1.5, 'negativity': 0.75, 'objectivity': 17.75}",11.0
Feron Otel,room clean location central even though noisy preference within walk distance sea restaurant hotel definitely serve accommodation price difference quite unnecessary breakfast inadequate breakfast plate moreover zero hygiene shell egg contact cheese package plated jam pay accommodation could much enjoyable breakfast difference similarly price hotel,0.5,positive,"{'positivity': 4.625, 'negativity': 3.625, 'objectivity': 35.75}",0.0
Feron Otel,last week book standard room people go family hotel clean central location staff decent people room stay large enough people television refrigerator small water cupboard say pay want park problem parking lot per day meter beach get early morning rent place crowd sea nice child go meter water knee impossible adult swim water dirty beyond beach azmak stream charm lastly local say april may september october hope comment useful,0.8074,positive,"{'positivity': 2.0, 'negativity': 1.75, 'objectivity': 63.25}",8.0
Marina Port Otel Akyaka,stay night july room generally clean comment say room accompany experienced way take belong marina reception room meter road room take belong found room could accompany someone think situation due lack employee person reception friendly go breakfast restaurant morning cafe concept open everyone cafe concept really stylish place breakfast service pity bad breakfast accept people outside family back table come outside get without satisfied sit minute sat plate come tea bread come late say bread damp bread damp breakfast see photo really unsuccessful definitely need improve,0.3079,positive,"{'positivity': 5.125, 'negativity': 2.625, 'objectivity': 75.25}",0.0
Marina Port Otel Akyaka,checked room check time still glass left guest textile product change lamp room work check lamp break day try move situation say positively hotel location location really great especially come without car reach everywhere foot summary hotel would recommend cheap sweet pension vicinity,0.9219,positive,"{'positivity': 1.875, 'negativity': 0.625, 'objectivity': 38.5}",10.0
Marina Port Otel Akyaka,although employee generally friendly terrible experience consider price per night number terrible number insufficient try spend holiday without argue people poison regret come regret come park lot area car put nearby park lot park lot agree half price place clean entered room give information without ask ask clean say hour clean room clean day garbage take tied mouth bag put front room door put front room door next morning think take room think reception reach room telephone breakfast give contract cafe within hotel normally buy breakfast restaurant fry large mixed breakfast hotel customer give breakfast consist boil egg tomato tomato cheese olive olive jam sell bagel cafe big city name fast breakfast simple breakfast disgraceful situation cafe bar deluxe room music play day long play room possibility lie comfortably room oclock night possibility rest wifi could log device give password found able log last wifi name marina port office think know wifi password use customer know wrong password say wrong password employee say begin friendly hotel disorganize room one side room one side seaside place breakfast serve irrelevant outside,0.9391,positive,"{'positivity': 5.25, 'negativity': 8.875, 'objectivity': 158.875}",-2.0
Marina Port Otel Akyaka,akyaka stayed hotel stay recommendation holiday satisfy friendly kind attitude hospitality especially meltem lady tevfik buse lady thank staff make feel home come hotel location great view good room clean enjoy morning coffee balcony open sea hotel pool clean beautiful little concern security help place visit request meet smile face sincerity pleasant holiday thank hope see short time,0.9938,positive,"{'positivity': 6.125, 'negativity': 0.625, 'objectivity': 47.25}",34.0
Marina Port Otel Akyaka,day make reservation phone payment door ask deposit come hotel say place deposit deposit come hotel say place deposit deposit come room reason room want sell room expensive want sell room expensive say would help say would help say would sit air condition place look hotel want say hotel someone else even call hotel state price place per night location hotel appearance hotel disgraceful experience,0.743,positive,"{'positivity': 3.25, 'negativity': 1.25, 'objectivity': 55.5}",7.0
Marina Port Otel Akyaka,wonderful stay beautiful seaside hotel akyaka location perfect right sea offer stunning view peaceful atmosphere staff friendly attentive always ready assist room clean comfortable make truly relax experience highly recommend hotel anyone look serene getaway sea,0.9902,positive,"{'positivity': 5.0, 'negativity': 1.875, 'objectivity': 27.125}",26.0
Marina Port Otel Akyaka,stay marina port nothing short perfect sincere attention friendly staff sparkle cleanliness throughout comfort well appoint room make unforgettable moment amidst akyaka enchant landscape location convenient easy access everything marina port truly value guest satisfaction see attention detail everywhere whole heartedly recommend special place anyone look discover,0.962,positive,"{'positivity': 4.75, 'negativity': 2.5, 'objectivity': 34.75}",15.0
Marina Port Otel Akyaka,nice experience hotel new big room great go breakfast sevil ozan friendly thank everything,0.9118,positive,"{'positivity': 0.75, 'negativity': 0.125, 'objectivity': 10.125}",11.0
Marina Port Otel Akyaka,stayed one night night july room generally clean write comment escort room experience way marina reception room road meter take belong found room would better someone accompanied think due lack employee one person reception attentive friendly go restaurant section breakfast morning cafe concept open everyone really stylish place unfortunately breakfast service bad accept people outside breakfast family back table outside get dissatisfied sat plate arrive later tea bread arrive late tell time bread moist see photo breakfast really unsuccessful definitely need improve,0.5302,positive,"{'positivity': 5.25, 'negativity': 2.875, 'objectivity': 71.875}",0.0
Marina Port Otel Akyaka,entered room check time still glass left previous guest textile product change lamp room work even check lamp break every day try fix move say positively hotel location location really great especially without car reach everywhere foot summary hotel would recommend much cheap hostel nearby,0.8737,positive,"{'positivity': 1.5, 'negativity': 1.25, 'objectivity': 40.25}",8.0
Acar Pansiyon,way fethiye vacation vehicle break akyaka stayed road small child vehicle tow industry learn wait part vehicle could deliver early next day type pension map saw acar pension look comment saw good comment call fatih bey open phone explain situation ask could provide transportation pension fatih say learn small child say could bring wife pension intention say see victimization bother bus taxi experience special situation bring wife acar pension take roadside industry thank room clean happy see cleanliness room already friendly helpful welcome happy see cleanliness room air condition every room next morning hotel owner ismail bey offer tea thank convenience transportation day likely turn nightmare turn sweet memory breakdown vehicle fatih bey hotel owner ismail bey empathetic helpful thank attitude turn daily adventure fill akyaka holiday doubt prefer think pension holiday thank make live sweet experience make hope humanity make say still good people world,0.9934,positive,"{'positivity': 10.375, 'negativity': 1.25, 'objectivity': 121.375}",34.0
Acar Pansiyon,especially emine lady staff friendly hospitable make feel home nice clean everything think make guest comfortable face beautiful view face friendly chat face beautiful view face sake coffee offer endless thank sake coffee service love pension kayar family,0.9829,positive,"{'positivity': 4.125, 'negativity': 1.125, 'objectivity': 29.75}",22.0
Acar Pansiyon,emine sister not know start call phone enough hear emine sister voice catch energy family house sincerity sincerity see business place perfect couple job well emine sister meet ismail brother say location apartment cleanliness view price part peace not want leave want soon possible go akyaka place choose without hesitation apartment path cross enjoyed much,0.9351,positive,"{'positivity': 2.75, 'negativity': 2.625, 'objectivity': 43.625}",12.0
Acar Pansiyon,love wonderful place stay wife friend last week day love interest emine sister fatih brain cleanliness room authentic beautiful design comfort room definitely recommend acar apart pension feel place,0.9833,positive,"{'positivity': 4.75, 'negativity': 0.625, 'objectivity': 20.625}",19.0
Acar Pansiyon,go akyaka summer winter meet emine sister come pregnant apart clean cleanliness important customer relation room big upstairs air flatten akyaka stay anywhere else child home comfortable,0.7783,positive,"{'positivity': 2.0, 'negativity': 0.875, 'objectivity': 20.125}",7.0
Acar Pansiyon,holiday fethiye car break akyaka strand small child car tow industrial park learn wait part car could deliver next day early type hostel map saw acar pension look comment call saw good comment fatih bey answer phone explain situation ask could get hostel first fatih wish speedy recovery learn small child say not bother bus taxi experience special situation see grievance say could bring hostel good intention wife pick roadside industry bring acar hostel thank room clean addition friendly helpful welcome happy see cleanliness room room air condition next morning thank tea service transportation facility provide hotel owner ismail bey day likely turn nightmare turn sweet memory breakdown car turn adventurous akyaka holiday even day thank empathetic helpful attitude fatih ismail hotel owner consider family hostel holiday doubt choose make say still good people world give hope humanity thank much allow sweet experience thank glad also admirable fatih work diligently lovingly devotedly job,0.9971,positive,"{'positivity': 10.25, 'negativity': 1.625, 'objectivity': 127.125}",44.0
Acar Pansiyon,staff especially emine care friendly hospitable beautiful clean everything think make guest feel home service coffee smile pleasant conversation front beautiful view appreciate forever thank acar pension love kayar family,0.9857,positive,"{'positivity': 4.375, 'negativity': 0.375, 'objectivity': 21.25}",24.0
Acar Pansiyon,sister emine really not know start enough hear emine sister voice call phone catch energy like come one family home never see sincerity sincerity business perfect couple emine sister ismail brother job well glad meet nothing say location cleanliness view price apartment leave great peace even not want go want soon possible happen akyaka place choose without hesitation apartment glad path cross enjoyed much,0.9787,positive,"{'positivity': 3.75, 'negativity': 3.5, 'objectivity': 50.75}",23.0
Acar Pansiyon,love wonderful place stay wife friend day last week love attention emine sister fatih bey well cleanliness room well authentic beautiful design comfort definitely recommend acar apart pension feel like place,0.9856,positive,"{'positivity': 4.875, 'negativity': 0.625, 'objectivity': 22.5}",20.0
Acar Pansiyon,always go akyaka summer winter meet sister emine come pregnant apartment clean cleanliness important customer relation good since room large upstairs atmosphere stuffy akyaka can not stay anywhere else come child feel comfortable like home,0.9042,positive,"{'positivity': 2.125, 'negativity': 1.625, 'objectivity': 26.25}",11.0
Cumba Apart,smell cleanliness smile face ayşen everything beautiful like home comfortable thank much,0.9287,positive,"{'positivity': 1.5, 'negativity': 0.875, 'objectivity': 7.625}",11.0
Cumba Apart,akyaka not expect location place stay breakfast sensitive dust room dusty location nice easy get place nothing praise,0.4168,positive,"{'positivity': 2.125, 'negativity': 1.75, 'objectivity': 13.125}",7.0
Cumba Apart,wife daughter comfortable comfortable stay without question smile face owner business ayşen make satisfied width room hygiene location business look pleasant holiday miss opportunity thank ensure jewelry forget room reach address without problem thank honest helpful approach choose without think,0.9707,positive,"{'positivity': 4.25, 'negativity': 2.5, 'objectivity': 29.25}",18.0
Cumba Apart,room accommodation one person cozy spacious comfortable owner polite helpful problem location apartment easy reach point interest central akyaka easy place definitely stay,0.9325,positive,"{'positivity': 3.0, 'negativity': 1.875, 'objectivity': 17.125}",9.0
Cumba Apart,thank ayşen stay roof floor holiday stay roof floor hotel holiday stay room look back hotel overcrowd holiday affect noise akyakan thank,0.9022,positive,"{'positivity': 0.125, 'negativity': 0.125, 'objectivity': 19.75}",4.0
Cumba Apart,great hotel good location walk distance beach hotel cosy quiet even far restaurant pub neighborhood room back mountain view front one big balcony face street big moderate size friendly owner make feel home would recommend place everyone would like enjoy beach night life akkaya also try kitesurfing since take drive beautiful kite beach,0.9694,positive,"{'positivity': 3.125, 'negativity': 0.875, 'objectivity': 43.0}",19.0
Cumba Apart,end september hotel run kind woman really cozy place locate centrally room face back silent,0.5267,positive,"{'positivity': 0.75, 'negativity': 0.375, 'objectivity': 13.875}",2.0
Cumba Apart,everything nice smell cleanliness like missy smile face ayşen like home felt comfortable thank much,0.9337,positive,"{'positivity': 0.875, 'negativity': 0.875, 'objectivity': 11.25}",13.0
Cumba Apart,akyaka place stay location not expect anything like breakfast sensitive dust room dusty however location nice easy reach everywhere nothing praise,0.194,positive,"{'positivity': 3.0, 'negativity': 2.25, 'objectivity': 13.75}",10.0
Cumba Apart,comfortable comfortable question free stay wife yearold daughter please smile face interest owner business ayşen size room hygiene location establishment opportunity miss look pleasant holiday would also like thank much ensure jewelry forget room deliver address completely smoothly pleased honest helpful approach choose without think,0.99,positive,"{'positivity': 5.25, 'negativity': 2.375, 'objectivity': 33.375}",23.0
Limon Otel,saw need use room bed bed expectation high satisfy satisfied promise location locate central street close sea may able sleep night music sound center breakfast agree cafe side cafe pay difference breakfast buy room without breakfast could breakfast place money breakfast mediocre worth money frankly,0.8779,positive,"{'positivity': 2.722, 'negativity': 1.528, 'objectivity': 38.75}",5.0
Limon Otel,general term satisfy small shortcoming experience give score ignore score close beach adequate cleanliness especially breakfast effective satisfying point except miss blow dryer work state exit probably take care express hot water enough evening hour express hot water enough evening hour general satisfy general recommend,0.9446,positive,"{'positivity': 2.375, 'negativity': 1.25, 'objectivity': 41.375}",4.0
Limon Otel,satisfied cute hotel stay night preferred deluxe room prefer deluxe room room balcony face back street balcony face street quiet even night good hotel quiet night location center hotel great location close place visit vicinity reach edge azmak foot hotel reach edge azmak street hotel locate bar food coffee place ice cream shop grocery store need without come know center akyaka around hotel officially set around hotel towel towel slipper shampoo shower gel soap hair dryer room prefer daily housekeep service free bench table balcony want spend time balcony holiday want spend time balcony area enough road fall akyaka fall fall akyaka definitely choice,0.9694,positive,"{'positivity': 7.75, 'negativity': 1.0, 'objectivity': 89.25}",15.0
Limon Otel,price performance hotel middle center mobility walk distance everything azmak beach swim middle walk distance azmak beach walk enough walk stair food entertainment venue enough go stair look balcony get hang small detail clean air condition say go bed think much,0.6705,positive,"{'positivity': 0.875, 'negativity': 0.25, 'objectivity': 36.875}",2.0
Limon Otel,location akyaka central walk azmak river beach cordon hotel locate street entertainment venue stay room face back facade hear noise street park problem park car street make short term pause front hotel download belong staff friendly helpful say satisfied general hotel,0.836,positive,"{'positivity': 2.0, 'negativity': 0.875, 'objectivity': 36.125}",4.0
Limon Otel,say sure place literally inside touristic street visit akyaka fun never end although noise little much want peace visit come bar pub wonderful din place nearby enjoy visit overall recommend limon otel,0.9535,positive,"{'positivity': 2.125, 'negativity': 2.125, 'objectivity': 22.75}",15.0
Limon Otel,hotel one main street akyaka plenty bar pub restaurant nearby well locate spent one night room quite small,0.2732,positive,"{'positivity': 0.125, 'negativity': 1.0, 'objectivity': 15.875}",0.0
Limon Otel,limon otel locate charm street street akyaka find comfy bed clean room also hotel keeper kind always eager help problem limon hotel definitely option akyaka,0.9186,positive,"{'positivity': 1.875, 'negativity': 1.625, 'objectivity': 16.5}",9.0
Limon Otel,conveniant location restaurant bar beach nearby clean room aircondition tv fridge balcony new decoration new equipment value money,0.6249,positive,"{'positivity': 0.75, 'negativity': 0.0, 'objectivity': 15.25}",2.0
Limon Otel,since use room bed time meet need expectation higher satisfy not promise locate close sea central street since center may able sleep music night make agreement cafe next door breakfast pay extra breakfast people wish take room without breakfast could breakfast good place money breakfast mediocre frankly worth money,0.8844,positive,"{'positivity': 3.347, 'negativity': 1.653, 'objectivity': 40.0}",7.0
KÖRFEZ OTEL & RESTAURANT,hotel mi hotel mi hotel problematic give license inspect summary come family exhaust journey mistake saw bed fatigue enter entered room close door horror movie start door parking lot side room corridor door pass corridor time hand people shop bag dive really goal socket socket next bed ask extension socket mature lady name adile retire teacher thank could not plug socket could not plug explode wash hand hold socket mud dirt obviously rain pas socket cable bed pull headboard slightly forward oh god insect start run room dirty side dirty dust dust not step floor not step floor room nasty smell could stand come tire say would take shower say would take shower air hot hotel slipper soap shampoo room god water come relieve take towel wipe throw away immediately smell stayed next room get shower look lot next room not stop smell outside window woman constantly fight someone sound inside park lot garden parking lot teacher threw table tv ground teacher aunt teacher warm trust say go hotel go istanbul say say pay say important say important not stand immediately flee nerve stress date son dictionary lose find call could look glass room phone thank look glass room thank call back tomorrow give phone call return say next day call person name person give iban use account say brother eastern accent say return say adile talk call adile teacher teacher make peace start get ugly turn phone start call back block say would notify finance tourism cimer say would report summary suit beautiful town suit beautiful country suit beautiful country pity hotel tourism ministry photo take child attach,0.706,positive,"{'positivity': 11.375, 'negativity': 10.5, 'objectivity': 234.125}",5.0
KÖRFEZ OTEL & RESTAURANT,hotel price performance prefer breakfast hearty staff really job well clean boutique hotel among hotel far smell clean smell enter hotel location close marmaris road go akyaka car go nearby fish alternative eat drinking place,0.8077,positive,"{'positivity': 2.125, 'negativity': 0.375, 'objectivity': 29.5}",4.0
KÖRFEZ OTEL & RESTAURANT,hotel management disgust not place would never stay not pity money give room stayed extremely neglect disturb smell night extremely noisy environment night come obligation night do transaction immediately would never stay,-0.9156,negative,"{'positivity': 2.375, 'negativity': 4.875, 'objectivity': 22.75}",-10.0
KÖRFEZ OTEL & RESTAURANT,hotel management disgust not would never stay place would never stay not pity money give room stayed extremely neglect shower toilet open glass floor garbage open garbage balcony towel bath suit never dry bar music sound extremely uncomfortable music end voice employee end comfortable place listen head,-0.8148,negative,"{'positivity': 1.75, 'negativity': 5.875, 'objectivity': 37.375}",-9.0
KÖRFEZ OTEL & RESTAURANT,normally come akyaka stay day saw beautiful decide stay day hotel say nice alternative relatively affordable among expensive option say adile hanım friendly friendly staff since breakfast dinner spend time hotel may disturb sound place live music next hotel may disturb sound preferred listen live music drinking wine room view prefer listen live music drinking wine room view preferred step step sea minute walk distance river sweet hotel clean hygienic air condition tv work bazaar,0.9246,positive,"{'positivity': 5.75, 'negativity': 1.125, 'objectivity': 63.125}",12.0
KÖRFEZ OTEL & RESTAURANT,hotel kind hotel hotel like license place inspect problematic summary come family tire journey mistake tire first entered place saw bed immediately grab entered room close door horror movie start door park side room door corridor turn also corridor everyone pas people shop bag hand burst really goal socket ask threeway extension socket next bed mature lady name adile retire teacher give thank could not plug socket explode plugged wash hand hold socket anyway mud dirt obviously leave rain pull headboard slightly forward pas plug cord towards bed oh god insect start run room dirty dust everywhere can not step floor dirty terrible smell room could stay since come tire decide take shower air hot hotel slipper soap shampoo room fortunately god water good felt little relieved take towel wipe throw away immediately smell many people call next room come shower not stop smell woman outside window constantly fight someone think sound inside teacher aunt throw table tv garden park area actually teacher warm confident say either look hotel go istanbul say pay say not matter not stop wolf take payment entering room obviously experience would happen pay transferred someone el iban show receipt say okay packed suitcase go garden parking lot entrance whatever say kid happy say politely offend insist say teacher teacher not want offend say cleaning cost say aunt wish cleaning do pack suitcase feeling sort decide leave akyaka actually devastate beautiful place straight istanbul not normally travel night arrive night boredom say okey take shower cut return rest say hello not make sound go immediately run away leave anger stress son dictionary lose could not find called look see wire glass could look book thank call back say give call tomorrow call refund call next day person name person iban give use account brother eastern accent say told return talk adile han call teacher adile teacher say goodbye start get ugly turn phone start call back luckily block also tell would inform finance tourism finance summary suit beautiful town suit beautiful country shame hotel ministry tourism attach photo take child,0.7259,positive,"{'positivity': 15.75, 'negativity': 15.0, 'objectivity': 297.25}",6.0
KÖRFEZ OTEL & RESTAURANT,hotel preferred term price performance breakfast satisfy employee job really well fact one cleanest boutique hotel ever visit enter hotel smell clean smell location close marmaris road go akyaka car fish alternative eat drink place nearby,0.796,positive,"{'positivity': 2.625, 'negativity': 0.5, 'objectivity': 30.875}",2.0
KÖRFEZ OTEL & RESTAURANT,hotel business disgust place would never stay not felt sorry money pay room stay extremely neglected disturb odor extremely noisy environment night come one night necessity do procedure immediately would never stay sleep night leave early hour morning say window shower toilet area open garbage open water fountain tell take shower next room interest next day leave without take shower never choose friendly make happy inside pity sin arrive hotel morning leave early morning think halal,-0.9334,negative,"{'positivity': 4.0, 'negativity': 5.5, 'objectivity': 63.5}",-12.0
KÖRFEZ OTEL & RESTAURANT,hotel business disgust place would never stay not felt sorry money pay room stay extremely neglect window shower toilet can not open garbage uncover one even pick garbage balcony room towel swimsuit never dry bar right next sound music extremely disturb even music end voice employee end short place rest mind comfortable,-0.7943,negative,"{'positivity': 2.0, 'negativity': 4.75, 'objectivity': 44.25}",-9.0
KÖRFEZ OTEL & RESTAURANT,normally come akyaka stay one day saw beautiful decide stay day hotel say nice alternative relatively affordable among expensive option adile cheerful friendly staff since breakfast dinner spend much time hotel anyway since venue live music next hotel may disturb sound preferred listen live music drinking wine room view may prefer step sea walk distance river sweet hotel bazaar also clean hygienic air condition tv work,0.9468,positive,"{'positivity': 5.25, 'negativity': 0.875, 'objectivity': 54.875}",14.0
Gaye Apart Hotel,base comment pleased go stayed immaculate iron sheet pique kitchen utensil kitchen utensil utensil see work location quiet nature love perfect azmak river meter sea walk distance azmak river walk distance sea bim near greenery flower apart,0.8658,positive,"{'positivity': 2.75, 'negativity': 0.0, 'objectivity': 31.25}",7.0
Gaye Apart Hotel,exterior appearance apartment beautiful garden wellkept thing change get inside house dampness noticeable wall inside cabinet inside house neglect clean superficial aspirator oil top refrigerator dirty shower head bathroom terrible condition water place place thing wear need change location apartment beautiful care show exterior view definitely show inside house comment write direction take consideration apartment owner beautiful facility take measure issue convey necessary repair renovation provide neglected room suit apart hotel,0.8658,positive,"{'positivity': 4.125, 'negativity': 2.625, 'objectivity': 63.25}",8.0
Gaye Apart Hotel,disgrace book place night car break stay mountain could go asked refund say could say could september say wanted day make excuse say give money give money say want go say place say place terrible business terrible operator would never recommend go,-0.8723,negative,"{'positivity': 1.625, 'negativity': 3.0, 'objectivity': 33.375}",-6.0
Gaye Apart Hotel,say holiday akyaka must one place mind nature air fascinate people nature well place stay beautiful central location important location constantly go akyaka gaye aparta go gaye aparta feel like home employee owner business would like thank gaye aparta warmth sincere sincerity come akyaka would definitely recommend stay gaye aparta location great apartment beautiful exterior apartment beautiful definitely family work family think come family gaye aparta see next holiday,0.993,positive,"{'positivity': 7.125, 'negativity': 0.5, 'objectivity': 46.375}",31.0
Gaye Apart Hotel,first go disagreement best compensate room clean inside kitchen cabinet smell dampness excessive humidity sea minute walk bazaar stay garden floor room small child garden floor room nice family child baby stroller ramp disable person difficulty car child feverish night need medicine pension owner help find medicine,0.8176,positive,"{'positivity': 2.125, 'negativity': 1.875, 'objectivity': 43.0}",8.0
Gaye Apart Hotel,arrive last night disappoint hot water heat pillow blanket dirty dusty cover bed even clean arrive place stink like animal live door closing well not look photo even close,-0.25,negative,"{'positivity': 0.125, 'negativity': 3.125, 'objectivity': 25.75}",-2.0
Gaye Apart Hotel,amazing place live summer winter house well furnished addition owner friendly price quite normal beautiful place like suggest rent apartment floor enjoy tea outside view every morning magnificent place one live forever one go beach walk market accessible great short long stay may sometimes face hot water issue wifi issue solve time time,0.9814,positive,"{'positivity': 3.25, 'negativity': 1.625, 'objectivity': 48.125}",21.0
Gaye Apart Hotel,live past owner cooperative room well furnished hot water available winter terrible wifi connection,-0.25,negative,"{'positivity': 0.375, 'negativity': 0.75, 'objectivity': 12.875}",-3.0
Gaye Apart Hotel,nice place crush expect internet warm water tap,0.4767,positive,"{'positivity': 0.625, 'negativity': 0.25, 'objectivity': 7.125}",3.0
Gaye Apart Hotel,quite location akyaka room bit tired okey price,-0.4404,negative,"{'positivity': 0.125, 'negativity': 0.875, 'objectivity': 6.0}",-2.0
Dedeoğlu Apart,detailed review continuation commentary touch new dedeoğlu apartment build apartment yeniköyde find quiet apartment build stayed housemate come house talk width house landlord nurcan şermin sister take care friendly care attitude flaw take care smile face flaw think quiet tenant objective view without put bucket student muğla think quiet tenant wall sound permeable really want live quiet environment want get away ordeal kötekli want perfect place internet internet internet fiber infrastructure mbps go mbps use probably support lack port begin problem begin thank week nurcan sister thank subject nurcan sister internet connect week start research soon decide connect internet start research soon decide connect internet say someone outside come take care heat heat work open required time open cold time thank talk cold house go warned person usually measure time spend road late late place go transportation transportation stop fast step sprint normal speed stop belly fast step sprint normal speed late go stop cedit market square late go stop cedit market square take bus leave last stop reach square last stop reach departure square stop electricity water water bill wisely come top electricity unfortunately expensive person athlete computer player radiator oven water heater laptop desktop player computer usually open day refrigerator wash machine electricity bill come electricity normal electricity price use bonus come road science high school reach apartment house village house goat goat chicken feed family get goat cow milk order special advice act relax say try get sign contract problem reason determine respectful person life good,0.9822,positive,"{'positivity': 6.25, 'negativity': 5.25, 'objectivity': 224.5}",14.0
Dedeoğlu Apart,friendly service family atmosphere great,0.8074,positive,"{'positivity': 0.125, 'negativity': 0.0, 'objectivity': 4.875}",5.0
Dedeoğlu Apart,amaze apart love friendly service recommend everyone,0.9246,positive,"{'positivity': 1.25, 'negativity': 0.375, 'objectivity': 4.375}",9.0
Dedeoğlu Apart,friendly clean reliable people,0.7096,positive,"{'positivity': 0.5, 'negativity': 0.0, 'objectivity': 3.5}",6.0
Dedeoğlu Apart,give option half star,0.0,neutral,"{'positivity': 0.0, 'negativity': 0.25, 'objectivity': 3.75}",0.0
Dedeoğlu Apart,tap detail review rest comment new dedeoğlu apartment flat one quiet apartment find yeniköy one stayed roommate everyone come house talk spaciousness host nurcan şermin always take care smile care attitude even flaw think quiet tenant objective view without put category student muğla wall transmit lot sound perfect place want live really quiet environment want get away hustle bustle kötekli internet internet fiber infrastructure use mbps never go probably support bit problem begin due port insufficiency week finally thank sister nurcan even take care issue internet connect week however start research internet connection soon make final decision heating say someone outside come take care heat work not always open suppose cold time thank time talk cold home heard voice answer immediately without warn transport since always late destination usually someone measure time spend road homesquare stop brisk step sprint normal speed homelast stop middle brisk step sprint normal speed late go stop square cedit market take bus depart last stop reach square example departure last stop reach square stop electricity water reason water bill time unfortunately electricity expensive people athlete computer gamer water heater oven kettle laptop desktop game computer usually day refrigerator wash machine always electricity bill arrive electricity may normal fee use bonus road science high school village house reach apartment build family raise cow goat chicken order goat cow milk specific advice not act casually say ill try ill take sign contract not problem reason determine respectful person life good,0.8865,positive,"{'positivity': 8.0, 'negativity': 10.125, 'objectivity': 209.875}",11.0
Dedeoğlu Apart,friendly service family atmosphere awesome,0.8074,positive,"{'positivity': 1.0, 'negativity': 0.125, 'objectivity': 3.875}",6.0
Dedeoğlu Apart,wonderful apartment love friendly service recommend everyone,0.9274,positive,"{'positivity': 1.5, 'negativity': 0.125, 'objectivity': 4.375}",11.0
Dedeoğlu Apart,friendly clean reliable people,0.7096,positive,"{'positivity': 0.5, 'negativity': 0.0, 'objectivity': 3.5}",6.0
Dedeoğlu Apart,since half star option give,0.0,neutral,"{'positivity': 0.0, 'negativity': 0.25, 'objectivity': 3.75}",0.0
MERKEZ APART PANSİYON,nice place dirty bed bad towel soap nevertheless behave nicely course behave badly behave badly,-0.7845,negative,"{'positivity': 0.375, 'negativity': 2.625, 'objectivity': 12.0}",-8.0
MERKEZ APART PANSİYON,recommend bad pension see muğla anyone sleep park stay sleep park dog sleep give room talk backwards talk backwards customer talk backwards bos son pick nose throw away doom disgraced money bad experience way go go central apart pension say go central apart pension,-0.8807,negative,"{'positivity': 1.125, 'negativity': 3.625, 'objectivity': 37.25}",-8.0
MERKEZ APART PANSİYON,recommend anyone recommend anyone recommend anyone recommend anyone recommend anyone recommend anyone recommend anyone recommend anyone recommend anyone recommend anyone,0.9682,positive,"{'positivity': 0.0, 'negativity': 1.25, 'objectivity': 8.75}",20.0
MERKEZ APART PANSİYON,bad experience car break stay overnight muğla come room extremely dirty laid towel bring sleep bed lay towel bring sleep bed soap garbage give money necessary stay car stay outside never,-0.7713,negative,"{'positivity': 0.625, 'negativity': 2.375, 'objectivity': 27.0}",-6.0
MERKEZ APART PANSİYON,settle muğla construction problem format force place full opportunistic landlord form garbage apartment apartment exorbitant price economic suitable historical structure offer calm nature environment offer suitable place stay least offer service citizen outside nation stay street satisfied comment cleanliness comment people stand rent let look people stand rent give money think buy place stand let leave clean,0.5859,positive,"{'positivity': 2.625, 'negativity': 1.375, 'objectivity': 52.0}",6.0
MERKEZ APART PANSİYON,name,0.0,neutral,"{'positivity': 0.0, 'negativity': 0.0, 'objectivity': 1.0}",0.0
MERKEZ APART PANSİYON,nice place bit dirty bed bad towel soap not still behave nicely course act wrong treat wrong,-0.8593,negative,"{'positivity': 0.25, 'negativity': 3.875, 'objectivity': 12.875}",-6.0
MERKEZ APART PANSİYON,bad hostel ever see muğla recommend anyone not sleep park stay dog sleep place give room backwardly backhand conversation come customer talk backwards bos son pick nose make feel like prisoner embarrass money bad experience ever across suggest not even go run away go center apart pension,-0.8271,negative,"{'positivity': 1.25, 'negativity': 3.5, 'objectivity': 39.25}",-6.0
MERKEZ APART PANSİYON,bad hostel ever see not recommend anyone cutlery gas natural gas cook place call room could not eat zero interest talk backhandedly come customer,-0.6798,negative,"{'positivity': 0.25, 'negativity': 2.625, 'objectivity': 18.125}",1.0
MERKEZ APART PANSİYON,bad experience stay one night muğla car break come room extremely dirty use towel bring bed sleep soap trash nothing pay necessary stay car stay outside never,-0.7504,negative,"{'positivity': 0.875, 'negativity': 2.75, 'objectivity': 22.375}",-6.0
Berlin Apart pansiyo,term price stay really affordable nightly rate go person go shower toilet common use room separate rest road enough rest minibus route next main road say star fell say sheet could pique everything nice except,0.1779,positive,"{'positivity': 0.875, 'negativity': 0.0, 'objectivity': 32.125}",3.0
Berlin Apart pansiyo,bayram stay late night could not go far sleepy could not find another place miserable sink like concentration camp foreign national dust hand soap let alone toilet paper,0.128,positive,"{'positivity': 1.25, 'negativity': 2.375, 'objectivity': 21.375}",-3.0
Berlin Apart pansiyo,friend recommend turkey hotel find toilet common human get comfortable bad insect room could sleep night bite badly body burn really told staff insect bring customer say say make medicine say know say,0.34,positive,"{'positivity': 3.0, 'negativity': 2.625, 'objectivity': 26.375}",-1.0
Berlin Apart pansiyo,disgraceful room smell separate people house room man take money look day per night person stay self respect give daily money let see left day give point,0.4767,positive,"{'positivity': 0.0, 'negativity': 0.5, 'objectivity': 25.5}",2.0
Berlin Apart pansiyo,hotel bad stayed day give bathroom toilet common nonsense bath common area do common area recommend everywhere filth money,-0.5719,negative,"{'positivity': 0.375, 'negativity': 1.625, 'objectivity': 17.0}",-5.0
Berlin Apart pansiyo,absolutely disgust place hygiene smell disgust every apartment person apartment shower wash machine kitchen want live take shower time shower free washing clothes schedule inmate miss time wash clothes day kitchen always disgust clean lose lot money food restaurant racist people especially arab african türk not live cheap take private apartment friend place city ever one room,-0.9077,negative,"{'positivity': 2.625, 'negativity': 2.875, 'objectivity': 50.5}",-9.0
Berlin Apart pansiyo,one bad management muğla city,-0.5423,negative,"{'positivity': 0.0, 'negativity': 0.875, 'objectivity': 3.125}",-3.0
Berlin Apart pansiyo,live apartment,0.0,neutral,"{'positivity': 0.0, 'negativity': 0.0, 'objectivity': 2.0}",0.0
Berlin Apart pansiyo,amaze,0.5423,positive,"{'positivity': 0.0, 'negativity': 0.25, 'objectivity': 0.75}",2.0
Berlin Apart pansiyo,great hotel,0.6249,positive,"{'positivity': 0.0, 'negativity': 0.0, 'objectivity': 2.0}",3.0
Akyaka Apart Konaklama,july go advice brother law satisfy satisfied angel lady friendly helpful pension clean location point go,0.926,positive,"{'positivity': 1.375, 'negativity': 0.0, 'objectivity': 14.625}",8.0
Akyaka Apart Konaklama,stay peacefully family child person night pleasure thank hüseyin bey advice place visit especially wife whose name angel angel talk last part especially let talk apartment let talk guest think stay room immaculate especially family child bring sheet pillow pique bring come immaculate dry cleaning laid room room hall air condition work worry enough cup plate pot mini fridge stave teapot wash machine importantly child park bed high chair prepare child angel lady apart stay hotel environment take account comment hotel environment azmak creek beach walk distance belonging since one car go beach car pay parking lot right behind beach many street behind beach park car comfortably small advice definitely go boat tour especially incekum sedir island cleopatra beach wonderful let write say angel car break behind apartment side road wait tow truck road angel lady come rescue vehicle take wife child parent take house host house beautifully without mind staying say easily handle towing vehicle without leave mind say comfortably handle towing vehicle big heart name angel human akyaka love host well take care apartment take care apartment wish see ask goodbye,0.9915,positive,"{'positivity': 6.75, 'negativity': 1.125, 'objectivity': 166.125}",22.0
Akyaka Apart Konaklama,go meet smile sweet language go safely home go confidence proximity sea proximity market make comfortable easily access sea bay around akyaka recommend everyone recommend everyone angel,0.967,positive,"{'positivity': 1.25, 'negativity': 1.0, 'objectivity': 21.75}",13.0
Akyaka Apart Konaklama,stayed apartment friend floor extremely satisfy everything left house location house close azmak walk distance beach market restaurant air condition room house meet need house warm hearted helpful house angel lady next without think,0.8805,positive,"{'positivity': 1.875, 'negativity': 0.125, 'objectivity': 28.0}",4.0
Akyaka Apart Konaklama,akyaka apart accommodation make holiday enjoyable proximity bay beach market necessary item easily provide apart cleanliness easy location satisfy would like thank angel lady host beautiful holiday,0.9735,positive,"{'positivity': 5.125, 'negativity': 0.625, 'objectivity': 19.25}",10.0
Akyaka Apart Konaklama,go july upon recommendation brother law please melek friendly helpful hostel clean good location go possible,0.9169,positive,"{'positivity': 1.75, 'negativity': 0.0, 'objectivity': 12.25}",10.0
Akyaka Apart Konaklama,family people include child stay happily peacefully night would like thank hüseyin especially wife whose name melek advice place visit talk specifically last part let briefly talk apartment guest planning stay room spotless especially family child like bring sheet pillow blanket nothing dry clean laid not worry air condition every room living room work enough glass cup plate pot also mini fridge stove kettle wash machine importantly melek even prepared playpen high chair child please ignore stay apartment comment hotel environment azmak stream away beach walk distance since lot belong go beach car pay parking lot right behind beach park car easily street back little advice definitely go boat tour especially incekum sedir island cleopatra beach wonderful let write say like angel away apartment car break wait tow truck melek come rescue vehicle like godsend take wife child parent away first host home without lose mind easily complete tow vehicle operation say angelic person big heart love akyaka much host well apartment take care every time ask goodbye hope see,0.9942,positive,"{'positivity': 8.0, 'negativity': 3.125, 'objectivity': 146.875}",31.0
Akyaka Apart Konaklama,every time go greeted smile face sweet word go safely home proximity sea proximity market make comfortable easily access sea bay around akyaka recommend everyone melek glad meet glad,0.9719,positive,"{'positivity': 1.25, 'negativity': 0.875, 'objectivity': 23.875}",16.0
Akyaka Apart Konaklama,two friend stay apartment floor leave extremely satisfied everything location close azmak beach market restaurant air condition every room house house meet need melek friendly help lot every matter next without hesitation,0.9171,positive,"{'positivity': 2.125, 'negativity': 0.375, 'objectivity': 25.5}",7.0
Akyaka Apart Konaklama,akyaka apart accommodation make holiday enjoyable proximity bay beach market necessary item apartment easily obtain pleased cleanliness easy location would like thank melek host beautiful holiday,0.9732,positive,"{'positivity': 4.75, 'negativity': 0.625, 'objectivity': 17.625}",13.0
Yener Apart,comment preferred location prefer location fantastically beautiful nostalgic business owner gönül hodja kind attention felt happy peaceful eternal thank offer gratitude park problem price reasonable clean walk distance sea go directly public beach room spacious spacious beautiful balcony highly recommend,0.9792,positive,"{'positivity': 6.25, 'negativity': 2.0, 'objectivity': 29.75}",19.0
Yener Apart,stayed wife son date july satisfy first location good beach short walk sea sea shallow small child know swim close place need ideal supermarket restaurant close place need also azmak river short walk river boat tour river short distance boat tour enjoyable room clean tidy equipment sufficient owner gönül kind interested owner kind holiday meet expectation choose way,0.9779,positive,"{'positivity': 2.75, 'negativity': 1.25, 'objectivity': 52.0}",13.0
Yener Apart,immaculate perfect accommodation love apartment owner aunt much call home akyaka,0.836,positive,"{'positivity': 1.75, 'negativity': 0.125, 'objectivity': 8.125}",6.0
Yener Apart,think come family price extremely suitable location easily choose sweet boutique apart owner sweet aunt thinking,0.8255,positive,"{'positivity': 1.625, 'negativity': 0.0, 'objectivity': 14.375}",6.0
Yener Apart,rather problem cleanliness room big problem furniture inside first night pillow like stone owner aunt forgets promise reason trouble reservation price suitable,-0.5106,negative,"{'positivity': 1.625, 'negativity': 2.125, 'objectivity': 18.25}",0.0
Yener Apart,chose comment location extraordinarily beautiful nostalgic owner business gönül hodja kind care felt happy peaceful express endless thank gratitude park problem price reasonable clean within walk distance sea go directly public beach room large spacious beautiful balcony course highly recommend,0.9832,positive,"{'positivity': 4.125, 'negativity': 2.375, 'objectivity': 31.5}",20.0
Yener Apart,stayed wife son july please first location good walking sea sandy beach sea shallow even ideal can not swim small child close place need market cafe restaurant also short minute walk away azmak river boat tour also enjoyable room clean tidy equipment sufficient owner gönül also kind care holiday meet expectation back would choose,0.9702,positive,"{'positivity': 1.875, 'negativity': 1.75, 'objectivity': 47.375}",12.0
Yener Apart,clean perfect stay love apartment owner aunt much say house akyaka,0.891,positive,"{'positivity': 0.875, 'negativity': 0.125, 'objectivity': 9.0}",8.0
Yener Apart,price extremely affordable consider location think come family sweet boutique apartment easily choose owner sweet aunt thinking,0.8126,positive,"{'positivity': 1.125, 'negativity': 0.0, 'objectivity': 15.875}",6.0
Yener Apart,rather cleanliness problem room big problem interior furniture especially first night pillow hard stone also owner aunt forgets every promise make reason lot trouble make reservation price affordable,-0.7351,negative,"{'positivity': 2.375, 'negativity': 2.875, 'objectivity': 22.75}",-3.0
Akyaka Yeşil Apart,child allow pool another apartment treat rudely come wonderful business tell young friend reception leave apartment stay one day child treat badly young friend say child friendly business let little friend fun heart right child unforgettable holiday thank leave pool fun full location foot azmak river bim right next sea walk distance place room clean spacious spacious customer satisfaction high level satisfy make new friend akyaka choose peace mind recommend business everyone choose without hesitation,0.9923,positive,"{'positivity': 4.875, 'negativity': 2.25, 'objectivity': 62.875}",24.0
Akyaka Yeşil Apart,last minute plan go empty room availability stay overnight stayed form price performance form family business location good azmak river near sea restaurant walk distance sea size room good comfortable way movement room clean balcony beach product dry apparatus available air condition work condition quiet hotel quiet breakfast classic enough unnecessary waste salty sweet hot cold fruit tea coffee consider think expectation different enough smell dampness corridor like smell dampness room smell disturb,0.875,positive,"{'positivity': 4.75, 'negativity': 2.125, 'objectivity': 65.125}",10.0
Akyaka Yeşil Apart,child wife perfect day perfect day child friendly care excellent service understand stay four business day satisfy child fun heart choose without think location within walk distance location room spacious clean price affordable satisfied recommend everyone,0.9846,positive,"{'positivity': 2.875, 'negativity': 0.25, 'objectivity': 30.875}",26.0
Akyaka Yeşil Apart,nice hotel run staff breakfast satisfying waste exaggerate location excellent cleanliness maintenance acceptable say find level detail example inside drawer cabinet clean long time rusty surface bathroom fact stay busy period sure defect condone sure attentive,0.9062,positive,"{'positivity': 6.125, 'negativity': 1.75, 'objectivity': 28.125}",3.0
Akyaka Yeşil Apart,stay overnight wife daughter incredibly pleased location breakfast excellent surprise make menemen breakfast delicious enough breakfast room small large room enough price performance hotel reason preference,0.9134,positive,"{'positivity': 3.0, 'negativity': 0.75, 'objectivity': 21.25}",9.0
Akyaka Yeşil Apart,recommend hotel room clean comfortable big balcony front pool little noise morning room near breakfast area price rest thing recommend location good breakfast okey everyday with turkish delight watermelon caffe black tea hotel near city center arrive easy everywhere need akyaka thank staff recommend go good city thank,0.9819,positive,"{'positivity': 3.0, 'negativity': 2.75, 'objectivity': 39.25}",25.0
Akyaka Yeşil Apart,clean place friendly stuff enough breakfast location perfect quite near river restaurant market boat trip walk sea beach,0.8625,positive,"{'positivity': 0.125, 'negativity': 0.625, 'objectivity': 17.25}",7.0
Akyaka Yeşil Apart,good akyaka type hotel,0.4404,positive,"{'positivity': 0.5, 'negativity': 0.0, 'objectivity': 2.5}",3.0
Akyaka Yeşil Apart,nice place,0.4215,positive,"{'positivity': 0.0, 'negativity': 0.0, 'objectivity': 2.0}",3.0
Akyaka Yeşil Apart,told young friend reception two child leave apartment stayed one day child treat badly another apartment young friend say child friendly business let little friend fun much want right child never unforgettable holiday thank never leave pool fun location good bottom azmak river right next bim sea within walk distance everywhere room spotlessly clean large spacious customer satisfaction high level please make new friend akyaka love business would prefer comfort recommend everyone choose without hesitation,0.9891,positive,"{'positivity': 6.5, 'negativity': 4.375, 'objectivity': 58.125}",26.0
Dinlen Apart Otel,refrigerator radiator kitchen cabinet internet problematic price unreasonably high place,-0.4404,negative,"{'positivity': 0.125, 'negativity': 0.375, 'objectivity': 9.5}",0.0
Dinlen Apart Otel,refrigerator radiator kitchen cabinet internet problematic price ridiculously high compare place,-0.6486,negative,"{'positivity': 0.75, 'negativity': 0.25, 'objectivity': 10.0}",0.0
Akyaka Tatil Apart,last week holiday apart hotel satisfied location cleanliness interest employee satisfy full family environment owner interested business friendly people would like thank interest since wife go vacation akyaka end april october stay holiday apart satisfied wish see,0.9843,positive,"{'positivity': 3.75, 'negativity': 0.0, 'objectivity': 30.25}",15.0
Akyaka Tatil Apart,stayed room give room stain sheet take sheet car next day check staff react strangely come sheet sheet stain told sheet stain explanation make sheet clean previous customer contaminate sheet thing like tomato paste fly medicine give time buy new sheet previous customer customer problem operator use impulsive attitude constructive language attention pay hygiene room except location business good price average,0.4215,positive,"{'positivity': 3.625, 'negativity': 3.125, 'objectivity': 54.25}",1.0
Akyaka Tatil Apart,akyaka azmak edge perfect view business familyrun business make feel home friendly helpful operator room clean clear new renovation do would definitely recommend stop fall way want open separate parenthesis flower plant garden would like sit garden spend time garden pleasant recommend,0.9766,positive,"{'positivity': 2.75, 'negativity': 0.625, 'objectivity': 33.625}",19.0
Akyaka Tatil Apart,stay sweet familyrun girl small hotel room edge azmak stay small hotel room small useful room difficult find small island edge azmak price difficult lie feel safe great advantage parking lot recommend peace mind,0.9423,positive,"{'positivity': 2.25, 'negativity': 1.625, 'objectivity': 27.125}",12.0
Akyaka Tatil Apart,location azmak family place able improve location family place lack friendliness zero service room rent probably kitchen want daily figure room make business beautiful location recommend throw money trash,0.8834,positive,"{'positivity': 2.25, 'negativity': 0.875, 'objectivity': 24.875}",8.0
Akyaka Tatil Apart,wonderful stay hotel staff friendly room clean well appoint overall atmosphere hotel relax thank,0.9442,positive,"{'positivity': 0.875, 'negativity': 0.125, 'objectivity': 13.0}",10.0
Akyaka Tatil Apart,enjoy stay top floor window face river first thing saw every morning river beautiful eucalyptus tree location perfect owner friendly apartment everything need,0.9413,positive,"{'positivity': 1.375, 'negativity': 0.125, 'objectivity': 20.5}",12.0
Akyaka Tatil Apart,great place perfect location heart akyaka next azmak river walkable distance beach lot shop restaurant available around room well equip newly renovate apartment lovely balcony beautiful view river perfect rest evening nice helpful service highly recommend,0.9829,positive,"{'positivity': 2.375, 'negativity': 0.25, 'objectivity': 30.375}",22.0
Akyaka Tatil Apart,great place stay staff owner not enough holiday conveniently situate restaurant bar beach surround town,0.4295,positive,"{'positivity': 0.125, 'negativity': 0.625, 'objectivity': 14.25}",3.0
Akyaka Tatil Apart,best holiday clean quiet peaceful holiday must,0.9382,positive,"{'positivity': 0.875, 'negativity': 0.0, 'objectivity': 6.125}",7.0
Akyaka Apart Pansiyon,make phone call misunderstood rude problematic business take deposit return throw wrong date receipt state verbally reserve place definitely mess date come halal,-0.8807,negative,"{'positivity': 1.875, 'negativity': 2.125, 'objectivity': 19.0}",-8.0
Akyaka Apart Pansiyon,location map mark incorrectly call phone direct location place far center room give arrive windowless dungeon room basement floor stay night arrive late check morning,0.0,neutral,"{'positivity': 0.375, 'negativity': 0.125, 'objectivity': 23.5}",0.0
Akyaka Apart Pansiyon,definitely recommend dirty apart think talk different place people write clean comment although pay fee spend night pollution switch another apart,0.5574,positive,"{'positivity': 2.0, 'negativity': 1.125, 'objectivity': 16.875}",-1.0
Akyaka Apart Pansiyon,staff disinterested can not satisfy location nice location rude accept overnight accommodation accept overnight accommodation accept overnight accommodation accept overnight accommodation accept overnight accommodation accept overnight accommodation accept overnight accommodation,0.8551,positive,"{'positivity': 5.25, 'negativity': 1.25, 'objectivity': 23.5}",8.0
Akyaka Apart Pansiyon,beautiful close everywhere owner friendly interested room great liked recommend,0.9595,positive,"{'positivity': 1.5, 'negativity': 0.125, 'objectivity': 8.375}",14.0
Akyaka Apart Pansiyon,make phone call rude problematic business misunderstood take deposit refund think put wrong date receipt verbally state date arrival book place not get involve not condone,-0.886,negative,"{'positivity': 0.75, 'negativity': 3.25, 'objectivity': 22.0}",-6.0
Akyaka Apart Pansiyon,location map mark incorrectly call direct location far center room give arrive windowless dungeon like room basement floor since arrive late stay night check morning,0.3612,positive,"{'positivity': 0.5, 'negativity': 0.125, 'objectivity': 22.375}",2.0
Akyaka Apart Pansiyon,definitely recommend dirty apartment wonder talk different place people write clean comment even though pay fee stay night pollution move another apartment,0.5574,positive,"{'positivity': 1.625, 'negativity': 1.125, 'objectivity': 19.25}",-1.0
Akyaka Apart Pansiyon,staff concerned place nice location good employee indifferent rude happen can not satisfy accept one night stay least two night cleanliness zero even room nice can not stay comfortably clean bad recommend,-0.6761,negative,"{'positivity': 2.0, 'negativity': 3.5, 'objectivity': 26.5}",7.0
Akyaka Apart Pansiyon,nice close everywhere owner friendly take care room great like much recommend,0.9538,positive,"{'positivity': 0.75, 'negativity': 0.25, 'objectivity': 11.0}",14.0
Yeni sıtar apart,disgust last place go door close noisy pool dirty hygienic pool dirty recommend noise come door child place way place place unnecessarily expensive satisfied recommend,-0.5574,negative,"{'positivity': 2.875, 'negativity': 2.5, 'objectivity': 19.625}",-2.0
Yeni sıtar apart,place room room throw photo tiny place open suitcase shower curtain broken leave bathroom repair spider clean,-0.1531,negative,"{'positivity': 0.25, 'negativity': 0.125, 'objectivity': 16.625}",0.0
Yeni sıtar apart,place stay stay night away noise quiet center balcony place pleasant pool also available item room may well maintain problem cleaning would prefer,0.4019,positive,"{'positivity': 1.875, 'negativity': 0.75, 'objectivity': 19.375}",1.0
Yeni sıtar apart,bad recommend pool dirty furniture break strange disturb sound come ventilation certain part wall crack door close hardly close out door faucet kitchen faulty unnecessarily expensive like recommend,-0.5574,negative,"{'positivity': 2.5, 'negativity': 2.875, 'objectivity': 22.625}",-1.0
Yeni sıtar apart,everything good room clean swimming pool,0.6808,positive,"{'positivity': 0.5, 'negativity': 0.0, 'objectivity': 4.5}",5.0
Yeni sıtar apart,disgust last place go not even door not close loud also pool dirty hygienic recommend sound come door place child fact place way unnecessarily expensive happy recommend,0.2263,positive,"{'positivity': 3.25, 'negativity': 2.75, 'objectivity': 21.0}",2.0
Yeni sıtar apart,place different room one post photo tiny almost room unpack shower curtain broken leave bathroom instead repair take spider not clean,-0.6765,negative,"{'positivity': 0.875, 'negativity': 0.75, 'objectivity': 19.375}",0.0
Yeni sıtar apart,stayed one night accommodation nice place away noise quiet center balcony pleasant also swim pool furnishing room could little well maintain problem clean would choose,0.8004,positive,"{'positivity': 1.125, 'negativity': 1.5, 'objectivity': 20.375}",6.0
Yeni sıtar apart,bad recommend pool dirty furniture break strange disturb sound ventilation certain part wall crack door close difficulty closing outer door kitchen tap faulty unnecessarily expensive like recommend,-0.7184,negative,"{'positivity': 2.5, 'negativity': 3.375, 'objectivity': 21.125}",-1.0
Yeni sıtar apart,everything fine room clean swimming pool,0.5423,positive,"{'positivity': 0.0, 'negativity': 0.125, 'objectivity': 4.875}",4.0
Renklice Apart Evler,nurgül hanım courtesy smile face thank help clean family friendly place stay stay day smell cleanliness sheet towel room day return,0.9337,positive,"{'positivity': 1.625, 'negativity': 0.0, 'objectivity': 17.375}",12.0
Renklice Apart Evler,stay night september everything need apartment stave wash machine coffee machine toaster akyaka environment beautiful location place within walk distance beach quiet beach crowd noise birdsong relax peace,0.8834,positive,"{'positivity': 1.625, 'negativity': 0.25, 'objectivity': 24.125}",5.0
Renklice Apart Evler,renklice apart long stay suitable long stay stay week could get enough taste walk distance sea communicate quickly landlord akyaka recommend stay,0.3612,positive,"{'positivity': 1.375, 'negativity': 0.875, 'objectivity': 16.75}",4.0
Renklice Apart Evler,immaculate family environment meter walk distance sea gülnihal hodja sincere smile face thank interest,0.8658,positive,"{'positivity': 1.25, 'negativity': 0.0, 'objectivity': 10.75}",7.0
Renklice Apart Evler,forest dark shade within walk distance sea meter quiet quiet squirrel akyaka special nightingale sound enjoy barbecue peaceful environment,0.8442,positive,"{'positivity': 1.0, 'negativity': 0.5, 'objectivity': 16.5}",4.0
Renklice Apart Evler,first would like thank nurgül kindness smile face help clean family friendly place stay stay day day return smell clean disappear sheet towel room,0.9578,positive,"{'positivity': 1.5, 'negativity': 0.875, 'objectivity': 19.625}",15.0
Renklice Apart Evler,stay night september apartment everything need stave wash machine coffee machine toaster akyaka already beautiful term environment location place within walk distance beach quiet crowd noise beach rest peacefully sound bird,0.8074,positive,"{'positivity': 2.125, 'negativity': 0.375, 'objectivity': 26.5}",5.0
Renklice Apart Evler,renklice apartment suitable long stay stay week could not get enough within walk distance sea communicate quickly owner recommend stay akyaka,0.3612,positive,"{'positivity': 0.5, 'negativity': 1.125, 'objectivity': 16.375}",4.0
Renklice Apart Evler,clean family environment meter walk distance sea teacher gülnihal sincere smile thank interest interest,0.9371,positive,"{'positivity': 0.75, 'negativity': 0.0, 'objectivity': 12.25}",10.0
Renklice Apart Evler,also enjoy barbecue peaceful environment sound squirrel nightingale special akyaka meter away dark shade forest walk distance sea,0.8442,positive,"{'positivity': 1.0, 'negativity': 0.5, 'objectivity': 15.5}",4.0
Akyaka apart mera,go place reserve friend holiday shock disastrous appearance furniture apartment saw effort person take care give another apartment apartment whose photo show empty give clean apartment furniture give clean sheet color bedspread close black color sheet gray double bed constantly creak could sleep night collapse double bed guess child friend sleep way kitchen utensil take clean hygienic paper plate cup want take shower bathe electrical appliance put want take shower throw switch building day leave without electricity fill solar energy heat water tap pet bottle take shower way take shower trouble find park space period location place close sea place close sea recommend term clean item service go stay,0.9169,positive,"{'positivity': 3.25, 'negativity': 4.625, 'objectivity': 98.125}",4.0
Akyaka apart mera,apart location location parking problem clean tidy stair steep floor difficulty child steep floor balcony locate hall electrical switch house room gather place operator interested helpful,0.4767,positive,"{'positivity': 0.875, 'negativity': 1.125, 'objectivity': 24.0}",4.0
Akyaka apart mera,stayed terrace floor hot could barely cool house two air condition could barely cool house air condition room remain hot may problem intermediate floor furniture may problem expect house price problem cleaning problem cleaning operator decent people location car great view room,-0.3991,negative,"{'positivity': 1.875, 'negativity': 3.5, 'objectivity': 34.625}",-3.0
Akyaka apart mera,window one room put fan room general nice thing clean house hygienic bathroom hygienic toilet hygienic bathroom hygienic toilet useful garden staff migros minute walk away wash machine dishwasher rug live room two room iron board kerem bey dursun bey thank think next,0.9042,positive,"{'positivity': 3.0, 'negativity': 0.0, 'objectivity': 37.0}",12.0
Akyaka apart mera,excellent service stay rental villa gökhan bey father durmuş bey interested comfortable home villa immaculate everything need everything need thank see next,0.9042,positive,"{'positivity': 1.875, 'negativity': 1.0, 'objectivity': 15.125}",9.0
Akyaka apart mera,big room nice scenery really nice location two air condition downside whenever move bed make loud noise,0.5574,positive,"{'positivity': 1.875, 'negativity': 0.25, 'objectivity': 13.875}",5.0
Akyaka apart mera,place book friend holiday go stunned effort person take care place give another flat disastrous appearance furniture flat afterwards flat whose photo show vacated thoroughly clean give furniture color sheet quilt gray almost black sleep night due constant squeak collapse double bed single bed okay think friend child sleep somehow kitchen utensil clean hygienic buy paper plate cup make wanted take shower wash electrical device instal tripped switch entire building leave without electricity day fill plastic bottle water heat solar energy tap take shower way period trouble find single park space location place closer sea place would recommend stay neither term cleanliness furnish service,0.9079,positive,"{'positivity': 4.875, 'negativity': 3.75, 'objectivity': 92.375}",-1.0
Akyaka apart mera,apartment good location park problem clean tidy stair little steep since floor little difficulty get child belong balcony electrical switch house locate living room collect one place include room operator interested helpful,0.7425,positive,"{'positivity': 0.875, 'negativity': 1.625, 'objectivity': 28.5}",7.0
Akyaka apart mera,stayed terrace floor hot could barely cool house two air condition one room without air condition still remain hot may problem intermediate floor item expect good house price problem cleaning operator also decent people one room large good view car location also good,0.6494,positive,"{'positivity': 3.0, 'negativity': 1.875, 'objectivity': 36.125}",6.0
Akyaka apart mera,window one room also put fan room generally beautiful furniture clean house hygienic bathroom toilet useful garden staff care migros walk distance wash machine dishwasher air condition two room living room iron board would like thank kerem dursun think come next,0.9584,positive,"{'positivity': 1.625, 'negativity': 0.0, 'objectivity': 35.375}",16.0
Sezgin Apart,come like not find phone number,0.3134,positive,"{'positivity': 0.75, 'negativity': 1.0, 'objectivity': 4.25}",2.0
Sezgin Apart,come liked much not find phone number,0.3773,positive,"{'positivity': 0.875, 'negativity': 1.125, 'objectivity': 5.0}",2.0
Ceylan Apart,nice air condition room kitchen separate nice family comfortably stay force take one balcony close sea balcony table one person balcony,0.8126,positive,"{'positivity': 0.0, 'negativity': 0.125, 'objectivity': 20.875}",8.0
Ceylan Apart,stay ground floor feast not know upper floor think cabinet damage customer interest zero close beach central,-0.0516,negative,"{'positivity': 1.25, 'negativity': 1.0, 'objectivity': 14.75}",-2.0
Ceylan Apart,friendly people effort meet need zeyyat bey tuncay lady item inside sufficient term use fly could see photo site go encountered satisfactory environment close sea foot beach,0.6908,positive,"{'positivity': 1.125, 'negativity': 1.25, 'objectivity': 21.625}",2.0
Ceylan Apart,price owner sympathetic people clean useful room breakfast balcony air condition build kitchen clean useful barbecue recommend,0.9432,positive,"{'positivity': 0.25, 'negativity': 0.125, 'objectivity': 16.625}",12.0
Ceylan Apart,name,0.0,neutral,"{'positivity': 0.0, 'negativity': 0.0, 'objectivity': 1.0}",0.0
Ceylan Apart,nice air condition every room separate kitchen nice family stay comfortably even push hard even take two balcony near sea table people balcony,0.7906,positive,"{'positivity': 0.0, 'negativity': 0.875, 'objectivity': 22.125}",7.0
Ceylan Apart,stay ground floor holiday not know upper floor like think furniture cupboard destroy customer care good close beach central,0.7783,positive,"{'positivity': 1.625, 'negativity': 0.625, 'objectivity': 16.75}",4.0
Ceylan Apart,friendly people try meet need zeyyat tuncay item inside sufficient use fly could see photo site go found satisfactory environment bottom beach close sea,0.6908,positive,"{'positivity': 1.125, 'negativity': 1.375, 'objectivity': 18.5}",2.0
Ceylan Apart,price good owner friendly people clean useful room breakfast balcony air condition build kitchen clean useful barbecue recommend,0.9571,positive,"{'positivity': 0.875, 'negativity': 0.125, 'objectivity': 17.0}",15.0
Ceylan Apart,affordable price compare akyaka close beach people trustworthy helpful great large family furnish bed misuse come even smell urine receive attention leave since family unit price determine accord number visitor usually affordable photo bit mislead next waste unit hotel not know cause problem park general problem area hope information want stay,0.9384,positive,"{'positivity': 2.375, 'negativity': 4.625, 'objectivity': 42.0}",1.0
Akyaka Özgem Apart Otel,not plan stay akyaka tire want stay overnight look different apart not like pass özgem apart live wonderful night spend much like clean tremendous environment terrific lemon tangerine tree terrific pool garden terrific room comfortable everything think fine detail utensil kitchen blow dryer bathroom usually everywhere generally crappy ridiculously tiny dry put pleased location super azmak thank everything özge precious parent,0.9747,positive,"{'positivity': 5.375, 'negativity': 4.25, 'objectivity': 45.375}",32.0
Akyaka Özgem Apart Otel,stay özgem apart akyaka felt home stay cleanliness apartment comfort layout beyond expectation room spacious spacious equip meet need peaceful time nature quiet calm environment could easily reach beauty akyaka owner apartment extremely hospitable thank definitely trust family apartment akyaka definitely recommend stay akyaka,0.9794,positive,"{'positivity': 4.75, 'negativity': 0.75, 'objectivity': 32.5}",17.0
Akyaka Özgem Apart Otel,make personday marmaris akyaka vacation child july july özgem apart family business warm approach guest come home felt home need help immediately try help room clean air condition work smoothly refrigerator important crowd room nice go family nice holiday thank özgem apart family recommend everyone aytica akyaka locate center place visit beautiful place marmaris center akbuk ören bay around bay region chance visit last akyaka go last akyaka recommend boat tour good,0.9854,positive,"{'positivity': 5.625, 'negativity': 0.75, 'objectivity': 52.625}",29.0
Akyaka Özgem Apart Otel,business owner miss özgem husband emrah bey thank interest interest interested entrance make feel warmth sincerity room clean garden word cute authentic akyaka stay heart peace mind choose number star family business,0.9686,positive,"{'positivity': 2.625, 'negativity': 0.625, 'objectivity': 25.75}",14.0
Akyaka Özgem Apart Otel,go yearold son go baby apart family apartment go baby garden back pool child small playground child playground reliable clean room clean spacious satisfied point view constantly go akyaka stayed apart home akyaka like özgem apart like owner sweet people interest good interest good satisfied recommend everyone,0.9839,positive,"{'positivity': 4.25, 'negativity': 0.375, 'objectivity': 37.375}",27.0
Akyaka Özgem Apart Otel,room cozy silent economic service available do attentively,0.0,neutral,"{'positivity': 0.875, 'negativity': 0.375, 'objectivity': 6.75}",0.0
Akyaka Özgem Apart Otel,one best apartment akyaka,0.6369,positive,"{'positivity': 0.25, 'negativity': 0.0, 'objectivity': 2.75}",3.0
Akyaka Özgem Apart Otel,actually not plan stay akyaka tire want stay night look different apartment not like pass özgem apartment moment short wonderful night enjoy much follow cleanliness magnificent environment wonderful garden lemon tangerine tree pool wonderful room comfortable everything small detail think appliance kitchen blow dryer bathroom everywhere cheesy ridiculous little dryer put pleased location super azmak thank everything özge precious parent,0.9848,positive,"{'positivity': 6.5, 'negativity': 4.625, 'objectivity': 42.875}",27.0
Akyaka Özgem Apart Otel,felt home stay özgem apart akyaka cleanliness order comfort apartment far beyond expectation room large spacious equip meet every need peaceful time nature quiet calm environment able easily reach beauty akyaka owner apartment also extremely care hospitable would like thank family apartment definitely trust definitely recommend stay akyaka,0.9848,positive,"{'positivity': 5.0, 'negativity': 0.75, 'objectivity': 37.25}",20.0
Akyaka Özgem Apart Otel,day marmaris akyaka holiday group people child july july özgem apart complete family business guest warm approach good felt home whenever need immediately try help room clean air condition work smoothly refrigerator important crowd room nice go two family nice holiday thank özgem apart family recommend everyone aytica akyaka beautiful place central location place visit marmaris center chance visit many bay region around akbuk ören bay finally go akyaka recommend take boat tour good,0.9875,positive,"{'positivity': 5.125, 'negativity': 0.75, 'objectivity': 56.125}",30.0
Esen Apart,akyaka esen hotel apart night stay crowd family ideal crowd family ideal double bed next double bed possibility sleep piece ottoman ottoman apart triplex room front back number step top terrace balcony room size kitchen ottoman table chair large area possible rain cold boat awning equip winter garden breakfast close unique experience eat breakfast well spending time crowd guest ideal apartment closet mirror plenty liquid soap dishwashing detergent sponge gas stove pan cookware pot fork spoon spoon cup knife ceiling upper bedroom wooden ceiling high air condition without turn comfortable sleep sleep comfortably incredibly clean place sparkle toilet star hotel toilet rain happiness drink coffee terrace kitchen view sea pine pine worth daily rest leave heavy heart,0.9746,positive,"{'positivity': 3.375, 'negativity': 2.75, 'objectivity': 107.875}",15.0
Esen Apart,first moment come birgül sister extremely interested help take care clean place peace mind peace mind thank fırat beye birgül sister,0.9656,positive,"{'positivity': 1.75, 'negativity': 0.0, 'objectivity': 15.25}",14.0
Esen Apart,would like thank fırat bey hatice make feel home birgül take care vacation,0.802,positive,"{'positivity': 0.75, 'negativity': 0.0, 'objectivity': 8.25}",6.0
Esen Apart,immaculate apart stay peace mind go back renovate room love fırat hatice interested satisfied guidance service fırat satisfy guidance service,0.9451,positive,"{'positivity': 3.125, 'negativity': 0.0, 'objectivity': 13.875}",9.0
Esen Apart,wonderful accommodation experience family apart akyaka ideal place relax peaceful environment intertwined nature room clean comfortable think meet need location central within walk distance beach restaurant definitely recommend everyone,0.9732,positive,"{'positivity': 2.875, 'negativity': 1.125, 'objectivity': 23.0}",12.0
Esen Apart,thank wonderful stay spend day esen apartment owner fırat birgül helpful problem deliver need apartment spacious clean view sea hope back,0.8979,positive,"{'positivity': 1.5, 'negativity': 0.875, 'objectivity': 15.625}",11.0
Esen Apart,stay akyaka esen hotel apartment night ideal crowd family double bed single bed well sofa bed also possible sleep sofa apart like triplex since room front back few step terrace balcony top size two room kitchen sofa table chair large space equip boat awning possible rain cold close become like winter garden unique experience breakfast din addition ideal crowd guest spend time together plenty wardrobe mirror apartment liquid soap dishwashing detergent sponge gas stove pan pot cutlery glass knife everything upper bedroom wooden ceiling ceiling high sleep comfortably without turn air condition incredibly clean everywhere sparkle toilet like star hotel toilet happiness drink coffee terrace kitchen view sea pine tree rain worth day rest frankly leave heavy heart,0.9824,positive,"{'positivity': 4.5, 'negativity': 1.875, 'objectivity': 106.625}",19.0
Esen Apart,birgül attentive moment first arrive helpful take care clean place peace mind first would like thank sister birgül fırat everything,0.9451,positive,"{'positivity': 0.875, 'negativity': 0.0, 'objectivity': 14.125}",12.0
Esen Apart,wonderful place excellent service every aspect would also like thank fırat hatice make feel home birgül take care holiday,0.9538,positive,"{'positivity': 2.5, 'negativity': 0.0, 'objectivity': 12.5}",13.0
Esen Apart,spotlessly clean apartment stay peace mind go every also renovate room love fırat hatice care also pleased fırat guidance service help lot,0.9595,positive,"{'positivity': 2.375, 'negativity': 0.0, 'objectivity': 16.625}",14.0
Can Apart ( Akyaka ),akyaka hour want stay late coincidentally entered place look place look inside chance enter difference leave stayed house people bathroom clean kitchen kitchen bed sheet everything legendarily clean everything kitchen utensil turkish coffee coffee pot cup coffee pot cup room look pool look nice fate enter pool would probably enjoyable stay hotel stay star give star condition concern star reception thank,0.9287,positive,"{'positivity': 2.0, 'negativity': 1.125, 'objectivity': 52.875}",13.0
Can Apart ( Akyaka ),family ideal place good cleanliness want food want use kitchen utensil use clean new location easy access market comfort summer go family go sister family nice holiday child fun enjoyed pool would recommend want go,0.9816,positive,"{'positivity': 2.625, 'negativity': 1.625, 'objectivity': 29.75}",22.0
Can Apart ( Akyaka ),give point like star hotel stay hotel due job see magnificent cleanliness fragrance towel cleanliness bathroom shower cabin bathroom wonderful chlorine ratio pool stay one night go marmaris stay overnight not want return comfort home comfort home comfort clean sister family feel reception reception maximum help matter think gain nice family everything magnificent thank,0.9707,positive,"{'positivity': 5.25, 'negativity': 3.625, 'objectivity': 43.125}",31.0
Can Apart ( Akyaka ),calm clean beautiful spacious environment apart pool clean especially family child ideal akyaka general surround place bak economic vehicle half hour away place marmaris apart opposite shock market need everything need hand recommendation course recommend family go child enjoyable room air condition tv wifi separate comfort thank apart,0.9757,positive,"{'positivity': 4.125, 'negativity': 1.875, 'objectivity': 38.0}",16.0
Can Apart ( Akyaka ),perfect holiday akyaka holiday come brother sister course reason great effect apart stay would like thank staff especially neşe interest priority apart definitely recommend everyone,0.9768,positive,"{'positivity': 1.375, 'negativity': 0.375, 'objectivity': 19.25}",13.0
Can Apart ( Akyaka ),since late akyaka want stay chance not like place look noticed way stayed people cleaner house bathroom kitchen bed linen everything legendary good clean everything kitchen utensil need turkish coffee even coffee pot cup room overlook pool look nice not chance swim pool would probably enjoyable hotel stay not care give star condition star also thank reception,0.9195,positive,"{'positivity': 4.125, 'negativity': 2.5, 'objectivity': 45.375}",23.0
Can Apart ( Akyaka ),first ideal place family good cleaning even want cook meal kitchen equipment clean new use peace mind addition easily accessible market also comfort go family summer go sibling family nice holiday kid lot fun enjoy pool recommend want go,0.9842,positive,"{'positivity': 2.75, 'negativity': 1.125, 'objectivity': 35.125}",23.0
Can Apart ( Akyaka ),give point like star hotel stay hotel lot due job never see magnificent cleanliness smell sheet bathroom shower cabin cleaner bathroom chlorine content pool great stay night go marmaris stay night want return comfort home cleaning sister reception make feel like family help every way really think gain beautiful family everything wonderful thank,0.9781,positive,"{'positivity': 5.25, 'negativity': 1.625, 'objectivity': 44.125}",28.0
Can Apart ( Akyaka ),clean beautiful spacious environment apartment pool clean ideal family child akyaka generally untouched economical surround place car half hour away place like marmaris şok market opposite apart everything need fingertip would recommend course go two family two child enjoyable air condition tv wifi every room another add comfort thank monster,0.9738,positive,"{'positivity': 2.875, 'negativity': 1.75, 'objectivity': 40.375}",18.0
Can Apart ( Akyaka ),perfect holiday akyaka brother sister course reason apart stay great impact would like thank staff especially neşe interest concern priority always apart every time definitely recommend everyone,0.9719,positive,"{'positivity': 1.625, 'negativity': 0.375, 'objectivity': 21.0}",13.0
İnci Apart,location worry noise place night price appropriate price give phone cash price difference request want pas card room renovate room neglected room clean do know dust furniture wipe dust could touch place bathroom smell classic hotel bathroom bathroom satisfy summary,-0.0772,negative,"{'positivity': 2.625, 'negativity': 0.875, 'objectivity': 35.5}",0.0
İnci Apart,lack shampoo drinking water room experience cash price agree cash demand really unreasonable room small would expect toilet clean location central,0.34,positive,"{'positivity': 1.375, 'negativity': 1.0, 'objectivity': 17.625}",0.0
İnci Apart,accommodation experience inci apart negative bed one room stay room arrange top tv cover dust dust lump accumulate side bed half door shower cabin miss situation uncomfortable unsafe towel clean inside closet dirty general clean standard insufficient recommend consider accommodation careful,-0.128,negative,"{'positivity': 2.625, 'negativity': 3.125, 'objectivity': 34.25}",-2.0
İnci Apart,stayed nice sheet pillow towel clean tube run put immediately television remote control provide immediately stayed starred hotel good money side like sound morning sound morning sleep good hour sleep sleep good hour like closed business day like closed clock quiet quiet thank apart,0.969,positive,"{'positivity': 2.375, 'negativity': 0.75, 'objectivity': 40.875}",22.0
İnci Apart,location apartment august stay numbered room face back side room august smell dampness pa room shower cabin dirty lower part window stain bed bad reason sleep sofa bed wash machine apartment laundry service laundry service laundry big problem wash urgent thing could find nearby wash urgent thing hand could find nice apartment money recommend,-0.0516,negative,"{'positivity': 2.0, 'negativity': 3.375, 'objectivity': 46.625}",-3.0
İnci Apart,nice apart nice service one problem ceiling low feel like coffin group people room may narrow unfortunately something apartment staff solve,0.4019,positive,"{'positivity': 0.75, 'negativity': 1.5, 'objectivity': 17.75}",7.0
İnci Apart,amaze stay inci apart thank mustafa lovely wife sincere recommend amazing local attraction show around even book table local restaurant arrive late night room hotel furnish modest traditional furniture vintage piece give cosy authentic feel balcony great spot morning coffee chill hotel locate centre akyaka easily accessible car need park large car park behind hotel locate pedestrian street not get directly vehicle look real turkish hospitality experience look,0.9805,positive,"{'positivity': 4.0, 'negativity': 2.0, 'objectivity': 59.0}",21.0
İnci Apart,bad hotel,-0.5423,negative,"{'positivity': 0.0, 'negativity': 0.875, 'objectivity': 1.125}",-3.0
İnci Apart,location good not mind noise venue night price affordable price give phone cash want use card price difference ask room renovate poorly maintain not know room clean do could not touch place without wipe due dust furniture bathroom classic hotel bathroom smell summary satisfy,0.6049,positive,"{'positivity': 3.25, 'negativity': 3.375, 'objectivity': 35.375}",6.0
İnci Apart,lack shampoo drinking water room experience really unreasonable demand cash say cash price agree upon room small expect toilet clean location central,0.2782,positive,"{'positivity': 1.5, 'negativity': 1.0, 'objectivity': 18.5}",0.0
Gökova Şemkin Apart,şemkin apart spent day everything nice comfortable home like comfort house design entrance house entrance car could make low could touch ground car close ground hospitality sincere put vacuum clean house say number miss everything nice except add last thing add saturday public bazaar establish like liked definitely visit everyone good happy holiday aparta,0.9851,positive,"{'positivity': 5.375, 'negativity': 2.25, 'objectivity': 39.375}",24.0
Gökova Şemkin Apart,stayed overnight begin august stay begin august place people comfortable home air condition internet kitchen utensil available dishwasher house newly build location calm easy transportation everywhere thank mert hospitality hope see,0.9169,positive,"{'positivity': 2.25, 'negativity': 1.125, 'objectivity': 26.625}",9.0
Gökova Şemkin Apart,şemkin apart night day stay accommodation comfortable home would like convey thank mert technological tool provide convenience inside room kitchen big picture would like see,0.8689,positive,"{'positivity': 1.875, 'negativity': 0.875, 'objectivity': 18.25}",9.0
Gökova Şemkin Apart,easily reach place pleasant peaceful holiday nature,0.8934,positive,"{'positivity': 1.875, 'negativity': 0.125, 'objectivity': 5.0}",6.0
Gökova Şemkin Apart,hesitate stay maybe region choice make night stay region come region comfortable much home peaceful nature garden aesthetically furnish house operator mert knowledgeable culture understanding helpful thank morning run regularly home near market place bakery market around center akyaka,0.8658,positive,"{'positivity': 2.0, 'negativity': 1.0, 'objectivity': 34.0}",6.0
Gökova Şemkin Apart,spent day şemkin apart nice everything comfortable home comfort home design like house entrance could make little low car entrance six touch ground car close ground hospitality good friendly also put vacuum clean house say number miss everything great lastly add public market hold saturday really like definitely visit soon aparta nice happy holiday everyone,0.9878,positive,"{'positivity': 4.75, 'negativity': 2.5, 'objectivity': 41.75}",25.0
Gökova Şemkin Apart,stayed night begin august place one feel comfortable home air condition internet kitchen utensil include dishwasher house newly build location quiet easy reach everywhere would like thank mert hospitality hope see,0.9217,positive,"{'positivity': 2.0, 'negativity': 1.125, 'objectivity': 25.875}",10.0
Gökova Şemkin Apart,stay şemkin apart night day must say felt comfortable home time first room kitchen large picture technological device inside provide convenience would like thank mert hope see,0.8807,positive,"{'positivity': 1.75, 'negativity': 0.875, 'objectivity': 21.375}",8.0
Gökova Şemkin Apart,place pleasant peaceful holiday surround nature easily reach every place visit car,0.8934,positive,"{'positivity': 1.875, 'negativity': 0.125, 'objectivity': 10.0}",6.0
Gökova Şemkin Apart,not hesitate stay maybe might best choice make region like stay night area time first time felt comfortable like home peaceful aesthetically furnish house nature manager mert knowledgeable culture understanding person helpful thank regularly run morning house stay market place bakery market nearby also around akyaka centre,0.9675,positive,"{'positivity': 2.75, 'negativity': 2.0, 'objectivity': 40.25}",13.0
Palmiye Apart Otel,honeymoon stop akyaka stay palmiye apart hotel hygiene cleanliness order complete tool equipment nice allow complete holiday complete way enjoy unique view viewpoint azmak river enjoy unique view azmak river air nature location incredible place like fact relate extra interested kıraç warm blood smile face way fall undecided perfect place highly recommend return return arrange room place family right behind recommend thank kıraç,0.9819,positive,"{'positivity': 5.5, 'negativity': 0.875, 'objectivity': 50.625}",22.0
Palmiye Apart Otel,family business decent beautiful environment run wife wife family run wife wife mascot cute dog name leke not like animal definitely love leke room clean feel hygiene enter hygiene pool small pool small şeniz constantly clean maintain help place go guide garden want barbecue garden want barbecue burn fire leave ready entrance smile face tattoo entrance sister neglect clean location apartment location within walk distance everywhere car say friendly people nice day family thank thank see,0.9809,positive,"{'positivity': 6.375, 'negativity': 2.75, 'objectivity': 63.875}",26.0
Palmiye Apart Otel,clean hygiene satisfy balcony apartment azmak view balcony wonderful thank operator şeniz bey help matter,0.9287,positive,"{'positivity': 2.5, 'negativity': 0.25, 'objectivity': 10.25}",11.0
Palmiye Apart Otel,lack hygiene term hygiene rent apartment difference hotel room wash machine dishwasher price performance insufficient would recommend,0.0516,positive,"{'positivity': 1.875, 'negativity': 1.75, 'objectivity': 12.375}",-2.0
Palmiye Apart Otel,think choice want feel home without throw man soon get vehicle without take care baggage help take plus course advantage close proximity pilage short short location room operation cleanliness perfect cleanliness wish see summer fate,0.8304,positive,"{'positivity': 3.125, 'negativity': 0.375, 'objectivity': 28.5}",11.0
Palmiye Apart Otel,clean peaceful place service owner employee good best choice want go vacation,0.9231,positive,"{'positivity': 1.0, 'negativity': 0.25, 'objectivity': 10.75}",11.0
Palmiye Apart Otel,second honeymoon stop akyaka stay palmiye apart hotel nice hygiene cleanliness order complete equipment enable complete holiday completely apart hotel stay right viewpoint azmak river enjoy unique view nature location air incredible place like attentive attentive kıraç take care begin warm blood smile face happen road undecided perfect place highly recommend return work immediately arrange room family place recommend thank much kıraç,0.9763,positive,"{'positivity': 6.625, 'negativity': 1.375, 'objectivity': 49.0}",19.0
Palmiye Apart Otel,family business decent nice environment run şeniz wife mine mascot cute dog name leke even not like animal definitely love leke room clean already feel hygiene enter pool small work constantly clean maintain şeniz help give direction place visit barbecue garden whenever want light fire leave ready kıraç entrance welcome smile face tattoo sister neglect cleanliness apart location locate bazaar within walk distance everywhere say smile people nice day family thank see,0.9727,positive,"{'positivity': 6.0, 'negativity': 1.875, 'objectivity': 58.125}",23.0
Palmiye Apart Otel,pleased cleanliness hygiene view river balcony apartment wonderful thank much manager şeniz help everything,0.8957,positive,"{'positivity': 3.0, 'negativity': 0.125, 'objectivity': 8.875}",11.0
Palmiye Apart Otel,place lack hygiene rent apartment different hotel room wash machine price insufficient term performance recommend,0.0516,positive,"{'positivity': 1.625, 'negativity': 1.125, 'objectivity': 12.25}",-2.0
Uğurevler Apart,operator concerned warm people clean decent peaceful place home washing machine dishwasher variety kitchen utensil available garden large separate seating barbecue possibility satisfy would definitely recommend,0.9325,positive,"{'positivity': 2.75, 'negativity': 0.125, 'objectivity': 22.125}",5.0
Uğurevler Apart,stay family day family take care wife wife thing afraid air condition cold night cold night need cool time inside house thank,0.7906,positive,"{'positivity': 0.375, 'negativity': 1.25, 'objectivity': 20.375}",3.0
Uğurevler Apart,türkan teacher uğur brother rare beautiful people know conversation interest smile face kindness organic fruit garden treat nice brew tea thank everything thank everything thank accommodation place feel home feel home,0.9732,positive,"{'positivity': 3.125, 'negativity': 0.375, 'objectivity': 23.5}",17.0
Uğurevler Apart,clean decent place hatice lady family warm blood home washing machine refrigerator tv kitchen utensil cover clothes take clothes behave home see next,0.5574,positive,"{'positivity': 1.125, 'negativity': 0.0, 'objectivity': 20.875}",3.0
Uğurevler Apart,not stay go saw fully furnish house place ula sea price worth decide whether worth,0.4215,positive,"{'positivity': 0.0, 'negativity': 0.625, 'objectivity': 12.375}",4.0
Uğurevler Apart,operator care warm people clean decent peaceful place like home laundry dishwasher kind kitchen utensil everything garden large separate seating barbecue opportunity please would definitely recommend,0.9756,positive,"{'positivity': 3.125, 'negativity': 0.125, 'objectivity': 20.75}",16.0
Uğurevler Apart,stay family day suitable place family türkan husband take care everything afraid air condition even get cold night always cool inside house everything need inside thank everything,0.7906,positive,"{'positivity': 0.5, 'negativity': 1.125, 'objectivity': 21.375}",5.0
Uğurevler Apart,teacher türkan brother uğur rare beautiful people meet pleasant conversation interest smile face cordiality treat organic fruit garden nice brew tea countless thank everything uğurevler apart clean place choose accommodation feel like home,0.9747,positive,"{'positivity': 3.0, 'negativity': 0.75, 'objectivity': 25.25}",18.0
Uğurevler Apart,clean decent place hatice family friendly everything home wash machine refrigerator tv kitchen supply cover take clothes treat like home see next,0.8779,positive,"{'positivity': 1.125, 'negativity': 0.0, 'objectivity': 18.875}",6.0
Uğurevler Apart,not stay go saw fully furnish house location sea price decide whether worth,0.2263,positive,"{'positivity': 0.0, 'negativity': 0.625, 'objectivity': 11.375}",2.0
Mevsim Apart - Akyaka Apart,pro walk distance beach fact apartment side street provide silence night migros şok away double air condition apartment hot cold water adjustment sufficient balcony large spacious person comfortable enough accommodation fly problem window close mosquito net case con take breakfast get expectation take breakfast bread breakfast cold bread pogaca attendant friend call mt ask room number learn soup water breakfast expect breakfast expect breakfast kitchen apartment dish soap kitchen hand soap bathroom shampoo bathroom shampoo give apartment request solution offer encounter employee work apartment immediately turn head continue work difficult hear good morning welcome good evening difficult hear internet shoot force upper floor upper floor weak apartment owner murat brain obviously love job difficult indicate employee,0.8957,positive,"{'positivity': 5.875, 'negativity': 6.625, 'objectivity': 99.5}",8.0
Mevsim Apart - Akyaka Apart,last time person son daughter fun old male cousin location apartment beautiful meet expectation literally recommend,0.8658,positive,"{'positivity': 1.125, 'negativity': 0.125, 'objectivity': 14.75}",9.0
Mevsim Apart - Akyaka Apart,peaceful quiet apart room facility available room close beach within walk distance perfect location provide need fingertip,0.7845,positive,"{'positivity': 1.25, 'negativity': 0.125, 'objectivity': 15.625}",5.0
Mevsim Apart - Akyaka Apart,home comfortable,0.5106,positive,"{'positivity': 0.0, 'negativity': 0.75, 'objectivity': 1.25}",2.0
Mevsim Apart - Akyaka Apart,nice accommodation nice location,0.6808,positive,"{'positivity': 0.5, 'negativity': 0.0, 'objectivity': 3.5}",6.0
Mevsim Apart - Akyaka Apart,pro walk distance beach fact apartment side street provide silence night migros şok away apartment double air condition hot cold water set sufficient balcony large spacious comfortable enough people stay fly problem window close fly screen con get breakfast include not expect much breakfast include cold bread bread pogaca leaf end staff call meter away ask room number way learn everyone stay soup water include breakfast not expect much breakfast apartment dish soap kitchen hand soap shampoo bathroom request say not provide apartment anyway solution offer encounter employee apartment immediately turn head continue work difficult hear good morning welcome good evening internet gravitational force weak upper floor obvious owner apartment murat enjoy job difficult express employee,0.8885,positive,"{'positivity': 4.75, 'negativity': 8.25, 'objectivity': 98.0}",8.0
Mevsim Apart - Akyaka Apart,weve last two people girl son age two old male cousin lot fun location apartment nice fully meet expectation advise,0.7269,positive,"{'positivity': 0.375, 'negativity': 0.0, 'objectivity': 18.625}",7.0
Mevsim Apart - Akyaka Apart,peaceful quiet apartment facility available room close beach within walk distance perfect location need fingertip,0.7845,positive,"{'positivity': 0.75, 'negativity': 0.125, 'objectivity': 14.125}",5.0
Mevsim Apart - Akyaka Apart,environment feel comfortable like home,0.7003,positive,"{'positivity': 0.25, 'negativity': 0.75, 'objectivity': 4.0}",4.0
Mevsim Apart - Akyaka Apart,nice place stay beautiful location,0.7717,positive,"{'positivity': 0.75, 'negativity': 0.0, 'objectivity': 4.25}",6.0
Akyaka Zeytin Apart,say apartment clean quiet balcony close azmak river love say kindness hospitality action lady thank choose apartment,0.9081,positive,"{'positivity': 1.75, 'negativity': 0.375, 'objectivity': 13.875}",9.0
Akyaka Zeytin Apart,action lady sugar elegant person like location kind apart exquisite akyaka heart sea restaurant restaurant azmak enough walk minute place stay friend enjoyed room could big situation hang location everything thank,0.9517,positive,"{'positivity': 2.25, 'negativity': 0.375, 'objectivity': 24.375}",15.0
Akyaka Zeytin Apart,heart bazaar away noise boutique silver jeweler boutique silver jeweler eat drink place important feature clean wellkept congratulate concern disadvantage create small inconvenience recommend comfortable comfortable good holiday,0.9531,positive,"{'positivity': 1.75, 'negativity': 3.375, 'objectivity': 21.875}",11.0
Akyaka Zeytin Apart,owner room incredibly clean people akyaka stay decent affordable apart,0.4576,positive,"{'positivity': 1.375, 'negativity': 0.5, 'objectivity': 7.125}",4.0
Akyaka Zeytin Apart,immaculate clean business go stay peace mind,0.7351,positive,"{'positivity': 0.75, 'negativity': 0.0, 'objectivity': 6.25}",4.0
Akyaka Zeytin Apart,host kind welcome great time zeytin apart strongly recommend everyone want feel like home,0.9509,positive,"{'positivity': 1.125, 'negativity': 0.375, 'objectivity': 10.5}",12.0
Akyaka Zeytin Apart,apartment clean quiet balcony say close azmak river favorite part would also like thank eylem kindness hospitality apartment choose,0.9136,positive,"{'positivity': 1.375, 'negativity': 0.375, 'objectivity': 14.25}",10.0
Akyaka Zeytin Apart,eylem sweet elegant person love much caring polite location apartment wonderful heart akyaka walk sea restaurant azmak everywhere stay friend enjoy much room could big location big deal thank everything,0.9779,positive,"{'positivity': 4.5, 'negativity': 1.125, 'objectivity': 19.375}",22.0
Akyaka Zeytin Apart,heart bazaar somehow away noise everything boutique silver jeweler eat drink place nearby important feature clean well maintain congratulate involve downside little small enough cause problem recommend comfortable nice holiday,0.9371,positive,"{'positivity': 1.125, 'negativity': 1.875, 'objectivity': 26.0}",9.0
Akyaka Zeytin Apart,owner room incredibly clean nice people decent affordable apartment stay akyaka,0.7245,positive,"{'positivity': 0.875, 'negativity': 0.5, 'objectivity': 8.625}",7.0
Elçin Kız Öğrenci Apartı,clean safe family private girl apartment walk distance classroom walk distance adjacent university recommend everyone,0.7964,positive,"{'positivity': 0.875, 'negativity': 0.25, 'objectivity': 12.875}",5.0
Elçin Kız Öğrenci Apartı,adjacent university walk distance faculty location beautiful clean safe girl student family thank service provide owner girl student apartment owner mehmet bey hale hanım recommend girl student family,0.926,positive,"{'positivity': 1.5, 'negativity': 0.125, 'objectivity': 24.375}",10.0
Elçin Kız Öğrenci Apartı,safe clean girl student apartment girl student find location location super recommend,0.9001,positive,"{'positivity': 1.25, 'negativity': 0.125, 'objectivity': 10.625}",8.0
Elçin Kız Öğrenci Apartı,security cleanliness proximity faculty super girl family trust blindfold apart elçin stay without problem last continue elçin,0.897,positive,"{'positivity': 1.5, 'negativity': 0.75, 'objectivity': 11.75}",2.0
Elçin Kız Öğrenci Apartı,look peaceful place security place sleep peacefully without leave eye behind,0.8461,positive,"{'positivity': 1.125, 'negativity': 0.125, 'objectivity': 8.75}",3.0
Elçin Kız Öğrenci Apartı,super,0.5994,positive,"{'positivity': 0.0, 'negativity': 0.0, 'objectivity': 1.0}",3.0
Elçin Kız Öğrenci Apartı,clean safe special girl apartment family walk distance classroom next university recommend everyone,0.8689,positive,"{'positivity': 0.625, 'negativity': 0.125, 'objectivity': 11.25}",5.0
Elçin Kız Öğrenci Apartı,adjacent university walk distance faculty location nice clean safe unique female student apartment family female student would like thank owner female student apartment mehmet hale service provide recommend family female student,0.9313,positive,"{'positivity': 1.25, 'negativity': 0.125, 'objectivity': 27.625}",12.0
Elçin Kız Öğrenci Apartı,safe clean female student apartment unique location female student highly recommend,0.8122,positive,"{'positivity': 1.625, 'negativity': 0.125, 'objectivity': 9.25}",5.0
Elçin Kız Öğrenci Apartı,apartment ambassador whose security cleanliness closeness faculty trust blindly girl family stay without problem continue help last,0.6908,positive,"{'positivity': 2.25, 'negativity': 1.375, 'objectivity': 11.375}",1.0
İNCİLİ PANSİYON-OTEL-APART,find wife contact friendly room completely clean soon open door hygienic atmosphere hit face price suitable apartment region park car easy region walk beach walk beach say great advantage center bazaar say satisfied wife satisfy next holiday choice definitely incili apart thank,0.9796,positive,"{'positivity': 5.75, 'negativity': 0.375, 'objectivity': 34.875}",16.0
İNCİLİ PANSİYON-OTEL-APART,business owner real tradesman polite clean place still say customer first stay night go akyaka definitely not look another place thank interest,0.872,positive,"{'positivity': 0.875, 'negativity': 0.75, 'objectivity': 19.375}",7.0
İNCİLİ PANSİYON-OTEL-APART,visit many pension guest night holiday say place cleanest welcome fragrance owner friendly lady place prefer thank,0.886,positive,"{'positivity': 2.375, 'negativity': 0.625, 'objectivity': 14.0}",6.0
İNCİLİ PANSİYON-OTEL-APART,everything nice not think could hygienic come owner business duygu fırat interested thank,0.7906,positive,"{'positivity': 0.875, 'negativity': 0.625, 'objectivity': 7.5}",7.0
İNCİLİ PANSİYON-OTEL-APART,pension run young couple clean friendly friendly couple try help issue thank interest go stay location place stay entrance akyaka place close azmak expensive park problem street narrow pay parking lot calm,0.9382,positive,"{'positivity': 1.75, 'negativity': 1.0, 'objectivity': 27.25}",10.0
İNCİLİ PANSİYON-OTEL-APART,find wife find contact care friendly room completely clean soon open door hygienic atmosphere hit face price affordable compare apartment region park car easy area walk beach say great advantage center bazaar wife please next holiday definitely incili apartment thank,0.979,positive,"{'positivity': 5.75, 'negativity': 0.625, 'objectivity': 32.625}",17.0
İNCİLİ PANSİYON-OTEL-APART,owner real tradesman polite clean still place put customer first stay one night go akkaya definitely look another place thank attention,0.7845,positive,"{'positivity': 0.75, 'negativity': 0.125, 'objectivity': 19.125}",6.0
İNCİLİ PANSİYON-OTEL-APART,visited hostel stay one night holiday say clean place welcome sweet smell manager also friendly lady would place would choose thank,0.9442,positive,"{'positivity': 0.5, 'negativity': 0.0, 'objectivity': 18.5}",10.0
İNCİLİ PANSİYON-OTEL-APART,everything beautiful come not think would hygienic owner business duygu fırat attentive thank everything,0.7506,positive,"{'positivity': 1.75, 'negativity': 0.625, 'objectivity': 6.625}",5.0
İNCİLİ PANSİYON-OTEL-APART,hostel run young couple clean smile friendly couple try help everything thank interest go place stay locate entrance akyaka place close river expensive parking problem street narrow pay parking lot place quieter,0.91,positive,"{'positivity': 1.375, 'negativity': 1.625, 'objectivity': 27.0}",8.0
Yatu Apart Otel,great breakfast,0.6249,positive,"{'positivity': 0.0, 'negativity': 0.0, 'objectivity': 2.0}",3.0
Yatu Apart Otel,must try,0.0,neutral,"{'positivity': 0.375, 'negativity': 0.0, 'objectivity': 1.625}",0.0
Yatu Apart Otel,clean,0.4019,positive,"{'positivity': 0.0, 'negativity': 0.0, 'objectivity': 1.0}",2.0
Yatu Apart Otel,home muğla,0.0,neutral,"{'positivity': 0.0, 'negativity': 0.0, 'objectivity': 1.0}",0.0
Yatu Apart Otel,breakfast great,0.6249,positive,"{'positivity': 0.0, 'negativity': 0.0, 'objectivity': 2.0}",3.0
Yatu Apart Otel,must try,0.0,neutral,"{'positivity': 0.375, 'negativity': 0.0, 'objectivity': 1.625}",0.0
Yatu Apart Otel,clean,0.4019,positive,"{'positivity': 0.0, 'negativity': 0.0, 'objectivity': 1.0}",2.0
Yatu Apart Otel,house muğla,0.0,neutral,"{'positivity': 0.0, 'negativity': 0.0, 'objectivity': 1.0}",0.0
belgin pansiyon,want go akyaka long way unfortunately stay late look review place stay go belgin apart ahmet bey interested late hour leave road stay air condition room room toilet clean fall way sure go price affordable thank belgin apart,0.7845,positive,"{'positivity': 1.875, 'negativity': 2.0, 'objectivity': 30.125}",8.0
belgin pansiyon,go stay night room useful clean sheet sparkle shortcoming holidaymaker think student transportation provide deviated situation owner business ahmet bey choice next visit,0.8126,positive,"{'positivity': 0.375, 'negativity': 0.5, 'objectivity': 21.125}",7.0
belgin pansiyon,excellent place stay price muğla especially owner ahmet bey bathroom toilet know place stay next vacation,0.5719,positive,"{'positivity': 1.625, 'negativity': 0.0, 'objectivity': 12.375}",3.0
belgin pansiyon,location distance school take exam distance school take exam know make apartment middle field make apartment middle field hospital around hospital police force food discourse think say another place room normal clean bad enough price affordable go stay definitely,0.2263,positive,"{'positivity': 2.5, 'negativity': 1.0, 'objectivity': 35.5}",1.0
belgin pansiyon,really clean room inside hotel outside hotel separate beautiful day stay go pension help go pension look review pension others bad look score,0.7264,positive,"{'positivity': 2.125, 'negativity': 1.0, 'objectivity': 18.875}",4.0
belgin pansiyon,far away bus station,0.0,neutral,"{'positivity': 0.0, 'negativity': 0.0, 'objectivity': 4.0}",0.0
belgin pansiyon,want go akyaka long way unfortunately stay late go belgin apartment base review place stay ahmet attentive leave strand even late stay air condition room room toilet clean ever across sure go price affordable thank belgin apart,0.6369,positive,"{'positivity': 1.5, 'negativity': 2.0, 'objectivity': 29.5}",6.0
belgin pansiyon,go one night stay room convenient clean sheet sparkle course shortcoming design student holidaymaker location little way transportation possible case owner business ahmet interested helpful choice next visit,0.875,positive,"{'positivity': 1.375, 'negativity': 1.0, 'objectivity': 24.625}",9.0
belgin pansiyon,excellent place stay muğla price bathroom toilet include especially owner ahmet good person help say place stay next holiday,0.9055,positive,"{'positivity': 2.125, 'negativity': 0.0, 'objectivity': 14.875}",8.0
belgin pansiyon,location away school take exam know build apartment middle field develop even though hospital security around imagine not even mention food say another place room normal clean fact not bad enough price affordable go stay definitely,0.8641,positive,"{'positivity': 1.75, 'negativity': 2.875, 'objectivity': 31.375}",1.0
Günışığı Apart,end august decide extend holiday soon saw house akyaka day arrive decide extend holiday soon saw house akyaka nurcan lady husband run friendly helpful people far beach car comfortable like far crowd noisy environment coastline mountain breeze away crowd noisy environment coastline stay watch magnificent sea akyaka peaceful see kitesurfer breakfast immaculate new beautiful duvet cover sheet bring sheet sparkle white kitchen utensil problem wash machine penthouse apartment apartment apart bim shock close affordable grocery store right foot bakery akyaka restaurant expensive tourist attraction exorbitant price application reflect exorbitant price application recommend think come satisfied already think come,0.9861,positive,"{'positivity': 5.625, 'negativity': 5.5, 'objectivity': 79.875}",23.0
Günışığı Apart,enter akyaka muğla easy find street right easy find among storey build build style try bakery cafe pancake sweet marmaris cookie immediate vicinity big supermarket within walk distance beach recommend car away follow seasonal crowd build new externally wooden part accordance local architecture especially balcony pool apartment build manager professional calm lady example tube run half past one evening immediately take new one apartment small box compact bedroom self catering room bathroom balcony double bed sofa bed fold spare bed hot water mini fridge air condition kitchen utensil set top aspirator chair table portable table balcony laundry rack shower cabin toilet bowl iron separate internet apartment affect comfort entrance minor malfunction affect comfort separate reception see entrance apartment day august give cash entering cash enter september enter september enter landed quiet city take seriously vulnerability room specific security gap thief come balcony cat come huh pet want last lighter,0.9337,positive,"{'positivity': 6.0, 'negativity': 3.375, 'objectivity': 134.625}",14.0
Günışığı Apart,akyaka preferable place stay place could find place sacrificial feast stay reason preference owner friendly price affordable room clean scale akyaka garden floor room stay summer insect probably enter room garden location minute walk beach entrance akyaka location may nuisance course price low regret place prefer within scope factor,0.25,positive,"{'positivity': 2.875, 'negativity': 1.125, 'objectivity': 41.0}",4.0
Günışığı Apart,entrance akyaka close center close market walk distance center park problem clean useful balcony perfectly recommend,0.8625,positive,"{'positivity': 0.5, 'negativity': 0.75, 'objectivity': 13.75}",7.0
Günışığı Apart,difficulty access sea difficulty far away day week bring day week opportunity park comfortably good furniture renovate top bottom apartment one best among stayed friendly operator win heart heart akyaka car akyaka car sea difficult without car sea difficult reach slope close,0.9153,positive,"{'positivity': 1.875, 'negativity': 3.0, 'objectivity': 33.125}",17.0
Günışığı Apart,book two day stay end august soon saw akyaka house day arrive decide extend holiday nurcan husband run friendly helpful people comfortable drive little beach like far beach stay away crowd noisy environment coastline watch mountain breeze magnificent akyaka sea peaceful see people kitesurfing breakfast everything clean new beautiful not even need bring duvet cover sheet pure white sparkling also kitchen utensil problem wash machine penthouse flat apartment close affordable market bim şok bakery right next restaurant akyaka expensive anyway exorbitant price practice touristic place yet reflect recommend think come pleased already think come,0.9846,positive,"{'positivity': 5.0, 'negativity': 4.5, 'objectivity': 75.5}",27.0
Günışığı Apart,enter akyaka muğla first street right easy find rank first among storey build build style bakery cafe right nearby try marmaris cooky good sweet large supermarket within walk distance little far beach recommended car thus away season crowd build new externally compatible local architecture wooden part especially balcony not pool build apartment manager professional calm lady example tube run half past even immediately take new one apartment small course compact like box bedroom room kitchen bathroom balcony double bed sofa bed fold spare bed hot water mini refrigerator air condition kitchen utensil piece stave top aspirator four chair table portable table clothes rack balcony shower cabin toilet iron apartment separate internet also minor malfunction affect comfort much separate entrance see reception pay per day august cash check september enter drop quiet city even take security vulnerability specific room seriously wondering thief would balcony cat come oh way pet want finally light,0.8919,positive,"{'positivity': 5.75, 'negativity': 2.875, 'objectivity': 136.375}",13.0
Günışığı Apart,preferable place akyaka stay eid aladha could find place reason choose owner friendly price affordable room clean akyaka scale reason room stay garden floor summer insect probably enter room garden akyaka location may problem term location approximately walk distance beach entrance city course low price also factor preferable place context regret,-0.1779,negative,"{'positivity': 2.75, 'negativity': 2.0, 'objectivity': 40.25}",2.0
Günışığı Apart,entrance akyaka close market center within walk distance parking problem apartment clean convenient balcony perfect recommend,0.7351,positive,"{'positivity': 0.625, 'negativity': 1.0, 'objectivity': 13.375}",5.0
Günışığı Apart,problem difficult access sea due distance easy park every day week apartment completely renovate top bottom one best stayed also win heart friendly manager akyaka course car good choice without car sea difficult reach steep hill,0.9096,positive,"{'positivity': 2.875, 'negativity': 2.625, 'objectivity': 28.5}",12.0
Akasya Apart Otel (Akyaka),preferred stay day holiday stayed room one person enough clean mother meticulous person like like thank interest savaş bey next holiday place preference,0.9485,positive,"{'positivity': 2.25, 'negativity': 0.0, 'objectivity': 19.75}",9.0
Akasya Apart Otel (Akyaka),say akasya apart hotel beautiful district muğla akyaka indispensable place holiday stay akasya apart hotel smile understanding hotel operator savaş bey family employee show interest hotel friendly understanding interest family make extremely happy spend nice comfort holiday home usual place akasya apart hotel spend nice comfort holiday term cleanliness believe heart prefer akasya apart hotel within minute walk bakery drink tea samovar breakfast warm bread bake leave happily absolutely sure choose place next holiday absolutely sure choose place want breathe noise health worker city lush beauty pine tree experience peace unique scent sea deep blue visuality sea immaculate beach beautiful place see place say akasya apart hotel thank akasya apart family service,0.9961,positive,"{'positivity': 14.0, 'negativity': 3.0, 'objectivity': 85.0}",33.0
Akasya Apart Otel (Akyaka),first must say sincere friendly business go recommendation please go accommodation make good friend felt home room kitchen bathroom everywhere clean tidy interest good selahattin brother wife wonderful people go muğla choice akasya apart recommend everyone,0.9801,positive,"{'positivity': 5.875, 'negativity': 0.125, 'objectivity': 26.0}",21.0
Akasya Apart Otel (Akyaka),akyaka stay blindfold apartment cleanliness comfort look home enter room cleanliness daily life necessary item consider ready find entrance beautiful akyaykaya locate entrance apartment easily reach place foot stay two night apart go akyaka preference recommend peace mind recommend,0.9578,positive,"{'positivity': 3.875, 'negativity': 1.125, 'objectivity': 31.0}",12.0
Akasya Apart Otel (Akyaka),nice apartment quiet location clean room cleanliness clean room interest staff good thank operator thank war interest good,0.959,positive,"{'positivity': 1.375, 'negativity': 0.0, 'objectivity': 16.625}",17.0
Akasya Apart Otel (Akyaka),extremely clean friendly staff peaceful environment feel like home,0.9036,positive,"{'positivity': 1.25, 'negativity': 0.0, 'objectivity': 7.75}",8.0
Akasya Apart Otel (Akyaka),chose day stay holiday stayed room people quite sufficient everything spotless mother bit meticulous like everyone like would like thank savaş interest concern first choice next holiday destination,0.9468,positive,"{'positivity': 2.0, 'negativity': 1.5, 'objectivity': 20.5}",11.0
Akasya Apart Otel (Akyaka),say akasya apart hotel beautiful district muğla akyaka indispensable place vacation stay akasya apart hotel hotel operator savaş bey extremely happy smile understanding interest show employee family spend nice comfort holiday home usual place akasya apart hotel spend nice comfort holiday term cleanliness give point term cleanliness give point term interest understand smile important experienced hotel within walk distance sea hotel within walk distance sea hotel market close shock bim within walk distance famous wood fire akyaka believe heart prefer akasya apart hotel within minute walk bakery drink tea samovar breakfast warm bread bake leave happily absolutely sure choose place next holiday absolutely sure choose place want breathe noise health worker city lush beauty pine tree experience peace unique scent sea deep blue visuality sea immaculate beach beautiful place see place say akasya apart hotel thank akasya apart family service,0.9952,positive,"{'positivity': 15.5, 'negativity': 3.75, 'objectivity': 108.75}",33.0
Akasya Apart Otel (Akyaka),first must say sincere friendly business go base recommendation pleased go accommodation make great friend felt home room kitchen bathroom everywhere clean tidy interest good brother selahattin wife wonderful people every time go muğla choice akasya apart recommend everyone,0.9833,positive,"{'positivity': 5.375, 'negativity': 0.125, 'objectivity': 29.5}",23.0
Akasya Apart Otel (Akyaka),apartment akyaka stay blindfold cleanliness comfort good home enter room nice clean item necessary daily life think ready easily reach anywhere walk apartment locate entrance akyaykaya apartment stay two night first choice go akyaka recommend peace mind,0.9633,positive,"{'positivity': 1.625, 'negativity': 1.0, 'objectivity': 31.375}",15.0
Gülemce Apart & Villas,enter research stay akyaka gülemce apart suggestion attract attention familyrun business welcome ground warm sincere ismail bey make sightsee route thank family love travel holiday full thank family love travel like fact room enter shoe outside clean need utensil everything enough thank gülemce family voluntary guidance warm sincerity say want holiday akyaka say go see without think,0.988,positive,"{'positivity': 4.625, 'negativity': 0.375, 'objectivity': 44.0}",26.0
Gülemce Apart & Villas,definitely recommend immaculate place recommend owner business retire teacher ismail teacher wife gülşen lady sincere moreover ismail teacher voluntary guide go question mark want spend pleasant holiday choose peace mind,0.9595,positive,"{'positivity': 2.625, 'negativity': 1.0, 'objectivity': 23.375}",12.0
Gülemce Apart & Villas,akyaka come akyaka clean beautiful business stay hotel akyaka discover clean peaceful comfortable place felt home sure see deserve stay accommodation,0.9524,positive,"{'positivity': 2.5, 'negativity': 1.375, 'objectivity': 14.125}",11.0
Gülemce Apart & Villas,immaculate decent place ismail bey offer family atmosphere customer satisfy think place next never regret prefer meet need never regret thank apart close bazaar,0.6761,positive,"{'positivity': 3.375, 'negativity': 3.125, 'objectivity': 16.5}",-2.0
Gülemce Apart & Villas,love warm blood owner apart villa love comfort home quiet quiet luxury apart peace mind owner right address prefer without think everything thank,0.9348,positive,"{'positivity': 4.0, 'negativity': 0.75, 'objectivity': 16.25}",15.0
Gülemce Apart & Villas,stay lovely apart week husband enjoy every minute location definitely convenient able go ölüdeniz iztuzu incekum beach within car also locate centre akyaka allow hang night easily walk bar restaurant apart drive owner family apart lovely family make feel welcome would like thank ismail gülşen ömer great hospitality room clean everything need room felt like home highly recommend lovely place prefer home like place locate heart beautiful beach,0.9928,positive,"{'positivity': 7.75, 'negativity': 0.625, 'objectivity': 50.625}",32.0
Gülemce Apart & Villas,stayed three day vacation lovely wonderful room comfortable clean kitchen every equipment visitor would like cook environment warm friendly ismail abi run place family welcome kind considerate manner can not reiterate enough wonderful suggest stop include beach restaurant activity trip since local akyaka attest place recommend tourist difficulty communicate since ismail abi english teacher fluent like native happy chance spend vacay,0.99,positive,"{'positivity': 4.75, 'negativity': 2.625, 'objectivity': 44.625}",32.0
Gülemce Apart & Villas,hotel clean comfortable peaceful place owner hotel welcome friendly kind wonderful holiday hotel one favourite hotel stay,0.9756,positive,"{'positivity': 1.5, 'negativity': 0.75, 'objectivity': 14.75}",18.0
Gülemce Apart & Villas,apart villa,0.0,neutral,"{'positivity': 0.5, 'negativity': 0.0, 'objectivity': 1.5}",0.0
Gülemce Apart & Villas,start researching could stay akyaka gülemce apart suggestion catch attention first welcome place family business warm friendly ismail prepare travel route family love travel full holiday favorite aspect can not enter room shoe outside clean everything sufficient include kitchen utensil need would like thank gülemce family voluntary guidance warm sincerity want holiday akyaka advise go see without think,0.981,positive,"{'positivity': 3.125, 'negativity': 2.25, 'objectivity': 43.625}",20.0
Huzur Apart Otel,name give people peace mind entrance short conversation halil entrance friendship many welcomed room around room clean clean clean tidy shortage park space recommend peace mind recommend way fall,0.9698,positive,"{'positivity': 0.625, 'negativity': 0.25, 'objectivity': 27.125}",16.0
Huzur Apart Otel,peace apart location not mind quiet beautiful location family want nice vacation choose place want go nice vacation employee friendly friendly thank,0.9377,positive,"{'positivity': 1.75, 'negativity': 1.125, 'objectivity': 19.125}",19.0
Huzur Apart Otel,halil kanoğlu operator every time go help hand every time go akyaka stay address glass smell pool family peaceful safe environment,0.9001,positive,"{'positivity': 1.875, 'negativity': 0.0, 'objectivity': 16.125}",5.0
Huzur Apart Otel,akyaka beautiful apart family ideal place clean safe staff friendly friendly foreigner attract hotel apart home evaluate close sea child pool ideal everything thank,0.9792,positive,"{'positivity': 2.625, 'negativity': 0.0, 'objectivity': 19.375}",13.0
Huzur Apart Otel,nice family business nice place stay family,0.6808,positive,"{'positivity': 0.0, 'negativity': 0.0, 'objectivity': 7.0}",6.0
Huzur Apart Otel,bad experience staff hotel unfriendly facility promise cheap room come switch room woman say employee change next day charge rip check immediately never see pool clean bacteria level high,-0.7147,negative,"{'positivity': 0.375, 'negativity': 3.25, 'objectivity': 25.375}",0.0
Huzur Apart Otel,close center beach quiet peaceful time family manage clean room,0.7096,positive,"{'positivity': 0.375, 'negativity': 0.0, 'objectivity': 9.625}",4.0
Huzur Apart Otel,price reasonable little bit far beach nice,0.4215,positive,"{'positivity': 0.5, 'negativity': 0.375, 'objectivity': 6.125}",3.0
Huzur Apart Otel,peaceful place stay recommend,0.6908,positive,"{'positivity': 0.25, 'negativity': 0.125, 'objectivity': 3.625}",4.0
Huzur Apart Otel,like name give peace mind short chat halil entrance greet friend many room surroundings clean clean tidy business like home environment park problem liquidate peace mind happen recommend stop,0.9612,positive,"{'positivity': 1.0, 'negativity': 1.625, 'objectivity': 25.375}",13.0
PORTOFİNO APART ŞUBE,great week,0.6249,positive,"{'positivity': 0.0, 'negativity': 0.0, 'objectivity': 2.0}",3.0
PORTOFİNO APART ŞUBE,great week,0.6249,positive,"{'positivity': 0.0, 'negativity': 0.0, 'objectivity': 2.0}",3.0
Ugur Apart Hotel,selective say feature person want different comment long vacation child child really comfortable thank god experience problem make food everything smooth recommend pool close sea market close sea burn barbecue rest,0.8332,positive,"{'positivity': 3.125, 'negativity': 2.75, 'objectivity': 24.125}",6.0
Ugur Apart Hotel,make reservation get price agree day go say price give valid day course keep room left leave person say want keep room ask want keep room give someone else find another place saturday crowd victimize adjusted budget leave victimized victimized set budget give price word game give price course oblige people oblige people take money soon return door,-0.7506,negative,"{'positivity': 1.75, 'negativity': 0.75, 'objectivity': 54.5}",-8.0
Ugur Apart Hotel,apartment near sea akyaka private pool plus value owner polite helpful shortage morning breakfast beaten,0.1027,positive,"{'positivity': 1.75, 'negativity': 0.125, 'objectivity': 12.125}",0.0
Ugur Apart Hotel,stay last room clean dead insect floor make vacation plan make reservation go room recommending ask never recommend,-0.5733,negative,"{'positivity': 1.0, 'negativity': 0.875, 'objectivity': 16.125}",1.0
Ugur Apart Hotel,uğur apart operator ferhat bey welcome smile face sincere stance take road fatigue clean safe give opportunity look another place would like thank family preference view apart silence beach proximity shop place separate beauty apart thank staff respect definitely recommend,0.9851,positive,"{'positivity': 4.875, 'negativity': 0.5, 'objectivity': 31.625}",22.0
Ugur Apart Hotel,say picky person feature person want different let comment long holiday child really comfortable thank god experience problem make food everything good recommend good pool close sea close market barbecue rest,0.9463,positive,"{'positivity': 3.625, 'negativity': 2.25, 'objectivity': 24.125}",12.0
Ugur Apart Hotel,agreed price day make reservation go told price give valid one day course not take room leave leave person give attitude full salesman like not want keep okay ill give room someone else naturally could not find another place saturday crowd victimize go adjusted budget accordingly play word give price course force people anyway logic get money get door go stay suggest sure price give,0.1048,positive,"{'positivity': 2.25, 'negativity': 3.625, 'objectivity': 57.125}",-3.0
Ugur Apart Hotel,apartment close sea white bank private pool also plus owner polite helpful boredom would not better breakfast,-0.2278,negative,"{'positivity': 2.25, 'negativity': 1.25, 'objectivity': 12.5}",6.0
Ugur Apart Hotel,stay last room clean dead insect everywhere plan holiday make reservation leave room soon enter used recommend everyone ask never recommend,0.5994,positive,"{'positivity': 0.875, 'negativity': 1.0, 'objectivity': 18.125}",2.0
Ugur Apart Hotel,ferhat manager uğur apartment welcome well smile face sincere attitude take away tiredness journey also clean safe caring nature give opportunity look another place would like thank family much first choice apartment view silence proximity beach shop area special beauty would also like thank staff best regard would definitely recommend,0.9922,positive,"{'positivity': 4.5, 'negativity': 1.125, 'objectivity': 39.375}",29.0
Deger Apart Akyaka,want stay pleasant clean apartment say address want vacation stay address walk distance sea pool clean kitchen utensil sufficient room spacious staff friendly thank wife loyal brother thank meet,0.9618,positive,"{'positivity': 1.5, 'negativity': 1.375, 'objectivity': 26.125}",19.0
Deger Apart Akyaka,family lover pleasant time quality safe holiday address address sadık abi miss right place place see house customer guest thank,0.9274,positive,"{'positivity': 1.625, 'negativity': 0.125, 'objectivity': 16.25}",6.0
Deger Apart Akyaka,satisfied daily holiday room clean common area hotel clean staff friendly location hotel within walk distance center akyaka recommend muğla go akyaka stay place easily wish loyal beye good business good customer,0.981,positive,"{'positivity': 2.875, 'negativity': 0.125, 'objectivity': 25.0}",20.0
Deger Apart Akyaka,find wander around wander around find immaculately clean wellkept room room meet sea view available room rather deal park car center get tire beach swing slope minute get tired return beach impossible tough,-0.1779,negative,"{'positivity': 2.75, 'negativity': 1.25, 'objectivity': 28.0}",0.0
Deger Apart Akyaka,beautiful stopover place add list muğla trip make last admired interior exterior architecture valuable employee sadık abi fatma sister interest smile face thank become one family prefer path intersect thank,0.9628,positive,"{'positivity': 3.5, 'negativity': 0.25, 'objectivity': 22.25}",13.0
Deger Apart Akyaka,apartment clean decent size ideal short stay pool well maintain location great supermarket nearby minute walk main town beach host welcome even help get next destination turkey would definitely consider stay,0.9623,positive,"{'positivity': 2.125, 'negativity': 0.375, 'objectivity': 27.5}",9.0
Deger Apart Akyaka,hotel owner staff show great hospitality room amenity great walk distance town center surround hotel give sense privacy hotel also beautiful design architecture great family vacation spot,0.9531,positive,"{'positivity': 2.375, 'negativity': 0.0, 'objectivity': 24.625}",12.0
Deger Apart Akyaka,apartment marmaris locate way beautiful marmaris super clean beautiful room good bed wifi slow curtain white short room would get bright morning hard sleep,0.9628,positive,"{'positivity': 2.125, 'negativity': 0.75, 'objectivity': 18.125}",14.0
Deger Apart Akyaka,want holiday stay pleasant clean apartment say right place within walk distance sea pool clean kitchenware sufficient room spacious employee friendly would also like thank brother sadık wife see,0.9578,positive,"{'positivity': 1.125, 'negativity': 1.125, 'objectivity': 24.75}",15.0
Deger Apart Akyaka,right address family lover good time quality safe holiday thank brother sadık not miss anything treat home workplace see visitor guest customer thank everything,0.9381,positive,"{'positivity': 1.5, 'negativity': 0.625, 'objectivity': 18.875}",8.0
AŞKYAKA APART - SADECE SEZONLUK DAİRE KİRALIYORUZ,think comment comment shady think obvious examine profile take look number comment contribution obvious hotel location beach go beach comfortably walk beach tire way back tire climb slope blow dryer room light room insufficient water heater trouble shower water fountain flow insufficiently garbage throw away left key reception desk day sheet change go bought towel see bad business understand see anyone left hotel guess manage hotel camera leave reception area give invoice anything complain,-0.7003,negative,"{'positivity': 2.75, 'negativity': 3.5, 'objectivity': 65.75}",-11.0
AŞKYAKA APART - SADECE SEZONLUK DAİRE KİRALIYORUZ,ankara izmir family come previous come ankara room incredibly clean hygiene give importance adnan bey şefika lady always take care need location comfortable service room definitely recommend safe clean spacious apartment child age thank,0.9738,positive,"{'positivity': 2.375, 'negativity': 1.625, 'objectivity': 28.0}",16.0
AŞKYAKA APART - SADECE SEZONLUK DAİRE KİRALIYORUZ,call apartment stay last reach akyaka call seher lady phone register know last polite positive call happy answer would refuse husband say would stay day budget happy stay room stay last go adnan bey welcome stated room clean could offer coffee welcome hosted change follow thank seher lady,0.9643,positive,"{'positivity': 3.75, 'negativity': 0.0, 'objectivity': 37.25}",17.0
AŞKYAKA APART - SADECE SEZONLUK DAİRE KİRALIYORUZ,would like thank whole team leadership seher hanım make smile separately personality travel big reservation covid cleanliness place place spotlessly clean kind feature find apart within minute walk sea thank whole team recommend look comfort cleanliness friendliness,0.9686,positive,"{'positivity': 3.25, 'negativity': 0.875, 'objectivity': 28.875}",20.0
AŞKYAKA APART - SADECE SEZONLUK DAİRE KİRALIYORUZ,operator well intentioned friendly people room clean spaciously decorate support puppy stray dog find thank,0.9042,positive,"{'positivity': 0.75, 'negativity': 0.0, 'objectivity': 13.25}",8.0
AŞKYAKA APART - SADECE SEZONLUK DAİRE KİRALIYORUZ,exclusive luxury night treat like prince manager place everything could meet need friendly people helpful hospitable beautifully furnished apartment clean good condition light bulb broken thats,0.9509,positive,"{'positivity': 2.625, 'negativity': 0.5, 'objectivity': 19.875}",17.0
AŞKYAKA APART - SADECE SEZONLUK DAİRE KİRALIYORUZ,nice cozy clean apart hotel walk seaside noise night nice sleep highly recommend,0.8777,positive,"{'positivity': 1.125, 'negativity': 0.125, 'objectivity': 11.75}",10.0
AŞKYAKA APART - SADECE SEZONLUK DAİRE KİRALIYORUZ,first think comment place questionable obvious examine profile look number contribution comment hotel locate approximately beach walk comfortably towards beach tired way back uphill bit tire blow dryer room light room inadequate water heater problematic water shower jet inadequate even though left key reception every day neither baton sheet change even go buy towel never see bad business approach also see anyone leave hotel think manage hotel camera leave reception area provide invoice anything also file complaint,-0.8422,negative,"{'positivity': 2.875, 'negativity': 4.125, 'objectivity': 67.0}",-13.0
AŞKYAKA APART - SADECE SEZONLUK DAİRE KİRALIYORUZ,come family ankara izmir previous room incredibly clean attention pay hygiene adnan şefika always interest whatever need location comfortable definitely recommend service room safe clean spacious apartment yearold child thank much,0.9649,positive,"{'positivity': 1.75, 'negativity': 1.625, 'objectivity': 24.625}",12.0
AŞKYAKA APART - SADECE SEZONLUK DAİRE KİRALIYORUZ,reach akyaka call apartment stay last seher polite positive call know last phone number register much wife say stay day budget much make happy answer not turn course arranged place room stay last arrived adnan welcome say room clean could offer coffee welcome host well change come either would also like thank seher,0.9702,positive,"{'positivity': 4.0, 'negativity': 1.25, 'objectivity': 41.75}",18.0
Gülzade Konak Apart,place nice clean well maintain central location enough cool small pool child ideal room dishwasher wash machine wash machine large refrigerator available operator sister friendly price reasonable akyaka stay recommend,0.9517,positive,"{'positivity': 1.25, 'negativity': 0.5, 'objectivity': 27.25}",10.0
Gülzade Konak Apart,soon enter door go comment ask full amount money soon enter door could see room payment money owner rude unsympathetic people look face pay money definitely look face definitely clean stay night room clean towel change shower broken kitchen utensil disgust call place beautiful never see beautiful place life know shortage space preholiday say find customer immediately double price would recommend anyone disgrace money,0.6705,positive,"{'positivity': 4.0, 'negativity': 3.875, 'objectivity': 52.125}",1.0
Gülzade Konak Apart,want experience texture spirit akyakan wonderful place quiet peaceful clean familyrun business yasemin nihat valuable people within walk distance place feel home thank,0.9451,positive,"{'positivity': 1.125, 'negativity': 0.25, 'objectivity': 17.625}",12.0
Gülzade Konak Apart,room stay apart gülzade mansion look beautiful outside charm town akyaka evaluation negative direction room relatively small surprised place suitcase can not hang shower head place put problematic can not hang place put shower head problematic can not hang floor neutralize one rosary beetle room think neutralize one rosary beetle room think need spray towel holder bathroom rust towel rust towel afraid put towel location facility,-0.25,negative,"{'positivity': 2.375, 'negativity': 3.0, 'objectivity': 58.625}",2.0
Gülzade Konak Apart,akyaka perfect wonderful holiday accommodation wonderful holiday accommodation help owner apartment interest staff almira lady endless thank owner comfortable beautiful holiday nice holiday friendly beautiful environment stay peace mind,0.9938,positive,"{'positivity': 5.0, 'negativity': 0.75, 'objectivity': 21.25}",31.0
Gülzade Konak Apart,place nice clean well maintain centrally locate small pool enough cool ideal child room dishwasher wash machine large refrigerator manager sister care friendly price reasonable akyaka stay recommend,0.9648,positive,"{'positivity': 0.875, 'negativity': 0.5, 'objectivity': 25.625}",12.0
Gülzade Konak Apart,fooled comment go soon walked door demand money could not even see room without pay money owner rudest unsympathetic person ever meet not even look pay money definitely clean stay night neither room clean towel change broken shabby kitchen utensil disgust call place beautiful never see beautiful place life since holiday know shortage space send away say would find customer immediately twice price would not recommend anyone not disgrace money,0.6261,positive,"{'positivity': 4.25, 'negativity': 7.0, 'objectivity': 52.75}",1.0
Gülzade Konak Apart,great place want experience texture spirit akyaka calm peaceful clean family business yasemin nihat valuable people feel home walking distance everywhere thank much everything,0.9578,positive,"{'positivity': 1.25, 'negativity': 0.375, 'objectivity': 18.375}",13.0
Gülzade Konak Apart,negative evaluation room stay gülzade konak nice look apartment outside cute town akyaka room relatively small wonder place suitcase can not hang shower head place put problematic hanger anywhere woodhopper bug room neutralize think fumigation need towel holder bathroom rusty people afraid put towel positive evaluation friendly approach nihat wife yasemin location facility,0.7184,positive,"{'positivity': 1.875, 'negativity': 1.625, 'objectivity': 43.5}",5.0
Gülzade Konak Apart,wonderful holiday accommodation akyaka endless thank apartment owner also staff almira interest assistance comfortable nice holiday friendly beautiful environment stay peace mind,0.9839,positive,"{'positivity': 3.0, 'negativity': 0.75, 'objectivity': 16.25}",19.0
Mimoza Pansiyon,recommend stay clean beautiful reliable pension stay overnight muğla,0.8442,positive,"{'positivity': 1.125, 'negativity': 0.125, 'objectivity': 6.75}",9.0
Mimoza Pansiyon,toilet bathroom dirty outside room stuffy small room intense cigarette odor sleep window open january tv room,-0.3818,negative,"{'positivity': 0.25, 'negativity': 1.25, 'objectivity': 15.5}",-1.0
Mimoza Pansiyon,half go muğla place stay cleanliness room warmth reliability wifi possibility wifi price meet also people work look place stay strongly recommend go,0.765,positive,"{'positivity': 1.125, 'negativity': 0.25, 'objectivity': 20.625}",6.0
Mimoza Pansiyon,room spacious staff useful take bed linen price performance bed linen problem,0.0516,positive,"{'positivity': 0.125, 'negativity': 0.625, 'objectivity': 11.25}",1.0
Mimoza Pansiyon,room clean air condition environment,0.4019,positive,"{'positivity': 0.0, 'negativity': 0.0, 'objectivity': 5.0}",2.0
Mimoza Pansiyon,bad experience,-0.5423,negative,"{'positivity': 0.0, 'negativity': 0.875, 'objectivity': 1.125}",-3.0
Mimoza Pansiyon,hostel stay muğla night clean beautiful reliable recommend stay,0.8442,positive,"{'positivity': 1.125, 'negativity': 0.125, 'objectivity': 6.75}",9.0
Mimoza Pansiyon,toilet bathroom outside room dirty stuffy small room strong cigarette smell sleep window open january television room,0.1027,positive,"{'positivity': 0.625, 'negativity': 1.0, 'objectivity': 15.375}",0.0
Mimoza Pansiyon,place stay every time go muğla half cleanliness warmth reliability wifi room make worth price also employee nice people look place stay definitely recommend go,0.8979,positive,"{'positivity': 1.75, 'negativity': 0.25, 'objectivity': 22.0}",11.0
Mimoza Pansiyon,room spacious convenient staff friendly useful bring bed linen go good price performance duvet cover problem,0.743,positive,"{'positivity': 1.375, 'negativity': 1.125, 'objectivity': 13.5}",6.0
No22 Riders'Inn,visit restaurant bar part restaurant ambiance great feel peace enter interior especially live performance aksak visit good tried cheeseburger vegetarian wrap really delicious pomegranate juice good price venue may suitable choice price food place eat per person socalled artisan restaurant akyaka reasonable add photo part menu saw bad comment friend serve last service far experienced friend really interested serious restaurant waiter need feel happy work place make feel comfortable think bring request much possible satisfied thank,0.9872,positive,"{'positivity': 6.75, 'negativity': 2.375, 'objectivity': 62.875}",26.0
No22 Riders'Inn,buy ticket concert even great excitement want go eat concert tell could venue whatsapp line without make reservation reach venue lady door say friend help sit table bar side waiter come say can not take anyone side moment say eating inside go garden ordering food french fry write menu tell waiter understand say excuse ask read write menu ask grate cheese potato although say mosquito bit place food come want eat leave moment mosquito bad mosquito bad could stand pay food could finish meal service fee add top person pay concert pay concert concert go waste plan return concert run pharmacy unfortunately experience waste money,-0.1466,negative,"{'positivity': 4.625, 'negativity': 4.875, 'objectivity': 88.5}",1.0
No22 Riders'Inn,prefer restaurant part bohemian atmosphere blow place place usually guest kite prefer live music almost evening end early food alcohol price expensive akyaka venue order expensive make difficult make eye contact waiter place enjoyable thank,0.4404,positive,"{'positivity': 4.625, 'negativity': 1.125, 'objectivity': 28.25}",3.0
No22 Riders'Inn,akyaka hotel choose size correct size club artist drink bar nice hotel recommend parking lot surround apartment hotel daily give card give discount hotel say discount hotel place high amount money prefer pay park fee leave car back street parking lot minute walk leave car back street receptionist carry suitcase take take take drink cold night heat mini bar room heat august drink cold night put hanger tv wardrobe put hanger put shower cabin wooden bathroom part moldy waterfall flow wife say told repair image available visual would do tell say bathroom renovation daily holiday sorry courtesy drink coffee talk problem also reflect type fee job guest outside ask reception breakfast good chef hand skillful kitchen dominate certain visual breakfast service encounter breakfast service ece lady say good morning thank ece lady say good morning smile practical,0.969,positive,"{'positivity': 6.5, 'negativity': 3.375, 'objectivity': 123.125}",15.0
No22 Riders'Inn,food delicious cocktail incredibly bad cocktail service incredibly bad service fee receive worth product value unfortunately idea uniqueness entertainment venue akyakan give interior design venue beautiful charge fee entrance venue unfortunately satisfy,0.6501,positive,"{'positivity': 2.0, 'negativity': 4.625, 'objectivity': 24.375}",2.0
No22 Riders'Inn,best night town try book live music event make even good cost entrance welcome drink entry cost go around garden right chillout music join main event around pm main area,0.9062,positive,"{'positivity': 1.5, 'negativity': 0.0, 'objectivity': 27.5}",9.0
No22 Riders'Inn,great place stay great hospitality great time professional personalized service meet star view,0.9231,positive,"{'positivity': 0.25, 'negativity': 0.0, 'objectivity': 12.75}",9.0
No22 Riders'Inn,new arrangement garden stage always good music place definition perfect vacation,0.765,positive,"{'positivity': 0.875, 'negativity': 0.0, 'objectivity': 10.125}",6.0
No22 Riders'Inn,good venue nite go live concert reserve table server young fast friendly drink within range tasty gin tonic okey gin soda subpar also try another cocktail burn man fine overall nice venue visit area,0.8658,positive,"{'positivity': 2.25, 'negativity': 1.375, 'objectivity': 28.375}",10.0
No22 Riders'Inn,use great ago money make machine overprice overrated international kite hotel town much well local place explore drink bit ridiculous consider london,0.5719,positive,"{'positivity': 1.25, 'negativity': 1.125, 'objectivity': 19.625}",0.0
Amber Suites Akyaka,dear amber suite october think come beautiful time come beautiful time think come beautiful time meet good holiday hotel nice people leave flaw leave flaw staff sincere sincere felt part family felt home normally accept child age accept hotel empty age baby breakfast delicious breakfast delicious ordinary fine touch corner hotel cover breakfast table treat put room cover breakfast table treat put room harmony finely detailed touch harmony stone wood view beautiful akyaka add harmony turn peaceful ambiance green tea put special box cotton pouch rather ordinary tea bag separate m everywhere clean tidy shampoo shower gel put cute bottle request provide instantly smile face family really warm sweet dog monsieur door warm blood offer nice fruit plate come hotel say would bring ice cream want baby say would bring ice cream want say would bring lot candy stop breakfast chocolate like serve beautifully smile face food handmade understand ate pour water behind left hotel sweet need make tiny criticism toilet bathroom room would shelter look modern term image odor look modern separate boycott brand would happy change love,0.9982,positive,"{'positivity': 12.75, 'negativity': 2.875, 'objectivity': 157.375}",60.0
Amber Suites Akyaka,start tell go title title skip decoration clean wonderful room fine taste hidden detail process fine taste first note welcome bed impressed elegance room order cleanliness size view balcony beauty balcony french balcony coffee machine read book sleep front view comfortable armchair especially sachet natural original dessert tea material bath material quality star team adopt place work work diligently friendly hospitable team whole heartedly celebrate everything write everything remain detail like signature nilüfer beloved husband signature employee talk beautiful praise treat fruit drink plate entrance apple cookie treat love reyhan sherbet treat really exquisite breakfast concept separate presentation day attract breakfast think ingenious food forgiven write name wrong forgive misspell name garden pool location garden garden beautifully arrange everywhere normally enter pool like umbrella umbrella wonderful let mention music relax far center think wonderful center day thunder lightning rain happy vacation sit balcony peaceful serene day love house dog monsieur think write sibel especially adile seray asu kindness interest hospitality thank business owner team choose beautiful facility whole heartedly congratulate detailed video available instagram page short time love agile family,0.9989,positive,"{'positivity': 16.625, 'negativity': 3.75, 'objectivity': 148.625}",82.0
Amber Suites Akyaka,architecture hotel magnificent place appeal eye heart soul architecture hotel beautiful room spacious clean admire fine detail elegant touch room product quality breakfast serve stylish presentation super variety different pastry cooky delicious thank friendly sincere staff hotel owner hotel nilüfer bilgütay bey stay love hope see plenty guest open way hand effort,0.9922,positive,"{'positivity': 6.0, 'negativity': 1.25, 'objectivity': 42.75}",35.0
Amber Suites Akyaka,incredibly peaceful enjoyable mini vacation day prepare meticulously meticulous clean thoughtful way could think day room saw smell good go poolside beautiful towel basket start holiday wine treat not find breakfast outside try pay money not find delicious stylish beautiful presentation place go thank,0.978,positive,"{'positivity': 5.875, 'negativity': 2.125, 'objectivity': 34.0}",21.0
Amber Suites Akyaka,august stay wife day stay wife center azmak away center difficulty without car high altitude difficulty without car car must good side breakfast successful day pastry cake cake cooky squeeze orange juice available renew run staff friendly clean good bad side daily difference room sea view room mountain view make reservation reduce price talk lot choose room mountain view friend talk give room sea view difference think standard work think advantageous book early usually hold advantage opposite situation tell hotel authority want hear sorry pretend dead nice room mountain view obviously small sea view impractical full length mirror room,0.9062,positive,"{'positivity': 5.625, 'negativity': 5.125, 'objectivity': 85.25}",15.0
Amber Suites Akyaka,wonderful night stay start welcome cheese wine plate room spotless comfortable bed lounge sofa chair coffee machine room pool sun lounger available breakfast superb much view position hotel good town peaceful back,0.9648,positive,"{'positivity': 3.625, 'negativity': 0.875, 'objectivity': 27.5}",20.0
Amber Suites Akyaka,arrive lovely welcome cheese wine lovely host staff room spotless comfortable luxurious robe would nice position good quiet private parking available outside view stun havent breakfast yet update later chill relax snooze watch sunset dinner perfect,0.9781,positive,"{'positivity': 3.375, 'negativity': 2.0, 'objectivity': 28.625}",21.0
Amber Suites Akyaka,wonderful stay amber suite akyaka girlfriend stay one night miss asu assist stay experience fantastic room clean breakfast delicious staff friendly helpful make feel right home truly enjoyed time would highly recommend amber suite akyaka anyone look relax enjoyable stay thank great hospitality,0.9902,positive,"{'positivity': 5.0, 'negativity': 0.5, 'objectivity': 32.5}",26.0
Amber Suites Akyaka,fantastic boutique hotel wonderful host go way help repair flat tire car save trip view amaze super clean welcome wine cheese platter nice touch room beautiful breakfast incredible,0.9861,positive,"{'positivity': 2.625, 'negativity': 0.25, 'objectivity': 25.125}",27.0
Amber Suites Akyaka,delightful stay charm boutique hotel amber suite akyaka travel group five include three kid warmly welcome friendly staff owner room comfortable also spotlessly clean adorn modern touch one highlight stay breakfast truly one kind leave amazed variety deliciousness dish hearty breakfast kid blast small well maintain pool keep entertained amber suite location perfect offer breathtaking view conveniently close center akyaka stay make sure visit nearby azmak river not recommend enough must visit nilüfer owner deserve special mention exceptional hospitality warm demeanor make stay even memorable felt like among friend initially think stay night stay four night experience boutique hotel beyond delightful comfortable room incredible breakfast attentive staff make truly unforgettable trip already plan return create beautiful memory highly recommend,0.9969,positive,"{'positivity': 11.75, 'negativity': 4.875, 'objectivity': 97.375}",44.0
Kordon Otel & Apart Akyaka Ula Muğla,hotel wife daughter ask last minute stay overnight affordable price clean service number quality kind material hotel breakfast buffet give business cafe edge azmak location parking lot edge azmak would like thank business staff ready help pro,0.9393,positive,"{'positivity': 1.0, 'negativity': 0.625, 'objectivity': 32.375}",14.0
Kordon Otel & Apart Akyaka Ula Muğla,room hotel stay night bad double ideal width employee average approach location good parking lot hotel close azmak river price level call normal breakfast restaurant whose name adjacent azmak river breakfast buffet menu average level,0.4215,positive,"{'positivity': 0.5, 'negativity': 1.375, 'objectivity': 30.125}",0.0
Kordon Otel & Apart Akyaka Ula Muğla,institution attache importance people service money call hotel even call hotel say wanted stay overnight ask price person reception say requested discount unfortunately say kept room night keep room night witness phone conversation pass front reception day friend reception say nightly price person phone understood hear directly look eye look away eye check hotel friend reception talk another phone person phone ask price per night friend reception wait go stubbornly wait say price friend reception say checking show door hand say go summary rip,0.9287,positive,"{'positivity': 6.75, 'negativity': 1.375, 'objectivity': 74.875}",6.0
Kordon Otel & Apart Akyaka Ula Muğla,go ideal place family price night extreme look number people say next apart learn last day apart upset bring food breakfast environment nice everyone stay hotel breakfast place personally disturb except really nice place change person reception stay night brother take care good call taxi even though close budaköy,0.8779,positive,"{'positivity': 3.125, 'negativity': 1.25, 'objectivity': 42.625}",7.0
Kordon Otel & Apart Akyaka Ula Muğla,location service magnificent choice employee food flavor playlist play accordance time thank davut host polite hotel definitely choose akyaka,0.8885,positive,"{'positivity': 1.25, 'negativity': 0.625, 'objectivity': 15.125}",7.0
Kordon Otel & Apart Akyaka Ula Muğla,lovely hotel lovely walk crystal clear river small town pleasant reception breakfast river terrace good park directly hotel pool use due early season would great warmer season,0.9709,positive,"{'positivity': 2.75, 'negativity': 0.125, 'objectivity': 23.125}",16.0
Kordon Otel & Apart Akyaka Ula Muğla,friendly staff clean room great location breakfast restaurant right across street next azmak river walk distance everything akyaka,0.875,positive,"{'positivity': 0.125, 'negativity': 0.0, 'objectivity': 14.875}",7.0
Kordon Otel & Apart Akyaka Ula Muğla,good hotel nice area near river breakfast update save facial mousse get back day thank lot,0.886,positive,"{'positivity': 0.5, 'negativity': 0.0, 'objectivity': 15.5}",10.0
Kordon Otel & Apart Akyaka Ula Muğla,lovely place friendly helpful staff clean tidy room reasonable price,0.91,positive,"{'positivity': 1.125, 'negativity': 0.0, 'objectivity': 8.875}",9.0
Kordon Otel & Apart Akyaka Ula Muğla,good value lovely place,0.8442,positive,"{'positivity': 0.75, 'negativity': 0.0, 'objectivity': 3.25}",6.0
Shimal Residences & Hotel,stayed hotel night please pleased employee friendly like much warm environment thank much mert ahan,0.9231,positive,"{'positivity': 2.0, 'negativity': 0.25, 'objectivity': 10.75}",11.0
Shimal Residences & Hotel,nice quiet family vacation spot satisfy,0.7003,positive,"{'positivity': 0.5, 'negativity': 0.0, 'objectivity': 5.5}",3.0
Shimal Residences & Hotel,two family comfortably stay possibility accommodation house family may need material available food drink except bed breakfast family lot money give place money give money family stay pool want good maintenance quiet calm distance sea child leave pool stay sea,0.7964,positive,"{'positivity': 2.375, 'negativity': 0.5, 'objectivity': 37.125}",7.0
Shimal Residences & Hotel,not know whether talk filth apartment filth pool not know whether talk filth apartment filth pool color water pool change color water pool change yellow green turbid yellow green turbid moss muddy moss moldy toilet siphon work shower head seat cigarette burnt mud internet white appliance work white towel turn gray smell stinky half light work half broken half break never never pas door give star really surprised think come cave budget business provide immaculate service especially parent put child pool say wash acid,-0.5279,negative,"{'positivity': 2.875, 'negativity': 8.5, 'objectivity': 70.625}",-14.0
Shimal Residences & Hotel,beautiful environment feel home everything may need home available view super pool calm recommend everyone go peace mind,0.9442,positive,"{'positivity': 2.0, 'negativity': 0.25, 'objectivity': 13.75}",12.0
Shimal Residences & Hotel,nice gym good value,0.7964,positive,"{'positivity': 0.5, 'negativity': 0.0, 'objectivity': 3.5}",6.0
Shimal Residences & Hotel,stayed hotel two night please liked friendliness staff warm atmosphere thank much mert şahan,0.8885,positive,"{'positivity': 1.25, 'negativity': 0.125, 'objectivity': 10.625}",8.0
Shimal Residences & Hotel,nice quiet family holiday destination please,0.7783,positive,"{'positivity': 0.625, 'negativity': 0.0, 'objectivity': 5.375}",4.0
Shimal Residences & Hotel,comfortably accommodate two family house everything family might need except food drink instead pay lot money bed breakfast family elsewhere stay two family price even pool nice need little maintenance quietly little far sea since child leave pool need sea,0.6124,positive,"{'positivity': 2.0, 'negativity': 1.875, 'objectivity': 34.125}",3.0
Shimal Residences & Hotel,ask show place everything bad would definitely show place not know whether talk filthiness apartment filthiness pool color water pool change yellow green blurry moss dirt everywhere facility run anyway apartment filthy neglect shower full moss mold toilet flush work even shower head seat cigarette burnt mud internet white good work white towel turn gray smell like stink half light work half break never ever even go door really confuse give star give think cave come many business provide spotless service budget especially parent advise wash child acid instead put pool,-0.7264,negative,"{'positivity': 3.5, 'negativity': 6.75, 'objectivity': 77.75}",-9.0
Totelya Hotel,sense perfect business peace tranquility calmness comfort smile breakfast front garden breakfast garden terrace architecture vegetation sincere business owner job atomic ant work pull hotel turn hotel energy scatter employee peaceful relaxing holiday thank provide opportunity spend peaceful relaxing holiday without think visit without think visit recommend people want make decision read review think advice people want make decision go live,0.9915,positive,"{'positivity': 4.75, 'negativity': 1.375, 'objectivity': 52.875}",23.0
Totelya Hotel,make choice friend read comment location hotel central location feel refresh breeze mountain night feel peace feel check process experience state home stay bahadır bey warm blood time helpful publish photo breakfast publish photo holiday friend believe consume flavor come plate mind consume flavor come plate holiday friend village tomato village tomato incredible freshness pepper pepper egg cheese pancake bake pepper bake pepper paste cheddar bread muğla highland melon watermelon prickly fig count invigorate effect start day lot flavor without forget dessert dessert bahadır brain cake morning want second slice breakfast offer freshly squeeze pomegranate juice pomegranate şerbet mixture greet sun common area hotel perfect terrace area hotel create effect oasis sultry coastal part hotel create oasis effect night find way visit peace mind would like thank bahadır colleague setting business,0.9911,positive,"{'positivity': 4.375, 'negativity': 1.625, 'objectivity': 118.0}",18.0
Totelya Hotel,september stayed totelya hotel night wife decoration hotel layout cleanliness wonderful breakfast location love loved hot dish serve attentive natural breakfast seasonal fruit detox drink homemade natural sugar free want note one important thing attract attention boil egg cook consistency could encounter large small hotel around egg green black iron sulfur ring around egg strange garbage bahadır love job involve everything reservation kitchen definitely felt home,0.9831,positive,"{'positivity': 4.625, 'negativity': 1.5, 'objectivity': 55.875}",18.0
Totelya Hotel,august like hotel reasonable price especially breakfast bahadır bey offer flavor taste ambience nice staff nice location hotel nice quiet peaceful peaceful place offer suggestion support good information give guest example hotel operation totelya beach akbuk bay put car pay extra park fee entrance know staircase albay bay within walk distance hotel way learn think bitten mosquito like insect room say would spray say spray do bad refrigerator room thank allow put drink kitchen systematized example cooler put one common area,0.9716,positive,"{'positivity': 2.625, 'negativity': 0.875, 'objectivity': 72.5}",21.0
Totelya Hotel,september date wife stay hotel stayed hotel hotel location great place within walk distance bazaar azmak river moment enter hotel smell magnificent hygiene refresh moment enter hotel owner bahadır bey smile moment enter business tell information akyaka guide gentleman polite people service sector still see country still show hope especially breakfast pa without mention everything hygienic delicious hotel owner bahadır bey endless treat handmade cake recommend try enormous flavor next summer meet place thank,0.9744,positive,"{'positivity': 3.125, 'negativity': 0.5, 'objectivity': 64.375}",19.0
Totelya Hotel,authentic butique hotel relax atmosphere kind stuff clean room bahadır management approach exemplary pa without praise wonderful rich breakfast endless thank people work beautiful place create difference,0.825,positive,"{'positivity': 4.125, 'negativity': 0.75, 'objectivity': 19.125}",18.0
Totelya Hotel,lovely little hotel simple comfortable room staff friendly helpful make sure great stay highlight fantastic breakfast great locally source ingredient beautiful garden visit akyaka would definitely stay totelya,0.9882,positive,"{'positivity': 2.875, 'negativity': 1.5, 'objectivity': 20.625}",24.0
Totelya Hotel,best place stay week trip warm owner speak excellent english make welcome good room balcony wreathe flower superb breakfast best good one home make cook serve owner return,0.9796,positive,"{'positivity': 4.875, 'negativity': 0.0, 'objectivity': 23.125}",23.0
Totelya Hotel,amaze experience hotel cosy homely room toilet little small clean comfortable host friendly hospitable give great tip warm best part breakfast totally beautiful different experience normal hotel breakfast sure picture post justify serve usual bread jam spread cheese olive tea think thats host team around food plate hand serve amaze happy felt like event standsit people keep bring food around bring muçver bruschetta cake bake owner tasty moist delicious exotic fruit basically ask rather sheepishly delicious love muçver much ate like anyway impressed hospitality passion many delicious jam also homemade owner oh not really drink filter coffee somehow really delicious drank cup one seating would definitely stay ever visit akyaka recommend also book accommodation totelya hotel,0.9972,positive,"{'positivity': 10.875, 'negativity': 4.0, 'objectivity': 93.125}",48.0
Totelya Hotel,totelya hotel hit box accommodation excellent location reasonable price clean room excellent traditional authentic turkish breakfast staff always smile thoughtful kind staff manager bahadır go way ensure excellent stay weekend personally sit welcome akyaka speak excellent english come handy boyfriend know turkish room clean great important factor hotel traditional akyaka house architectural landscape area generation handcarved wooden structure make build breakfast abundance component include various type turkish cheese vegetable tomatoe cucumber various olive seasonal homemade jam gözleme stuff turkish pancake egg zucchini patty nicely present enjoyed amongst gentle bird chirp middle grass courtyard garden overall pleasant stay would definitely recommend beautiful cute hotel,0.9961,positive,"{'positivity': 12.25, 'negativity': 1.25, 'objectivity': 80.5}",42.0
Huzur Han Otel,say one rare place stay akyaka say opportunity stay beautiful nature wife immaculate house peaceful calm romantıc environment like recommend everyone,0.9451,positive,"{'positivity': 3.5, 'negativity': 0.125, 'objectivity': 14.375}",13.0
Huzur Han Otel,location good place room clean appropriate accommodation season breakfast reasonable opinion satisfy thank,0.8779,positive,"{'positivity': 2.125, 'negativity': 0.625, 'objectivity': 10.25}",9.0
Huzur Han Otel,room nice hotel felt architecture akyaka find peace thank,0.8316,positive,"{'positivity': 0.75, 'negativity': 0.0, 'objectivity': 7.25}",7.0
Huzur Han Otel,pleasant time nice comfortable room definitely recommend,0.9274,positive,"{'positivity': 0.875, 'negativity': 1.0, 'objectivity': 5.125}",10.0
Huzur Han Otel,name peace mind stay wife night leave satisfied everything perfect recommend everyone,0.9062,positive,"{'positivity': 0.75, 'negativity': 0.125, 'objectivity': 9.125}",8.0
Huzur Han Otel,stay night hamdi owner perihan daughter friendly smile welcome guest hotel super clean cosy well locate pool walk distance town center yet quite peacefull name hotel refer breakfast fine afterall price reasonable well thank highly recommended,0.9716,positive,"{'positivity': 1.875, 'negativity': 0.875, 'objectivity': 29.25}",17.0
Huzur Han Otel,peace mean peace not find peace,0.8885,positive,"{'positivity': 1.0, 'negativity': 0.625, 'objectivity': 4.375}",6.0
Huzur Han Otel,top hotel friendly service,0.6124,positive,"{'positivity': 0.125, 'negativity': 0.0, 'objectivity': 3.875}",4.0
Huzur Han Otel,say one rare place stay akyaka wife really liked beautiful nature peaceful calm romantıc environment accommodation facility clean home recommend everyone,0.9514,positive,"{'positivity': 3.5, 'negativity': 0.125, 'objectivity': 14.375}",13.0
Huzur Han Otel,location good room clean suitable accommodation season think breakfast reasonable satisfy thank,0.8779,positive,"{'positivity': 2.125, 'negativity': 0.0, 'objectivity': 9.875}",9.0
Akyaka Kaya Delsol Otel,stay day october hotel quiet clean nice staff friendly beach reach foot hotel far beach park problem far beach breakfast poolside nice like akyaka restaurant alternative price affordable go akyaka recommendation would like go clean beautiful holiday destination beach deepen go meter,0.969,positive,"{'positivity': 1.75, 'negativity': 1.0, 'objectivity': 35.25}",20.0
Akyaka Kaya Delsol Otel,reliable immaculate hotel choose without think akyaka reliable hotel price reasonable location close azmak stream walk distance bazaar park problem important side problem staff respectful akyaka many hotel comment pollution hotel happy mistaken,0.1531,positive,"{'positivity': 4.125, 'negativity': 1.25, 'objectivity': 23.625}",1.0
Akyaka Kaya Delsol Otel,fifth visit akyaka beauty azmak stream attract place attracted proximity azmak chose rock hotel choose reading comment preference disappoint location cleanliness interest employee service concept satisfy size room may seem small people person bother miss part room enough socket hope authority make arrangement breakfast nice hearty open buffet spread breakfast concept say location within walk distance azmak stream center place park problem use pool seem clean,0.9371,positive,"{'positivity': 3.375, 'negativity': 1.75, 'objectivity': 56.875}",6.0
Akyaka Kaya Delsol Otel,akyaka different hotel negative comment long search decide decide stay overnight attitude employee size room satisfy location hotel breakfast sufficient general shortage fly due azmak river akyaka problem hotel distance beach away crowd parking problem parking problem reach foot riverside harbor restaurant place reach negative room card system room minibar electrical system close leave minibar leave work continuously first night loud conversation customer balcony next room heard hotel probably second night aware disrespectful try sleep spending time loud conversation laughter midnight pool,-0.8885,negative,"{'positivity': 4.625, 'negativity': 4.75, 'objectivity': 69.625}",-12.0
Akyaka Kaya Delsol Otel,felt home hotel satisfy attentive take care need thank staff smile happy make happy thank ayse greet izmir karşıyaka,0.9698,positive,"{'positivity': 3.25, 'negativity': 0.125, 'objectivity': 13.625}",15.0
Akyaka Kaya Delsol Otel,stayed one night road trip first akyaka far beautiful town journey yet akyaka rock hotel make even amazing hotel clean beautiful staff kind helpful joyful look relax place rock hotel place could stay easily night time,0.9829,positive,"{'positivity': 2.875, 'negativity': 1.0, 'objectivity': 29.125}",19.0
Akyaka Kaya Delsol Otel,average,0.0,neutral,"{'positivity': 0.0, 'negativity': 0.0, 'objectivity': 1.0}",0.0
Akyaka Kaya Delsol Otel,stay day october hotel quiet clean beautiful staff care friendly beach reach foot since hotel little far beach park problem breakfast pool nice love akyaka much many restaurant alternative price affordable go akyaka base recommendation would like go clean beautiful holiday resort even go meter along beach get deep,0.9821,positive,"{'positivity': 3.0, 'negativity': 1.125, 'objectivity': 40.875}",23.0
Akyaka Kaya Delsol Otel,reliable clean hotel choose without hesitation akyaka price reasonable location close azmak stream walk distance market park problem important best part staff attentive respectful many hotel akyaka lot comment happy find hotel mistaken,0.9004,positive,"{'positivity': 4.375, 'negativity': 0.625, 'objectivity': 24.0}",8.0
Akyaka Kaya Delsol Otel,fifth visit akyaka beauty azmak stream place attract chose proximity river choose kaya hotel read review disappoint pleased location cleanliness attention employee understanding service size room may seem small bother two people thing miss room enough socket hope authority make regulation regard breakfast nice satisfy open buffet say mixed breakfast concept good location within walk distance center azmak stream park problem not use pool look clean,0.9371,positive,"{'positivity': 4.0, 'negativity': 2.125, 'objectivity': 55.875}",10.0
Akyaka Yali Capkini,entrance hotel hotel partner responsible smile hotel partner aylin welcome lady breakfast miss start season make fatma derya make feel home give opportunity use kitchen utensil garden prepare table offer opportunity enjoy friend since center walk sea sea far away little bit downstairs coffee taxi stop information room immaculate water heater refrigerator air condition available thank,0.9552,positive,"{'positivity': 4.5, 'negativity': 0.375, 'objectivity': 47.125}",12.0
Akyaka Yali Capkini,hotel clean staff breakfast adequate service back garden garden back garden beautiful enough say perfect money thank staff,0.9287,positive,"{'positivity': 0.875, 'negativity': 0.0, 'objectivity': 17.125}",11.0
Akyaka Yali Capkini,location remain possible reach beautiful bay along road azmak stream within walk distance room large stylish wooden concept watch star garden spend quiet evening garden attention clean staff remarkable breakfast sufficient delicious,0.9325,positive,"{'positivity': 2.0, 'negativity': 1.125, 'objectivity': 27.875}",11.0
Akyaka Yali Capkini,cute nice hotel center akyaka room small clean comfortable comfortable staff operator aylin lady employee friendly interested breakfast really good quality hearty open buffet want serve serve nice hotel every way stay,0.9783,positive,"{'positivity': 2.75, 'negativity': 2.0, 'objectivity': 25.25}",24.0
Akyaka Yali Capkini,run hotel selçuk saw everything important sincerity employee friendly respectful behavior employee importantly hygiene cleanliness hotel cleanliness hotel number boutique hotel breakfast boutique hotel breakfast sigh relief coffee treat breakfast employee care hotel despite fact business owner employee behave hospitable thank ayça şeref,0.9648,positive,"{'positivity': 4.375, 'negativity': 1.0, 'objectivity': 33.625}",8.0
Akyaka Yali Capkini,nice hotel friendly staff owner excellent breakfast,0.8658,positive,"{'positivity': 1.125, 'negativity': 0.0, 'objectivity': 5.875}",8.0
Akyaka Yali Capkini,entered hotel greet smile aylin hotel partner manager since start season breakfast miss make fatma derya also make feel home give kitchen utensil garden use prepare table offer opportunity enjoy friend since center walk sea bit far information coffee shop taxi stand downstairs room spotlessly clean kettle refrigerator air condition thank,0.9485,positive,"{'positivity': 2.5, 'negativity': 0.125, 'objectivity': 43.375}",10.0
Akyaka Yali Capkini,hotel clean staff care breakfast adequate service good garden back garden beautiful sufficient say perfect money thank staff,0.9628,positive,"{'positivity': 1.5, 'negativity': 0.75, 'objectivity': 15.75}",16.0
Akyaka Yali Capkini,although location little high possible reach azmak creek within walk distance beautiful bay along way car room large stylish wooden concept spend quiet evening watch star garden cleanliness staff attention remarkable breakfast sufficient delicious,0.9008,positive,"{'positivity': 2.5, 'negativity': 1.375, 'objectivity': 28.125}",9.0
Akyaka Yali Capkini,cute beautiful hotel center akyaka room small clean comfortable staff include manager aylin friendly attentive breakfast really high quality satisfy open buffet serve want nice hotel every aspect back would stay,0.97,positive,"{'positivity': 3.25, 'negativity': 1.0, 'objectivity': 23.75}",17.0
